go_term	ic_bits
GO:0000001	9.5683
GO:0000006	13.0277
GO:0000009	12.0277
GO:0000010	13.0277
GO:0000011	10.2204
GO:0000012	12.0277
GO:0000014	11.4428
GO:0000017	13.0277
GO:0000018	8.1208
GO:0000019	10.4428
GO:0000022	9.7058
GO:0000023	12.0277
GO:0000025	13.0277
GO:0000026	11.4428
GO:0000027	8.7058
GO:0000028	10.7058
GO:0000030	8.6354
GO:0000032	12.0277
GO:0000033	11.0277
GO:0000038	8.8578
GO:0000041	7.6702
GO:0000045	8.4428
GO:0000049	8.5683
GO:0000050	10.2204
GO:0000054	8.7058
GO:0000055	9.3273
GO:0000056	10.4428
GO:0000062	12.0277
GO:0000070	7.0735
GO:0000075	7.1208
GO:0000076	10.4428
GO:0000077	8.0735
GO:0000079	8.4428
GO:0000082	7.3273
GO:0000086	7.4428
GO:0000095	12.0277
GO:0000096	8.8578
GO:0000097	10.7058
GO:0000098	10.7058
GO:0000099	11.0277
GO:0000100	13.0277
GO:0000101	11.0277
GO:0000102	13.0277
GO:0000103	13.0277
GO:0000104	10.7058
GO:0000105	12.0277
GO:0000107	13.0277
GO:0000109	9.8578
GO:0000110	12.0277
GO:0000111	13.0277
GO:0000112	11.0277
GO:0000113	12.0277
GO:0000118	8.2204
GO:0000120	10.7058
GO:0000122	6.1208
GO:0000123	7.8578
GO:0000124	9.5683
GO:0000127	13.0277
GO:0000131	10.0277
GO:0000132	9.7058
GO:0000136	13.0277
GO:0000137	11.0277
GO:0000138	10.4428
GO:0000139	5.7058
GO:0000142	11.0277
GO:0000144	10.7058
GO:0000145	10.2204
GO:0000146	12.0277
GO:0000147	11.0277
GO:0000149	8.6354
GO:0000150	12.0277
GO:0000151	6.2728
GO:0000152	8.9403
GO:0000153	10.2204
GO:0000154	7.7058
GO:0000159	10.4428
GO:0000162	10.7058
GO:0000164	11.0277
GO:0000165	6.3839
GO:0000166	5.4579
GO:0000171	10.7058
GO:0000172	10.2204
GO:0000175	8.6354
GO:0000176	9.5683
GO:0000177	10.4428
GO:0000178	9.1208
GO:0000179	13.0277
GO:0000182	10.0277
GO:0000183	9.5683
GO:0000184	7.0505
GO:0000196	13.0277
GO:0000209	6.3553
GO:0000210	13.0277
GO:0000212	9.2204
GO:0000213	13.0277
GO:0000214	12.0277
GO:0000215	12.0277
GO:0000217	10.0277
GO:0000220	11.4428
GO:0000221	11.0277
GO:0000224	12.0277
GO:0000225	13.0277
GO:0000226	5.8780
GO:0000228	6.2464
GO:0000235	11.4428
GO:0000242	10.4428
GO:0000243	11.0277
GO:0000244	10.7058
GO:0000245	8.8578
GO:0000246	13.0277
GO:0000247	13.0277
GO:0000248	11.4428
GO:0000250	13.0277
GO:0000253	11.4428
GO:0000255	11.4428
GO:0000256	11.4428
GO:0000262	12.0277
GO:0000266	10.7058
GO:0000268	13.0277
GO:0000270	13.0277
GO:0000271	9.4428
GO:0000272	9.4428
GO:0000277	13.0277
GO:0000278	4.8429
GO:0000280	5.9403
GO:0000281	7.2464
GO:0000282	10.2204
GO:0000287	7.6015
GO:0000288	9.0277
GO:0000289	9.3273
GO:0000290	11.4428
GO:0000293	11.0277
GO:0000294	10.7058
GO:0000295	10.7058
GO:0000296	12.0277
GO:0000297	12.0277
GO:0000298	12.0277
GO:0000301	11.0277
GO:0000302	7.7423
GO:0000303	11.4428
GO:0000305	11.4428
GO:0000307	8.0735
GO:0000308	13.0277
GO:0000309	12.0277
GO:0000313	6.1698
GO:0000314	7.7423
GO:0000315	6.8183
GO:0000316	13.0277
GO:0000320	12.0277
GO:0000321	12.0277
GO:0000322	5.9616
GO:0000323	4.5601
GO:0000324	5.9616
GO:0000328	11.4428
GO:0000329	7.1208
GO:0000333	13.0277
GO:0000334	13.0277
GO:0000338	10.0277
GO:0000339	10.2204
GO:0000340	11.0277
GO:0000346	9.8578
GO:0000347	10.2204
GO:0000348	13.0277
GO:0000349	11.0277
GO:0000350	12.0277
GO:0000354	12.0277
GO:0000372	10.7058
GO:0000375	5.8478
GO:0000376	10.7058
GO:0000377	5.8985
GO:0000379	13.0277
GO:0000380	11.0277
GO:0000381	9.0277
GO:0000384	9.8578
GO:0000386	11.0277
GO:0000387	9.1208
GO:0000389	13.0277
GO:0000390	11.0277
GO:0000393	10.7058
GO:0000394	9.2204
GO:0000395	11.4428
GO:0000398	5.8985
GO:0000399	10.7058
GO:0000400	10.2204
GO:0000403	13.0277
GO:0000404	13.0277
GO:0000405	13.0277
GO:0000407	8.8578
GO:0000408	12.0277
GO:0000409	12.0277
GO:0000411	12.0277
GO:0000413	10.0277
GO:0000417	13.0277
GO:0000421	10.0277
GO:0000422	8.7058
GO:0000423	11.0277
GO:0000428	6.9192
GO:0000429	12.0277
GO:0000431	13.0277
GO:0000435	13.0277
GO:0000436	12.0277
GO:0000438	13.0277
GO:0000439	10.0277
GO:0000444	12.0277
GO:0000445	10.7058
GO:0000446	13.0277
GO:0000447	9.1208
GO:0000448	12.0277
GO:0000451	13.0277
GO:0000455	12.0277
GO:0000460	7.9403
GO:0000461	13.0277
GO:0000462	7.5042
GO:0000463	9.1208
GO:0000464	13.0277
GO:0000465	12.0277
GO:0000466	7.9833
GO:0000467	9.7058
GO:0000470	8.9403
GO:0000472	9.4428
GO:0000479	8.7058
GO:0000480	9.3273
GO:0000481	13.0277
GO:0000491	10.7058
GO:0000492	11.0277
GO:0000493	13.0277
GO:0000495	13.0277
GO:0000500	13.0277
GO:0000502	7.2998
GO:0000506	10.4428
GO:0000578	8.4428
GO:0000700	12.0277
GO:0000701	13.0277
GO:0000702	11.0277
GO:0000703	13.0277
GO:0000706	12.0277
GO:0000707	12.0277
GO:0000709	13.0277
GO:0000710	12.0277
GO:0000711	13.0277
GO:0000712	11.4428
GO:0000713	13.0277
GO:0000715	9.3273
GO:0000722	9.2204
GO:0000723	7.2728
GO:0000724	7.5359
GO:0000725	7.4130
GO:0000727	10.2204
GO:0000729	10.4428
GO:0000730	10.7058
GO:0000731	11.0277
GO:0000741	10.4428
GO:0000742	10.4428
GO:0000743	12.0277
GO:0000747	9.4428
GO:0000749	11.0277
GO:0000752	13.0277
GO:0000753	13.0277
GO:0000755	13.0277
GO:0000768	9.1208
GO:0000774	10.4428
GO:0000775	6.7058
GO:0000776	7.1451
GO:0000779	7.0505
GO:0000781	7.0970
GO:0000782	10.2204
GO:0000783	10.7058
GO:0000785	5.4579
GO:0000786	9.1208
GO:0000791	8.8578
GO:0000792	8.7058
GO:0000793	6.4886
GO:0000794	8.5683
GO:0000795	10.7058
GO:0000796	11.0277
GO:0000800	13.0277
GO:0000801	13.0277
GO:0000803	11.0277
GO:0000805	11.4428
GO:0000806	13.0277
GO:0000808	10.2204
GO:0000810	13.0277
GO:0000811	10.4428
GO:0000812	9.8578
GO:0000813	11.0277
GO:0000814	12.0277
GO:0000815	9.7058
GO:0000819	7.0277
GO:0000822	11.4428
GO:0000823	13.0277
GO:0000824	13.0277
GO:0000825	13.0277
GO:0000827	13.0277
GO:0000828	12.0277
GO:0000829	13.0277
GO:0000830	13.0277
GO:0000831	13.0277
GO:0000832	13.0277
GO:0000835	10.2204
GO:0000836	10.4428
GO:0000837	11.4428
GO:0000838	12.0277
GO:0000839	10.4428
GO:0000900	10.2204
GO:0000902	6.0165
GO:0000907	13.0277
GO:0000910	6.8183
GO:0000912	10.2204
GO:0000915	10.2204
GO:0000916	10.4428
GO:0000917	13.0277
GO:0000920	12.0277
GO:0000921	10.2204
GO:0000922	7.8183
GO:0000930	11.0277
GO:0000931	12.0277
GO:0000932	8.6354
GO:0000935	13.0277
GO:0000936	13.0277
GO:0000938	10.7058
GO:0000940	8.8578
GO:0000943	13.0277
GO:0000956	6.4278
GO:0000957	11.0277
GO:0000958	11.4428
GO:0000959	7.8578
GO:0000960	12.0277
GO:0000962	12.0277
GO:0000963	8.6354
GO:0000964	10.7058
GO:0000965	10.7058
GO:0000966	7.6354
GO:0000967	9.2204
GO:0000972	10.7058
GO:0000973	10.7058
GO:0000974	9.7058
GO:0000976	6.4731
GO:0000977	7.1948
GO:0000978	7.8183
GO:0000979	10.0277
GO:0000981	7.2998
GO:0000987	7.6702
GO:0000992	13.0277
GO:0000993	8.3839
GO:0001002	13.0277
GO:0001003	13.0277
GO:0001006	13.0277
GO:0001015	12.0277
GO:0001016	12.0277
GO:0001018	12.0277
GO:0001042	12.0277
GO:0001046	8.9403
GO:0001067	6.4428
GO:0001068	13.0277
GO:0001069	12.0277
GO:0001091	10.2204
GO:0001094	11.0277
GO:0001096	13.0277
GO:0001097	12.0277
GO:0001100	10.0277
GO:0001101	8.3839
GO:0001109	13.0277
GO:0001111	13.0277
GO:0001112	13.0277
GO:0001113	13.0277
GO:0001120	13.0277
GO:0001147	13.0277
GO:0001163	10.4428
GO:0001164	10.7058
GO:0001165	12.0277
GO:0001173	11.4428
GO:0001174	11.4428
GO:0001178	13.0277
GO:0001179	13.0277
GO:0001181	11.4428
GO:0001188	13.0277
GO:0001192	11.4428
GO:0001193	13.0277
GO:0001195	12.0277
GO:0001216	8.4428
GO:0001217	8.8578
GO:0001221	10.2204
GO:0001222	11.4428
GO:0001223	10.7058
GO:0001227	8.8578
GO:0001228	8.4428
GO:0001325	11.4428
GO:0001400	11.4428
GO:0001401	13.0277
GO:0001402	11.0277
GO:0001403	9.7058
GO:0001405	11.4428
GO:0001408	13.0277
GO:0001409	13.0277
GO:0001501	7.5683
GO:0001502	13.0277
GO:0001503	8.3273
GO:0001504	10.4428
GO:0001508	9.0277
GO:0001510	7.4428
GO:0001516	9.8578
GO:0001517	12.0277
GO:0001518	12.0277
GO:0001522	10.0277
GO:0001523	8.1208
GO:0001525	8.4428
GO:0001527	12.0277
GO:0001530	9.5683
GO:0001533	9.5683
GO:0001537	12.0277
GO:0001539	9.3273
GO:0001540	9.2204
GO:0001541	10.7058
GO:0001553	13.0277
GO:0001555	11.4428
GO:0001558	6.8780
GO:0001561	12.0277
GO:0001562	12.0277
GO:0001568	8.2728
GO:0001569	13.0277
GO:0001570	13.0277
GO:0001573	10.4428
GO:0001574	11.0277
GO:0001578	8.7798
GO:0001580	8.7798
GO:0001582	13.0277
GO:0001587	13.0277
GO:0001588	13.0277
GO:0001591	13.0277
GO:0001594	13.0277
GO:0001595	13.0277
GO:0001605	13.0277
GO:0001607	12.0277
GO:0001614	11.0277
GO:0001618	10.0277
GO:0001621	12.0277
GO:0001635	13.0277
GO:0001637	10.2204
GO:0001649	9.0277
GO:0001650	8.0277
GO:0001652	12.0277
GO:0001653	8.5042
GO:0001654	6.8183
GO:0001655	13.0277
GO:0001656	11.4428
GO:0001657	13.0277
GO:0001658	13.0277
GO:0001659	12.0277
GO:0001664	7.5042
GO:0001666	7.6702
GO:0001667	7.9403
GO:0001669	10.2204
GO:0001671	9.3273
GO:0001673	11.0277
GO:0001674	11.4428
GO:0001675	13.0277
GO:0001676	7.5042
GO:0001678	13.0277
GO:0001680	12.0277
GO:0001681	13.0277
GO:0001682	11.0277
GO:0001692	11.0277
GO:0001694	11.4428
GO:0001695	13.0277
GO:0001700	8.0735
GO:0001701	11.4428
GO:0001703	9.2204
GO:0001704	9.3273
GO:0001706	10.2204
GO:0001707	10.2204
GO:0001708	9.7058
GO:0001709	8.5683
GO:0001710	13.0277
GO:0001711	13.0277
GO:0001725	10.0277
GO:0001726	8.2728
GO:0001727	9.1208
GO:0001729	12.0277
GO:0001730	13.0277
GO:0001731	10.7058
GO:0001732	12.0277
GO:0001734	11.4428
GO:0001736	9.7058
GO:0001737	10.7058
GO:0001738	9.0277
GO:0001739	13.0277
GO:0001740	13.0277
GO:0001742	13.0277
GO:0001745	7.5683
GO:0001750	10.7058
GO:0001751	8.5042
GO:0001752	10.4428
GO:0001754	8.4428
GO:0001758	10.7058
GO:0001763	9.2204
GO:0001764	12.0277
GO:0001765	12.0277
GO:0001766	13.0277
GO:0001767	12.0277
GO:0001768	13.0277
GO:0001770	13.0277
GO:0001771	13.0277
GO:0001772	10.2204
GO:0001773	11.0277
GO:0001774	13.0277
GO:0001775	4.8134
GO:0001776	11.4428
GO:0001780	11.4428
GO:0001781	13.0277
GO:0001784	9.2204
GO:0001786	9.3273
GO:0001792	13.0277
GO:0001816	8.6354
GO:0001817	5.6354
GO:0001818	7.2204
GO:0001819	6.2204
GO:0001822	9.8578
GO:0001823	11.4428
GO:0001836	11.0277
GO:0001837	9.5683
GO:0001838	12.0277
GO:0001845	11.0277
GO:0001846	10.0277
GO:0001848	10.0277
GO:0001849	10.4428
GO:0001850	13.0277
GO:0001851	12.0277
GO:0001867	12.0277
GO:0001868	13.0277
GO:0001869	13.0277
GO:0001872	11.0277
GO:0001875	12.0277
GO:0001881	12.0277
GO:0001882	13.0277
GO:0001885	10.0277
GO:0001886	12.0277
GO:0001887	13.0277
GO:0001888	12.0277
GO:0001889	11.4428
GO:0001890	10.4428
GO:0001891	12.0277
GO:0001892	12.0277
GO:0001893	12.0277
GO:0001894	8.0277
GO:0001895	8.9403
GO:0001906	8.8578
GO:0001909	10.4428
GO:0001910	8.8578
GO:0001911	11.0277
GO:0001912	9.5683
GO:0001913	13.0277
GO:0001914	12.0277
GO:0001916	12.0277
GO:0001917	11.0277
GO:0001919	11.4428
GO:0001920	13.0277
GO:0001921	12.0277
GO:0001927	13.0277
GO:0001931	13.0277
GO:0001932	5.2795
GO:0001933	6.9192
GO:0001934	5.9088
GO:0001935	10.7058
GO:0001936	8.0277
GO:0001937	9.5683
GO:0001938	8.7058
GO:0001941	12.0277
GO:0001942	10.7058
GO:0001944	8.1698
GO:0001945	12.0277
GO:0001946	13.0277
GO:0001947	12.0277
GO:0001952	8.7058
GO:0001953	10.4428
GO:0001954	9.2204
GO:0001955	13.0277
GO:0001956	13.0277
GO:0001958	13.0277
GO:0001959	7.4428
GO:0001960	9.5683
GO:0001961	9.2204
GO:0001963	13.0277
GO:0001964	12.0277
GO:0001965	10.4428
GO:0001968	10.4428
GO:0001972	10.4428
GO:0001990	10.4428
GO:0001991	11.0277
GO:0002002	11.0277
GO:0002003	11.0277
GO:0002009	6.8379
GO:0002011	10.2204
GO:0002017	13.0277
GO:0002020	7.7423
GO:0002021	13.0277
GO:0002024	13.0277
GO:0002026	11.0277
GO:0002027	8.7058
GO:0002028	9.0277
GO:0002039	9.7058
GO:0002040	10.4428
GO:0002043	13.0277
GO:0002052	12.0277
GO:0002054	12.0277
GO:0002060	12.0277
GO:0002062	10.7058
GO:0002064	7.1208
GO:0002065	12.0277
GO:0002080	13.0277
GO:0002082	11.0277
GO:0002084	13.0277
GO:0002086	13.0277
GO:0002088	13.0277
GO:0002089	13.0277
GO:0002090	9.0277
GO:0002091	10.7058
GO:0002092	10.0277
GO:0002097	9.4428
GO:0002098	9.5683
GO:0002101	13.0277
GO:0002102	11.4428
GO:0002107	13.0277
GO:0002115	11.4428
GO:0002118	10.7058
GO:0002121	11.4428
GO:0002128	13.0277
GO:0002130	13.0277
GO:0002134	13.0277
GO:0002138	13.0277
GO:0002143	13.0277
GO:0002151	12.0277
GO:0002161	12.0277
GO:0002162	12.0277
GO:0002164	8.0277
GO:0002165	6.3273
GO:0002168	8.5683
GO:0002178	10.4428
GO:0002181	6.2333
GO:0002183	9.7058
GO:0002188	11.4428
GO:0002189	11.4428
GO:0002193	13.0277
GO:0002196	13.0277
GO:0002200	11.0277
GO:0002204	13.0277
GO:0002208	13.0277
GO:0002218	6.6354
GO:0002220	7.8183
GO:0002221	7.5359
GO:0002223	7.9403
GO:0002224	8.0735
GO:0002225	8.7058
GO:0002227	9.8578
GO:0002228	10.7058
GO:0002229	13.0277
GO:0002230	9.4428
GO:0002232	13.0277
GO:0002237	7.9833
GO:0002238	12.0277
GO:0002239	13.0277
GO:0002244	10.7058
GO:0002246	12.0277
GO:0002248	13.0277
GO:0002250	7.2998
GO:0002251	9.1208
GO:0002252	4.8281
GO:0002253	5.4579
GO:0002262	9.4428
GO:0002263	5.2398
GO:0002265	13.0277
GO:0002269	13.0277
GO:0002274	5.2204
GO:0002275	5.2728
GO:0002276	13.0277
GO:0002277	13.0277
GO:0002278	12.0277
GO:0002283	5.2930
GO:0002285	10.0277
GO:0002286	11.0277
GO:0002287	12.0277
GO:0002291	13.0277
GO:0002292	12.0277
GO:0002295	13.0277
GO:0002312	13.0277
GO:0002320	13.0277
GO:0002323	11.4428
GO:0002347	13.0277
GO:0002360	12.0277
GO:0002363	13.0277
GO:0002366	5.2398
GO:0002367	11.4428
GO:0002368	13.0277
GO:0002369	13.0277
GO:0002376	3.5973
GO:0002377	11.0277
GO:0002381	12.0277
GO:0002384	12.0277
GO:0002385	9.3273
GO:0002396	11.4428
GO:0002397	13.0277
GO:0002399	12.0277
GO:0002407	11.4428
GO:0002414	13.0277
GO:0002415	13.0277
GO:0002418	13.0277
GO:0002429	5.9403
GO:0002431	6.8379
GO:0002437	12.0277
GO:0002439	13.0277
GO:0002440	10.4428
GO:0002443	4.9616
GO:0002444	5.2595
GO:0002446	5.2728
GO:0002447	12.0277
GO:0002448	13.0277
GO:0002449	7.3273
GO:0002455	7.6702
GO:0002456	10.7058
GO:0002460	7.3273
GO:0002474	8.0735
GO:0002478	6.9833
GO:0002479	8.2204
GO:0002480	12.0277
GO:0002483	12.0277
GO:0002495	7.7798
GO:0002501	11.4428
GO:0002502	13.0277
GO:0002503	12.0277
GO:0002504	7.7798
GO:0002507	11.4428
GO:0002513	13.0277
GO:0002519	13.0277
GO:0002520	8.8578
GO:0002521	8.6354
GO:0002523	11.4428
GO:0002526	10.7058
GO:0002544	13.0277
GO:0002548	9.5683
GO:0002562	11.0277
GO:0002573	9.3273
GO:0002576	7.5683
GO:0002577	13.0277
GO:0002578	13.0277
GO:0002583	13.0277
GO:0002584	13.0277
GO:0002589	13.0277
GO:0002590	13.0277
GO:0002637	10.7058
GO:0002638	13.0277
GO:0002639	11.0277
GO:0002643	12.0277
GO:0002664	13.0277
GO:0002667	13.0277
GO:0002673	11.4428
GO:0002674	12.0277
GO:0002675	13.0277
GO:0002676	13.0277
GO:0002682	4.1451
GO:0002683	6.5683
GO:0002684	4.7149
GO:0002685	7.6354
GO:0002686	9.8578
GO:0002687	8.0277
GO:0002688	8.0277
GO:0002689	11.0277
GO:0002690	8.3273
GO:0002691	11.0277
GO:0002692	11.4428
GO:0002693	13.0277
GO:0002694	6.6015
GO:0002695	8.4428
GO:0002696	7.0970
GO:0002697	6.0619
GO:0002698	8.5683
GO:0002699	7.3553
GO:0002700	7.7423
GO:0002701	10.2204
GO:0002702	8.0735
GO:0002703	7.8985
GO:0002704	9.7058
GO:0002705	8.8578
GO:0002706	8.3273
GO:0002707	10.2204
GO:0002708	9.2204
GO:0002709	10.0277
GO:0002710	13.0277
GO:0002711	10.4428
GO:0002712	10.4428
GO:0002713	12.0277
GO:0002714	11.4428
GO:0002715	9.0277
GO:0002716	11.0277
GO:0002717	9.8578
GO:0002718	9.3273
GO:0002719	10.7058
GO:0002720	10.4428
GO:0002721	13.0277
GO:0002724	10.7058
GO:0002725	13.0277
GO:0002726	11.4428
GO:0002727	13.0277
GO:0002729	13.0277
GO:0002730	13.0277
GO:0002731	13.0277
GO:0002736	13.0277
GO:0002737	13.0277
GO:0002752	11.4428
GO:0002753	9.5683
GO:0002755	9.8578
GO:0002756	8.9403
GO:0002757	5.6015
GO:0002758	6.8183
GO:0002759	8.5042
GO:0002760	8.6354
GO:0002761	9.3273
GO:0002762	10.7058
GO:0002763	10.2204
GO:0002764	5.5120
GO:0002765	13.0277
GO:0002768	5.8379
GO:0002784	8.6354
GO:0002785	13.0277
GO:0002786	9.2204
GO:0002788	12.0277
GO:0002790	12.0277
GO:0002791	8.1208
GO:0002792	11.4428
GO:0002793	9.5683
GO:0002803	9.2204
GO:0002804	12.0277
GO:0002805	9.4428
GO:0002807	9.4428
GO:0002808	9.5683
GO:0002813	11.4428
GO:0002819	8.8578
GO:0002820	10.4428
GO:0002821	9.8578
GO:0002822	9.2204
GO:0002823	11.4428
GO:0002824	10.0277
GO:0002825	11.4428
GO:0002827	12.0277
GO:0002828	11.4428
GO:0002829	11.4428
GO:0002831	5.3695
GO:0002832	7.8578
GO:0002833	5.9192
GO:0002834	11.0277
GO:0002836	11.0277
GO:0002837	11.0277
GO:0002839	11.0277
GO:0002840	13.0277
GO:0002842	13.0277
GO:0002855	11.4428
GO:0002857	11.4428
GO:0002858	11.4428
GO:0002860	11.4428
GO:0002886	10.0277
GO:0002887	11.4428
GO:0002888	11.4428
GO:0002889	10.7058
GO:0002890	12.0277
GO:0002891	11.4428
GO:0002902	11.0277
GO:0002903	12.0277
GO:0002904	13.0277
GO:0002911	13.0277
GO:0002920	6.6879
GO:0002921	10.2204
GO:0002922	8.5683
GO:0002923	12.0277
GO:0002924	12.0277
GO:0002926	13.0277
GO:0002933	11.4428
GO:0002939	13.0277
GO:0002949	12.0277
GO:0002950	13.0277
GO:0002953	13.0277
GO:0003002	6.3839
GO:0003006	4.9509
GO:0003007	8.5042
GO:0003008	4.6570
GO:0003009	11.0277
GO:0003011	13.0277
GO:0003012	7.3839
GO:0003013	7.1698
GO:0003014	8.3273
GO:0003015	8.6354
GO:0003016	13.0277
GO:0003018	9.1208
GO:0003031	13.0277
GO:0003044	10.4428
GO:0003053	13.0277
GO:0003073	10.2204
GO:0003081	11.0277
GO:0003084	13.0277
GO:0003091	9.4428
GO:0003094	11.4428
GO:0003095	13.0277
GO:0003100	13.0277
GO:0003128	13.0277
GO:0003139	13.0277
GO:0003143	11.0277
GO:0003144	13.0277
GO:0003151	11.0277
GO:0003157	13.0277
GO:0003158	9.4428
GO:0003159	13.0277
GO:0003170	11.0277
GO:0003171	13.0277
GO:0003174	13.0277
GO:0003176	11.4428
GO:0003179	11.0277
GO:0003180	11.4428
GO:0003181	13.0277
GO:0003183	13.0277
GO:0003197	13.0277
GO:0003205	10.2204
GO:0003206	10.2204
GO:0003208	10.4428
GO:0003209	13.0277
GO:0003214	12.0277
GO:0003229	11.0277
GO:0003230	13.0277
GO:0003231	10.4428
GO:0003254	9.4428
GO:0003264	13.0277
GO:0003279	13.0277
GO:0003283	13.0277
GO:0003284	13.0277
GO:0003289	13.0277
GO:0003299	13.0277
GO:0003300	13.0277
GO:0003306	13.0277
GO:0003308	13.0277
GO:0003309	13.0277
GO:0003323	13.0277
GO:0003330	12.0277
GO:0003331	12.0277
GO:0003333	8.4428
GO:0003338	13.0277
GO:0003341	9.0277
GO:0003348	13.0277
GO:0003351	12.0277
GO:0003352	10.2204
GO:0003353	11.0277
GO:0003354	13.0277
GO:0003356	13.0277
GO:0003363	13.0277
GO:0003365	12.0277
GO:0003371	12.0277
GO:0003376	13.0277
GO:0003379	12.0277
GO:0003380	12.0277
GO:0003381	11.0277
GO:0003382	9.4428
GO:0003383	9.8578
GO:0003384	11.0277
GO:0003401	13.0277
GO:0003407	12.0277
GO:0003416	12.0277
GO:0003417	13.0277
GO:0003421	13.0277
GO:0003422	13.0277
GO:0003676	3.4297
GO:0003677	4.8933
GO:0003678	7.8985
GO:0003682	6.5683
GO:0003684	8.6354
GO:0003688	9.2204
GO:0003689	10.7058
GO:0003690	5.7798
GO:0003691	10.7058
GO:0003693	13.0277
GO:0003696	13.0277
GO:0003697	7.2464
GO:0003700	6.8183
GO:0003707	11.0277
GO:0003712	6.4731
GO:0003713	7.4428
GO:0003714	8.0735
GO:0003720	11.4428
GO:0003723	3.9779
GO:0003724	8.6354
GO:0003725	8.5683
GO:0003726	13.0277
GO:0003727	8.4428
GO:0003729	6.5848
GO:0003730	8.9403
GO:0003735	5.6015
GO:0003743	8.4428
GO:0003746	11.0277
GO:0003747	10.2204
GO:0003755	9.2204
GO:0003756	10.0277
GO:0003774	9.2204
GO:0003777	10.2204
GO:0003779	7.3839
GO:0003785	10.2204
GO:0003786	12.0277
GO:0003796	12.0277
GO:0003810	10.4428
GO:0003823	9.8578
GO:0003824	1.8177
GO:0003825	13.0277
GO:0003827	13.0277
GO:0003828	12.0277
GO:0003831	12.0277
GO:0003832	13.0277
GO:0003834	13.0277
GO:0003835	13.0277
GO:0003836	11.4428
GO:0003838	13.0277
GO:0003839	13.0277
GO:0003841	10.7058
GO:0003844	12.0277
GO:0003846	12.0277
GO:0003847	12.0277
GO:0003849	13.0277
GO:0003850	13.0277
GO:0003854	13.0277
GO:0003857	10.7058
GO:0003858	13.0277
GO:0003860	13.0277
GO:0003862	13.0277
GO:0003865	12.0277
GO:0003872	13.0277
GO:0003873	13.0277
GO:0003876	13.0277
GO:0003877	13.0277
GO:0003878	13.0277
GO:0003880	12.0277
GO:0003881	13.0277
GO:0003882	13.0277
GO:0003883	13.0277
GO:0003884	13.0277
GO:0003885	13.0277
GO:0003887	9.7058
GO:0003899	10.7058
GO:0003905	13.0277
GO:0003906	10.4428
GO:0003908	13.0277
GO:0003909	11.4428
GO:0003910	12.0277
GO:0003912	13.0277
GO:0003916	10.7058
GO:0003917	11.0277
GO:0003919	12.0277
GO:0003920	13.0277
GO:0003922	13.0277
GO:0003923	11.0277
GO:0003924	6.6527
GO:0003933	13.0277
GO:0003934	13.0277
GO:0003937	13.0277
GO:0003938	13.0277
GO:0003941	13.0277
GO:0003942	13.0277
GO:0003943	13.0277
GO:0003945	13.0277
GO:0003947	13.0277
GO:0003948	13.0277
GO:0003950	10.2204
GO:0003951	13.0277
GO:0003953	13.0277
GO:0003954	12.0277
GO:0003955	12.0277
GO:0003957	13.0277
GO:0003958	13.0277
GO:0003959	11.4428
GO:0003961	13.0277
GO:0003964	10.4428
GO:0003968	11.0277
GO:0003972	12.0277
GO:0003976	13.0277
GO:0003977	13.0277
GO:0003978	13.0277
GO:0003979	13.0277
GO:0003983	12.0277
GO:0003984	13.0277
GO:0003985	11.4428
GO:0003986	12.0277
GO:0003987	13.0277
GO:0003988	11.0277
GO:0003991	13.0277
GO:0003993	12.0277
GO:0003994	11.0277
GO:0003995	11.4428
GO:0003998	12.0277
GO:0004000	11.4428
GO:0004013	12.0277
GO:0004014	13.0277
GO:0004015	13.0277
GO:0004016	11.4428
GO:0004017	11.0277
GO:0004018	13.0277
GO:0004020	12.0277
GO:0004021	13.0277
GO:0004022	9.4428
GO:0004027	13.0277
GO:0004029	9.3273
GO:0004030	9.0277
GO:0004031	11.4428
GO:0004032	12.0277
GO:0004034	13.0277
GO:0004035	12.0277
GO:0004037	13.0277
GO:0004038	13.0277
GO:0004040	11.0277
GO:0004042	13.0277
GO:0004044	12.0277
GO:0004045	12.0277
GO:0004046	13.0277
GO:0004047	12.0277
GO:0004048	13.0277
GO:0004049	12.0277
GO:0004051	13.0277
GO:0004052	11.4428
GO:0004053	12.0277
GO:0004055	12.0277
GO:0004056	13.0277
GO:0004057	13.0277
GO:0004058	13.0277
GO:0004060	13.0277
GO:0004062	12.0277
GO:0004064	12.0277
GO:0004065	10.4428
GO:0004067	11.4428
GO:0004069	11.4428
GO:0004073	13.0277
GO:0004081	13.0277
GO:0004088	12.0277
GO:0004089	12.0277
GO:0004090	12.0277
GO:0004092	13.0277
GO:0004095	12.0277
GO:0004096	12.0277
GO:0004097	13.0277
GO:0004099	12.0277
GO:0004102	13.0277
GO:0004103	11.4428
GO:0004105	13.0277
GO:0004106	13.0277
GO:0004112	10.0277
GO:0004113	13.0277
GO:0004114	10.2204
GO:0004115	10.7058
GO:0004117	11.4428
GO:0004118	13.0277
GO:0004122	12.0277
GO:0004123	12.0277
GO:0004124	13.0277
GO:0004126	11.0277
GO:0004128	12.0277
GO:0004129	9.5683
GO:0004130	13.0277
GO:0004131	13.0277
GO:0004137	13.0277
GO:0004140	13.0277
GO:0004142	12.0277
GO:0004143	10.2204
GO:0004144	12.0277
GO:0004145	12.0277
GO:0004146	11.0277
GO:0004151	13.0277
GO:0004152	12.0277
GO:0004157	12.0277
GO:0004163	13.0277
GO:0004165	13.0277
GO:0004167	11.0277
GO:0004168	13.0277
GO:0004169	11.0277
GO:0004170	13.0277
GO:0004174	12.0277
GO:0004175	6.3839
GO:0004176	13.0277
GO:0004177	8.8578
GO:0004180	10.0277
GO:0004181	11.0277
GO:0004185	12.0277
GO:0004190	10.0277
GO:0004197	8.7058
GO:0004198	12.0277
GO:0004222	8.6354
GO:0004252	8.3273
GO:0004298	13.0277
GO:0004300	10.2204
GO:0004301	11.0277
GO:0004303	11.0277
GO:0004305	11.0277
GO:0004307	13.0277
GO:0004308	13.0277
GO:0004309	13.0277
GO:0004311	13.0277
GO:0004314	13.0277
GO:0004321	13.0277
GO:0004322	12.0277
GO:0004325	13.0277
GO:0004326	13.0277
GO:0004329	12.0277
GO:0004332	11.4428
GO:0004333	13.0277
GO:0004335	12.0277
GO:0004338	13.0277
GO:0004340	13.0277
GO:0004342	13.0277
GO:0004343	13.0277
GO:0004345	13.0277
GO:0004346	12.0277
GO:0004348	13.0277
GO:0004349	13.0277
GO:0004350	13.0277
GO:0004351	12.0277
GO:0004352	12.0277
GO:0004353	11.4428
GO:0004354	13.0277
GO:0004356	13.0277
GO:0004357	13.0277
GO:0004359	12.0277
GO:0004360	13.0277
GO:0004362	12.0277
GO:0004364	8.8578
GO:0004365	11.4428
GO:0004366	11.4428
GO:0004368	13.0277
GO:0004370	11.4428
GO:0004371	13.0277
GO:0004372	11.0277
GO:0004375	13.0277
GO:0004378	13.0277
GO:0004379	11.4428
GO:0004382	11.4428
GO:0004383	11.0277
GO:0004385	11.0277
GO:0004386	7.2204
GO:0004392	13.0277
GO:0004394	13.0277
GO:0004396	12.0277
GO:0004397	13.0277
GO:0004398	12.0277
GO:0004401	13.0277
GO:0004402	8.6354
GO:0004407	8.8578
GO:0004410	13.0277
GO:0004412	13.0277
GO:0004414	13.0277
GO:0004415	10.7058
GO:0004416	13.0277
GO:0004421	12.0277
GO:0004422	12.0277
GO:0004425	13.0277
GO:0004427	11.4428
GO:0004430	13.0277
GO:0004435	9.8578
GO:0004438	10.0277
GO:0004439	10.7058
GO:0004445	13.0277
GO:0004448	10.4428
GO:0004449	11.4428
GO:0004450	11.4428
GO:0004452	13.0277
GO:0004455	13.0277
GO:0004457	11.4428
GO:0004458	12.0277
GO:0004460	13.0277
GO:0004461	13.0277
GO:0004462	13.0277
GO:0004463	13.0277
GO:0004464	12.0277
GO:0004465	13.0277
GO:0004466	12.0277
GO:0004467	9.4428
GO:0004468	13.0277
GO:0004470	10.7058
GO:0004473	12.0277
GO:0004474	13.0277
GO:0004476	13.0277
GO:0004477	13.0277
GO:0004478	13.0277
GO:0004479	13.0277
GO:0004483	13.0277
GO:0004484	13.0277
GO:0004485	13.0277
GO:0004487	13.0277
GO:0004488	13.0277
GO:0004491	13.0277
GO:0004496	13.0277
GO:0004497	7.5042
GO:0004499	13.0277
GO:0004500	13.0277
GO:0004501	13.0277
GO:0004502	12.0277
GO:0004503	13.0277
GO:0004506	13.0277
GO:0004507	12.0277
GO:0004511	12.0277
GO:0004512	12.0277
GO:0004514	13.0277
GO:0004515	11.4428
GO:0004516	12.0277
GO:0004517	12.0277
GO:0004518	6.4428
GO:0004519	7.1948
GO:0004520	8.8578
GO:0004521	8.0735
GO:0004522	13.0277
GO:0004523	13.0277
GO:0004525	13.0277
GO:0004526	9.5683
GO:0004527	7.8985
GO:0004529	9.8578
GO:0004532	8.5683
GO:0004534	13.0277
GO:0004535	10.2204
GO:0004536	8.2728
GO:0004540	7.2204
GO:0004549	9.2204
GO:0004550	11.0277
GO:0004551	13.0277
GO:0004553	7.4130
GO:0004555	11.4428
GO:0004556	12.0277
GO:0004557	13.0277
GO:0004558	13.0277
GO:0004559	10.4428
GO:0004560	12.0277
GO:0004563	11.0277
GO:0004564	10.7058
GO:0004565	12.0277
GO:0004566	12.0277
GO:0004567	13.0277
GO:0004568	12.0277
GO:0004571	10.7058
GO:0004573	13.0277
GO:0004574	11.4428
GO:0004575	11.0277
GO:0004576	10.4428
GO:0004577	12.0277
GO:0004579	11.0277
GO:0004581	12.0277
GO:0004582	12.0277
GO:0004583	12.0277
GO:0004585	12.0277
GO:0004588	12.0277
GO:0004590	12.0277
GO:0004591	13.0277
GO:0004592	13.0277
GO:0004594	12.0277
GO:0004595	13.0277
GO:0004596	10.0277
GO:0004601	8.5683
GO:0004602	9.7058
GO:0004604	13.0277
GO:0004605	13.0277
GO:0004608	13.0277
GO:0004610	13.0277
GO:0004611	12.0277
GO:0004612	13.0277
GO:0004613	13.0277
GO:0004614	12.0277
GO:0004616	12.0277
GO:0004617	13.0277
GO:0004618	12.0277
GO:0004619	12.0277
GO:0004620	8.2204
GO:0004622	11.4428
GO:0004623	10.2204
GO:0004629	9.4428
GO:0004630	13.0277
GO:0004631	13.0277
GO:0004632	13.0277
GO:0004633	13.0277
GO:0004634	13.0277
GO:0004637	12.0277
GO:0004638	13.0277
GO:0004639	13.0277
GO:0004640	13.0277
GO:0004641	12.0277
GO:0004642	13.0277
GO:0004643	13.0277
GO:0004644	12.0277
GO:0004645	12.0277
GO:0004650	13.0277
GO:0004651	13.0277
GO:0004653	9.8578
GO:0004654	13.0277
GO:0004655	12.0277
GO:0004656	13.0277
GO:0004657	13.0277
GO:0004659	10.0277
GO:0004660	13.0277
GO:0004661	12.0277
GO:0004663	12.0277
GO:0004666	12.0277
GO:0004667	13.0277
GO:0004668	12.0277
GO:0004672	5.3483
GO:0004674	5.9616
GO:0004675	10.0277
GO:0004676	13.0277
GO:0004679	11.4428
GO:0004683	12.0277
GO:0004690	11.0277
GO:0004691	11.0277
GO:0004693	10.4428
GO:0004697	12.0277
GO:0004703	13.0277
GO:0004705	12.0277
GO:0004707	10.0277
GO:0004708	10.2204
GO:0004709	13.0277
GO:0004711	13.0277
GO:0004712	9.1208
GO:0004713	7.6354
GO:0004714	9.0277
GO:0004715	9.2204
GO:0004720	13.0277
GO:0004721	6.9403
GO:0004722	7.8985
GO:0004723	10.4428
GO:0004725	8.6354
GO:0004726	12.0277
GO:0004730	13.0277
GO:0004731	11.4428
GO:0004735	13.0277
GO:0004736	13.0277
GO:0004737	12.0277
GO:0004739	12.0277
GO:0004740	13.0277
GO:0004741	13.0277
GO:0004742	13.0277
GO:0004743	11.4428
GO:0004745	10.2204
GO:0004746	13.0277
GO:0004748	12.0277
GO:0004749	11.4428
GO:0004750	12.0277
GO:0004751	12.0277
GO:0004758	10.7058
GO:0004766	13.0277
GO:0004767	13.0277
GO:0004768	13.0277
GO:0004769	12.0277
GO:0004771	11.0277
GO:0004772	13.0277
GO:0004774	12.0277
GO:0004775	12.0277
GO:0004777	13.0277
GO:0004778	13.0277
GO:0004779	12.0277
GO:0004780	13.0277
GO:0004781	13.0277
GO:0004784	11.4428
GO:0004788	13.0277
GO:0004791	11.4428
GO:0004792	12.0277
GO:0004794	12.0277
GO:0004795	13.0277
GO:0004796	13.0277
GO:0004798	13.0277
GO:0004799	12.0277
GO:0004801	13.0277
GO:0004802	13.0277
GO:0004805	12.0277
GO:0004806	10.0277
GO:0004807	12.0277
GO:0004810	13.0277
GO:0004812	7.8183
GO:0004813	12.0277
GO:0004814	13.0277
GO:0004815	13.0277
GO:0004816	12.0277
GO:0004817	12.0277
GO:0004819	13.0277
GO:0004820	13.0277
GO:0004821	13.0277
GO:0004822	13.0277
GO:0004823	11.4428
GO:0004824	12.0277
GO:0004825	11.4428
GO:0004826	10.4428
GO:0004827	12.0277
GO:0004828	12.0277
GO:0004829	12.0277
GO:0004830	13.0277
GO:0004831	12.0277
GO:0004832	11.4428
GO:0004834	13.0277
GO:0004835	13.0277
GO:0004838	13.0277
GO:0004839	12.0277
GO:0004842	6.2204
GO:0004843	8.2204
GO:0004844	11.4428
GO:0004845	13.0277
GO:0004849	13.0277
GO:0004852	12.0277
GO:0004853	13.0277
GO:0004854	13.0277
GO:0004856	13.0277
GO:0004857	6.7989
GO:0004859	11.0277
GO:0004860	8.7798
GO:0004861	11.4428
GO:0004862	11.4428
GO:0004864	10.4428
GO:0004865	12.0277
GO:0004866	8.1698
GO:0004867	8.9403
GO:0004869	11.4428
GO:0004879	9.4428
GO:0004888	5.1574
GO:0004890	13.0277
GO:0004896	8.6354
GO:0004897	12.0277
GO:0004904	13.0277
GO:0004905	13.0277
GO:0004908	12.0277
GO:0004915	13.0277
GO:0004930	6.6183
GO:0004931	13.0277
GO:0004935	11.4428
GO:0004936	12.0277
GO:0004937	13.0277
GO:0004938	13.0277
GO:0004939	13.0277
GO:0004941	13.0277
GO:0004945	13.0277
GO:0004949	13.0277
GO:0004950	10.2204
GO:0004951	13.0277
GO:0004952	12.0277
GO:0004953	11.4428
GO:0004954	12.0277
GO:0004955	12.0277
GO:0004957	12.0277
GO:0004963	13.0277
GO:0004965	13.0277
GO:0004966	12.0277
GO:0004967	13.0277
GO:0004969	13.0277
GO:0004970	10.4428
GO:0004972	13.0277
GO:0004974	13.0277
GO:0004977	12.0277
GO:0004979	13.0277
GO:0004983	11.4428
GO:0004984	8.2204
GO:0004985	11.4428
GO:0004992	12.0277
GO:0004993	10.7058
GO:0004998	13.0277
GO:0004999	13.0277
GO:0005001	10.7058
GO:0005003	11.4428
GO:0005005	13.0277
GO:0005006	13.0277
GO:0005007	11.4428
GO:0005017	12.0277
GO:0005018	13.0277
GO:0005019	13.0277
GO:0005021	11.4428
GO:0005024	12.0277
GO:0005025	12.0277
GO:0005030	11.4428
GO:0005031	13.0277
GO:0005035	13.0277
GO:0005041	12.0277
GO:0005044	11.0277
GO:0005047	13.0277
GO:0005048	10.7058
GO:0005049	12.0277
GO:0005055	13.0277
GO:0005068	13.0277
GO:0005080	9.8578
GO:0005085	7.5359
GO:0005092	12.0277
GO:0005093	13.0277
GO:0005095	12.0277
GO:0005096	7.6702
GO:0005102	5.0334
GO:0005104	11.0277
GO:0005105	12.0277
GO:0005109	10.0277
GO:0005111	12.0277
GO:0005112	10.0277
GO:0005113	10.7058
GO:0005114	12.0277
GO:0005115	13.0277
GO:0005119	13.0277
GO:0005121	13.0277
GO:0005122	11.4428
GO:0005123	12.0277
GO:0005124	12.0277
GO:0005125	8.3839
GO:0005126	7.2728
GO:0005127	13.0277
GO:0005131	12.0277
GO:0005134	13.0277
GO:0005138	11.0277
GO:0005139	13.0277
GO:0005148	13.0277
GO:0005149	13.0277
GO:0005150	13.0277
GO:0005151	13.0277
GO:0005152	13.0277
GO:0005153	13.0277
GO:0005154	10.0277
GO:0005158	13.0277
GO:0005159	12.0277
GO:0005160	10.2204
GO:0005161	10.7058
GO:0005163	13.0277
GO:0005164	10.7058
GO:0005165	11.4428
GO:0005167	12.0277
GO:0005168	12.0277
GO:0005171	13.0277
GO:0005172	11.0277
GO:0005178	8.1698
GO:0005179	9.5683
GO:0005184	11.0277
GO:0005198	5.0447
GO:0005199	13.0277
GO:0005200	8.2204
GO:0005201	10.4428
GO:0005214	10.0277
GO:0005215	4.1482
GO:0005216	6.0970
GO:0005217	9.8578
GO:0005219	13.0277
GO:0005221	12.0277
GO:0005223	13.0277
GO:0005225	11.0277
GO:0005227	9.5683
GO:0005229	10.0277
GO:0005230	8.5683
GO:0005231	10.2204
GO:0005237	11.4428
GO:0005242	11.0277
GO:0005243	10.4428
GO:0005244	8.2204
GO:0005245	10.7058
GO:0005246	9.8578
GO:0005247	11.4428
GO:0005248	11.4428
GO:0005249	9.1208
GO:0005250	12.0277
GO:0005251	10.7058
GO:0005253	8.0277
GO:0005254	8.3273
GO:0005261	6.6183
GO:0005262	8.3273
GO:0005267	7.9833
GO:0005272	9.8578
GO:0005274	13.0277
GO:0005275	10.7058
GO:0005277	13.0277
GO:0005280	13.0277
GO:0005283	10.2204
GO:0005287	13.0277
GO:0005289	13.0277
GO:0005292	13.0277
GO:0005294	13.0277
GO:0005295	12.0277
GO:0005298	13.0277
GO:0005300	13.0277
GO:0005302	13.0277
GO:0005308	13.0277
GO:0005310	8.2204
GO:0005313	9.8578
GO:0005314	11.0277
GO:0005315	9.2204
GO:0005319	8.0277
GO:0005324	12.0277
GO:0005326	12.0277
GO:0005330	13.0277
GO:0005334	13.0277
GO:0005335	12.0277
GO:0005337	10.7058
GO:0005338	10.7058
GO:0005343	9.4428
GO:0005345	11.0277
GO:0005346	10.7058
GO:0005347	11.4428
GO:0005350	12.0277
GO:0005351	13.0277
GO:0005352	13.0277
GO:0005353	10.0277
GO:0005354	11.4428
GO:0005362	13.0277
GO:0005363	13.0277
GO:0005364	13.0277
GO:0005371	12.0277
GO:0005372	12.0277
GO:0005375	11.0277
GO:0005381	11.4428
GO:0005384	11.4428
GO:0005385	10.4428
GO:0005388	11.4428
GO:0005391	10.2204
GO:0005402	11.0277
GO:0005412	13.0277
GO:0005415	12.0277
GO:0005416	10.0277
GO:0005427	13.0277
GO:0005432	11.4428
GO:0005436	10.7058
GO:0005452	10.7058
GO:0005456	13.0277
GO:0005457	13.0277
GO:0005459	12.0277
GO:0005460	13.0277
GO:0005461	13.0277
GO:0005462	12.0277
GO:0005464	13.0277
GO:0005469	13.0277
GO:0005471	11.4428
GO:0005483	13.0277
GO:0005484	9.2204
GO:0005488	0.8168
GO:0005496	8.4428
GO:0005497	13.0277
GO:0005499	13.0277
GO:0005501	10.2204
GO:0005502	13.0277
GO:0005503	13.0277
GO:0005504	10.7058
GO:0005506	8.4428
GO:0005507	8.8578
GO:0005509	6.6354
GO:0005513	10.7058
GO:0005515	0.9539
GO:0005516	8.7798
GO:0005518	10.0277
GO:0005520	10.4428
GO:0005521	13.0277
GO:0005523	11.0277
GO:0005524	6.6354
GO:0005525	7.3553
GO:0005527	10.4428
GO:0005528	10.7058
GO:0005534	12.0277
GO:0005536	13.0277
GO:0005537	10.4428
GO:0005539	7.8578
GO:0005540	11.4428
GO:0005542	10.7058
GO:0005543	6.3412
GO:0005544	10.4428
GO:0005545	11.4428
GO:0005546	8.5042
GO:0005547	9.8578
GO:0005549	10.7058
GO:0005576	2.8001
GO:0005579	13.0277
GO:0005604	10.2204
GO:0005614	11.4428
GO:0005616	13.0277
GO:0005618	8.2204
GO:0005619	10.2204
GO:0005621	13.0277
GO:0005622	0.5061
GO:0005628	9.0277
GO:0005633	13.0277
GO:0005634	1.8761
GO:0005635	6.1208
GO:0005637	11.4428
GO:0005638	13.0277
GO:0005640	12.0277
GO:0005641	10.7058
GO:0005642	13.0277
GO:0005643	8.5042
GO:0005652	11.0277
GO:0005654	2.9971
GO:0005655	10.7058
GO:0005656	10.7058
GO:0005657	7.7423
GO:0005658	11.4428
GO:0005662	10.2204
GO:0005663	11.4428
GO:0005664	10.4428
GO:0005665	9.1208
GO:0005666	9.5683
GO:0005667	6.6879
GO:0005668	12.0277
GO:0005669	9.2204
GO:0005672	11.4428
GO:0005674	12.0277
GO:0005675	8.8578
GO:0005677	10.7058
GO:0005680	9.4428
GO:0005681	6.4130
GO:0005682	10.0277
GO:0005683	13.0277
GO:0005684	7.6702
GO:0005685	9.7058
GO:0005686	10.7058
GO:0005687	11.0277
GO:0005688	11.0277
GO:0005689	10.4428
GO:0005691	13.0277
GO:0005694	4.3308
GO:0005697	9.8578
GO:0005700	8.0277
GO:0005701	11.4428
GO:0005703	10.0277
GO:0005704	12.0277
GO:0005705	9.4428
GO:0005713	13.0277
GO:0005721	12.0277
GO:0005726	13.0277
GO:0005730	4.6057
GO:0005731	13.0277
GO:0005732	8.9403
GO:0005736	10.4428
GO:0005737	0.7792
GO:0005739	3.0896
GO:0005740	4.7103
GO:0005741	6.8183
GO:0005742	9.8578
GO:0005743	5.3273
GO:0005744	9.5683
GO:0005745	13.0277
GO:0005757	13.0277
GO:0005758	7.3273
GO:0005759	4.7656
GO:0005760	13.0277
GO:0005761	6.1698
GO:0005762	6.8183
GO:0005763	7.7423
GO:0005764	5.2464
GO:0005765	6.1574
GO:0005766	6.8578
GO:0005767	9.5683
GO:0005768	4.7470
GO:0005769	6.5848
GO:0005770	6.5848
GO:0005771	9.3273
GO:0005773	4.4503
GO:0005774	5.4278
GO:0005775	6.8780
GO:0005776	8.7058
GO:0005777	6.8985
GO:0005778	9.0277
GO:0005780	13.0277
GO:0005782	8.1208
GO:0005783	3.5339
GO:0005784	12.0277
GO:0005785	11.4428
GO:0005786	11.4428
GO:0005787	11.4428
GO:0005788	6.7798
GO:0005789	4.7751
GO:0005790	10.7058
GO:0005791	8.8578
GO:0005793	8.1208
GO:0005794	4.0882
GO:0005795	8.0277
GO:0005796	8.3273
GO:0005797	9.8578
GO:0005798	7.8578
GO:0005801	8.7798
GO:0005802	6.6527
GO:0005811	7.6015
GO:0005813	6.0277
GO:0005814	8.7798
GO:0005815	5.5765
GO:0005816	9.0277
GO:0005818	11.0277
GO:0005819	6.4731
GO:0005822	12.0277
GO:0005823	12.0277
GO:0005824	12.0277
GO:0005825	13.0277
GO:0005826	10.7058
GO:0005827	11.4428
GO:0005828	10.7058
GO:0005829	2.1390
GO:0005832	10.7058
GO:0005834	10.0277
GO:0005838	8.6354
GO:0005839	8.7058
GO:0005840	5.0390
GO:0005846	13.0277
GO:0005847	9.4428
GO:0005848	13.0277
GO:0005849	9.2204
GO:0005850	11.0277
GO:0005851	10.4428
GO:0005852	10.2204
GO:0005853	13.0277
GO:0005854	12.0277
GO:0005856	4.2795
GO:0005858	12.0277
GO:0005859	11.4428
GO:0005861	11.0277
GO:0005862	12.0277
GO:0005863	13.0277
GO:0005865	9.7058
GO:0005868	11.0277
GO:0005869	10.7058
GO:0005871	10.4428
GO:0005873	12.0277
GO:0005874	7.0505
GO:0005875	7.8985
GO:0005876	8.1698
GO:0005880	12.0277
GO:0005881	9.0277
GO:0005882	10.4428
GO:0005883	13.0277
GO:0005884	9.0277
GO:0005885	10.0277
GO:0005886	2.4195
GO:0005889	13.0277
GO:0005890	10.2204
GO:0005891	11.0277
GO:0005892	11.0277
GO:0005896	12.0277
GO:0005901	8.9403
GO:0005902	9.4428
GO:0005903	10.4428
GO:0005905	8.8578
GO:0005911	6.7058
GO:0005912	8.6354
GO:0005914	13.0277
GO:0005915	13.0277
GO:0005916	13.0277
GO:0005918	9.8578
GO:0005919	12.0277
GO:0005920	12.0277
GO:0005921	9.7058
GO:0005922	12.0277
GO:0005923	9.5683
GO:0005925	6.0735
GO:0005927	13.0277
GO:0005929	6.2863
GO:0005930	9.4428
GO:0005933	7.2464
GO:0005934	9.3273
GO:0005935	7.6015
GO:0005937	8.1208
GO:0005938	6.5199
GO:0005940	10.7058
GO:0005942	10.4428
GO:0005943	13.0277
GO:0005945	13.0277
GO:0005946	13.0277
GO:0005948	13.0277
GO:0005950	12.0277
GO:0005951	12.0277
GO:0005952	12.0277
GO:0005955	12.0277
GO:0005956	9.8578
GO:0005958	13.0277
GO:0005965	13.0277
GO:0005968	11.4428
GO:0005971	12.0277
GO:0005975	5.7609
GO:0005976	8.1698
GO:0005977	8.5042
GO:0005978	9.7058
GO:0005979	10.7058
GO:0005980	9.7058
GO:0005981	12.0277
GO:0005984	9.0277
GO:0005985	11.4428
GO:0005987	12.0277
GO:0005988	12.0277
GO:0005989	12.0277
GO:0005991	10.2204
GO:0005992	11.0277
GO:0005993	11.4428
GO:0005996	7.0277
GO:0005997	12.0277
GO:0005998	13.0277
GO:0005999	13.0277
GO:0006000	11.0277
GO:0006002	13.0277
GO:0006004	12.0277
GO:0006006	7.6354
GO:0006007	9.0277
GO:0006011	12.0277
GO:0006012	9.5683
GO:0006013	12.0277
GO:0006014	13.0277
GO:0006015	11.4428
GO:0006020	13.0277
GO:0006022	7.7058
GO:0006023	8.4428
GO:0006024	8.5683
GO:0006026	8.9403
GO:0006027	9.0277
GO:0006029	7.5683
GO:0006030	13.0277
GO:0006032	13.0277
GO:0006040	9.0277
GO:0006041	13.0277
GO:0006043	13.0277
GO:0006044	10.7058
GO:0006047	10.7058
GO:0006048	11.0277
GO:0006054	11.4428
GO:0006065	13.0277
GO:0006066	6.2595
GO:0006067	10.2204
GO:0006068	11.4428
GO:0006071	10.7058
GO:0006072	12.0277
GO:0006074	13.0277
GO:0006077	12.0277
GO:0006078	12.0277
GO:0006081	8.2728
GO:0006083	11.0277
GO:0006084	9.7058
GO:0006085	10.0277
GO:0006086	11.4428
GO:0006089	11.0277
GO:0006090	7.7423
GO:0006091	5.5359
GO:0006094	8.1208
GO:0006096	8.4428
GO:0006097	13.0277
GO:0006098	9.4428
GO:0006099	8.4428
GO:0006101	11.4428
GO:0006102	10.7058
GO:0006103	10.4428
GO:0006104	12.0277
GO:0006105	12.0277
GO:0006106	13.0277
GO:0006107	12.0277
GO:0006108	11.4428
GO:0006109	7.8183
GO:0006110	9.0277
GO:0006111	10.4428
GO:0006112	8.3273
GO:0006113	12.0277
GO:0006117	13.0277
GO:0006119	7.2728
GO:0006120	9.3273
GO:0006121	11.0277
GO:0006122	9.8578
GO:0006123	9.2204
GO:0006127	13.0277
GO:0006139	2.7297
GO:0006140	8.6354
GO:0006144	10.2204
GO:0006148	12.0277
GO:0006152	11.4428
GO:0006154	13.0277
GO:0006163	6.0619
GO:0006164	7.5359
GO:0006166	13.0277
GO:0006167	13.0277
GO:0006171	12.0277
GO:0006177	13.0277
GO:0006178	13.0277
GO:0006182	11.4428
GO:0006183	13.0277
GO:0006188	10.4428
GO:0006189	11.0277
GO:0006195	7.8985
GO:0006203	13.0277
GO:0006206	9.7058
GO:0006207	10.7058
GO:0006208	12.0277
GO:0006210	13.0277
GO:0006212	13.0277
GO:0006213	8.8578
GO:0006216	13.0277
GO:0006218	13.0277
GO:0006220	9.0277
GO:0006221	10.2204
GO:0006222	12.0277
GO:0006231	12.0277
GO:0006241	13.0277
GO:0006244	10.2204
GO:0006256	13.0277
GO:0006259	4.5931
GO:0006260	6.3135
GO:0006261	7.0054
GO:0006264	10.7058
GO:0006265	10.0277
GO:0006267	10.0277
GO:0006269	12.0277
GO:0006270	8.7798
GO:0006271	9.3273
GO:0006272	11.0277
GO:0006273	10.4428
GO:0006275	8.2204
GO:0006276	11.4428
GO:0006277	11.4428
GO:0006278	9.0277
GO:0006279	13.0277
GO:0006281	5.3412
GO:0006282	8.0277
GO:0006283	7.8578
GO:0006284	8.7058
GO:0006285	10.0277
GO:0006287	13.0277
GO:0006289	7.0970
GO:0006293	9.4428
GO:0006294	8.9403
GO:0006297	9.5683
GO:0006298	9.0277
GO:0006301	8.5683
GO:0006302	6.6183
GO:0006303	8.3273
GO:0006304	9.4428
GO:0006307	10.0277
GO:0006308	10.7058
GO:0006309	10.7058
GO:0006310	6.4130
GO:0006312	8.7058
GO:0006314	11.0277
GO:0006315	13.0277
GO:0006325	5.7149
GO:0006334	9.3273
GO:0006335	10.7058
GO:0006337	9.7058
GO:0006338	6.1208
GO:0006351	5.4057
GO:0006352	6.7609
GO:0006353	7.8183
GO:0006354	7.3553
GO:0006355	4.1791
GO:0006356	7.9833
GO:0006357	4.7377
GO:0006359	9.3273
GO:0006360	8.1698
GO:0006361	9.0277
GO:0006362	9.1208
GO:0006363	9.2204
GO:0006364	5.8379
GO:0006366	5.7609
GO:0006367	6.8985
GO:0006368	7.6015
GO:0006369	9.4428
GO:0006370	8.9403
GO:0006376	10.4428
GO:0006382	13.0277
GO:0006383	9.1208
GO:0006384	12.0277
GO:0006385	12.0277
GO:0006386	10.4428
GO:0006388	9.2204
GO:0006390	10.2204
GO:0006391	12.0277
GO:0006393	13.0277
GO:0006396	4.2464
GO:0006397	5.5683
GO:0006398	10.4428
GO:0006399	5.7423
GO:0006400	7.2728
GO:0006401	6.0619
GO:0006402	6.3273
GO:0006403	6.3273
GO:0006404	11.4428
GO:0006405	7.2204
GO:0006406	7.3273
GO:0006409	9.5683
GO:0006412	4.5807
GO:0006413	6.8578
GO:0006414	7.2464
GO:0006415	7.2728
GO:0006417	6.3695
GO:0006418	7.6015
GO:0006419	12.0277
GO:0006420	12.0277
GO:0006421	13.0277
GO:0006422	13.0277
GO:0006423	12.0277
GO:0006425	13.0277
GO:0006427	13.0277
GO:0006428	12.0277
GO:0006429	12.0277
GO:0006430	12.0277
GO:0006431	11.4428
GO:0006432	10.4428
GO:0006433	12.0277
GO:0006434	12.0277
GO:0006435	12.0277
GO:0006436	13.0277
GO:0006437	12.0277
GO:0006438	11.4428
GO:0006446	8.7058
GO:0006448	10.4428
GO:0006449	9.8578
GO:0006450	10.0277
GO:0006451	13.0277
GO:0006452	11.0277
GO:0006457	6.7058
GO:0006458	10.4428
GO:0006468	5.4579
GO:0006469	7.5042
GO:0006470	7.1208
GO:0006473	8.8578
GO:0006474	9.8578
GO:0006475	10.7058
GO:0006476	10.2204
GO:0006477	11.4428
GO:0006478	13.0277
GO:0006479	7.9833
GO:0006480	13.0277
GO:0006481	13.0277
GO:0006482	11.4428
GO:0006487	7.8578
GO:0006488	10.0277
GO:0006489	13.0277
GO:0006491	9.8578
GO:0006493	7.0277
GO:0006497	8.5683
GO:0006498	11.0277
GO:0006499	11.4428
GO:0006500	13.0277
GO:0006501	11.4428
GO:0006505	8.9403
GO:0006506	9.0277
GO:0006508	6.1451
GO:0006509	9.7058
GO:0006511	5.5601
GO:0006513	9.0277
GO:0006515	9.7058
GO:0006516	9.1208
GO:0006517	9.3273
GO:0006518	9.5683
GO:0006520	5.6879
GO:0006521	8.8578
GO:0006523	13.0277
GO:0006525	9.7058
GO:0006526	10.4428
GO:0006527	11.4428
GO:0006530	11.4428
GO:0006531	11.0277
GO:0006533	11.4428
GO:0006536	9.5683
GO:0006538	11.0277
GO:0006540	12.0277
GO:0006541	11.0277
GO:0006544	10.4428
GO:0006546	11.4428
GO:0006548	11.0277
GO:0006550	13.0277
GO:0006551	12.0277
GO:0006552	13.0277
GO:0006555	11.0277
GO:0006556	11.4428
GO:0006559	10.2204
GO:0006560	12.0277
GO:0006562	12.0277
GO:0006563	10.2204
GO:0006564	11.4428
GO:0006565	11.4428
GO:0006566	10.7058
GO:0006567	12.0277
GO:0006569	10.4428
GO:0006571	11.4428
GO:0006572	13.0277
GO:0006574	13.0277
GO:0006575	6.7423
GO:0006576	8.1698
GO:0006577	11.0277
GO:0006578	13.0277
GO:0006582	8.9403
GO:0006583	12.0277
GO:0006584	9.5683
GO:0006585	13.0277
GO:0006589	13.0277
GO:0006590	11.4428
GO:0006591	12.0277
GO:0006592	13.0277
GO:0006593	13.0277
GO:0006595	10.0277
GO:0006596	11.4428
GO:0006598	12.0277
GO:0006600	13.0277
GO:0006601	13.0277
GO:0006605	5.8478
GO:0006606	8.2204
GO:0006607	12.0277
GO:0006610	13.0277
GO:0006611	9.8578
GO:0006612	6.8578
GO:0006613	7.2204
GO:0006614	7.2728
GO:0006616	10.4428
GO:0006620	9.5683
GO:0006621	10.7058
GO:0006622	9.7058
GO:0006623	7.5359
GO:0006624	10.7058
GO:0006625	8.2204
GO:0006629	4.1390
GO:0006631	6.1329
GO:0006633	7.3839
GO:0006635	7.9833
GO:0006636	9.3273
GO:0006637	7.8578
GO:0006638	8.5042
GO:0006639	8.5683
GO:0006641	8.9403
GO:0006644	5.7058
GO:0006646	10.4428
GO:0006650	5.8985
GO:0006654	8.4428
GO:0006655	11.4428
GO:0006656	9.0277
GO:0006657	13.0277
GO:0006658	9.0277
GO:0006659	11.4428
GO:0006660	12.0277
GO:0006661	8.2204
GO:0006664	7.3839
GO:0006665	6.9403
GO:0006668	13.0277
GO:0006669	13.0277
GO:0006670	11.0277
GO:0006672	8.3839
GO:0006673	12.0277
GO:0006675	13.0277
GO:0006677	11.4428
GO:0006678	13.0277
GO:0006680	13.0277
GO:0006681	13.0277
GO:0006682	13.0277
GO:0006684	12.0277
GO:0006685	13.0277
GO:0006686	13.0277
GO:0006687	8.2728
GO:0006688	9.8578
GO:0006689	13.0277
GO:0006690	7.7798
GO:0006691	9.4428
GO:0006692	9.3273
GO:0006693	9.3273
GO:0006694	7.5042
GO:0006695	9.3273
GO:0006696	9.7058
GO:0006697	13.0277
GO:0006699	9.5683
GO:0006700	10.2204
GO:0006702	12.0277
GO:0006703	12.0277
GO:0006704	11.4428
GO:0006705	12.0277
GO:0006706	9.7058
GO:0006707	11.4428
GO:0006710	13.0277
GO:0006713	13.0277
GO:0006714	11.4428
GO:0006716	13.0277
GO:0006718	13.0277
GO:0006720	7.6354
GO:0006721	7.9403
GO:0006726	9.1208
GO:0006727	10.2204
GO:0006728	12.0277
GO:0006729	11.4428
GO:0006730	9.7058
GO:0006738	13.0277
GO:0006739	8.7798
GO:0006740	9.0277
GO:0006741	13.0277
GO:0006742	13.0277
GO:0006743	9.5683
GO:0006744	9.5683
GO:0006747	13.0277
GO:0006749	8.2204
GO:0006750	10.2204
GO:0006751	13.0277
GO:0006753	5.2662
GO:0006754	8.7058
GO:0006760	9.1208
GO:0006766	8.2204
GO:0006768	9.8578
GO:0006771	10.2204
GO:0006772	10.2204
GO:0006776	13.0277
GO:0006777	13.0277
GO:0006778	9.7058
GO:0006779	10.0277
GO:0006780	13.0277
GO:0006783	10.2204
GO:0006784	13.0277
GO:0006787	12.0277
GO:0006788	13.0277
GO:0006789	13.0277
GO:0006790	5.9403
GO:0006793	4.3553
GO:0006796	4.8379
GO:0006797	10.2204
GO:0006798	12.0277
GO:0006799	11.4428
GO:0006801	10.2204
GO:0006805	7.4731
GO:0006809	10.7058
GO:0006810	2.4895
GO:0006811	5.0852
GO:0006812	5.5601
GO:0006813	7.5683
GO:0006814	8.9403
GO:0006816	7.1948
GO:0006817	9.3273
GO:0006820	8.2728
GO:0006821	8.5042
GO:0006825	10.0277
GO:0006826	8.2204
GO:0006828	12.0277
GO:0006829	10.4428
GO:0006833	11.4428
GO:0006835	8.5683
GO:0006836	8.4428
GO:0006839	7.7798
GO:0006842	11.4428
GO:0006843	12.0277
GO:0006848	13.0277
GO:0006850	13.0277
GO:0006851	10.0277
GO:0006853	11.4428
GO:0006855	13.0277
GO:0006856	11.4428
GO:0006857	11.4428
GO:0006858	12.0277
GO:0006862	9.1208
GO:0006863	12.0277
GO:0006864	13.0277
GO:0006865	7.4130
GO:0006868	13.0277
GO:0006869	6.8183
GO:0006873	6.0735
GO:0006874	7.4731
GO:0006878	11.4428
GO:0006879	8.3273
GO:0006882	11.0277
GO:0006883	10.4428
GO:0006884	12.0277
GO:0006885	7.7798
GO:0006886	5.8679
GO:0006887	4.8933
GO:0006888	6.4428
GO:0006890	7.6702
GO:0006891	8.9403
GO:0006892	7.0970
GO:0006893	8.4428
GO:0006895	9.3273
GO:0006896	9.1208
GO:0006897	5.4579
GO:0006898	6.7423
GO:0006900	7.9403
GO:0006901	8.4428
GO:0006906	7.7423
GO:0006909	6.2998
GO:0006910	11.4428
GO:0006911	10.2204
GO:0006913	6.2863
GO:0006914	5.9509
GO:0006915	6.0390
GO:0006921	10.2204
GO:0006925	12.0277
GO:0006929	10.7058
GO:0006930	12.0277
GO:0006933	13.0277
GO:0006935	7.0735
GO:0006936	7.4731
GO:0006937	8.5683
GO:0006939	10.7058
GO:0006941	8.7058
GO:0006942	8.7798
GO:0006950	3.0151
GO:0006952	4.7013
GO:0006953	10.7058
GO:0006954	7.3839
GO:0006955	4.1390
GO:0006956	7.4731
GO:0006957	13.0277
GO:0006958	7.7058
GO:0006959	6.2998
GO:0006962	13.0277
GO:0006963	9.5683
GO:0006964	11.4428
GO:0006968	9.3273
GO:0006970	8.3839
GO:0006971	12.0277
GO:0006972	12.0277
GO:0006973	13.0277
GO:0006974	4.8528
GO:0006979	6.1948
GO:0006983	12.0277
GO:0006984	10.2204
GO:0006986	7.4130
GO:0006991	13.0277
GO:0006995	11.4428
GO:0006996	3.1299
GO:0006997	6.9192
GO:0006998	8.8578
GO:0006999	10.0277
GO:0007000	9.0277
GO:0007004	9.4428
GO:0007005	5.9943
GO:0007006	7.5042
GO:0007007	8.0277
GO:0007008	9.8578
GO:0007009	8.7058
GO:0007010	4.9616
GO:0007015	7.3839
GO:0007017	5.4731
GO:0007018	6.9403
GO:0007019	10.7058
GO:0007020	10.7058
GO:0007021	9.7058
GO:0007023	12.0277
GO:0007026	11.4428
GO:0007028	9.0277
GO:0007029	8.5042
GO:0007030	7.4731
GO:0007031	8.5042
GO:0007032	8.0277
GO:0007033	7.1208
GO:0007034	6.3553
GO:0007035	8.7798
GO:0007039	10.7058
GO:0007040	9.0277
GO:0007041	7.6702
GO:0007042	11.0277
GO:0007043	8.1208
GO:0007044	10.7058
GO:0007049	4.1791
GO:0007051	6.8183
GO:0007052	7.4130
GO:0007053	12.0277
GO:0007056	11.4428
GO:0007057	12.0277
GO:0007058	13.0277
GO:0007059	6.0505
GO:0007060	10.7058
GO:0007062	8.1698
GO:0007063	10.7058
GO:0007064	8.7798
GO:0007065	12.0277
GO:0007066	13.0277
GO:0007076	10.0277
GO:0007077	10.7058
GO:0007079	12.0277
GO:0007080	8.8578
GO:0007084	11.4428
GO:0007088	7.8985
GO:0007089	10.7058
GO:0007091	12.0277
GO:0007093	7.6015
GO:0007094	9.7058
GO:0007095	10.0277
GO:0007096	9.1208
GO:0007097	9.5683
GO:0007098	8.4428
GO:0007099	11.0277
GO:0007100	13.0277
GO:0007105	12.0277
GO:0007107	13.0277
GO:0007110	11.0277
GO:0007111	11.0277
GO:0007112	9.1208
GO:0007113	10.7058
GO:0007114	9.2204
GO:0007116	13.0277
GO:0007117	10.2204
GO:0007118	11.4428
GO:0007119	11.4428
GO:0007120	13.0277
GO:0007121	11.0277
GO:0007124	9.8578
GO:0007127	7.8985
GO:0007129	9.8578
GO:0007130	10.0277
GO:0007131	8.3273
GO:0007135	11.4428
GO:0007140	8.2728
GO:0007141	13.0277
GO:0007143	9.5683
GO:0007144	12.0277
GO:0007146	13.0277
GO:0007147	13.0277
GO:0007154	2.7251
GO:0007155	5.9297
GO:0007156	10.7058
GO:0007157	9.5683
GO:0007158	10.7058
GO:0007159	9.1208
GO:0007160	8.5683
GO:0007162	7.5683
GO:0007163	6.6354
GO:0007164	9.7058
GO:0007165	2.8516
GO:0007166	3.8528
GO:0007167	5.4204
GO:0007168	13.0277
GO:0007169	5.8281
GO:0007171	12.0277
GO:0007172	12.0277
GO:0007173	9.0277
GO:0007174	13.0277
GO:0007175	11.4428
GO:0007178	7.3839
GO:0007179	8.3839
GO:0007185	13.0277
GO:0007186	5.1574
GO:0007187	9.4428
GO:0007188	7.9833
GO:0007189	8.9403
GO:0007190	9.7058
GO:0007193	8.9403
GO:0007194	11.4428
GO:0007195	13.0277
GO:0007196	13.0277
GO:0007200	9.5683
GO:0007204	9.4428
GO:0007206	13.0277
GO:0007207	13.0277
GO:0007210	12.0277
GO:0007211	13.0277
GO:0007212	11.4428
GO:0007213	13.0277
GO:0007214	10.7058
GO:0007215	11.4428
GO:0007216	11.4428
GO:0007217	11.4428
GO:0007218	9.5683
GO:0007219	9.0277
GO:0007220	9.4428
GO:0007221	11.4428
GO:0007223	9.5683
GO:0007224	10.0277
GO:0007225	13.0277
GO:0007229	9.2204
GO:0007231	13.0277
GO:0007249	8.5683
GO:0007250	12.0277
GO:0007252	10.4428
GO:0007254	9.0277
GO:0007258	13.0277
GO:0007259	9.8578
GO:0007260	11.4428
GO:0007264	7.6015
GO:0007265	9.0277
GO:0007266	9.5683
GO:0007267	5.6354
GO:0007268	6.7240
GO:0007269	9.1208
GO:0007271	11.0277
GO:0007272	10.0277
GO:0007274	8.9403
GO:0007275	3.5931
GO:0007276	5.2595
GO:0007277	10.0277
GO:0007278	11.4428
GO:0007279	11.0277
GO:0007281	5.7798
GO:0007282	11.0277
GO:0007283	6.7058
GO:0007284	13.0277
GO:0007286	7.9833
GO:0007287	13.0277
GO:0007288	11.4428
GO:0007289	10.4428
GO:0007290	12.0277
GO:0007291	8.7798
GO:0007292	6.0505
GO:0007293	8.5042
GO:0007294	10.7058
GO:0007295	11.0277
GO:0007296	12.0277
GO:0007297	8.8578
GO:0007298	8.9403
GO:0007300	11.0277
GO:0007301	11.4428
GO:0007304	12.0277
GO:0007306	9.2204
GO:0007307	11.4428
GO:0007308	8.2204
GO:0007309	8.2204
GO:0007310	9.8578
GO:0007311	12.0277
GO:0007312	13.0277
GO:0007313	12.0277
GO:0007314	8.8578
GO:0007315	9.2204
GO:0007316	9.8578
GO:0007317	12.0277
GO:0007318	11.4428
GO:0007320	10.4428
GO:0007321	13.0277
GO:0007323	13.0277
GO:0007338	8.5683
GO:0007339	10.2204
GO:0007340	13.0277
GO:0007342	10.7058
GO:0007343	12.0277
GO:0007346	5.6440
GO:0007348	12.0277
GO:0007349	8.1698
GO:0007350	7.8578
GO:0007351	8.5042
GO:0007352	13.0277
GO:0007354	11.4428
GO:0007356	13.0277
GO:0007362	12.0277
GO:0007365	9.7058
GO:0007367	9.8578
GO:0007368	10.2204
GO:0007369	8.1698
GO:0007370	11.0277
GO:0007377	13.0277
GO:0007378	11.0277
GO:0007379	10.4428
GO:0007385	13.0277
GO:0007389	6.2728
GO:0007390	12.0277
GO:0007391	8.7058
GO:0007392	12.0277
GO:0007394	12.0277
GO:0007395	12.0277
GO:0007398	10.4428
GO:0007399	4.6484
GO:0007400	13.0277
GO:0007405	9.5683
GO:0007406	9.5683
GO:0007409	6.7798
GO:0007411	7.2204
GO:0007412	13.0277
GO:0007413	10.7058
GO:0007414	12.0277
GO:0007416	8.2204
GO:0007417	6.1574
GO:0007418	12.0277
GO:0007419	10.0277
GO:0007420	7.0735
GO:0007422	9.7058
GO:0007423	6.3273
GO:0007424	7.4130
GO:0007426	11.4428
GO:0007427	10.7058
GO:0007428	12.0277
GO:0007429	13.0277
GO:0007430	10.2204
GO:0007431	8.6354
GO:0007432	11.4428
GO:0007435	9.0277
GO:0007436	12.0277
GO:0007438	13.0277
GO:0007439	11.4428
GO:0007440	12.0277
GO:0007441	13.0277
GO:0007442	10.4428
GO:0007443	10.7058
GO:0007444	6.3273
GO:0007445	13.0277
GO:0007446	11.0277
GO:0007447	8.7798
GO:0007448	10.7058
GO:0007449	13.0277
GO:0007450	9.8578
GO:0007455	12.0277
GO:0007460	11.4428
GO:0007465	13.0277
GO:0007469	13.0277
GO:0007472	7.3273
GO:0007474	10.2204
GO:0007475	13.0277
GO:0007476	7.3839
GO:0007477	13.0277
GO:0007478	9.7058
GO:0007479	13.0277
GO:0007480	9.8578
GO:0007481	13.0277
GO:0007483	11.0277
GO:0007484	11.0277
GO:0007485	11.4428
GO:0007486	13.0277
GO:0007488	11.0277
GO:0007490	13.0277
GO:0007492	10.2204
GO:0007493	13.0277
GO:0007494	10.7058
GO:0007495	13.0277
GO:0007497	13.0277
GO:0007498	8.5683
GO:0007500	13.0277
GO:0007502	12.0277
GO:0007503	11.4428
GO:0007504	12.0277
GO:0007505	13.0277
GO:0007506	13.0277
GO:0007507	7.6015
GO:0007509	11.0277
GO:0007512	13.0277
GO:0007516	13.0277
GO:0007517	7.8985
GO:0007519	11.4428
GO:0007520	9.1208
GO:0007522	12.0277
GO:0007523	12.0277
GO:0007525	8.8578
GO:0007526	11.0277
GO:0007527	12.0277
GO:0007528	8.7798
GO:0007530	9.5683
GO:0007531	10.7058
GO:0007532	13.0277
GO:0007533	11.0277
GO:0007534	12.0277
GO:0007535	12.0277
GO:0007538	11.4428
GO:0007539	12.0277
GO:0007541	12.0277
GO:0007548	7.8985
GO:0007549	10.4428
GO:0007552	6.5683
GO:0007553	12.0277
GO:0007554	12.0277
GO:0007555	13.0277
GO:0007557	13.0277
GO:0007560	6.8985
GO:0007561	13.0277
GO:0007562	12.0277
GO:0007565	10.0277
GO:0007566	13.0277
GO:0007567	13.0277
GO:0007584	8.6354
GO:0007585	11.0277
GO:0007586	9.0277
GO:0007588	9.0277
GO:0007589	10.2204
GO:0007591	8.3839
GO:0007593	10.7058
GO:0007594	13.0277
GO:0007595	13.0277
GO:0007596	6.5359
GO:0007597	10.7058
GO:0007598	12.0277
GO:0007599	6.5042
GO:0007600	5.8985
GO:0007601	8.7058
GO:0007602	8.2204
GO:0007603	9.5683
GO:0007604	12.0277
GO:0007605	8.0277
GO:0007606	6.6702
GO:0007608	7.6015
GO:0007610	5.7893
GO:0007611	7.3839
GO:0007612	8.7798
GO:0007613	8.0277
GO:0007614	10.4428
GO:0007615	11.4428
GO:0007616	9.0277
GO:0007617	7.8578
GO:0007618	13.0277
GO:0007619	8.8578
GO:0007620	10.4428
GO:0007621	11.0277
GO:0007622	9.1208
GO:0007623	7.3553
GO:0007624	13.0277
GO:0007625	12.0277
GO:0007626	7.7423
GO:0007628	13.0277
GO:0007629	10.0277
GO:0007630	13.0277
GO:0007631	9.8578
GO:0007632	11.0277
GO:0007634	12.0277
GO:0007635	8.6354
GO:0007637	13.0277
GO:0007638	10.4428
GO:0008009	9.7058
GO:0008010	10.7058
GO:0008011	12.0277
GO:0008013	9.2204
GO:0008015	7.2728
GO:0008016	7.2998
GO:0008017	7.8183
GO:0008020	11.4428
GO:0008021	9.0277
GO:0008023	8.8578
GO:0008024	12.0277
GO:0008028	10.4428
GO:0008033	6.4731
GO:0008035	13.0277
GO:0008036	13.0277
GO:0008037	7.7423
GO:0008038	8.6354
GO:0008039	9.7058
GO:0008045	10.2204
GO:0008047	6.3135
GO:0008048	12.0277
GO:0008049	8.8578
GO:0008050	13.0277
GO:0008052	11.0277
GO:0008053	10.7058
GO:0008055	10.2204
GO:0008056	13.0277
GO:0008057	10.7058
GO:0008061	11.0277
GO:0008062	12.0277
GO:0008063	8.5042
GO:0008064	8.3839
GO:0008066	9.7058
GO:0008069	13.0277
GO:0008073	12.0277
GO:0008074	11.4428
GO:0008076	8.7058
GO:0008078	10.7058
GO:0008079	10.2204
GO:0008080	7.8985
GO:0008081	8.2728
GO:0008083	9.4428
GO:0008084	12.0277
GO:0008088	8.9403
GO:0008089	10.2204
GO:0008090	10.7058
GO:0008092	5.6440
GO:0008094	7.0970
GO:0008097	10.7058
GO:0008103	11.0277
GO:0008104	4.4241
GO:0008106	10.0277
GO:0008107	12.0277
GO:0008108	12.0277
GO:0008109	13.0277
GO:0008111	13.0277
GO:0008112	13.0277
GO:0008113	13.0277
GO:0008116	13.0277
GO:0008117	13.0277
GO:0008121	10.0277
GO:0008126	13.0277
GO:0008127	13.0277
GO:0008131	11.4428
GO:0008134	5.9403
GO:0008135	12.0277
GO:0008137	13.0277
GO:0008138	10.7058
GO:0008142	10.7058
GO:0008143	10.4428
GO:0008146	8.6354
GO:0008152	1.2144
GO:0008153	13.0277
GO:0008154	9.4428
GO:0008156	9.5683
GO:0008160	13.0277
GO:0008168	6.6015
GO:0008169	11.4428
GO:0008170	7.7058
GO:0008171	9.8578
GO:0008172	12.0277
GO:0008173	8.3839
GO:0008174	10.4428
GO:0008175	10.0277
GO:0008176	12.0277
GO:0008177	11.0277
GO:0008179	13.0277
GO:0008180	9.0277
GO:0008184	13.0277
GO:0008186	8.3273
GO:0008187	10.0277
GO:0008188	9.7058
GO:0008190	13.0277
GO:0008191	11.0277
GO:0008192	12.0277
GO:0008193	13.0277
GO:0008194	6.9403
GO:0008195	10.7058
GO:0008198	9.4428
GO:0008199	13.0277
GO:0008200	10.0277
GO:0008201	8.3839
GO:0008202	6.6015
GO:0008203	8.3839
GO:0008204	9.5683
GO:0008205	12.0277
GO:0008206	9.4428
GO:0008207	9.8578
GO:0008209	10.2204
GO:0008210	9.8578
GO:0008211	11.0277
GO:0008212	12.0277
GO:0008213	7.9833
GO:0008214	11.4428
GO:0008215	13.0277
GO:0008216	12.0277
GO:0008217	9.2204
GO:0008219	5.5199
GO:0008227	9.7058
GO:0008228	12.0277
GO:0008230	13.0277
GO:0008231	13.0277
GO:0008233	5.3624
GO:0008234	7.3839
GO:0008235	8.8578
GO:0008236	7.6702
GO:0008237	7.4428
GO:0008238	7.8183
GO:0008239	11.0277
GO:0008240	13.0277
GO:0008241	13.0277
GO:0008242	11.4428
GO:0008250	10.0277
GO:0008251	12.0277
GO:0008252	9.8578
GO:0008253	10.7058
GO:0008258	10.4428
GO:0008260	12.0277
GO:0008263	13.0277
GO:0008266	10.4428
GO:0008270	7.0505
GO:0008271	13.0277
GO:0008273	13.0277
GO:0008275	11.4428
GO:0008276	7.6015
GO:0008277	7.6015
GO:0008278	10.4428
GO:0008282	13.0277
GO:0008283	6.7240
GO:0008284	5.6183
GO:0008285	5.9403
GO:0008286	8.8578
GO:0008287	8.9403
GO:0008289	5.6527
GO:0008290	13.0277
GO:0008291	13.0277
GO:0008292	13.0277
GO:0008293	11.0277
GO:0008295	13.0277
GO:0008296	10.2204
GO:0008297	11.0277
GO:0008298	8.5683
GO:0008299	10.0277
GO:0008300	10.4428
GO:0008301	9.7058
GO:0008303	11.0277
GO:0008305	9.8578
GO:0008306	9.7058
GO:0008307	9.7058
GO:0008308	10.4428
GO:0008309	12.0277
GO:0008310	11.4428
GO:0008311	12.0277
GO:0008312	11.0277
GO:0008315	12.0277
GO:0008318	11.4428
GO:0008320	9.3273
GO:0008324	5.4130
GO:0008327	12.0277
GO:0008328	10.7058
GO:0008330	13.0277
GO:0008333	8.3839
GO:0008334	9.5683
GO:0008340	7.8985
GO:0008343	11.4428
GO:0008344	8.5042
GO:0008345	11.0277
GO:0008347	10.7058
GO:0008348	12.0277
GO:0008352	13.0277
GO:0008353	10.4428
GO:0008354	10.0277
GO:0008355	10.4428
GO:0008356	8.5042
GO:0008358	8.7058
GO:0008359	13.0277
GO:0008360	8.0735
GO:0008361	7.8183
GO:0008362	11.0277
GO:0008363	9.4428
GO:0008365	12.0277
GO:0008366	10.2204
GO:0008373	9.8578
GO:0008375	8.3273
GO:0008376	9.0277
GO:0008378	9.7058
GO:0008379	10.7058
GO:0008380	5.6702
GO:0008381	13.0277
GO:0008384	11.4428
GO:0008385	10.4428
GO:0008386	13.0277
GO:0008387	13.0277
GO:0008391	10.7058
GO:0008392	11.0277
GO:0008395	9.2204
GO:0008396	13.0277
GO:0008398	13.0277
GO:0008401	10.4428
GO:0008404	13.0277
GO:0008405	13.0277
GO:0008406	8.5683
GO:0008407	10.2204
GO:0008408	8.1208
GO:0008409	10.2204
GO:0008410	10.7058
GO:0008412	13.0277
GO:0008413	13.0277
GO:0008417	9.7058
GO:0008418	13.0277
GO:0008419	13.0277
GO:0008420	11.4428
GO:0008422	10.7058
GO:0008427	13.0277
GO:0008428	12.0277
GO:0008429	11.4428
GO:0008430	13.0277
GO:0008431	13.0277
GO:0008440	13.0277
GO:0008441	13.0277
GO:0008443	12.0277
GO:0008445	13.0277
GO:0008446	12.0277
GO:0008449	13.0277
GO:0008452	12.0277
GO:0008453	11.0277
GO:0008455	13.0277
GO:0008456	13.0277
GO:0008466	11.4428
GO:0008474	12.0277
GO:0008475	11.4428
GO:0008476	13.0277
GO:0008477	13.0277
GO:0008478	13.0277
GO:0008479	13.0277
GO:0008481	13.0277
GO:0008482	13.0277
GO:0008483	9.2204
GO:0008484	10.0277
GO:0008486	12.0277
GO:0008488	13.0277
GO:0008489	13.0277
GO:0008494	11.4428
GO:0008499	12.0277
GO:0008502	13.0277
GO:0008504	10.7058
GO:0008508	13.0277
GO:0008509	7.5359
GO:0008510	13.0277
GO:0008511	13.0277
GO:0008515	13.0277
GO:0008517	12.0277
GO:0008518	13.0277
GO:0008519	11.4428
GO:0008520	12.0277
GO:0008525	10.2204
GO:0008526	10.4428
GO:0008527	8.6354
GO:0008528	8.6354
GO:0008531	13.0277
GO:0008532	12.0277
GO:0008534	11.4428
GO:0008535	8.8578
GO:0008540	9.8578
GO:0008541	10.7058
GO:0008542	13.0277
GO:0008543	8.1208
GO:0008544	7.0970
GO:0008553	11.0277
GO:0008554	10.2204
GO:0008556	10.0277
GO:0008558	13.0277
GO:0008559	13.0277
GO:0008568	12.0277
GO:0008569	13.0277
GO:0008574	10.7058
GO:0008582	8.2204
GO:0008584	9.8578
GO:0008585	10.0277
GO:0008586	10.0277
GO:0008587	9.7058
GO:0008589	8.3273
GO:0008592	9.0277
GO:0008593	7.9403
GO:0008594	12.0277
GO:0008595	8.5042
GO:0008603	11.0277
GO:0008607	13.0277
GO:0008608	10.0277
GO:0008610	4.9779
GO:0008611	12.0277
GO:0008612	13.0277
GO:0008614	11.0277
GO:0008615	11.0277
GO:0008617	13.0277
GO:0008622	11.4428
GO:0008623	11.4428
GO:0008625	9.7058
GO:0008626	12.0277
GO:0008630	9.4428
GO:0008631	13.0277
GO:0008637	10.2204
GO:0008641	9.8578
GO:0008643	8.3273
GO:0008645	8.6354
GO:0008649	9.7058
GO:0008652	7.6354
GO:0008654	6.1948
GO:0008655	9.8578
GO:0008656	11.4428
GO:0008670	11.4428
GO:0008703	13.0277
GO:0008705	13.0277
GO:0008709	13.0277
GO:0008725	13.0277
GO:0008745	12.0277
GO:0008753	13.0277
GO:0008757	6.8578
GO:0008774	13.0277
GO:0008775	12.0277
GO:0008781	13.0277
GO:0008783	13.0277
GO:0008793	11.4428
GO:0008794	13.0277
GO:0008796	11.4428
GO:0008808	13.0277
GO:0008812	13.0277
GO:0008821	11.4428
GO:0008843	13.0277
GO:0008859	13.0277
GO:0008887	13.0277
GO:0008889	13.0277
GO:0008893	13.0277
GO:0008897	13.0277
GO:0008900	13.0277
GO:0008902	13.0277
GO:0008907	13.0277
GO:0008934	12.0277
GO:0008936	13.0277
GO:0008940	12.0277
GO:0008967	13.0277
GO:0008970	10.7058
GO:0008972	13.0277
GO:0008976	13.0277
GO:0009007	13.0277
GO:0009008	13.0277
GO:0009009	13.0277
GO:0009013	12.0277
GO:0009036	13.0277
GO:0009047	12.0277
GO:0009051	11.0277
GO:0009055	7.6354
GO:0009056	3.4149
GO:0009057	4.4020
GO:0009058	2.1551
GO:0009059	2.6549
GO:0009060	6.1451
GO:0009061	12.0277
GO:0009062	7.5042
GO:0009063	7.2998
GO:0009067	11.4428
GO:0009070	10.0277
GO:0009072	8.2728
GO:0009073	9.5683
GO:0009074	9.1208
GO:0009079	13.0277
GO:0009081	9.4428
GO:0009082	11.0277
GO:0009083	9.8578
GO:0009084	10.2204
GO:0009088	11.4428
GO:0009090	12.0277
GO:0009092	11.4428
GO:0009094	11.4428
GO:0009098	13.0277
GO:0009100	6.0390
GO:0009101	6.3135
GO:0009102	11.4428
GO:0009106	13.0277
GO:0009107	13.0277
GO:0009110	8.7058
GO:0009111	10.7058
GO:0009112	9.0277
GO:0009113	10.7058
GO:0009116	8.1698
GO:0009117	5.7703
GO:0009119	9.7058
GO:0009120	12.0277
GO:0009123	8.7058
GO:0009124	8.9403
GO:0009125	12.0277
GO:0009126	9.3273
GO:0009127	9.5683
GO:0009128	13.0277
GO:0009129	11.0277
GO:0009130	11.0277
GO:0009132	8.2728
GO:0009133	13.0277
GO:0009134	8.3273
GO:0009135	8.3839
GO:0009136	13.0277
GO:0009137	8.4428
GO:0009138	13.0277
GO:0009140	13.0277
GO:0009141	7.1698
GO:0009142	8.4428
GO:0009144	7.1948
GO:0009145	8.6354
GO:0009146	12.0277
GO:0009147	12.0277
GO:0009148	13.0277
GO:0009149	13.0277
GO:0009150	6.6702
GO:0009151	12.0277
GO:0009152	7.8183
GO:0009154	8.2728
GO:0009155	12.0277
GO:0009156	9.1208
GO:0009157	12.0277
GO:0009158	13.0277
GO:0009159	13.0277
GO:0009163	9.4428
GO:0009164	9.3273
GO:0009165	7.0277
GO:0009166	7.6015
GO:0009167	9.3273
GO:0009168	9.5683
GO:0009169	13.0277
GO:0009173	12.0277
GO:0009174	12.0277
GO:0009176	12.0277
GO:0009177	12.0277
GO:0009179	8.3839
GO:0009180	13.0277
GO:0009181	8.4428
GO:0009185	8.2728
GO:0009187	10.4428
GO:0009188	13.0277
GO:0009190	10.7058
GO:0009191	8.3273
GO:0009193	13.0277
GO:0009195	13.0277
GO:0009200	11.4428
GO:0009201	8.5683
GO:0009204	12.0277
GO:0009205	7.2464
GO:0009206	8.6354
GO:0009208	13.0277
GO:0009209	13.0277
GO:0009211	13.0277
GO:0009213	13.0277
GO:0009215	12.0277
GO:0009217	12.0277
GO:0009218	10.7058
GO:0009219	10.0277
GO:0009220	11.0277
GO:0009221	12.0277
GO:0009222	13.0277
GO:0009223	10.4428
GO:0009225	8.9403
GO:0009226	9.4428
GO:0009228	11.0277
GO:0009229	13.0277
GO:0009231	11.4428
GO:0009233	11.4428
GO:0009234	13.0277
GO:0009235	10.4428
GO:0009236	13.0277
GO:0009240	13.0277
GO:0009247	8.2728
GO:0009249	11.0277
GO:0009250	9.4428
GO:0009251	9.7058
GO:0009253	13.0277
GO:0009256	13.0277
GO:0009257	13.0277
GO:0009259	6.5683
GO:0009260	7.6354
GO:0009261	8.2204
GO:0009262	12.0277
GO:0009263	12.0277
GO:0009265	12.0277
GO:0009266	6.7423
GO:0009267	7.2998
GO:0009268	10.2204
GO:0009269	11.0277
GO:0009272	8.1698
GO:0009277	8.2204
GO:0009295	7.7423
GO:0009298	12.0277
GO:0009299	12.0277
GO:0009301	8.9403
GO:0009302	12.0277
GO:0009303	9.5683
GO:0009304	10.0277
GO:0009306	8.4428
GO:0009308	7.9403
GO:0009309	8.8578
GO:0009310	9.7058
GO:0009311	7.9403
GO:0009312	9.2204
GO:0009313	9.2204
GO:0009314	6.4579
GO:0009328	12.0277
GO:0009330	13.0277
GO:0009360	13.0277
GO:0009368	13.0277
GO:0009374	12.0277
GO:0009378	12.0277
GO:0009383	12.0277
GO:0009394	9.7058
GO:0009395	9.8578
GO:0009396	9.8578
GO:0009397	13.0277
GO:0009398	13.0277
GO:0009403	13.0277
GO:0009404	10.0277
GO:0009407	12.0277
GO:0009408	7.2204
GO:0009409	10.4428
GO:0009410	6.6879
GO:0009411	7.8985
GO:0009414	11.0277
GO:0009415	10.7058
GO:0009416	6.8780
GO:0009423	13.0277
GO:0009435	11.0277
GO:0009436	11.4428
GO:0009437	11.0277
GO:0009438	13.0277
GO:0009440	13.0277
GO:0009441	13.0277
GO:0009449	13.0277
GO:0009450	12.0277
GO:0009451	6.3695
GO:0009452	8.8578
GO:0009453	10.4428
GO:0009566	8.5042
GO:0009581	7.8578
GO:0009582	7.8183
GO:0009583	8.1208
GO:0009584	9.5683
GO:0009589	11.4428
GO:0009593	6.9403
GO:0009595	9.4428
GO:0009597	11.4428
GO:0009605	4.2333
GO:0009606	12.0277
GO:0009607	4.5601
GO:0009608	11.4428
GO:0009609	11.4428
GO:0009611	5.9616
GO:0009612	8.0735
GO:0009615	6.7240
GO:0009617	5.7703
GO:0009620	8.5683
GO:0009628	4.9670
GO:0009629	9.8578
GO:0009631	11.4428
GO:0009636	8.1208
GO:0009637	12.0277
GO:0009642	12.0277
GO:0009648	11.0277
GO:0009649	10.4428
GO:0009650	12.0277
GO:0009651	9.8578
GO:0009653	4.2012
GO:0009674	13.0277
GO:0009692	13.0277
GO:0009698	12.0277
GO:0009712	9.5683
GO:0009713	10.7058
GO:0009719	5.3767
GO:0009725	6.5042
GO:0009730	12.0277
GO:0009731	13.0277
GO:0009732	12.0277
GO:0009743	9.3273
GO:0009744	11.0277
GO:0009746	10.2204
GO:0009749	10.4428
GO:0009750	13.0277
GO:0009753	12.0277
GO:0009755	8.5683
GO:0009756	13.0277
GO:0009785	13.0277
GO:0009787	13.0277
GO:0009789	13.0277
GO:0009790	6.0619
GO:0009791	6.2076
GO:0009792	7.6354
GO:0009794	11.4428
GO:0009798	7.6354
GO:0009799	10.2204
GO:0009804	12.0277
GO:0009812	12.0277
GO:0009820	12.0277
GO:0009822	13.0277
GO:0009826	11.0277
GO:0009838	11.4428
GO:0009855	10.2204
GO:0009880	7.7058
GO:0009881	11.0277
GO:0009882	13.0277
GO:0009886	6.6527
GO:0009887	5.5765
GO:0009888	4.9725
GO:0009889	3.0012
GO:0009890	4.1482
GO:0009891	4.0026
GO:0009892	3.7563
GO:0009893	3.4075
GO:0009894	4.8933
GO:0009895	7.0277
GO:0009896	5.9297
GO:0009897	7.9833
GO:0009898	7.7423
GO:0009906	13.0277
GO:0009913	7.4731
GO:0009914	10.4428
GO:0009922	11.4428
GO:0009925	7.7423
GO:0009946	13.0277
GO:0009948	8.3839
GO:0009949	12.0277
GO:0009950	9.0277
GO:0009951	11.4428
GO:0009952	8.0735
GO:0009953	7.9833
GO:0009954	12.0277
GO:0009966	3.5120
GO:0009967	4.4390
GO:0009968	4.7609
GO:0009975	10.2204
GO:0009982	10.7058
GO:0009986	5.6790
GO:0009987	0.4903
GO:0009988	9.3273
GO:0009994	7.8578
GO:0009996	12.0277
GO:0010001	9.2204
GO:0010002	12.0277
GO:0010004	9.2204
GO:0010008	6.0735
GO:0010009	11.4428
GO:0010025	12.0277
GO:0010034	13.0277
GO:0010037	11.4428
GO:0010038	7.2204
GO:0010039	10.7058
GO:0010043	10.0277
GO:0010085	13.0277
GO:0010092	13.0277
GO:0010106	13.0277
GO:0010147	13.0277
GO:0010155	13.0277
GO:0010160	10.2204
GO:0010165	11.0277
GO:0010166	12.0277
GO:0010171	9.8578
GO:0010172	13.0277
GO:0010181	13.0277
GO:0010212	8.6354
GO:0010224	11.4428
GO:0010225	12.0277
GO:0010226	12.0277
GO:0010256	5.9509
GO:0010257	8.7058
GO:0010265	13.0277
GO:0010273	13.0277
GO:0010286	12.0277
GO:0010310	10.7058
GO:0010312	13.0277
GO:0010314	9.8578
GO:0010324	8.7798
GO:0010332	10.2204
GO:0010340	12.0277
GO:0010353	13.0277
GO:0010360	13.0277
GO:0010369	10.7058
GO:0010378	11.4428
GO:0010383	13.0277
GO:0010385	13.0277
GO:0010387	13.0277
GO:0010389	7.1208
GO:0010421	12.0277
GO:0010430	13.0277
GO:0010446	13.0277
GO:0010447	11.0277
GO:0010453	10.7058
GO:0010454	11.4428
GO:0010455	13.0277
GO:0010457	11.4428
GO:0010458	9.8578
GO:0010459	12.0277
GO:0010460	13.0277
GO:0010463	13.0277
GO:0010464	13.0277
GO:0010465	12.0277
GO:0010466	9.7058
GO:0010467	2.8679
GO:0010468	3.1299
GO:0010469	8.7798
GO:0010470	11.0277
GO:0010484	11.4428
GO:0010485	10.4428
GO:0010494	7.6015
GO:0010496	11.4428
GO:0010498	5.8478
GO:0010499	9.4428
GO:0010506	6.4130
GO:0010507	8.5042
GO:0010508	7.6702
GO:0010510	11.4428
GO:0010511	11.0277
GO:0010512	13.0277
GO:0010513	11.4428
GO:0010517	12.0277
GO:0010518	12.0277
GO:0010520	13.0277
GO:0010522	13.0277
GO:0010523	13.0277
GO:0010526	10.7058
GO:0010543	11.0277
GO:0010544	12.0277
GO:0010556	3.0735
GO:0010557	4.0794
GO:0010558	4.2107
GO:0010559	12.0277
GO:0010560	13.0277
GO:0010561	13.0277
GO:0010562	9.2204
GO:0010563	9.7058
GO:0010564	5.0505
GO:0010565	8.3273
GO:0010566	10.0277
GO:0010568	13.0277
GO:0010569	9.3273
GO:0010570	12.0277
GO:0010571	12.0277
GO:0010573	13.0277
GO:0010574	10.0277
GO:0010575	10.2204
GO:0010586	9.3273
GO:0010587	10.7058
GO:0010591	9.8578
GO:0010592	10.0277
GO:0010594	7.7423
GO:0010595	8.5683
GO:0010596	8.9403
GO:0010603	11.0277
GO:0010604	3.5459
GO:0010605	3.8780
GO:0010606	12.0277
GO:0010607	13.0277
GO:0010608	5.5601
GO:0010610	13.0277
GO:0010611	11.0277
GO:0010612	13.0277
GO:0010613	11.4428
GO:0010623	9.3273
GO:0010628	5.0165
GO:0010629	4.8379
GO:0010630	13.0277
GO:0010631	8.3839
GO:0010632	8.7058
GO:0010633	10.7058
GO:0010634	9.4428
GO:0010635	10.7058
GO:0010636	12.0277
GO:0010637	11.4428
GO:0010638	6.2076
GO:0010639	6.7240
GO:0010640	11.0277
GO:0010641	12.0277
GO:0010642	12.0277
GO:0010644	10.4428
GO:0010646	3.3929
GO:0010647	4.3412
GO:0010648	4.7331
GO:0010649	11.0277
GO:0010656	12.0277
GO:0010660	10.7058
GO:0010661	11.4428
GO:0010662	12.0277
GO:0010663	13.0277
GO:0010664	13.0277
GO:0010665	12.0277
GO:0010666	13.0277
GO:0010667	13.0277
GO:0010668	13.0277
GO:0010669	10.4428
GO:0010695	11.4428
GO:0010696	11.4428
GO:0010700	13.0277
GO:0010709	13.0277
GO:0010712	10.7058
GO:0010713	13.0277
GO:0010714	11.0277
GO:0010715	10.4428
GO:0010716	11.4428
GO:0010717	9.2204
GO:0010718	9.5683
GO:0010719	11.4428
GO:0010720	7.7423
GO:0010721	7.9403
GO:0010727	11.4428
GO:0010728	12.0277
GO:0010729	13.0277
GO:0010730	13.0277
GO:0010742	12.0277
GO:0010743	9.2204
GO:0010744	10.2204
GO:0010745	10.2204
GO:0010746	13.0277
GO:0010748	13.0277
GO:0010755	11.4428
GO:0010756	13.0277
GO:0010757	12.0277
GO:0010758	10.4428
GO:0010759	11.0277
GO:0010760	12.0277
GO:0010761	13.0277
GO:0010762	11.0277
GO:0010763	12.0277
GO:0010764	12.0277
GO:0010765	9.8578
GO:0010766	12.0277
GO:0010770	10.7058
GO:0010792	13.0277
GO:0010793	12.0277
GO:0010799	9.5683
GO:0010800	10.0277
GO:0010801	11.0277
GO:0010803	8.4428
GO:0010804	10.7058
GO:0010810	8.0277
GO:0010811	8.7058
GO:0010812	9.4428
GO:0010817	6.2998
GO:0010818	12.0277
GO:0010819	11.0277
GO:0010820	11.0277
GO:0010821	7.9403
GO:0010824	9.3273
GO:0010826	11.4428
GO:0010827	9.7058
GO:0010828	10.4428
GO:0010829	12.0277
GO:0010830	12.0277
GO:0010831	13.0277
GO:0010832	13.0277
GO:0010833	9.2204
GO:0010835	11.4428
GO:0010836	13.0277
GO:0010837	11.4428
GO:0010838	12.0277
GO:0010839	13.0277
GO:0010851	11.4428
GO:0010853	11.4428
GO:0010854	13.0277
GO:0010856	13.0277
GO:0010858	13.0277
GO:0010866	11.4428
GO:0010867	11.4428
GO:0010874	11.4428
GO:0010875	12.0277
GO:0010876	6.8183
GO:0010877	13.0277
GO:0010878	13.0277
GO:0010879	13.0277
GO:0010880	10.0277
GO:0010881	10.4428
GO:0010882	10.2204
GO:0010883	8.4428
GO:0010884	9.8578
GO:0010885	10.7058
GO:0010886	12.0277
GO:0010887	11.4428
GO:0010888	10.4428
GO:0010889	11.0277
GO:0010890	11.4428
GO:0010891	13.0277
GO:0010893	10.4428
GO:0010894	10.4428
GO:0010896	10.7058
GO:0010897	13.0277
GO:0010898	11.0277
GO:0010899	13.0277
GO:0010900	13.0277
GO:0010901	13.0277
GO:0010902	13.0277
GO:0010906	9.7058
GO:0010907	10.7058
GO:0010908	13.0277
GO:0010909	13.0277
GO:0010915	12.0277
GO:0010916	12.0277
GO:0010917	12.0277
GO:0010918	12.0277
GO:0010919	12.0277
GO:0010920	13.0277
GO:0010921	9.7058
GO:0010922	11.4428
GO:0010923	10.4428
GO:0010927	7.3553
GO:0010935	12.0277
GO:0010936	13.0277
GO:0010948	6.1208
GO:0010949	13.0277
GO:0010950	11.0277
GO:0010951	10.2204
GO:0010952	10.0277
GO:0010954	11.4428
GO:0010955	10.7058
GO:0010957	13.0277
GO:0010959	6.8578
GO:0010960	13.0277
GO:0010962	10.4428
GO:0010965	8.9403
GO:0010966	11.0277
GO:0010968	12.0277
GO:0010970	7.6015
GO:0010971	10.7058
GO:0010972	8.0277
GO:0010973	12.0277
GO:0010975	7.4731
GO:0010976	8.7058
GO:0010977	9.5683
GO:0010981	13.0277
GO:0010982	13.0277
GO:0010983	13.0277
GO:0010984	11.4428
GO:0010985	12.0277
GO:0010986	13.0277
GO:0010992	10.0277
GO:0010994	11.4428
GO:0010995	13.0277
GO:0010996	11.0277
GO:0010997	12.0277
GO:0010998	13.0277
GO:0012501	5.5765
GO:0012505	2.3238
GO:0012506	4.7609
GO:0012507	8.3839
GO:0012510	10.2204
GO:0014002	12.0277
GO:0014003	11.0277
GO:0014009	13.0277
GO:0014013	9.7058
GO:0014014	12.0277
GO:0014015	10.0277
GO:0014016	11.4428
GO:0014017	13.0277
GO:0014019	12.0277
GO:0014029	13.0277
GO:0014032	13.0277
GO:0014033	13.0277
GO:0014041	12.0277
GO:0014042	12.0277
GO:0014047	10.0277
GO:0014059	13.0277
GO:0014061	13.0277
GO:0014069	9.7058
GO:0014074	9.1208
GO:0014075	13.0277
GO:0014704	10.2204
GO:0014706	9.1208
GO:0014731	13.0277
GO:0014733	13.0277
GO:0014742	11.4428
GO:0014743	11.0277
GO:0014805	13.0277
GO:0014806	13.0277
GO:0014808	13.0277
GO:0014812	10.7058
GO:0014816	13.0277
GO:0014819	13.0277
GO:0014821	11.4428
GO:0014827	12.0277
GO:0014831	12.0277
GO:0014842	13.0277
GO:0014857	13.0277
GO:0014866	10.7058
GO:0014887	13.0277
GO:0014888	13.0277
GO:0014896	13.0277
GO:0014897	13.0277
GO:0014898	13.0277
GO:0014900	13.0277
GO:0014902	8.9403
GO:0014904	13.0277
GO:0014909	11.4428
GO:0014910	10.0277
GO:0014911	10.7058
GO:0014912	10.7058
GO:0015012	9.2204
GO:0015016	12.0277
GO:0015020	9.8578
GO:0015026	9.4428
GO:0015030	8.9403
GO:0015031	5.2795
GO:0015035	9.4428
GO:0015036	8.3273
GO:0015038	10.4428
GO:0015074	13.0277
GO:0015075	5.1329
GO:0015078	7.2464
GO:0015079	7.5042
GO:0015081	7.4130
GO:0015085	7.9403
GO:0015095	11.0277
GO:0015105	13.0277
GO:0015106	13.0277
GO:0015108	7.8578
GO:0015111	13.0277
GO:0015116	10.2204
GO:0015117	13.0277
GO:0015119	12.0277
GO:0015125	10.7058
GO:0015131	13.0277
GO:0015132	13.0277
GO:0015137	12.0277
GO:0015138	13.0277
GO:0015139	13.0277
GO:0015140	13.0277
GO:0015141	12.0277
GO:0015142	11.4428
GO:0015143	13.0277
GO:0015144	8.9403
GO:0015145	9.3273
GO:0015146	11.4428
GO:0015149	9.5683
GO:0015151	13.0277
GO:0015152	12.0277
GO:0015154	12.0277
GO:0015157	12.0277
GO:0015165	11.0277
GO:0015166	12.0277
GO:0015168	13.0277
GO:0015169	13.0277
GO:0015171	7.3553
GO:0015172	9.7058
GO:0015173	10.7058
GO:0015174	10.0277
GO:0015175	9.3273
GO:0015179	8.5042
GO:0015183	11.4428
GO:0015184	13.0277
GO:0015185	13.0277
GO:0015186	12.0277
GO:0015187	12.0277
GO:0015188	13.0277
GO:0015189	13.0277
GO:0015190	12.0277
GO:0015191	13.0277
GO:0015192	13.0277
GO:0015193	12.0277
GO:0015196	11.4428
GO:0015203	11.0277
GO:0015204	11.4428
GO:0015205	9.8578
GO:0015207	12.0277
GO:0015208	13.0277
GO:0015210	13.0277
GO:0015215	9.8578
GO:0015216	10.2204
GO:0015217	11.4428
GO:0015218	13.0277
GO:0015220	11.4428
GO:0015226	11.4428
GO:0015229	12.0277
GO:0015230	13.0277
GO:0015232	10.7058
GO:0015234	11.4428
GO:0015245	11.4428
GO:0015247	11.4428
GO:0015250	12.0277
GO:0015252	10.0277
GO:0015254	13.0277
GO:0015265	12.0277
GO:0015267	5.9297
GO:0015269	10.0277
GO:0015271	11.4428
GO:0015272	13.0277
GO:0015276	7.1208
GO:0015277	13.0277
GO:0015278	10.4428
GO:0015279	11.4428
GO:0015280	11.0277
GO:0015288	13.0277
GO:0015291	7.0054
GO:0015292	13.0277
GO:0015293	7.8578
GO:0015294	7.8578
GO:0015295	11.0277
GO:0015296	10.0277
GO:0015297	8.8578
GO:0015315	12.0277
GO:0015317	13.0277
GO:0015343	13.0277
GO:0015344	13.0277
GO:0015355	12.0277
GO:0015361	13.0277
GO:0015362	13.0277
GO:0015368	11.0277
GO:0015369	13.0277
GO:0015370	8.2204
GO:0015373	10.7058
GO:0015375	12.0277
GO:0015377	10.0277
GO:0015378	10.7058
GO:0015379	11.4428
GO:0015382	13.0277
GO:0015385	13.0277
GO:0015386	13.0277
GO:0015391	13.0277
GO:0015399	6.9833
GO:0015410	12.0277
GO:0015420	13.0277
GO:0015421	13.0277
GO:0015439	13.0277
GO:0015440	13.0277
GO:0015450	11.4428
GO:0015453	8.7058
GO:0015459	9.2204
GO:0015464	10.7058
GO:0015467	13.0277
GO:0015485	9.4428
GO:0015489	13.0277
GO:0015495	13.0277
GO:0015501	11.0277
GO:0015505	13.0277
GO:0015526	12.0277
GO:0015556	10.7058
GO:0015562	10.7058
GO:0015574	13.0277
GO:0015578	10.0277
GO:0015603	13.0277
GO:0015605	8.8578
GO:0015606	12.0277
GO:0015616	9.8578
GO:0015629	6.1822
GO:0015630	4.8882
GO:0015631	7.1948
GO:0015636	13.0277
GO:0015643	13.0277
GO:0015645	9.1208
GO:0015651	11.0277
GO:0015658	11.4428
GO:0015662	9.2204
GO:0015665	13.0277
GO:0015666	13.0277
GO:0015669	13.0277
GO:0015671	13.0277
GO:0015677	11.4428
GO:0015691	13.0277
GO:0015693	11.4428
GO:0015697	11.0277
GO:0015698	7.7423
GO:0015701	9.5683
GO:0015705	13.0277
GO:0015709	13.0277
GO:0015712	12.0277
GO:0015718	8.3273
GO:0015720	13.0277
GO:0015721	11.0277
GO:0015727	13.0277
GO:0015729	13.0277
GO:0015732	12.0277
GO:0015740	10.0277
GO:0015741	13.0277
GO:0015742	12.0277
GO:0015743	13.0277
GO:0015744	12.0277
GO:0015746	11.4428
GO:0015747	12.0277
GO:0015748	7.2728
GO:0015749	8.5042
GO:0015755	13.0277
GO:0015760	12.0277
GO:0015761	13.0277
GO:0015766	12.0277
GO:0015768	13.0277
GO:0015770	13.0277
GO:0015771	13.0277
GO:0015772	12.0277
GO:0015780	10.4428
GO:0015783	13.0277
GO:0015786	11.4428
GO:0015787	13.0277
GO:0015790	13.0277
GO:0015791	11.0277
GO:0015793	13.0277
GO:0015794	13.0277
GO:0015795	11.4428
GO:0015797	11.4428
GO:0015798	13.0277
GO:0015800	9.5683
GO:0015801	11.4428
GO:0015802	10.4428
GO:0015803	12.0277
GO:0015804	9.1208
GO:0015805	12.0277
GO:0015806	13.0277
GO:0015807	8.5042
GO:0015810	10.4428
GO:0015811	13.0277
GO:0015812	13.0277
GO:0015813	10.2204
GO:0015816	12.0277
GO:0015819	12.0277
GO:0015820	12.0277
GO:0015821	13.0277
GO:0015822	13.0277
GO:0015824	10.7058
GO:0015827	12.0277
GO:0015833	10.2204
GO:0015837	11.0277
GO:0015838	11.4428
GO:0015840	11.4428
GO:0015842	11.4428
GO:0015846	11.0277
GO:0015847	12.0277
GO:0015848	12.0277
GO:0015849	6.8379
GO:0015850	7.8183
GO:0015851	10.2204
GO:0015853	13.0277
GO:0015855	11.4428
GO:0015856	13.0277
GO:0015857	13.0277
GO:0015858	11.4428
GO:0015860	13.0277
GO:0015865	9.3273
GO:0015866	12.0277
GO:0015867	9.8578
GO:0015868	9.4428
GO:0015870	12.0277
GO:0015871	12.0277
GO:0015879	11.4428
GO:0015881	13.0277
GO:0015882	12.0277
GO:0015883	13.0277
GO:0015884	11.0277
GO:0015886	10.2204
GO:0015888	11.4428
GO:0015889	12.0277
GO:0015891	12.0277
GO:0015908	8.8578
GO:0015909	9.3273
GO:0015910	11.4428
GO:0015912	13.0277
GO:0015913	13.0277
GO:0015914	8.3273
GO:0015916	11.4428
GO:0015917	12.0277
GO:0015918	8.4428
GO:0015919	9.2204
GO:0015920	13.0277
GO:0015923	10.2204
GO:0015924	10.7058
GO:0015925	11.4428
GO:0015926	9.2204
GO:0015927	11.4428
GO:0015928	12.0277
GO:0015929	9.8578
GO:0015931	6.3695
GO:0015932	8.7798
GO:0015934	5.7609
GO:0015935	6.5359
GO:0015936	9.8578
GO:0015937	10.0277
GO:0015939	11.0277
GO:0015940	11.4428
GO:0015942	13.0277
GO:0015949	9.5683
GO:0015959	11.4428
GO:0015960	12.0277
GO:0015961	13.0277
GO:0015966	12.0277
GO:0015969	13.0277
GO:0015971	13.0277
GO:0015980	5.7609
GO:0015986	9.0277
GO:0016004	11.4428
GO:0016006	10.4428
GO:0016007	10.2204
GO:0016008	13.0277
GO:0016010	11.4428
GO:0016011	13.0277
GO:0016012	13.0277
GO:0016013	13.0277
GO:0016015	11.4428
GO:0016018	10.4428
GO:0016019	11.0277
GO:0016020	1.5879
GO:0016027	11.4428
GO:0016028	9.4428
GO:0016029	12.0277
GO:0016031	13.0277
GO:0016032	6.2998
GO:0016034	13.0277
GO:0016036	13.0277
GO:0016037	13.0277
GO:0016038	13.0277
GO:0016042	6.5042
GO:0016043	2.2529
GO:0016045	10.2204
GO:0016046	13.0277
GO:0016048	11.0277
GO:0016049	8.0277
GO:0016050	6.2464
GO:0016051	7.2728
GO:0016052	7.2204
GO:0016055	6.9833
GO:0016056	10.0277
GO:0016057	13.0277
GO:0016059	10.0277
GO:0016060	11.4428
GO:0016063	10.2204
GO:0016064	7.6015
GO:0016070	3.4925
GO:0016071	4.9192
GO:0016072	5.6790
GO:0016073	7.9403
GO:0016074	8.6354
GO:0016075	9.7058
GO:0016076	12.0277
GO:0016077	12.0277
GO:0016078	9.8578
GO:0016079	11.4428
GO:0016093	11.4428
GO:0016095	11.4428
GO:0016098	11.4428
GO:0016101	8.1208
GO:0016102	13.0277
GO:0016103	12.0277
GO:0016106	13.0277
GO:0016107	12.0277
GO:0016114	11.4428
GO:0016115	11.0277
GO:0016116	13.0277
GO:0016119	13.0277
GO:0016121	13.0277
GO:0016125	7.3553
GO:0016126	8.1698
GO:0016127	11.4428
GO:0016129	9.7058
GO:0016134	13.0277
GO:0016136	13.0277
GO:0016137	10.2204
GO:0016139	12.0277
GO:0016149	13.0277
GO:0016150	13.0277
GO:0016156	13.0277
GO:0016160	12.0277
GO:0016165	13.0277
GO:0016167	13.0277
GO:0016174	11.4428
GO:0016175	11.4428
GO:0016176	13.0277
GO:0016180	8.6354
GO:0016189	13.0277
GO:0016192	3.6570
GO:0016197	6.1822
GO:0016198	11.4428
GO:0016199	11.4428
GO:0016200	13.0277
GO:0016201	11.0277
GO:0016202	10.7058
GO:0016203	9.7058
GO:0016204	13.0277
GO:0016206	12.0277
GO:0016208	12.0277
GO:0016209	8.0277
GO:0016211	13.0277
GO:0016215	13.0277
GO:0016222	13.0277
GO:0016226	9.1208
GO:0016229	9.3273
GO:0016230	13.0277
GO:0016231	11.4428
GO:0016233	9.4428
GO:0016234	9.1208
GO:0016235	9.2204
GO:0016236	6.3553
GO:0016237	8.6354
GO:0016239	8.2204
GO:0016240	12.0277
GO:0016241	7.2998
GO:0016242	10.0277
GO:0016243	13.0277
GO:0016247	8.0277
GO:0016248	10.0277
GO:0016250	13.0277
GO:0016251	9.7058
GO:0016255	11.0277
GO:0016256	13.0277
GO:0016264	11.4428
GO:0016266	8.4428
GO:0016272	10.0277
GO:0016273	9.7058
GO:0016274	9.7058
GO:0016278	8.5683
GO:0016279	8.5683
GO:0016281	11.0277
GO:0016282	11.4428
GO:0016286	13.0277
GO:0016287	12.0277
GO:0016289	9.8578
GO:0016298	7.5359
GO:0016300	13.0277
GO:0016301	4.8780
GO:0016303	11.0277
GO:0016310	5.3342
GO:0016311	6.6527
GO:0016314	13.0277
GO:0016318	10.7058
GO:0016319	9.1208
GO:0016320	11.4428
GO:0016321	11.4428
GO:0016322	10.2204
GO:0016323	8.0277
GO:0016324	7.5683
GO:0016325	11.0277
GO:0016327	11.0277
GO:0016328	10.7058
GO:0016330	13.0277
GO:0016331	8.5042
GO:0016333	10.0277
GO:0016334	11.4428
GO:0016335	12.0277
GO:0016336	12.0277
GO:0016339	11.4428
GO:0016342	11.0277
GO:0016348	13.0277
GO:0016358	8.1208
GO:0016360	11.0277
GO:0016361	12.0277
GO:0016362	13.0277
GO:0016363	9.5683
GO:0016403	13.0277
GO:0016404	13.0277
GO:0016405	8.6354
GO:0016406	11.4428
GO:0016407	7.4130
GO:0016409	8.7798
GO:0016411	10.0277
GO:0016412	13.0277
GO:0016413	10.2204
GO:0016416	11.4428
GO:0016418	13.0277
GO:0016419	13.0277
GO:0016420	13.0277
GO:0016421	13.0277
GO:0016422	13.0277
GO:0016423	12.0277
GO:0016427	13.0277
GO:0016428	13.0277
GO:0016433	11.0277
GO:0016434	12.0277
GO:0016435	12.0277
GO:0016441	8.7798
GO:0016442	10.2204
GO:0016444	10.7058
GO:0016445	13.0277
GO:0016447	13.0277
GO:0016453	11.4428
GO:0016454	10.7058
GO:0016456	12.0277
GO:0016459	10.4428
GO:0016460	11.0277
GO:0016461	13.0277
GO:0016462	5.6269
GO:0016469	8.6354
GO:0016471	9.4428
GO:0016476	9.8578
GO:0016477	5.1885
GO:0016479	10.2204
GO:0016480	10.7058
GO:0016482	7.2204
GO:0016485	7.5042
GO:0016486	9.4428
GO:0016487	12.0277
GO:0016488	12.0277
GO:0016491	4.5973
GO:0016493	13.0277
GO:0016494	13.0277
GO:0016499	12.0277
GO:0016500	11.4428
GO:0016502	11.0277
GO:0016504	9.8578
GO:0016505	11.4428
GO:0016514	10.2204
GO:0016525	8.7798
GO:0016528	9.5683
GO:0016529	9.5683
GO:0016530	10.4428
GO:0016531	11.4428
GO:0016532	13.0277
GO:0016538	9.8578
GO:0016540	10.2204
GO:0016544	13.0277
GO:0016545	12.0277
GO:0016553	11.4428
GO:0016556	11.0277
GO:0016558	10.0277
GO:0016559	11.0277
GO:0016560	12.0277
GO:0016567	5.5765
GO:0016579	6.6527
GO:0016581	10.7058
GO:0016586	10.2204
GO:0016587	11.4428
GO:0016589	11.4428
GO:0016590	13.0277
GO:0016591	7.2464
GO:0016592	8.7798
GO:0016593	10.4428
GO:0016594	10.7058
GO:0016597	9.2204
GO:0016598	13.0277
GO:0016600	12.0277
GO:0016601	10.7058
GO:0016602	12.0277
GO:0016603	11.0277
GO:0016604	5.6527
GO:0016605	9.3273
GO:0016607	6.6879
GO:0016614	6.7798
GO:0016615	10.4428
GO:0016616	7.0054
GO:0016620	8.3273
GO:0016623	11.4428
GO:0016624	11.4428
GO:0016627	8.4428
GO:0016628	9.2204
GO:0016631	13.0277
GO:0016635	11.0277
GO:0016638	9.8578
GO:0016639	11.4428
GO:0016641	10.7058
GO:0016642	13.0277
GO:0016645	9.3273
GO:0016646	10.0277
GO:0016647	12.0277
GO:0016649	11.4428
GO:0016651	8.5683
GO:0016652	13.0277
GO:0016653	11.4428
GO:0016655	10.4428
GO:0016661	10.4428
GO:0016662	11.4428
GO:0016667	7.8985
GO:0016668	10.4428
GO:0016670	11.0277
GO:0016671	10.7058
GO:0016672	11.4428
GO:0016675	9.5683
GO:0016679	9.8578
GO:0016682	13.0277
GO:0016684	8.5042
GO:0016701	10.0277
GO:0016702	10.0277
GO:0016705	6.9833
GO:0016706	8.6354
GO:0016709	9.5683
GO:0016712	9.7058
GO:0016713	10.7058
GO:0016714	12.0277
GO:0016715	12.0277
GO:0016716	11.0277
GO:0016717	11.0277
GO:0016721	11.4428
GO:0016722	10.2204
GO:0016723	10.7058
GO:0016724	12.0277
GO:0016725	10.0277
GO:0016726	13.0277
GO:0016728	12.0277
GO:0016730	13.0277
GO:0016740	3.1390
GO:0016741	6.4130
GO:0016742	9.7058
GO:0016743	12.0277
GO:0016744	11.4428
GO:0016746	5.0794
GO:0016747	6.3273
GO:0016755	5.9943
GO:0016757	5.8086
GO:0016758	6.2863
GO:0016763	7.9833
GO:0016765	7.7798
GO:0016769	8.8578
GO:0016772	4.5279
GO:0016773	4.9779
GO:0016774	11.0277
GO:0016776	8.7798
GO:0016778	11.0277
GO:0016779	7.1948
GO:0016780	9.3273
GO:0016782	7.8985
GO:0016783	10.0277
GO:0016784	13.0277
GO:0016787	3.4353
GO:0016788	4.9088
GO:0016790	9.3273
GO:0016791	6.1451
GO:0016794	13.0277
GO:0016798	7.0735
GO:0016799	9.3273
GO:0016801	11.0277
GO:0016803	11.0277
GO:0016805	11.0277
GO:0016810	7.2464
GO:0016811	8.2204
GO:0016812	11.0277
GO:0016813	10.2204
GO:0016814	9.3273
GO:0016817	5.6269
GO:0016818	5.6269
GO:0016822	13.0277
GO:0016823	13.0277
GO:0016825	12.0277
GO:0016826	13.0277
GO:0016829	6.4886
GO:0016830	8.2204
GO:0016831	8.6354
GO:0016832	11.0277
GO:0016833	11.4428
GO:0016835	7.7798
GO:0016836	8.0735
GO:0016838	13.0277
GO:0016840	9.8578
GO:0016841	11.4428
GO:0016842	11.0277
GO:0016843	12.0277
GO:0016846	10.4428
GO:0016849	9.8578
GO:0016853	5.8985
GO:0016854	10.0277
GO:0016857	10.2204
GO:0016859	9.1208
GO:0016860	8.2204
GO:0016861	10.2204
GO:0016862	12.0277
GO:0016863	9.8578
GO:0016864	10.0277
GO:0016866	9.4428
GO:0016868	10.7058
GO:0016872	12.0277
GO:0016874	6.2333
GO:0016875	7.8183
GO:0016877	8.1208
GO:0016878	8.6354
GO:0016879	8.1208
GO:0016880	11.4428
GO:0016881	10.0277
GO:0016882	11.4428
GO:0016884	9.8578
GO:0016885	12.0277
GO:0016886	10.7058
GO:0016887	7.0970
GO:0016888	10.7058
GO:0016889	11.0277
GO:0016891	8.7798
GO:0016895	9.8578
GO:0016896	8.6354
GO:0016898	11.4428
GO:0016899	13.0277
GO:0016901	13.0277
GO:0016903	8.0277
GO:0016913	13.0277
GO:0016914	13.0277
GO:0016917	11.4428
GO:0016918	13.0277
GO:0016922	8.3839
GO:0016925	9.1208
GO:0016933	11.4428
GO:0016934	11.4428
GO:0016935	13.0277
GO:0016936	13.0277
GO:0016939	13.0277
GO:0016941	12.0277
GO:0016942	12.0277
GO:0016966	13.0277
GO:0016971	13.0277
GO:0016972	11.4428
GO:0016973	9.7058
GO:0016990	13.0277
GO:0016997	13.0277
GO:0016999	13.0277
GO:0017002	11.0277
GO:0017003	13.0277
GO:0017004	8.5042
GO:0017005	12.0277
GO:0017006	13.0277
GO:0017013	13.0277
GO:0017014	13.0277
GO:0017015	8.3273
GO:0017017	12.0277
GO:0017018	13.0277
GO:0017022	8.6354
GO:0017024	13.0277
GO:0017025	10.0277
GO:0017038	12.0277
GO:0017040	12.0277
GO:0017042	13.0277
GO:0017046	9.7058
GO:0017053	9.8578
GO:0017055	12.0277
GO:0017056	9.8578
GO:0017059	11.0277
GO:0017060	13.0277
GO:0017061	13.0277
GO:0017062	10.7058
GO:0017064	12.0277
GO:0017069	8.9403
GO:0017070	10.7058
GO:0017076	5.6879
GO:0017080	10.0277
GO:0017081	12.0277
GO:0017085	10.2204
GO:0017087	13.0277
GO:0017099	13.0277
GO:0017101	10.7058
GO:0017102	13.0277
GO:0017108	11.0277
GO:0017109	12.0277
GO:0017110	9.8578
GO:0017111	5.8679
GO:0017116	9.8578
GO:0017119	9.2204
GO:0017124	9.8578
GO:0017126	13.0277
GO:0017129	13.0277
GO:0017134	10.0277
GO:0017136	10.4428
GO:0017143	12.0277
GO:0017145	9.3273
GO:0017146	13.0277
GO:0017147	9.5683
GO:0017148	8.1208
GO:0017150	12.0277
GO:0017151	13.0277
GO:0017153	10.4428
GO:0017157	8.2728
GO:0017158	12.0277
GO:0017159	13.0277
GO:0017166	11.4428
GO:0017169	11.0277
GO:0017171	7.6015
GO:0017174	13.0277
GO:0017176	11.0277
GO:0017177	13.0277
GO:0017178	13.0277
GO:0017183	10.2204
GO:0017185	10.7058
GO:0017187	13.0277
GO:0017188	13.0277
GO:0017196	12.0277
GO:0018008	11.4428
GO:0018009	13.0277
GO:0018013	13.0277
GO:0018016	12.0277
GO:0018021	13.0277
GO:0018022	9.5683
GO:0018023	10.4428
GO:0018025	13.0277
GO:0018026	11.0277
GO:0018027	11.4428
GO:0018057	13.0277
GO:0018063	13.0277
GO:0018064	13.0277
GO:0018076	13.0277
GO:0018094	12.0277
GO:0018095	13.0277
GO:0018105	7.5042
GO:0018107	8.7798
GO:0018108	8.3839
GO:0018119	13.0277
GO:0018125	13.0277
GO:0018126	9.5683
GO:0018146	9.1208
GO:0018149	10.2204
GO:0018158	12.0277
GO:0018171	13.0277
GO:0018190	13.0277
GO:0018191	13.0277
GO:0018195	9.8578
GO:0018200	11.0277
GO:0018201	11.0277
GO:0018205	7.4428
GO:0018206	10.7058
GO:0018208	9.4428
GO:0018214	13.0277
GO:0018216	10.0277
GO:0018230	12.0277
GO:0018272	13.0277
GO:0018282	12.0277
GO:0018283	12.0277
GO:0018293	12.0277
GO:0018342	10.7058
GO:0018343	12.0277
GO:0018344	11.4428
GO:0018345	9.4428
GO:0018352	12.0277
GO:0018364	11.4428
GO:0018377	11.4428
GO:0018392	13.0277
GO:0018393	11.4428
GO:0018394	10.7058
GO:0018401	12.0277
GO:0018410	10.7058
GO:0018423	13.0277
GO:0018444	12.0277
GO:0018454	13.0277
GO:0018455	8.7798
GO:0018479	13.0277
GO:0018484	13.0277
GO:0018685	12.0277
GO:0018741	13.0277
GO:0018812	11.0277
GO:0018820	12.0277
GO:0018858	12.0277
GO:0018872	12.0277
GO:0018890	12.0277
GO:0018909	13.0277
GO:0018958	8.0277
GO:0018990	10.4428
GO:0018991	11.0277
GO:0018993	11.4428
GO:0018995	10.4428
GO:0019001	7.0505
GO:0019003	8.1208
GO:0019005	8.6354
GO:0019010	13.0277
GO:0019034	12.0277
GO:0019042	10.7058
GO:0019043	10.7058
GO:0019058	7.4130
GO:0019060	13.0277
GO:0019061	13.0277
GO:0019062	11.0277
GO:0019064	11.0277
GO:0019065	13.0277
GO:0019068	8.9403
GO:0019072	12.0277
GO:0019074	12.0277
GO:0019075	13.0277
GO:0019076	10.7058
GO:0019079	10.7058
GO:0019080	7.1451
GO:0019081	11.0277
GO:0019082	13.0277
GO:0019083	7.4130
GO:0019087	13.0277
GO:0019094	9.8578
GO:0019098	7.7423
GO:0019101	13.0277
GO:0019103	12.0277
GO:0019104	9.7058
GO:0019107	11.4428
GO:0019136	13.0277
GO:0019144	13.0277
GO:0019150	12.0277
GO:0019153	13.0277
GO:0019166	13.0277
GO:0019182	12.0277
GO:0019183	12.0277
GO:0019184	10.2204
GO:0019198	10.7058
GO:0019199	8.4428
GO:0019200	9.7058
GO:0019202	13.0277
GO:0019203	10.7058
GO:0019205	8.8578
GO:0019206	12.0277
GO:0019207	7.2204
GO:0019208	8.5683
GO:0019209	8.7058
GO:0019210	8.7058
GO:0019211	10.7058
GO:0019212	10.4428
GO:0019213	8.5042
GO:0019215	13.0277
GO:0019216	6.4886
GO:0019217	9.0277
GO:0019218	8.2728
GO:0019219	3.6968
GO:0019221	5.3984
GO:0019222	2.5540
GO:0019226	10.4428
GO:0019228	12.0277
GO:0019229	12.0277
GO:0019233	10.4428
GO:0019236	9.3273
GO:0019237	11.0277
GO:0019238	11.0277
GO:0019239	9.5683
GO:0019240	13.0277
GO:0019249	13.0277
GO:0019255	13.0277
GO:0019262	13.0277
GO:0019276	12.0277
GO:0019287	13.0277
GO:0019303	13.0277
GO:0019309	13.0277
GO:0019318	7.2728
GO:0019319	8.1208
GO:0019320	8.5683
GO:0019321	10.4428
GO:0019322	13.0277
GO:0019323	12.0277
GO:0019336	11.0277
GO:0019344	11.0277
GO:0019346	11.0277
GO:0019357	11.4428
GO:0019358	11.4428
GO:0019359	10.7058
GO:0019363	10.0277
GO:0019364	8.3839
GO:0019365	11.4428
GO:0019367	12.0277
GO:0019368	12.0277
GO:0019369	8.5683
GO:0019370	10.4428
GO:0019371	10.2204
GO:0019372	10.2204
GO:0019373	10.2204
GO:0019374	12.0277
GO:0019375	13.0277
GO:0019376	13.0277
GO:0019377	10.7058
GO:0019388	10.4428
GO:0019395	7.8183
GO:0019413	12.0277
GO:0019430	11.4428
GO:0019432	10.7058
GO:0019433	10.4428
GO:0019448	11.4428
GO:0019464	12.0277
GO:0019470	11.4428
GO:0019478	13.0277
GO:0019511	11.0277
GO:0019530	13.0277
GO:0019531	13.0277
GO:0019532	13.0277
GO:0019534	12.0277
GO:0019538	2.4512
GO:0019614	11.0277
GO:0019626	12.0277
GO:0019627	10.0277
GO:0019637	4.3875
GO:0019646	7.7058
GO:0019655	13.0277
GO:0019660	13.0277
GO:0019673	10.7058
GO:0019674	8.7798
GO:0019676	13.0277
GO:0019677	13.0277
GO:0019682	13.0277
GO:0019693	6.5042
GO:0019694	13.0277
GO:0019695	11.4428
GO:0019706	12.0277
GO:0019707	12.0277
GO:0019720	13.0277
GO:0019722	8.3273
GO:0019724	7.5683
GO:0019725	5.5765
GO:0019730	7.3839
GO:0019731	8.5683
GO:0019732	12.0277
GO:0019740	13.0277
GO:0019747	11.4428
GO:0019748	7.7423
GO:0019751	8.0735
GO:0019752	4.6141
GO:0019755	11.4428
GO:0019763	12.0277
GO:0019773	10.7058
GO:0019774	10.7058
GO:0019776	12.0277
GO:0019780	13.0277
GO:0019781	11.4428
GO:0019782	13.0277
GO:0019783	7.8985
GO:0019784	11.0277
GO:0019786	13.0277
GO:0019787	6.1208
GO:0019788	12.0277
GO:0019789	10.7058
GO:0019798	13.0277
GO:0019805	12.0277
GO:0019811	13.0277
GO:0019814	13.0277
GO:0019825	9.8578
GO:0019826	13.0277
GO:0019827	7.7423
GO:0019828	12.0277
GO:0019829	8.0277
GO:0019834	13.0277
GO:0019835	12.0277
GO:0019838	8.2204
GO:0019840	10.2204
GO:0019841	12.0277
GO:0019842	8.6354
GO:0019843	8.6354
GO:0019852	11.0277
GO:0019855	11.0277
GO:0019856	10.4428
GO:0019858	13.0277
GO:0019859	13.0277
GO:0019860	13.0277
GO:0019862	13.0277
GO:0019863	13.0277
GO:0019864	12.0277
GO:0019865	10.7058
GO:0019866	5.3066
GO:0019867	6.7609
GO:0019869	13.0277
GO:0019870	13.0277
GO:0019871	13.0277
GO:0019882	6.7798
GO:0019883	12.0277
GO:0019884	6.9833
GO:0019885	12.0277
GO:0019886	7.7798
GO:0019887	7.3553
GO:0019888	8.6354
GO:0019889	12.0277
GO:0019894	10.0277
GO:0019896	11.0277
GO:0019897	7.8985
GO:0019898	6.4886
GO:0019899	4.1329
GO:0019900	5.9833
GO:0019901	6.1451
GO:0019902	7.9833
GO:0019903	8.3839
GO:0019904	6.2076
GO:0019905	9.4428
GO:0019908	8.6354
GO:0019914	9.8578
GO:0019915	9.7058
GO:0019919	11.0277
GO:0019941	5.5439
GO:0019948	13.0277
GO:0019953	4.6099
GO:0019954	9.2204
GO:0019955	8.1208
GO:0019956	10.4428
GO:0019957	12.0277
GO:0019958	13.0277
GO:0019960	12.0277
GO:0019961	13.0277
GO:0019964	13.0277
GO:0019966	13.0277
GO:0019981	13.0277
GO:0019985	8.8578
GO:0019988	12.0277
GO:0019991	9.3273
GO:0019992	12.0277
GO:0020003	12.0277
GO:0020005	13.0277
GO:0020027	13.0277
GO:0020037	8.4428
GO:0021510	12.0277
GO:0021511	13.0277
GO:0021513	13.0277
GO:0021514	13.0277
GO:0021515	13.0277
GO:0021517	13.0277
GO:0021532	13.0277
GO:0021533	12.0277
GO:0021536	12.0277
GO:0021537	9.5683
GO:0021540	13.0277
GO:0021543	10.2204
GO:0021544	12.0277
GO:0021545	13.0277
GO:0021549	12.0277
GO:0021551	13.0277
GO:0021559	13.0277
GO:0021562	13.0277
GO:0021575	13.0277
GO:0021587	13.0277
GO:0021591	13.0277
GO:0021602	13.0277
GO:0021603	13.0277
GO:0021648	13.0277
GO:0021650	13.0277
GO:0021675	12.0277
GO:0021678	13.0277
GO:0021681	13.0277
GO:0021682	13.0277
GO:0021683	13.0277
GO:0021684	13.0277
GO:0021695	12.0277
GO:0021696	13.0277
GO:0021697	13.0277
GO:0021700	7.1948
GO:0021707	13.0277
GO:0021756	12.0277
GO:0021761	11.4428
GO:0021762	8.9403
GO:0021766	13.0277
GO:0021772	13.0277
GO:0021773	13.0277
GO:0021782	9.3273
GO:0021794	13.0277
GO:0021795	13.0277
GO:0021854	13.0277
GO:0021871	13.0277
GO:0021872	12.0277
GO:0021879	12.0277
GO:0021885	13.0277
GO:0021895	13.0277
GO:0021903	13.0277
GO:0021915	12.0277
GO:0021952	12.0277
GO:0021953	10.7058
GO:0021954	12.0277
GO:0021955	12.0277
GO:0021987	10.2204
GO:0021988	13.0277
GO:0022008	5.4503
GO:0022010	13.0277
GO:0022029	13.0277
GO:0022037	12.0277
GO:0022038	13.0277
GO:0022400	8.9403
GO:0022402	4.3032
GO:0022404	9.1208
GO:0022405	10.7058
GO:0022406	10.7058
GO:0022407	6.6354
GO:0022408	8.1698
GO:0022409	7.2204
GO:0022411	5.7058
GO:0022412	5.6440
GO:0022413	7.2464
GO:0022414	4.2431
GO:0022416	8.7798
GO:0022600	10.2204
GO:0022602	12.0277
GO:0022603	6.1089
GO:0022604	7.5359
GO:0022607	3.3015
GO:0022608	13.0277
GO:0022609	13.0277
GO:0022612	8.9403
GO:0022613	5.1029
GO:0022614	13.0277
GO:0022615	12.0277
GO:0022616	9.3273
GO:0022617	8.5042
GO:0022618	6.7423
GO:0022624	8.5683
GO:0022625	6.7423
GO:0022626	6.0054
GO:0022627	7.3839
GO:0022803	5.9297
GO:0022804	5.9725
GO:0022821	12.0277
GO:0022824	8.9403
GO:0022829	10.2204
GO:0022832	8.2204
GO:0022834	7.1208
GO:0022835	8.9403
GO:0022836	6.6879
GO:0022839	9.4428
GO:0022840	13.0277
GO:0022841	13.0277
GO:0022842	13.0277
GO:0022843	8.7798
GO:0022848	11.4428
GO:0022849	11.0277
GO:0022850	12.0277
GO:0022851	11.0277
GO:0022852	13.0277
GO:0022853	7.3273
GO:0022857	4.2829
GO:0022884	9.3273
GO:0022898	7.5359
GO:0022900	7.4428
GO:0022904	7.5042
GO:0023021	13.0277
GO:0023023	9.4428
GO:0023024	11.4428
GO:0023026	9.8578
GO:0023029	13.0277
GO:0023041	12.0277
GO:0023051	3.3984
GO:0023052	2.7481
GO:0023056	4.3447
GO:0023057	4.7285
GO:0023061	8.3839
GO:0030001	5.8086
GO:0030002	13.0277
GO:0030003	6.1329
GO:0030007	10.7058
GO:0030008	9.5683
GO:0030010	7.8183
GO:0030011	9.0277
GO:0030014	9.2204
GO:0030015	10.4428
GO:0030016	7.8578
GO:0030017	8.0277
GO:0030018	9.0277
GO:0030021	12.0277
GO:0030026	12.0277
GO:0030027	8.3273
GO:0030029	5.9403
GO:0030030	5.3483
GO:0030031	6.6702
GO:0030032	10.0277
GO:0030033	12.0277
GO:0030034	13.0277
GO:0030036	6.3695
GO:0030038	11.0277
GO:0030041	10.4428
GO:0030042	10.7058
GO:0030046	12.0277
GO:0030047	13.0277
GO:0030048	7.8985
GO:0030049	9.2204
GO:0030050	13.0277
GO:0030054	4.7103
GO:0030055	6.0619
GO:0030057	12.0277
GO:0030060	13.0277
GO:0030061	13.0277
GO:0030071	8.7798
GO:0030072	12.0277
GO:0030073	13.0277
GO:0030091	13.0277
GO:0030097	7.2464
GO:0030098	10.4428
GO:0030099	8.5042
GO:0030100	6.8183
GO:0030101	10.7058
GO:0030111	6.6527
GO:0030117	7.7798
GO:0030118	9.1208
GO:0030119	8.6354
GO:0030120	8.2728
GO:0030121	10.4428
GO:0030122	10.2204
GO:0030123	11.0277
GO:0030124	12.0277
GO:0030125	9.2204
GO:0030126	10.2204
GO:0030127	10.4428
GO:0030128	10.2204
GO:0030130	10.4428
GO:0030131	9.3273
GO:0030132	10.0277
GO:0030133	6.6015
GO:0030134	7.8578
GO:0030135	6.0970
GO:0030136	6.7423
GO:0030137	9.1208
GO:0030139	6.6702
GO:0030140	9.4428
GO:0030141	4.9350
GO:0030144	13.0277
GO:0030145	8.7798
GO:0030148	7.7058
GO:0030149	10.0277
GO:0030150	9.5683
GO:0030151	13.0277
GO:0030154	3.8959
GO:0030155	5.9725
GO:0030156	13.0277
GO:0030157	13.0277
GO:0030158	11.4428
GO:0030159	13.0277
GO:0030162	7.4428
GO:0030163	5.1089
GO:0030165	8.7798
GO:0030166	8.0277
GO:0030167	9.7058
GO:0030168	7.5042
GO:0030169	11.0277
GO:0030170	10.4428
GO:0030172	11.4428
GO:0030174	10.2204
GO:0030175	9.4428
GO:0030177	7.2464
GO:0030178	7.7058
GO:0030182	5.6790
GO:0030183	13.0277
GO:0030193	10.0277
GO:0030194	11.4428
GO:0030195	10.4428
GO:0030198	7.1208
GO:0030199	13.0277
GO:0030200	12.0277
GO:0030201	8.9403
GO:0030202	11.4428
GO:0030203	7.8183
GO:0030207	10.4428
GO:0030210	11.4428
GO:0030212	9.7058
GO:0030213	11.4428
GO:0030214	9.8578
GO:0030215	12.0277
GO:0030216	7.7798
GO:0030217	10.7058
GO:0030218	10.0277
GO:0030219	13.0277
GO:0030223	13.0277
GO:0030224	11.0277
GO:0030225	11.0277
GO:0030228	11.4428
GO:0030229	12.0277
GO:0030234	4.9403
GO:0030235	12.0277
GO:0030237	11.0277
GO:0030239	9.5683
GO:0030240	11.4428
GO:0030241	12.0277
GO:0030242	9.5683
GO:0030246	8.0277
GO:0030247	10.0277
GO:0030249	12.0277
GO:0030250	12.0277
GO:0030258	7.0054
GO:0030261	9.0277
GO:0030262	10.2204
GO:0030263	12.0277
GO:0030265	13.0277
GO:0030272	13.0277
GO:0030274	13.0277
GO:0030275	13.0277
GO:0030276	10.2204
GO:0030278	9.1208
GO:0030279	13.0277
GO:0030280	12.0277
GO:0030282	11.0277
GO:0030286	10.0277
GO:0030287	11.4428
GO:0030289	13.0277
GO:0030290	13.0277
GO:0030291	9.7058
GO:0030292	13.0277
GO:0030294	13.0277
GO:0030295	8.7798
GO:0030296	10.4428
GO:0030297	12.0277
GO:0030298	12.0277
GO:0030299	11.4428
GO:0030300	13.0277
GO:0030301	8.9403
GO:0030305	12.0277
GO:0030307	7.8985
GO:0030308	8.3273
GO:0030309	12.0277
GO:0030311	12.0277
GO:0030312	7.2204
GO:0030315	10.7058
GO:0030316	12.0277
GO:0030317	9.5683
GO:0030318	13.0277
GO:0030322	11.4428
GO:0030323	12.0277
GO:0030324	12.0277
GO:0030325	13.0277
GO:0030326	13.0277
GO:0030330	13.0277
GO:0030331	11.4428
GO:0030332	9.8578
GO:0030334	5.5931
GO:0030335	6.2728
GO:0030336	7.2204
GO:0030337	11.4428
GO:0030342	13.0277
GO:0030343	11.4428
GO:0030346	12.0277
GO:0030350	13.0277
GO:0030366	13.0277
GO:0030368	13.0277
GO:0030371	10.2204
GO:0030379	13.0277
GO:0030382	11.4428
GO:0030388	11.0277
GO:0030395	13.0277
GO:0030397	10.0277
GO:0030414	8.1698
GO:0030422	12.0277
GO:0030424	7.5359
GO:0030425	7.6702
GO:0030426	9.8578
GO:0030427	6.9403
GO:0030428	12.0277
GO:0030429	13.0277
GO:0030430	11.4428
GO:0030431	9.5683
GO:0030432	13.0277
GO:0030435	7.7058
GO:0030437	7.7798
GO:0030447	8.7798
GO:0030449	7.1698
GO:0030450	12.0277
GO:0030451	13.0277
GO:0030466	9.8578
GO:0030473	10.2204
GO:0030474	11.0277
GO:0030476	8.5683
GO:0030479	8.6354
GO:0030488	9.1208
GO:0030490	7.3553
GO:0030491	11.0277
GO:0030492	13.0277
GO:0030496	7.3839
GO:0030497	9.7058
GO:0030500	9.2204
GO:0030501	9.5683
GO:0030502	13.0277
GO:0030506	10.4428
GO:0030507	10.7058
GO:0030509	8.3273
GO:0030510	8.2204
GO:0030511	10.4428
GO:0030512	8.7798
GO:0030513	9.3273
GO:0030514	9.2204
GO:0030515	8.8578
GO:0030516	11.0277
GO:0030517	13.0277
GO:0030518	9.8578
GO:0030520	11.0277
GO:0030521	12.0277
GO:0030522	8.3273
GO:0030527	13.0277
GO:0030532	7.7058
GO:0030534	7.4731
GO:0030536	13.0277
GO:0030537	10.7058
GO:0030539	11.4428
GO:0030540	13.0277
GO:0030541	12.0277
GO:0030543	12.0277
GO:0030544	10.0277
GO:0030545	6.7798
GO:0030546	6.9616
GO:0030547	10.4428
GO:0030548	10.7058
GO:0030550	13.0277
GO:0030551	11.0277
GO:0030553	11.4428
GO:0030554	6.3273
GO:0030572	13.0277
GO:0030574	10.4428
GO:0030575	10.4428
GO:0030576	11.0277
GO:0030581	13.0277
GO:0030588	11.4428
GO:0030589	11.4428
GO:0030592	11.4428
GO:0030593	10.4428
GO:0030594	8.6354
GO:0030595	8.3839
GO:0030611	13.0277
GO:0030613	12.0277
GO:0030614	13.0277
GO:0030619	10.7058
GO:0030620	10.7058
GO:0030621	10.7058
GO:0030624	13.0277
GO:0030629	13.0277
GO:0030638	10.7058
GO:0030643	11.4428
GO:0030644	13.0277
GO:0030656	11.0277
GO:0030658	7.6354
GO:0030659	4.7893
GO:0030660	8.6354
GO:0030662	6.7798
GO:0030663	9.8578
GO:0030665	7.4428
GO:0030666	7.4731
GO:0030667	6.3695
GO:0030669	8.7798
GO:0030670	9.2204
GO:0030672	10.4428
GO:0030673	13.0277
GO:0030674	6.8985
GO:0030677	9.4428
GO:0030678	11.4428
GO:0030681	9.8578
GO:0030684	6.9833
GO:0030686	7.7058
GO:0030687	8.8578
GO:0030688	9.5683
GO:0030689	11.4428
GO:0030690	13.0277
GO:0030691	13.0277
GO:0030692	12.0277
GO:0030695	6.5520
GO:0030703	12.0277
GO:0030705	7.4731
GO:0030706	10.7058
GO:0030707	7.6354
GO:0030708	13.0277
GO:0030709	13.0277
GO:0030710	13.0277
GO:0030713	12.0277
GO:0030714	13.0277
GO:0030715	13.0277
GO:0030716	10.4428
GO:0030717	10.7058
GO:0030718	8.5042
GO:0030719	13.0277
GO:0030721	13.0277
GO:0030723	13.0277
GO:0030725	11.4428
GO:0030727	10.7058
GO:0030728	13.0277
GO:0030729	13.0277
GO:0030730	11.4428
GO:0030731	13.0277
GO:0030735	12.0277
GO:0030742	10.0277
GO:0030760	13.0277
GO:0030791	13.0277
GO:0030808	11.0277
GO:0030809	13.0277
GO:0030810	11.4428
GO:0030811	9.0277
GO:0030812	13.0277
GO:0030813	11.0277
GO:0030832	8.3839
GO:0030833	8.7798
GO:0030834	10.2204
GO:0030835	13.0277
GO:0030836	11.0277
GO:0030837	10.7058
GO:0030838	9.7058
GO:0030845	12.0277
GO:0030847	12.0277
GO:0030850	13.0277
GO:0030851	13.0277
GO:0030852	13.0277
GO:0030854	13.0277
GO:0030855	5.9297
GO:0030856	9.1208
GO:0030858	10.2204
GO:0030859	10.7058
GO:0030863	7.8183
GO:0030864	8.0277
GO:0030865	8.2204
GO:0030866	8.2728
GO:0030867	10.0277
GO:0030869	13.0277
GO:0030870	12.0277
GO:0030874	11.4428
GO:0030877	11.4428
GO:0030879	12.0277
GO:0030880	6.9192
GO:0030881	13.0277
GO:0030882	13.0277
GO:0030888	9.8578
GO:0030889	11.4428
GO:0030890	10.4428
GO:0030892	13.0277
GO:0030893	13.0277
GO:0030894	9.3273
GO:0030895	12.0277
GO:0030896	13.0277
GO:0030897	9.3273
GO:0030899	13.0277
GO:0030900	9.2204
GO:0030901	8.7798
GO:0030902	11.4428
GO:0030904	9.8578
GO:0030906	12.0277
GO:0030911	12.0277
GO:0030915	11.4428
GO:0030942	13.0277
GO:0030946	13.0277
GO:0030947	11.0277
GO:0030948	13.0277
GO:0030949	11.4428
GO:0030950	11.0277
GO:0030951	10.0277
GO:0030952	9.2204
GO:0030953	13.0277
GO:0030955	11.0277
GO:0030956	10.7058
GO:0030957	10.7058
GO:0030961	13.0277
GO:0030968	7.9403
GO:0030970	9.8578
GO:0030971	9.2204
GO:0030974	13.0277
GO:0030976	13.0277
GO:0030977	13.0277
GO:0030981	12.0277
GO:0030983	10.7058
GO:0030984	13.0277
GO:0030990	11.4428
GO:0030991	12.0277
GO:0030992	13.0277
GO:0030997	13.0277
GO:0031000	10.7058
GO:0031005	12.0277
GO:0031010	9.8578
GO:0031011	9.2204
GO:0031012	8.4428
GO:0031013	11.4428
GO:0031014	13.0277
GO:0031016	11.4428
GO:0031018	12.0277
GO:0031023	8.0277
GO:0031032	8.1698
GO:0031033	11.4428
GO:0031034	11.4428
GO:0031045	13.0277
GO:0031047	8.2204
GO:0031053	13.0277
GO:0031054	10.2204
GO:0031069	11.4428
GO:0031070	10.7058
GO:0031071	11.4428
GO:0031072	8.2204
GO:0031073	13.0277
GO:0031074	12.0277
GO:0031080	10.4428
GO:0031082	9.5683
GO:0031083	9.5683
GO:0031086	12.0277
GO:0031087	12.0277
GO:0031088	11.4428
GO:0031089	10.4428
GO:0031090	2.8679
GO:0031091	7.9833
GO:0031092	10.7058
GO:0031093	8.4428
GO:0031094	13.0277
GO:0031095	13.0277
GO:0031098	9.1208
GO:0031099	9.4428
GO:0031100	13.0277
GO:0031102	11.0277
GO:0031103	11.4428
GO:0031104	13.0277
GO:0031105	10.0277
GO:0031106	10.0277
GO:0031109	9.7058
GO:0031110	9.1208
GO:0031111	10.0277
GO:0031112	10.2204
GO:0031113	9.5683
GO:0031114	11.0277
GO:0031115	10.7058
GO:0031116	10.4428
GO:0031117	13.0277
GO:0031118	10.7058
GO:0031119	13.0277
GO:0031120	13.0277
GO:0031122	11.0277
GO:0031123	7.1698
GO:0031124	8.2728
GO:0031125	9.4428
GO:0031126	9.1208
GO:0031127	12.0277
GO:0031128	13.0277
GO:0031134	13.0277
GO:0031137	13.0277
GO:0031138	13.0277
GO:0031143	10.7058
GO:0031144	13.0277
GO:0031145	7.7423
GO:0031146	8.1208
GO:0031160	10.2204
GO:0031163	9.1208
GO:0031167	8.0277
GO:0031175	6.2595
GO:0031201	8.6354
GO:0031204	10.2204
GO:0031205	12.0277
GO:0031207	12.0277
GO:0031208	12.0277
GO:0031209	10.7058
GO:0031210	9.8578
GO:0031211	13.0277
GO:0031213	13.0277
GO:0031214	10.2204
GO:0031223	12.0277
GO:0031232	11.4428
GO:0031234	8.7058
GO:0031247	13.0277
GO:0031248	7.5683
GO:0031251	13.0277
GO:0031252	7.2464
GO:0031253	7.8183
GO:0031254	13.0277
GO:0031256	8.5683
GO:0031258	12.0277
GO:0031261	9.7058
GO:0031262	9.8578
GO:0031264	11.4428
GO:0031265	12.0277
GO:0031267	7.0735
GO:0031268	13.0277
GO:0031272	13.0277
GO:0031274	13.0277
GO:0031281	9.1208
GO:0031284	13.0277
GO:0031290	13.0277
GO:0031293	9.3273
GO:0031294	8.5042
GO:0031295	8.5042
GO:0031297	10.2204
GO:0031298	9.5683
GO:0031312	8.3839
GO:0031313	13.0277
GO:0031314	9.0277
GO:0031315	12.0277
GO:0031320	12.0277
GO:0031321	11.4428
GO:0031332	10.2204
GO:0031333	7.9833
GO:0031334	7.0735
GO:0031338	11.0277
GO:0031340	11.0277
GO:0031341	8.5683
GO:0031342	11.0277
GO:0031343	9.3273
GO:0031344	6.6527
GO:0031345	8.9403
GO:0031346	7.4731
GO:0031347	5.1390
GO:0031348	7.3553
GO:0031349	5.7423
GO:0031365	8.8578
GO:0031369	9.8578
GO:0031370	13.0277
GO:0031371	11.4428
GO:0031372	13.0277
GO:0031386	10.7058
GO:0031389	13.0277
GO:0031390	10.2204
GO:0031391	11.4428
GO:0031395	12.0277
GO:0031396	7.2728
GO:0031397	8.7798
GO:0031398	7.9403
GO:0031399	4.9403
GO:0031400	6.5683
GO:0031401	5.5359
GO:0031402	10.7058
GO:0031403	13.0277
GO:0031404	11.0277
GO:0031406	7.6354
GO:0031410	3.5140
GO:0031414	10.0277
GO:0031415	11.0277
GO:0031416	12.0277
GO:0031417	12.0277
GO:0031419	13.0277
GO:0031420	10.4428
GO:0031422	12.0277
GO:0031424	7.9833
GO:0031429	11.0277
GO:0031430	11.0277
GO:0031431	12.0277
GO:0031432	10.7058
GO:0031433	12.0277
GO:0031435	11.4428
GO:0031440	11.0277
GO:0031442	11.4428
GO:0031445	10.2204
GO:0031452	12.0277
GO:0031453	11.0277
GO:0031461	6.8578
GO:0031462	10.4428
GO:0031463	8.7798
GO:0031464	11.0277
GO:0031465	12.0277
GO:0031466	10.4428
GO:0031467	13.0277
GO:0031468	10.4428
GO:0031475	13.0277
GO:0031476	13.0277
GO:0031489	9.8578
GO:0031490	9.2204
GO:0031491	8.8578
GO:0031492	10.0277
GO:0031499	13.0277
GO:0031501	10.0277
GO:0031502	11.4428
GO:0031503	9.0277
GO:0031505	7.6354
GO:0031506	12.0277
GO:0031507	7.6702
GO:0031508	11.4428
GO:0031509	8.9403
GO:0031510	12.0277
GO:0031514	8.2728
GO:0031515	12.0277
GO:0031518	11.4428
GO:0031519	9.1208
GO:0031523	13.0277
GO:0031526	11.4428
GO:0031527	11.0277
GO:0031528	12.0277
GO:0031529	10.4428
GO:0031533	13.0277
GO:0031534	13.0277
GO:0031536	12.0277
GO:0031543	11.0277
GO:0031544	13.0277
GO:0031545	12.0277
GO:0031547	13.0277
GO:0031548	13.0277
GO:0031550	13.0277
GO:0031554	12.0277
GO:0031559	13.0277
GO:0031564	13.0277
GO:0031566	13.0277
GO:0031570	7.7798
GO:0031571	10.7058
GO:0031573	12.0277
GO:0031577	9.1208
GO:0031578	10.7058
GO:0031579	11.0277
GO:0031580	13.0277
GO:0031581	13.0277
GO:0031582	13.0277
GO:0031588	11.4428
GO:0031589	7.8578
GO:0031591	11.0277
GO:0031593	9.4428
GO:0031594	8.7058
GO:0031616	11.4428
GO:0031623	11.0277
GO:0031624	10.2204
GO:0031625	6.5359
GO:0031629	13.0277
GO:0031634	13.0277
GO:0031635	13.0277
GO:0031638	11.4428
GO:0031639	13.0277
GO:0031640	9.3273
GO:0031644	9.8578
GO:0031645	13.0277
GO:0031646	12.0277
GO:0031647	6.5042
GO:0031648	10.2204
GO:0031663	11.4428
GO:0031664	10.4428
GO:0031665	11.4428
GO:0031666	13.0277
GO:0031667	6.4886
GO:0031669	6.9616
GO:0031670	9.7058
GO:0031672	10.2204
GO:0031674	8.8578
GO:0031680	12.0277
GO:0031681	11.0277
GO:0031682	12.0277
GO:0031683	12.0277
GO:0031685	13.0277
GO:0031687	13.0277
GO:0031690	11.4428
GO:0031694	12.0277
GO:0031699	13.0277
GO:0031717	13.0277
GO:0031718	13.0277
GO:0031726	12.0277
GO:0031728	12.0277
GO:0031729	13.0277
GO:0031730	12.0277
GO:0031731	12.0277
GO:0031802	13.0277
GO:0031838	13.0277
GO:0031848	11.4428
GO:0031849	13.0277
GO:0031862	13.0277
GO:0031870	13.0277
GO:0031871	12.0277
GO:0031893	13.0277
GO:0031894	13.0277
GO:0031901	8.4428
GO:0031902	8.3273
GO:0031903	9.0277
GO:0031904	9.5683
GO:0031905	13.0277
GO:0031906	11.4428
GO:0031907	8.1208
GO:0031929	10.0277
GO:0031930	12.0277
GO:0031931	11.4428
GO:0031932	11.4428
GO:0031934	13.0277
GO:0031941	13.0277
GO:0031942	13.0277
GO:0031943	11.0277
GO:0031946	11.0277
GO:0031947	11.4428
GO:0031952	10.4428
GO:0031953	11.4428
GO:0031954	12.0277
GO:0031955	13.0277
GO:0031956	12.0277
GO:0031957	11.0277
GO:0031958	13.0277
GO:0031960	10.0277
GO:0031964	13.0277
GO:0031965	7.2998
GO:0031966	4.8729
GO:0031967	4.2595
GO:0031968	6.7798
GO:0031970	7.1948
GO:0031974	2.1543
GO:0031981	2.6812
GO:0031982	2.6451
GO:0031983	5.9297
GO:0031984	4.3101
GO:0031985	8.5042
GO:0031990	11.4428
GO:0031991	13.0277
GO:0031994	11.0277
GO:0031996	10.7058
GO:0031998	11.0277
GO:0032000	12.0277
GO:0032002	13.0277
GO:0032003	13.0277
GO:0032006	7.6702
GO:0032007	9.3273
GO:0032008	8.4428
GO:0032009	13.0277
GO:0032010	12.0277
GO:0032011	13.0277
GO:0032020	13.0277
GO:0032021	13.0277
GO:0032024	9.7058
GO:0032027	12.0277
GO:0032028	13.0277
GO:0032033	13.0277
GO:0032036	11.0277
GO:0032038	12.0277
GO:0032039	10.7058
GO:0032040	8.5683
GO:0032042	10.0277
GO:0032044	13.0277
GO:0032045	9.1208
GO:0032048	9.8578
GO:0032049	11.4428
GO:0032050	12.0277
GO:0032052	12.0277
GO:0032053	12.0277
GO:0032056	12.0277
GO:0032059	13.0277
GO:0032060	12.0277
GO:0032071	13.0277
GO:0032077	13.0277
GO:0032079	13.0277
GO:0032090	13.0277
GO:0032091	8.7798
GO:0032092	9.2204
GO:0032098	13.0277
GO:0032101	4.7846
GO:0032102	6.8183
GO:0032103	5.4731
GO:0032107	11.0277
GO:0032109	11.0277
GO:0032116	13.0277
GO:0032120	11.4428
GO:0032126	13.0277
GO:0032133	11.0277
GO:0032135	11.0277
GO:0032137	13.0277
GO:0032138	12.0277
GO:0032139	11.4428
GO:0032142	13.0277
GO:0032147	8.5042
GO:0032148	10.4428
GO:0032153	8.2728
GO:0032154	9.1208
GO:0032156	9.5683
GO:0032160	12.0277
GO:0032161	10.7058
GO:0032173	13.0277
GO:0032174	13.0277
GO:0032181	13.0277
GO:0032182	8.4428
GO:0032183	13.0277
GO:0032185	10.0277
GO:0032186	12.0277
GO:0032190	13.0277
GO:0032196	11.0277
GO:0032197	11.0277
GO:0032200	7.2204
GO:0032201	10.0277
GO:0032204	8.2728
GO:0032205	9.4428
GO:0032206	9.2204
GO:0032210	8.5683
GO:0032211	10.2204
GO:0032212	9.3273
GO:0032217	12.0277
GO:0032218	11.4428
GO:0032221	12.0277
GO:0032222	11.4428
GO:0032223	13.0277
GO:0032224	13.0277
GO:0032225	13.0277
GO:0032228	13.0277
GO:0032229	13.0277
GO:0032231	8.7058
GO:0032232	10.7058
GO:0032233	9.4428
GO:0032237	13.0277
GO:0032239	10.7058
GO:0032241	11.4428
GO:0032252	13.0277
GO:0032253	13.0277
GO:0032258	8.7058
GO:0032259	6.5520
GO:0032261	12.0277
GO:0032263	13.0277
GO:0032264	13.0277
GO:0032266	8.6354
GO:0032271	8.0277
GO:0032272	9.5683
GO:0032273	8.9403
GO:0032276	12.0277
GO:0032277	13.0277
GO:0032278	12.0277
GO:0032279	9.3273
GO:0032280	11.0277
GO:0032286	13.0277
GO:0032291	12.0277
GO:0032296	13.0277
GO:0032299	12.0277
GO:0032300	11.4428
GO:0032302	13.0277
GO:0032303	12.0277
GO:0032304	13.0277
GO:0032305	12.0277
GO:0032306	13.0277
GO:0032308	13.0277
GO:0032309	11.0277
GO:0032310	12.0277
GO:0032324	11.0277
GO:0032329	13.0277
GO:0032330	13.0277
GO:0032332	13.0277
GO:0032341	12.0277
GO:0032342	12.0277
GO:0032344	11.0277
GO:0032347	11.0277
GO:0032348	11.4428
GO:0032350	9.8578
GO:0032351	11.0277
GO:0032352	12.0277
GO:0032353	11.4428
GO:0032354	13.0277
GO:0032355	10.0277
GO:0032356	12.0277
GO:0032357	12.0277
GO:0032364	13.0277
GO:0032365	8.9403
GO:0032366	9.8578
GO:0032367	10.2204
GO:0032368	8.9403
GO:0032369	10.0277
GO:0032370	10.2204
GO:0032371	10.4428
GO:0032372	12.0277
GO:0032373	11.4428
GO:0032374	10.4428
GO:0032375	12.0277
GO:0032376	11.4428
GO:0032386	7.2998
GO:0032387	9.7058
GO:0032388	8.5683
GO:0032389	13.0277
GO:0032390	13.0277
GO:0032391	13.0277
GO:0032392	12.0277
GO:0032393	11.4428
GO:0032394	13.0277
GO:0032395	12.0277
GO:0032397	13.0277
GO:0032400	11.0277
GO:0032401	11.4428
GO:0032402	11.4428
GO:0032404	10.7058
GO:0032405	13.0277
GO:0032406	13.0277
GO:0032407	10.7058
GO:0032408	13.0277
GO:0032410	9.0277
GO:0032411	9.2204
GO:0032413	9.0277
GO:0032414	9.3273
GO:0032417	11.4428
GO:0032418	10.2204
GO:0032423	11.4428
GO:0032425	11.4428
GO:0032432	9.2204
GO:0032433	13.0277
GO:0032434	8.1698
GO:0032435	10.4428
GO:0032436	8.7058
GO:0032438	11.0277
GO:0032444	13.0277
GO:0032446	5.3624
GO:0032447	12.0277
GO:0032451	9.1208
GO:0032452	10.4428
GO:0032454	11.0277
GO:0032455	12.0277
GO:0032456	8.5683
GO:0032459	9.3273
GO:0032460	10.2204
GO:0032461	10.2204
GO:0032462	10.2204
GO:0032463	10.7058
GO:0032464	11.4428
GO:0032465	8.3839
GO:0032466	11.4428
GO:0032467	9.5683
GO:0032468	13.0277
GO:0032469	10.2204
GO:0032470	13.0277
GO:0032471	12.0277
GO:0032472	13.0277
GO:0032473	13.0277
GO:0032476	13.0277
GO:0032479	7.6354
GO:0032480	9.7058
GO:0032481	8.0735
GO:0032483	13.0277
GO:0032485	13.0277
GO:0032486	12.0277
GO:0032487	13.0277
GO:0032490	11.4428
GO:0032491	12.0277
GO:0032493	12.0277
GO:0032494	11.0277
GO:0032495	12.0277
GO:0032496	8.3839
GO:0032497	13.0277
GO:0032501	2.4954
GO:0032502	2.9416
GO:0032506	7.8985
GO:0032507	9.2204
GO:0032509	8.5042
GO:0032510	10.4428
GO:0032511	9.7058
GO:0032526	9.2204
GO:0032528	11.4428
GO:0032530	12.0277
GO:0032532	13.0277
GO:0032534	13.0277
GO:0032535	7.0054
GO:0032536	12.0277
GO:0032541	10.2204
GO:0032542	13.0277
GO:0032543	5.9616
GO:0032545	13.0277
GO:0032553	5.8281
GO:0032555	5.8379
GO:0032557	13.0277
GO:0032559	6.5683
GO:0032561	7.0505
GO:0032570	11.0277
GO:0032571	12.0277
GO:0032574	12.0277
GO:0032580	12.0277
GO:0032581	11.4428
GO:0032585	12.0277
GO:0032587	8.9403
GO:0032588	7.8985
GO:0032589	10.7058
GO:0032590	11.4428
GO:0032593	13.0277
GO:0032594	13.0277
GO:0032596	13.0277
GO:0032602	13.0277
GO:0032606	12.0277
GO:0032608	13.0277
GO:0032609	13.0277
GO:0032610	13.0277
GO:0032611	11.4428
GO:0032612	11.0277
GO:0032613	12.0277
GO:0032623	13.0277
GO:0032635	12.0277
GO:0032637	12.0277
GO:0032640	13.0277
GO:0032641	13.0277
GO:0032642	8.7798
GO:0032645	10.4428
GO:0032646	13.0277
GO:0032647	9.7058
GO:0032648	9.3273
GO:0032649	8.4428
GO:0032650	13.0277
GO:0032651	8.9403
GO:0032652	8.5683
GO:0032653	9.7058
GO:0032655	9.3273
GO:0032656	10.7058
GO:0032660	11.0277
GO:0032661	12.0277
GO:0032663	10.0277
GO:0032667	12.0277
GO:0032673	12.0277
GO:0032674	11.4428
GO:0032675	7.9833
GO:0032677	8.0735
GO:0032680	8.2728
GO:0032682	11.0277
GO:0032685	13.0277
GO:0032686	13.0277
GO:0032688	13.0277
GO:0032689	10.4428
GO:0032691	11.0277
GO:0032692	10.2204
GO:0032693	12.0277
GO:0032695	10.4428
GO:0032696	12.0277
GO:0032700	13.0277
GO:0032701	12.0277
GO:0032703	11.0277
GO:0032707	13.0277
GO:0032714	12.0277
GO:0032715	9.7058
GO:0032717	11.0277
GO:0032720	9.3273
GO:0032722	9.0277
GO:0032725	11.0277
GO:0032727	9.7058
GO:0032728	9.4428
GO:0032729	8.8578
GO:0032730	13.0277
GO:0032731	9.2204
GO:0032732	9.0277
GO:0032733	10.2204
GO:0032735	10.4428
GO:0032736	11.4428
GO:0032740	11.4428
GO:0032743	11.4428
GO:0032747	13.0277
GO:0032753	12.0277
GO:0032754	13.0277
GO:0032755	8.5683
GO:0032757	8.5042
GO:0032760	9.2204
GO:0032774	3.7798
GO:0032777	11.0277
GO:0032780	10.7058
GO:0032781	9.2204
GO:0032782	13.0277
GO:0032784	8.0735
GO:0032785	11.4428
GO:0032786	8.1698
GO:0032787	5.3767
GO:0032790	11.4428
GO:0032794	11.4428
GO:0032797	11.0277
GO:0032799	11.0277
GO:0032801	9.8578
GO:0032802	11.0277
GO:0032803	13.0277
GO:0032804	13.0277
GO:0032806	8.7058
GO:0032807	13.0277
GO:0032808	13.0277
GO:0032809	12.0277
GO:0032813	9.8578
GO:0032814	11.4428
GO:0032815	13.0277
GO:0032816	13.0277
GO:0032817	13.0277
GO:0032823	13.0277
GO:0032825	13.0277
GO:0032835	13.0277
GO:0032837	13.0277
GO:0032839	13.0277
GO:0032841	13.0277
GO:0032865	12.0277
GO:0032868	8.3273
GO:0032869	8.3839
GO:0032870	6.7989
GO:0032872	10.0277
GO:0032873	13.0277
GO:0032874	11.0277
GO:0032875	10.7058
GO:0032876	11.0277
GO:0032877	13.0277
GO:0032878	11.4428
GO:0032879	4.3624
GO:0032880	5.5931
GO:0032881	9.2204
GO:0032885	9.7058
GO:0032886	7.1948
GO:0032887	12.0277
GO:0032888	12.0277
GO:0032889	12.0277
GO:0032890	11.4428
GO:0032891	12.0277
GO:0032892	12.0277
GO:0032897	10.4428
GO:0032898	13.0277
GO:0032902	13.0277
GO:0032908	12.0277
GO:0032909	13.0277
GO:0032911	13.0277
GO:0032914	13.0277
GO:0032922	11.0277
GO:0032924	10.0277
GO:0032925	10.2204
GO:0032926	13.0277
GO:0032927	11.0277
GO:0032928	10.7058
GO:0032930	10.7058
GO:0032933	13.0277
GO:0032934	8.7798
GO:0032940	4.6484
GO:0032941	12.0277
GO:0032943	11.4428
GO:0032944	7.8985
GO:0032945	9.5683
GO:0032946	8.5042
GO:0032950	13.0277
GO:0032951	13.0277
GO:0032953	13.0277
GO:0032954	10.4428
GO:0032955	12.0277
GO:0032956	6.8985
GO:0032958	11.4428
GO:0032963	10.0277
GO:0032965	10.7058
GO:0032966	13.0277
GO:0032967	11.0277
GO:0032968	8.5042
GO:0032970	6.7240
GO:0032974	12.0277
GO:0032977	12.0277
GO:0032979	10.7058
GO:0032981	8.7058
GO:0032982	13.0277
GO:0032984	6.1822
GO:0032986	9.5683
GO:0032988	10.0277
GO:0032989	7.3553
GO:0032991	2.0555
GO:0032993	7.2998
GO:0032994	9.8578
GO:0032996	13.0277
GO:0033002	12.0277
GO:0033003	10.7058
GO:0033004	12.0277
GO:0033005	11.4428
GO:0033007	13.0277
GO:0033013	9.0277
GO:0033014	9.8578
GO:0033015	12.0277
GO:0033017	11.0277
GO:0033028	12.0277
GO:0033032	13.0277
GO:0033033	13.0277
GO:0033036	3.9350
GO:0033038	9.3273
GO:0033039	13.0277
GO:0033041	10.2204
GO:0033043	4.9670
GO:0033044	7.0970
GO:0033045	8.4428
GO:0033046	9.7058
GO:0033047	9.1208
GO:0033048	9.7058
GO:0033058	13.0277
GO:0033059	9.2204
GO:0033060	10.2204
GO:0033061	11.4428
GO:0033063	12.0277
GO:0033065	13.0277
GO:0033077	13.0277
GO:0033081	13.0277
GO:0033100	12.0277
GO:0033101	12.0277
GO:0033106	13.0277
GO:0033108	7.3839
GO:0033116	9.2204
GO:0033119	11.0277
GO:0033120	10.4428
GO:0033121	9.0277
GO:0033122	13.0277
GO:0033123	11.0277
GO:0033130	12.0277
GO:0033134	13.0277
GO:0033135	8.1698
GO:0033137	10.2204
GO:0033138	8.5042
GO:0033143	9.4428
GO:0033144	11.0277
GO:0033146	10.4428
GO:0033147	13.0277
GO:0033149	13.0277
GO:0033151	11.4428
GO:0033157	8.2204
GO:0033162	12.0277
GO:0033164	13.0277
GO:0033173	12.0277
GO:0033176	8.9403
GO:0033177	11.4428
GO:0033178	11.0277
GO:0033179	11.4428
GO:0033180	11.0277
GO:0033181	10.7058
GO:0033185	13.0277
GO:0033186	12.0277
GO:0033188	13.0277
GO:0033192	10.4428
GO:0033194	13.0277
GO:0033198	10.4428
GO:0033202	12.0277
GO:0033204	10.7058
GO:0033206	9.0277
GO:0033209	7.6702
GO:0033211	12.0277
GO:0033212	13.0277
GO:0033227	9.5683
GO:0033229	12.0277
GO:0033233	10.7058
GO:0033234	11.4428
GO:0033235	12.0277
GO:0033238	11.0277
GO:0033239	13.0277
GO:0033240	12.0277
GO:0033254	11.4428
GO:0033255	12.0277
GO:0033256	12.0277
GO:0033257	13.0277
GO:0033260	8.8578
GO:0033262	11.0277
GO:0033263	10.7058
GO:0033265	13.0277
GO:0033273	9.8578
GO:0033275	9.2204
GO:0033276	11.4428
GO:0033278	13.0277
GO:0033280	11.0277
GO:0033290	10.7058
GO:0033293	9.1208
GO:0033300	12.0277
GO:0033301	11.4428
GO:0033313	11.4428
GO:0033314	12.0277
GO:0033344	10.2204
GO:0033353	12.0277
GO:0033363	10.4428
GO:0033365	5.4278
GO:0033499	11.4428
GO:0033500	8.8578
GO:0033503	13.0277
GO:0033530	13.0277
GO:0033539	11.0277
GO:0033540	10.0277
GO:0033549	11.4428
GO:0033551	13.0277
GO:0033553	9.7058
GO:0033554	3.9114
GO:0033555	12.0277
GO:0033557	12.0277
GO:0033558	8.7798
GO:0033559	7.8578
GO:0033565	13.0277
GO:0033566	13.0277
GO:0033567	12.0277
GO:0033572	9.3273
GO:0033574	13.0277
GO:0033588	10.4428
GO:0033592	13.0277
GO:0033597	13.0277
GO:0033604	13.0277
GO:0033609	13.0277
GO:0033611	13.0277
GO:0033612	9.8578
GO:0033615	10.7058
GO:0033617	9.0277
GO:0033619	8.7798
GO:0033622	11.4428
GO:0033623	11.0277
GO:0033624	13.0277
GO:0033625	11.4428
GO:0033626	13.0277
GO:0033627	9.5683
GO:0033628	9.3273
GO:0033629	13.0277
GO:0033630	11.0277
GO:0033632	11.0277
GO:0033634	13.0277
GO:0033643	10.4428
GO:0033646	10.4428
GO:0033647	11.0277
GO:0033648	11.0277
GO:0033650	13.0277
GO:0033655	12.0277
GO:0033668	12.0277
GO:0033673	7.4428
GO:0033674	6.7609
GO:0033677	11.0277
GO:0033678	13.0277
GO:0033688	12.0277
GO:0033689	13.0277
GO:0033690	13.0277
GO:0033691	10.7058
GO:0033693	13.0277
GO:0033695	11.0277
GO:0033698	12.0277
GO:0033699	13.0277
GO:0033700	12.0277
GO:0033719	12.0277
GO:0033721	13.0277
GO:0033743	12.0277
GO:0033750	8.7058
GO:0033762	9.8578
GO:0033764	9.5683
GO:0033765	12.0277
GO:0033787	13.0277
GO:0033791	13.0277
GO:0033823	13.0277
GO:0033833	13.0277
GO:0033842	13.0277
GO:0033845	13.0277
GO:0033859	13.0277
GO:0033864	13.0277
GO:0033865	9.5683
GO:0033866	11.4428
GO:0033869	13.0277
GO:0033875	9.5683
GO:0033906	13.0277
GO:0033919	13.0277
GO:0033932	13.0277
GO:0033934	13.0277
GO:0033962	12.0277
GO:0033967	10.7058
GO:0033979	13.0277
GO:0033993	6.5683
GO:0034030	11.4428
GO:0034031	13.0277
GO:0034032	9.5683
GO:0034033	11.4428
GO:0034034	13.0277
GO:0034035	9.5683
GO:0034036	11.4428
GO:0034037	13.0277
GO:0034038	13.0277
GO:0034040	12.0277
GO:0034041	12.0277
GO:0034044	12.0277
GO:0034045	12.0277
GO:0034046	12.0277
GO:0034058	9.3273
GO:0034061	8.9403
GO:0034062	9.7058
GO:0034063	12.0277
GO:0034066	12.0277
GO:0034067	9.4428
GO:0034080	9.3273
GO:0034085	10.4428
GO:0034086	11.4428
GO:0034087	10.4428
GO:0034088	12.0277
GO:0034089	13.0277
GO:0034090	13.0277
GO:0034091	11.0277
GO:0034092	12.0277
GO:0034093	12.0277
GO:0034097	5.0735
GO:0034098	11.4428
GO:0034099	12.0277
GO:0034101	9.8578
GO:0034103	10.2204
GO:0034105	13.0277
GO:0034109	9.0277
GO:0034110	11.4428
GO:0034112	11.4428
GO:0034113	9.8578
GO:0034114	10.4428
GO:0034115	13.0277
GO:0034116	10.7058
GO:0034121	10.7058
GO:0034122	11.4428
GO:0034123	12.0277
GO:0034124	13.0277
GO:0034125	13.0277
GO:0034127	13.0277
GO:0034128	13.0277
GO:0034134	13.0277
GO:0034135	13.0277
GO:0034137	13.0277
GO:0034138	11.0277
GO:0034139	12.0277
GO:0034141	12.0277
GO:0034142	13.0277
GO:0034143	13.0277
GO:0034144	13.0277
GO:0034154	13.0277
GO:0034155	13.0277
GO:0034157	13.0277
GO:0034158	13.0277
GO:0034162	11.0277
GO:0034163	13.0277
GO:0034182	11.0277
GO:0034183	12.0277
GO:0034184	12.0277
GO:0034185	11.0277
GO:0034186	12.0277
GO:0034189	13.0277
GO:0034190	13.0277
GO:0034191	13.0277
GO:0034196	12.0277
GO:0034197	12.0277
GO:0034198	9.0277
GO:0034199	10.0277
GO:0034201	13.0277
GO:0034204	10.7058
GO:0034205	10.4428
GO:0034212	8.2728
GO:0034214	11.4428
GO:0034219	8.4428
GO:0034220	5.8578
GO:0034227	12.0277
GO:0034235	12.0277
GO:0034236	10.7058
GO:0034237	13.0277
GO:0034243	8.3839
GO:0034244	12.0277
GO:0034245	13.0277
GO:0034257	12.0277
GO:0034258	12.0277
GO:0034260	10.7058
GO:0034270	13.0277
GO:0034271	11.0277
GO:0034272	12.0277
GO:0034274	13.0277
GO:0034284	10.2204
GO:0034285	10.7058
GO:0034286	13.0277
GO:0034287	12.0277
GO:0034288	13.0277
GO:0034289	13.0277
GO:0034293	7.7423
GO:0034306	13.0277
GO:0034308	8.0277
GO:0034309	10.2204
GO:0034310	10.7058
GO:0034311	10.2204
GO:0034312	10.2204
GO:0034314	10.7058
GO:0034315	10.0277
GO:0034316	11.4428
GO:0034329	6.9403
GO:0034330	6.1208
GO:0034331	11.0277
GO:0034332	8.6354
GO:0034333	11.0277
GO:0034334	13.0277
GO:0034338	11.4428
GO:0034340	8.5683
GO:0034341	7.6354
GO:0034342	13.0277
GO:0034344	13.0277
GO:0034349	13.0277
GO:0034350	11.4428
GO:0034351	11.4428
GO:0034354	13.0277
GO:0034358	10.2204
GO:0034361	11.4428
GO:0034362	13.0277
GO:0034364	10.4428
GO:0034366	13.0277
GO:0034367	9.3273
GO:0034368	9.5683
GO:0034369	9.7058
GO:0034370	11.4428
GO:0034371	13.0277
GO:0034372	11.4428
GO:0034373	13.0277
GO:0034374	10.7058
GO:0034375	10.4428
GO:0034377	9.8578
GO:0034378	12.0277
GO:0034379	10.4428
GO:0034380	11.4428
GO:0034381	9.0277
GO:0034382	11.4428
GO:0034383	9.8578
GO:0034384	11.4428
GO:0034385	11.4428
GO:0034388	11.4428
GO:0034389	9.1208
GO:0034391	12.0277
GO:0034393	12.0277
GO:0034394	10.7058
GO:0034397	13.0277
GO:0034398	13.0277
GO:0034399	8.1698
GO:0034404	9.4428
GO:0034405	10.4428
GO:0034406	13.0277
GO:0034410	13.0277
GO:0034418	13.0277
GO:0034421	13.0277
GO:0034424	13.0277
GO:0034436	11.4428
GO:0034440	7.7798
GO:0034441	13.0277
GO:0034446	9.5683
GO:0034447	11.4428
GO:0034450	10.7058
GO:0034451	10.4428
GO:0034452	11.4428
GO:0034453	11.4428
GO:0034454	13.0277
GO:0034455	10.2204
GO:0034456	11.4428
GO:0034457	12.0277
GO:0034458	12.0277
GO:0034464	11.0277
GO:0034472	9.1208
GO:0034473	11.4428
GO:0034475	10.4428
GO:0034476	10.7058
GO:0034477	13.0277
GO:0034481	13.0277
GO:0034483	11.4428
GO:0034484	13.0277
GO:0034486	11.4428
GO:0034487	13.0277
GO:0034488	13.0277
GO:0034496	13.0277
GO:0034497	10.0277
GO:0034498	10.0277
GO:0034499	11.4428
GO:0034501	9.7058
GO:0034502	8.4428
GO:0034503	12.0277
GO:0034504	7.6015
GO:0034505	12.0277
GO:0034506	11.4428
GO:0034511	10.0277
GO:0034512	12.0277
GO:0034513	11.4428
GO:0034515	9.2204
GO:0034516	13.0277
GO:0034517	12.0277
GO:0034518	10.4428
GO:0034551	10.7058
GO:0034552	11.4428
GO:0034553	11.4428
GO:0034584	12.0277
GO:0034587	11.0277
GO:0034593	9.5683
GO:0034594	13.0277
GO:0034595	10.7058
GO:0034596	12.0277
GO:0034599	6.7798
GO:0034605	8.0277
GO:0034612	7.2204
GO:0034614	8.2728
GO:0034616	11.4428
GO:0034617	13.0277
GO:0034618	12.0277
GO:0034620	7.7058
GO:0034625	12.0277
GO:0034626	12.0277
GO:0034638	13.0277
GO:0034642	13.0277
GO:0034643	10.4428
GO:0034644	8.9403
GO:0034650	12.0277
GO:0034651	12.0277
GO:0034653	12.0277
GO:0034654	3.4598
GO:0034655	5.4503
GO:0034656	8.7058
GO:0034657	12.0277
GO:0034663	13.0277
GO:0034667	13.0277
GO:0034673	13.0277
GO:0034681	13.0277
GO:0034683	12.0277
GO:0034684	13.0277
GO:0034685	13.0277
GO:0034686	13.0277
GO:0034687	13.0277
GO:0034694	11.0277
GO:0034695	11.4428
GO:0034698	13.0277
GO:0034702	7.1208
GO:0034703	7.5042
GO:0034704	9.1208
GO:0034705	8.5683
GO:0034706	10.7058
GO:0034707	11.4428
GO:0034708	7.8578
GO:0034709	10.4428
GO:0034713	11.4428
GO:0034714	13.0277
GO:0034715	11.0277
GO:0034719	10.2204
GO:0034727	9.3273
GO:0034728	8.5042
GO:0034737	13.0277
GO:0034751	13.0277
GO:0034755	12.0277
GO:0034756	11.4428
GO:0034762	6.7240
GO:0034763	8.5042
GO:0034764	8.0277
GO:0034765	7.1208
GO:0034766	8.7058
GO:0034767	8.3839
GO:0034769	12.0277
GO:0034774	5.9509
GO:0034776	11.4428
GO:0034875	11.0277
GO:0034963	10.7058
GO:0034964	13.0277
GO:0034965	10.7058
GO:0034967	12.0277
GO:0034975	10.0277
GO:0034976	6.9192
GO:0034979	10.4428
GO:0034982	13.0277
GO:0034983	10.7058
GO:0034986	11.4428
GO:0034987	13.0277
GO:0035001	12.0277
GO:0035002	10.7058
GO:0035003	13.0277
GO:0035006	9.2204
GO:0035010	9.2204
GO:0035011	9.5683
GO:0035014	13.0277
GO:0035017	9.8578
GO:0035019	9.2204
GO:0035020	13.0277
GO:0035023	9.3273
GO:0035024	10.2204
GO:0035025	10.7058
GO:0035032	10.7058
GO:0035035	11.0277
GO:0035036	9.8578
GO:0035039	12.0277
GO:0035041	12.0277
GO:0035045	13.0277
GO:0035050	10.4428
GO:0035051	10.2204
GO:0035059	12.0277
GO:0035060	11.4428
GO:0035061	12.0277
GO:0035063	12.0277
GO:0035069	10.4428
GO:0035070	11.4428
GO:0035073	11.0277
GO:0035074	13.0277
GO:0035075	10.4428
GO:0035076	12.0277
GO:0035077	13.0277
GO:0035079	11.4428
GO:0035080	12.0277
GO:0035082	9.0277
GO:0035088	9.2204
GO:0035089	10.7058
GO:0035090	11.4428
GO:0035091	8.5042
GO:0035092	11.4428
GO:0035094	9.7058
GO:0035095	12.0277
GO:0035096	10.4428
GO:0035097	8.5042
GO:0035098	10.0277
GO:0035099	10.4428
GO:0035100	12.0277
GO:0035101	12.0277
GO:0035102	11.4428
GO:0035107	7.1948
GO:0035108	11.4428
GO:0035112	10.7058
GO:0035113	13.0277
GO:0035114	7.2728
GO:0035120	7.2728
GO:0035126	11.0277
GO:0035145	10.4428
GO:0035146	12.0277
GO:0035147	12.0277
GO:0035148	9.5683
GO:0035149	9.8578
GO:0035150	8.5683
GO:0035151	9.0277
GO:0035152	8.2728
GO:0035153	12.0277
GO:0035154	13.0277
GO:0035158	11.0277
GO:0035159	10.0277
GO:0035160	11.4428
GO:0035162	10.2204
GO:0035166	10.2204
GO:0035167	10.2204
GO:0035168	11.4428
GO:0035169	13.0277
GO:0035170	12.0277
GO:0035171	13.0277
GO:0035172	13.0277
GO:0035173	11.4428
GO:0035176	11.0277
GO:0035185	13.0277
GO:0035186	12.0277
GO:0035189	13.0277
GO:0035193	12.0277
GO:0035194	9.1208
GO:0035195	9.5683
GO:0035196	10.0277
GO:0035197	11.0277
GO:0035198	10.7058
GO:0035199	13.0277
GO:0035202	13.0277
GO:0035203	12.0277
GO:0035204	12.0277
GO:0035206	9.2204
GO:0035207	11.0277
GO:0035208	12.0277
GO:0035209	12.0277
GO:0035210	11.0277
GO:0035212	12.0277
GO:0035213	13.0277
GO:0035214	11.4428
GO:0035215	10.4428
GO:0035216	13.0277
GO:0035217	13.0277
GO:0035218	9.4428
GO:0035220	6.7798
GO:0035221	13.0277
GO:0035222	9.2204
GO:0035223	13.0277
GO:0035224	13.0277
GO:0035225	13.0277
GO:0035226	12.0277
GO:0035230	11.0277
GO:0035232	13.0277
GO:0035234	11.0277
GO:0035239	7.1698
GO:0035240	13.0277
GO:0035241	10.4428
GO:0035242	10.7058
GO:0035243	10.7058
GO:0035246	10.7058
GO:0035247	11.0277
GO:0035248	13.0277
GO:0035249	11.0277
GO:0035250	10.0277
GO:0035251	10.0277
GO:0035252	10.4428
GO:0035253	13.0277
GO:0035254	11.4428
GO:0035255	12.0277
GO:0035256	13.0277
GO:0035259	11.4428
GO:0035263	12.0277
GO:0035264	11.0277
GO:0035265	12.0277
GO:0035267	9.1208
GO:0035269	9.7058
GO:0035270	11.4428
GO:0035272	8.5683
GO:0035276	13.0277
GO:0035277	13.0277
GO:0035278	11.0277
GO:0035279	12.0277
GO:0035281	12.0277
GO:0035282	7.6354
GO:0035285	12.0277
GO:0035290	12.0277
GO:0035292	13.0277
GO:0035293	10.7058
GO:0035295	6.8780
GO:0035296	9.7058
GO:0035303	9.1208
GO:0035305	10.4428
GO:0035306	11.0277
GO:0035309	11.4428
GO:0035311	12.0277
GO:0035312	11.0277
GO:0035313	10.4428
GO:0035315	9.7058
GO:0035316	10.0277
GO:0035317	10.0277
GO:0035318	13.0277
GO:0035324	11.0277
GO:0035325	11.4428
GO:0035329	11.0277
GO:0035330	10.2204
GO:0035331	13.0277
GO:0035332	10.7058
GO:0035333	10.2204
GO:0035335	9.5683
GO:0035336	9.4428
GO:0035337	8.8578
GO:0035338	9.8578
GO:0035354	12.0277
GO:0035356	13.0277
GO:0035358	13.0277
GO:0035360	13.0277
GO:0035361	13.0277
GO:0035363	11.0277
GO:0035371	11.4428
GO:0035372	11.0277
GO:0035374	13.0277
GO:0035376	12.0277
GO:0035381	13.0277
GO:0035401	13.0277
GO:0035402	13.0277
GO:0035418	13.0277
GO:0035425	12.0277
GO:0035434	11.4428
GO:0035435	10.2204
GO:0035437	10.4428
GO:0035438	13.0277
GO:0035442	13.0277
GO:0035455	12.0277
GO:0035456	9.8578
GO:0035457	13.0277
GO:0035458	10.4428
GO:0035459	10.7058
GO:0035461	10.7058
GO:0035469	13.0277
GO:0035473	12.0277
GO:0035490	13.0277
GO:0035491	13.0277
GO:0035493	11.4428
GO:0035494	12.0277
GO:0035498	12.0277
GO:0035500	13.0277
GO:0035502	13.0277
GO:0035514	11.4428
GO:0035515	11.0277
GO:0035516	12.0277
GO:0035519	13.0277
GO:0035520	12.0277
GO:0035523	12.0277
GO:0035525	13.0277
GO:0035529	13.0277
GO:0035539	13.0277
GO:0035542	11.4428
GO:0035543	13.0277
GO:0035556	4.5199
GO:0035563	13.0277
GO:0035567	7.8183
GO:0035572	13.0277
GO:0035573	13.0277
GO:0035577	8.3839
GO:0035578	7.5359
GO:0035579	7.8985
GO:0035580	8.5683
GO:0035591	12.0277
GO:0035592	8.3839
GO:0035594	12.0277
GO:0035601	10.0277
GO:0035606	13.0277
GO:0035613	12.0277
GO:0035614	13.0277
GO:0035615	10.4428
GO:0035617	11.0277
GO:0035621	11.4428
GO:0035626	13.0277
GO:0035627	10.4428
GO:0035630	13.0277
GO:0035633	12.0277
GO:0035635	11.0277
GO:0035639	5.9725
GO:0035640	13.0277
GO:0035641	13.0277
GO:0035646	10.2204
GO:0035649	13.0277
GO:0035652	13.0277
GO:0035655	11.0277
GO:0035657	13.0277
GO:0035658	12.0277
GO:0035662	13.0277
GO:0035663	13.0277
GO:0035666	9.0277
GO:0035671	13.0277
GO:0035672	12.0277
GO:0035673	11.4428
GO:0035674	12.0277
GO:0035683	12.0277
GO:0035686	13.0277
GO:0035694	13.0277
GO:0035701	13.0277
GO:0035710	11.4428
GO:0035711	13.0277
GO:0035717	13.0277
GO:0035719	13.0277
GO:0035720	13.0277
GO:0035721	13.0277
GO:0035722	8.6354
GO:0035723	10.7058
GO:0035725	9.3273
GO:0035727	13.0277
GO:0035728	13.0277
GO:0035729	13.0277
GO:0035735	9.2204
GO:0035743	13.0277
GO:0035753	10.2204
GO:0035754	13.0277
GO:0035759	13.0277
GO:0035767	13.0277
GO:0035770	5.5199
GO:0035771	13.0277
GO:0035774	11.4428
GO:0035790	13.0277
GO:0035791	13.0277
GO:0035794	11.0277
GO:0035795	11.4428
GO:0035800	12.0277
GO:0035809	13.0277
GO:0035810	13.0277
GO:0035813	13.0277
GO:0035815	13.0277
GO:0035821	8.3273
GO:0035822	12.0277
GO:0035825	8.1698
GO:0035845	13.0277
GO:0035850	13.0277
GO:0035859	9.5683
GO:0035860	13.0277
GO:0035861	8.8578
GO:0035863	13.0277
GO:0035864	11.4428
GO:0035865	11.4428
GO:0035866	13.0277
GO:0035867	12.0277
GO:0035868	11.4428
GO:0035869	10.0277
GO:0035870	13.0277
GO:0035871	11.4428
GO:0035872	12.0277
GO:0035874	13.0277
GO:0035877	12.0277
GO:0035878	13.0277
GO:0035883	11.4428
GO:0035891	10.7058
GO:0035904	13.0277
GO:0035914	12.0277
GO:0035924	9.8578
GO:0035925	10.7058
GO:0035927	12.0277
GO:0035928	13.0277
GO:0035929	13.0277
GO:0035945	13.0277
GO:0035946	13.0277
GO:0035962	13.0277
GO:0035963	13.0277
GO:0035964	13.0277
GO:0035965	11.0277
GO:0035966	7.0970
GO:0035967	7.3553
GO:0035970	10.4428
GO:0035971	13.0277
GO:0035973	12.0277
GO:0035974	13.0277
GO:0035977	12.0277
GO:0035987	10.2204
GO:0035988	11.4428
GO:0035994	11.4428
GO:0035995	13.0277
GO:0035999	11.4428
GO:0036002	10.4428
GO:0036005	13.0277
GO:0036006	13.0277
GO:0036009	12.0277
GO:0036010	10.7058
GO:0036011	12.0277
GO:0036019	9.7058
GO:0036020	10.0277
GO:0036021	13.0277
GO:0036038	13.0277
GO:0036041	11.4428
GO:0036042	12.0277
GO:0036063	11.0277
GO:0036064	8.7058
GO:0036066	11.4428
GO:0036075	13.0277
GO:0036080	13.0277
GO:0036081	13.0277
GO:0036082	13.0277
GO:0036085	13.0277
GO:0036089	11.4428
GO:0036090	10.4428
GO:0036094	3.8831
GO:0036098	10.2204
GO:0036099	9.8578
GO:0036100	13.0277
GO:0036101	13.0277
GO:0036102	13.0277
GO:0036109	10.4428
GO:0036112	13.0277
GO:0036114	13.0277
GO:0036115	13.0277
GO:0036116	13.0277
GO:0036117	13.0277
GO:0036119	12.0277
GO:0036120	12.0277
GO:0036122	10.7058
GO:0036126	9.0277
GO:0036130	13.0277
GO:0036131	13.0277
GO:0036143	13.0277
GO:0036148	10.7058
GO:0036149	10.0277
GO:0036150	9.7058
GO:0036151	9.5683
GO:0036152	9.3273
GO:0036155	12.0277
GO:0036157	12.0277
GO:0036158	10.4428
GO:0036159	11.0277
GO:0036205	13.0277
GO:0036211	3.4808
GO:0036213	10.4428
GO:0036228	12.0277
GO:0036230	5.2595
GO:0036245	13.0277
GO:0036257	9.7058
GO:0036258	9.8578
GO:0036260	8.7798
GO:0036261	13.0277
GO:0036265	12.0277
GO:0036267	9.5683
GO:0036289	13.0277
GO:0036290	13.0277
GO:0036293	7.6702
GO:0036294	8.7798
GO:0036295	11.0277
GO:0036296	10.2204
GO:0036297	8.6354
GO:0036298	13.0277
GO:0036302	13.0277
GO:0036303	13.0277
GO:0036310	11.0277
GO:0036312	13.0277
GO:0036314	9.5683
GO:0036315	10.4428
GO:0036317	13.0277
GO:0036335	10.4428
GO:0036336	11.4428
GO:0036343	13.0277
GO:0036345	13.0277
GO:0036375	13.0277
GO:0036376	10.7058
GO:0036379	9.5683
GO:0036381	12.0277
GO:0036387	10.7058
GO:0036388	10.0277
GO:0036393	13.0277
GO:0036396	11.4428
GO:0036424	13.0277
GO:0036435	12.0277
GO:0036436	12.0277
GO:0036437	12.0277
GO:0036438	13.0277
GO:0036440	13.0277
GO:0036444	10.7058
GO:0036452	8.9403
GO:0036454	12.0277
GO:0036462	12.0277
GO:0036464	6.5683
GO:0036465	9.1208
GO:0036466	11.4428
GO:0036470	13.0277
GO:0036471	13.0277
GO:0036477	6.9403
GO:0036478	13.0277
GO:0036481	13.0277
GO:0036490	13.0277
GO:0036493	13.0277
GO:0036498	8.7058
GO:0036499	12.0277
GO:0036500	11.4428
GO:0036502	13.0277
GO:0036503	9.2204
GO:0036507	11.0277
GO:0036508	11.0277
GO:0036513	11.4428
GO:0036524	13.0277
GO:0036525	13.0277
GO:0036528	13.0277
GO:0036529	13.0277
GO:0036530	13.0277
GO:0038001	11.0277
GO:0038003	13.0277
GO:0038004	11.4428
GO:0038023	4.7703
GO:0038024	9.4428
GO:0038027	12.0277
GO:0038033	13.0277
GO:0038034	12.0277
GO:0038036	12.0277
GO:0038037	11.4428
GO:0038038	13.0277
GO:0038039	13.0277
GO:0038041	13.0277
GO:0038048	13.0277
GO:0038061	8.7058
GO:0038062	13.0277
GO:0038063	13.0277
GO:0038064	11.4428
GO:0038065	12.0277
GO:0038066	11.4428
GO:0038083	10.0277
GO:0038084	11.4428
GO:0038085	13.0277
GO:0038086	13.0277
GO:0038089	13.0277
GO:0038091	13.0277
GO:0038093	6.2595
GO:0038094	6.8379
GO:0038095	6.6527
GO:0038096	6.8379
GO:0038110	11.4428
GO:0038111	10.7058
GO:0038113	11.0277
GO:0038114	11.4428
GO:0038123	12.0277
GO:0038124	13.0277
GO:0038127	8.3839
GO:0038128	9.2204
GO:0038132	11.4428
GO:0038146	12.0277
GO:0038155	11.0277
GO:0038158	13.0277
GO:0038172	13.0277
GO:0038179	10.2204
GO:0038180	13.0277
GO:0038183	12.0277
GO:0038184	13.0277
GO:0038186	13.0277
GO:0038187	9.7058
GO:0038188	13.0277
GO:0038201	11.4428
GO:0038202	12.0277
GO:0039520	12.0277
GO:0039529	13.0277
GO:0039530	13.0277
GO:0039531	9.1208
GO:0039532	10.4428
GO:0039533	11.4428
GO:0039534	11.4428
GO:0039535	11.0277
GO:0039536	12.0277
GO:0039663	11.0277
GO:0039694	12.0277
GO:0039702	9.8578
GO:0039706	11.0277
GO:0040001	9.2204
GO:0040003	9.7058
GO:0040007	6.7609
GO:0040008	6.0390
GO:0040009	13.0277
GO:0040011	6.4886
GO:0040012	5.4428
GO:0040013	7.1208
GO:0040014	9.4428
GO:0040015	12.0277
GO:0040016	12.0277
GO:0040017	6.1948
GO:0040018	10.4428
GO:0040019	12.0277
GO:0040020	10.2204
GO:0040029	6.9833
GO:0040031	12.0277
GO:0040034	13.0277
GO:0040036	11.4428
GO:0040037	12.0277
GO:0040040	10.4428
GO:0042007	12.0277
GO:0042008	12.0277
GO:0042023	11.4428
GO:0042025	11.4428
GO:0042026	9.0277
GO:0042030	11.4428
GO:0042043	13.0277
GO:0042044	9.7058
GO:0042045	10.4428
GO:0042048	9.0277
GO:0042051	9.3273
GO:0042052	9.7058
GO:0042053	11.0277
GO:0042054	9.0277
GO:0042056	10.2204
GO:0042058	8.5042
GO:0042059	9.2204
GO:0042060	6.0970
GO:0042063	8.9403
GO:0042065	13.0277
GO:0042067	10.2204
GO:0042069	11.0277
GO:0042073	9.2204
GO:0042074	10.2204
GO:0042078	9.3273
GO:0042083	12.0277
GO:0042088	11.4428
GO:0042092	13.0277
GO:0042093	12.0277
GO:0042098	13.0277
GO:0042100	12.0277
GO:0042101	13.0277
GO:0042102	8.9403
GO:0042104	13.0277
GO:0042110	8.4428
GO:0042113	10.4428
GO:0042116	13.0277
GO:0042117	12.0277
GO:0042118	13.0277
GO:0042119	5.2728
GO:0042123	11.0277
GO:0042124	11.0277
GO:0042126	13.0277
GO:0042127	4.7240
GO:0042129	8.3839
GO:0042130	10.2204
GO:0042134	11.4428
GO:0042138	10.7058
GO:0042139	13.0277
GO:0042140	13.0277
GO:0042144	9.4428
GO:0042147	7.6702
GO:0042148	13.0277
GO:0042149	10.4428
GO:0042150	13.0277
GO:0042157	8.5042
GO:0042158	8.5683
GO:0042159	13.0277
GO:0042162	9.1208
GO:0042166	12.0277
GO:0042167	12.0277
GO:0042168	9.8578
GO:0042169	11.4428
GO:0042171	10.4428
GO:0042173	12.0277
GO:0042174	12.0277
GO:0042175	4.7285
GO:0042176	6.4886
GO:0042177	8.1208
GO:0042178	10.0277
GO:0042180	8.1698
GO:0042181	8.8578
GO:0042182	12.0277
GO:0042214	13.0277
GO:0042219	10.0277
GO:0042220	11.0277
GO:0042221	3.2964
GO:0042244	8.5683
GO:0042245	12.0277
GO:0042246	10.2204
GO:0042254	5.4278
GO:0042255	7.9833
GO:0042256	11.0277
GO:0042262	12.0277
GO:0042267	10.7058
GO:0042268	10.4428
GO:0042269	9.0277
GO:0042270	12.0277
GO:0042271	11.4428
GO:0042272	13.0277
GO:0042273	7.4130
GO:0042274	7.0970
GO:0042275	13.0277
GO:0042276	9.8578
GO:0042277	8.5683
GO:0042278	10.2204
GO:0042283	13.0277
GO:0042285	10.4428
GO:0042287	10.4428
GO:0042288	11.0277
GO:0042289	13.0277
GO:0042292	13.0277
GO:0042297	13.0277
GO:0042301	11.0277
GO:0042302	10.0277
GO:0042303	7.9403
GO:0042304	10.2204
GO:0042306	9.4428
GO:0042307	10.2204
GO:0042308	11.4428
GO:0042310	12.0277
GO:0042321	13.0277
GO:0042325	5.1760
GO:0042326	6.8379
GO:0042327	5.8183
GO:0042328	12.0277
GO:0042330	6.6015
GO:0042331	10.4428
GO:0042332	9.8578
GO:0042335	8.4428
GO:0042337	9.4428
GO:0042339	8.8578
GO:0042340	11.0277
GO:0042350	10.7058
GO:0042351	11.4428
GO:0042352	13.0277
GO:0042356	13.0277
GO:0042357	13.0277
GO:0042359	10.4428
GO:0042360	13.0277
GO:0042361	12.0277
GO:0042363	11.0277
GO:0042364	8.7058
GO:0042365	13.0277
GO:0042373	11.4428
GO:0042376	12.0277
GO:0042377	12.0277
GO:0042379	9.0277
GO:0042381	13.0277
GO:0042382	13.0277
GO:0042383	9.8578
GO:0042386	11.0277
GO:0042387	13.0277
GO:0042391	7.0277
GO:0042392	12.0277
GO:0042393	8.2728
GO:0042398	8.5042
GO:0042401	8.9403
GO:0042402	9.7058
GO:0042403	11.4428
GO:0042406	10.7058
GO:0042407	9.0277
GO:0042412	13.0277
GO:0042414	13.0277
GO:0042415	12.0277
GO:0042416	11.0277
GO:0042417	9.7058
GO:0042418	13.0277
GO:0042420	11.4428
GO:0042421	12.0277
GO:0042423	10.7058
GO:0042424	11.0277
GO:0042426	11.4428
GO:0042430	9.2204
GO:0042435	10.2204
GO:0042436	10.4428
GO:0042438	11.4428
GO:0042440	7.5683
GO:0042441	9.1208
GO:0042445	7.2728
GO:0042446	9.1208
GO:0042447	13.0277
GO:0042448	13.0277
GO:0042451	12.0277
GO:0042454	11.0277
GO:0042455	11.4428
GO:0042461	9.1208
GO:0042462	9.3273
GO:0042470	10.7058
GO:0042471	11.4428
GO:0042472	12.0277
GO:0042474	13.0277
GO:0042475	11.0277
GO:0042476	9.5683
GO:0042494	12.0277
GO:0042495	12.0277
GO:0042496	13.0277
GO:0042497	13.0277
GO:0042500	11.4428
GO:0042509	8.6354
GO:0042531	8.8578
GO:0042532	11.4428
GO:0042537	13.0277
GO:0042541	13.0277
GO:0042542	8.7798
GO:0042546	8.0735
GO:0042551	10.2204
GO:0042552	11.0277
GO:0042554	11.4428
GO:0042555	9.8578
GO:0042558	8.7798
GO:0042559	9.4428
GO:0042560	13.0277
GO:0042562	8.5683
GO:0042565	12.0277
GO:0042567	12.0277
GO:0042571	13.0277
GO:0042572	9.8578
GO:0042573	9.5683
GO:0042574	10.0277
GO:0042575	9.5683
GO:0042577	10.2204
GO:0042578	5.8379
GO:0042579	6.8985
GO:0042581	7.0970
GO:0042582	6.8578
GO:0042583	12.0277
GO:0042584	12.0277
GO:0042585	12.0277
GO:0042590	8.2204
GO:0042592	4.8134
GO:0042593	8.9403
GO:0042594	7.0054
GO:0042595	13.0277
GO:0042597	11.4428
GO:0042599	10.2204
GO:0042600	11.0277
GO:0042605	12.0277
GO:0042608	13.0277
GO:0042609	13.0277
GO:0042610	13.0277
GO:0042611	11.0277
GO:0042612	13.0277
GO:0042613	11.4428
GO:0042622	13.0277
GO:0042625	8.9403
GO:0042626	7.5042
GO:0042627	12.0277
GO:0042631	11.0277
GO:0042632	9.1208
GO:0042633	9.8578
GO:0042634	11.4428
GO:0042636	13.0277
GO:0042641	10.0277
GO:0042645	7.7423
GO:0042654	13.0277
GO:0042659	11.0277
GO:0042660	13.0277
GO:0042661	13.0277
GO:0042665	13.0277
GO:0042666	13.0277
GO:0042675	11.4428
GO:0042676	13.0277
GO:0042688	12.0277
GO:0042689	12.0277
GO:0042691	12.0277
GO:0042692	7.8578
GO:0042693	13.0277
GO:0042698	12.0277
GO:0042699	13.0277
GO:0042701	13.0277
GO:0042706	10.4428
GO:0042714	13.0277
GO:0042719	10.4428
GO:0042720	13.0277
GO:0042721	12.0277
GO:0042723	9.5683
GO:0042724	10.7058
GO:0042726	9.5683
GO:0042727	10.7058
GO:0042728	13.0277
GO:0042729	12.0277
GO:0042730	11.4428
GO:0042732	13.0277
GO:0042733	13.0277
GO:0042734	11.0277
GO:0042736	13.0277
GO:0042742	6.2333
GO:0042743	10.0277
GO:0042744	10.7058
GO:0042745	12.0277
GO:0042749	9.7058
GO:0042752	8.2204
GO:0042753	10.7058
GO:0042754	13.0277
GO:0042758	11.0277
GO:0042759	9.3273
GO:0042760	11.0277
GO:0042761	9.7058
GO:0042762	11.0277
GO:0042763	9.0277
GO:0042764	9.0277
GO:0042765	11.0277
GO:0042770	7.8183
GO:0042771	10.4428
GO:0042773	7.5683
GO:0042774	13.0277
GO:0042775	7.6015
GO:0042776	9.8578
GO:0042780	10.4428
GO:0042781	13.0277
GO:0042789	13.0277
GO:0042790	10.7058
GO:0042791	13.0277
GO:0042795	8.9403
GO:0042797	10.0277
GO:0042800	10.7058
GO:0042802	3.9192
GO:0042803	5.0970
GO:0042805	10.4428
GO:0042809	12.0277
GO:0042813	10.4428
GO:0042816	10.2204
GO:0042819	10.4428
GO:0042822	12.0277
GO:0042823	12.0277
GO:0042824	12.0277
GO:0042825	13.0277
GO:0042826	8.6354
GO:0042827	9.8578
GO:0042832	12.0277
GO:0042834	9.7058
GO:0042853	13.0277
GO:0042867	13.0277
GO:0042868	11.4428
GO:0042883	11.4428
GO:0042903	12.0277
GO:0042908	10.7058
GO:0042910	10.7058
GO:0042921	13.0277
GO:0042923	12.0277
GO:0042924	12.0277
GO:0042938	13.0277
GO:0042940	11.4428
GO:0042946	13.0277
GO:0042947	12.0277
GO:0042953	12.0277
GO:0042973	12.0277
GO:0042974	12.0277
GO:0042976	13.0277
GO:0042979	12.0277
GO:0042981	4.8780
GO:0042982	10.2204
GO:0042984	13.0277
GO:0042985	13.0277
GO:0042987	10.2204
GO:0042995	4.7846
GO:0042996	12.0277
GO:0042997	13.0277
GO:0042998	13.0277
GO:0043001	9.4428
GO:0043005	6.4130
GO:0043007	11.0277
GO:0043008	10.7058
GO:0043009	10.0277
GO:0043010	10.2204
GO:0043011	12.0277
GO:0043014	11.0277
GO:0043015	11.0277
GO:0043020	11.4428
GO:0043021	7.4428
GO:0043022	7.8578
GO:0043023	11.4428
GO:0043024	10.2204
GO:0043025	7.6702
GO:0043027	9.5683
GO:0043028	9.2204
GO:0043030	10.2204
GO:0043031	13.0277
GO:0043032	11.0277
GO:0043034	12.0277
GO:0043035	13.0277
GO:0043038	7.4428
GO:0043039	7.4428
GO:0043043	10.0277
GO:0043047	10.0277
GO:0043048	13.0277
GO:0043052	9.4428
GO:0043059	13.0277
GO:0043060	12.0277
GO:0043062	7.0277
GO:0043063	11.4428
GO:0043065	6.2595
GO:0043066	5.6790
GO:0043067	4.7941
GO:0043068	6.1451
GO:0043069	5.6183
GO:0043073	10.4428
GO:0043085	5.6440
GO:0043086	6.5199
GO:0043087	7.4731
GO:0043094	8.6354
GO:0043096	13.0277
GO:0043097	10.4428
GO:0043101	9.7058
GO:0043103	13.0277
GO:0043110	13.0277
GO:0043111	13.0277
GO:0043112	9.5683
GO:0043113	10.7058
GO:0043114	9.8578
GO:0043116	11.4428
GO:0043117	13.0277
GO:0043121	11.4428
GO:0043122	7.2998
GO:0043123	7.6015
GO:0043124	9.8578
GO:0043125	13.0277
GO:0043129	13.0277
GO:0043130	8.5683
GO:0043137	11.4428
GO:0043138	9.5683
GO:0043139	10.4428
GO:0043144	8.7058
GO:0043149	11.0277
GO:0043150	13.0277
GO:0043152	12.0277
GO:0043153	11.0277
GO:0043159	12.0277
GO:0043161	6.0277
GO:0043162	8.8578
GO:0043163	12.0277
GO:0043167	4.0249
GO:0043168	4.7751
GO:0043169	4.9670
GO:0043170	1.7911
GO:0043171	11.4428
GO:0043173	10.7058
GO:0043174	10.2204
GO:0043175	8.2728
GO:0043176	11.4428
GO:0043177	7.6354
GO:0043178	8.7058
GO:0043184	12.0277
GO:0043185	13.0277
GO:0043186	9.7058
GO:0043189	9.1208
GO:0043190	11.4428
GO:0043195	9.1208
GO:0043197	10.7058
GO:0043199	12.0277
GO:0043200	8.7058
GO:0043201	11.4428
GO:0043202	8.0735
GO:0043204	13.0277
GO:0043207	4.7058
GO:0043208	11.4428
GO:0043209	13.0277
GO:0043210	13.0277
GO:0043217	13.0277
GO:0043218	13.0277
GO:0043224	13.0277
GO:0043226	0.6576
GO:0043227	0.7534
GO:0043228	2.4112
GO:0043229	0.7580
GO:0043230	3.3571
GO:0043231	0.8767
GO:0043232	2.4112
GO:0043233	2.1543
GO:0043235	6.5520
GO:0043236	11.0277
GO:0043240	10.7058
GO:0043242	9.8578
GO:0043243	9.5683
GO:0043244	8.2204
GO:0043247	11.4428
GO:0043248	8.7798
GO:0043252	10.2204
GO:0043254	6.2998
GO:0043255	8.9403
GO:0043262	13.0277
GO:0043266	9.0277
GO:0043267	10.0277
GO:0043268	11.0277
GO:0043269	6.6183
GO:0043270	7.8578
GO:0043271	8.3273
GO:0043274	11.4428
GO:0043276	13.0277
GO:0043277	9.4428
GO:0043279	9.5683
GO:0043291	12.0277
GO:0043292	7.7798
GO:0043293	13.0277
GO:0043295	11.0277
GO:0043296	8.4428
GO:0043297	8.5683
GO:0043299	5.2795
GO:0043300	9.8578
GO:0043301	11.4428
GO:0043302	10.4428
GO:0043304	10.7058
GO:0043305	11.4428
GO:0043306	12.0277
GO:0043307	12.0277
GO:0043308	12.0277
GO:0043309	13.0277
GO:0043311	13.0277
GO:0043312	5.2930
GO:0043313	13.0277
GO:0043315	13.0277
GO:0043320	12.0277
GO:0043321	12.0277
GO:0043323	12.0277
GO:0043324	9.1208
GO:0043325	9.5683
GO:0043328	11.4428
GO:0043330	9.8578
GO:0043331	9.7058
GO:0043332	8.3273
GO:0043367	12.0277
GO:0043368	12.0277
GO:0043369	12.0277
GO:0043370	12.0277
GO:0043371	12.0277
GO:0043372	13.0277
GO:0043373	13.0277
GO:0043380	12.0277
GO:0043381	13.0277
GO:0043382	13.0277
GO:0043385	12.0277
GO:0043387	13.0277
GO:0043388	9.4428
GO:0043392	9.7058
GO:0043393	7.8985
GO:0043394	9.5683
GO:0043395	10.7058
GO:0043398	13.0277
GO:0043401	9.4428
GO:0043403	13.0277
GO:0043405	7.8578
GO:0043406	9.0277
GO:0043407	8.8578
GO:0043408	5.8985
GO:0043409	7.5683
GO:0043410	6.5042
GO:0043412	3.2998
GO:0043414	6.7058
GO:0043418	13.0277
GO:0043422	13.0277
GO:0043425	13.0277
GO:0043434	7.5683
GO:0043436	4.5319
GO:0043455	12.0277
GO:0043456	13.0277
GO:0043457	9.8578
GO:0043461	10.7058
GO:0043462	8.6354
GO:0043467	7.9833
GO:0043470	8.8578
GO:0043473	7.7423
GO:0043474	9.1208
GO:0043476	10.2204
GO:0043482	10.2204
GO:0043484	8.0735
GO:0043485	10.2204
GO:0043487	6.8780
GO:0043488	6.9192
GO:0043489	10.0277
GO:0043490	12.0277
GO:0043491	10.4428
GO:0043495	10.7058
GO:0043500	12.0277
GO:0043502	10.7058
GO:0043504	12.0277
GO:0043505	12.0277
GO:0043506	9.8578
GO:0043507	11.4428
GO:0043508	10.7058
GO:0043509	13.0277
GO:0043511	13.0277
GO:0043512	13.0277
GO:0043515	12.0277
GO:0043516	11.0277
GO:0043517	12.0277
GO:0043518	12.0277
GO:0043519	11.4428
GO:0043523	9.1208
GO:0043524	9.1208
GO:0043527	11.0277
GO:0043528	13.0277
GO:0043529	12.0277
GO:0043530	13.0277
GO:0043531	10.4428
GO:0043532	13.0277
GO:0043535	8.5042
GO:0043536	9.2204
GO:0043537	9.7058
GO:0043539	10.0277
GO:0043541	11.4428
GO:0043542	9.8578
GO:0043543	7.9403
GO:0043545	11.0277
GO:0043546	11.4428
GO:0043547	7.7798
GO:0043548	11.0277
GO:0043549	5.9297
GO:0043550	11.0277
GO:0043555	10.7058
GO:0043558	12.0277
GO:0043560	12.0277
GO:0043562	11.4428
GO:0043564	12.0277
GO:0043565	5.7149
GO:0043567	10.4428
GO:0043568	12.0277
GO:0043569	11.0277
GO:0043570	9.4428
GO:0043574	9.2204
GO:0043576	13.0277
GO:0043577	12.0277
GO:0043583	10.7058
GO:0043586	13.0277
GO:0043588	7.4731
GO:0043596	8.1208
GO:0043601	9.3273
GO:0043614	10.7058
GO:0043616	11.4428
GO:0043625	11.4428
GO:0043626	13.0277
GO:0043627	10.0277
GO:0043628	11.4428
GO:0043632	5.5359
GO:0043633	13.0277
GO:0043647	8.8578
GO:0043648	7.6702
GO:0043649	9.5683
GO:0043650	10.7058
GO:0043651	10.2204
GO:0043652	13.0277
GO:0043653	12.0277
GO:0043654	12.0277
GO:0043656	10.4428
GO:0043679	8.9403
GO:0043687	4.6354
GO:0043691	10.7058
GO:0043695	11.0277
GO:0043696	12.0277
GO:0043697	12.0277
GO:0043704	11.4428
GO:0043733	13.0277
GO:0043739	13.0277
GO:0043812	12.0277
GO:0043813	12.0277
GO:0043849	13.0277
GO:0043855	12.0277
GO:0043865	13.0277
GO:0043891	11.4428
GO:0043903	9.5683
GO:0043921	11.0277
GO:0043922	13.0277
GO:0043923	12.0277
GO:0043931	13.0277
GO:0043932	12.0277
GO:0043933	3.7989
GO:0043934	7.6354
GO:0043935	7.7423
GO:0043937	12.0277
GO:0043939	12.0277
GO:0043940	13.0277
GO:0043942	13.0277
GO:0043954	10.4428
GO:0043995	13.0277
GO:0043996	13.0277
GO:0043998	13.0277
GO:0044003	10.4428
GO:0044020	11.4428
GO:0044036	11.4428
GO:0044038	11.4428
GO:0044042	8.3273
GO:0044057	6.6527
GO:0044058	11.0277
GO:0044060	10.7058
GO:0044062	12.0277
GO:0044065	13.0277
GO:0044068	10.4428
GO:0044070	10.7058
GO:0044085	3.0390
GO:0044087	5.1269
GO:0044088	8.7058
GO:0044089	6.0735
GO:0044090	9.8578
GO:0044091	9.2204
GO:0044092	5.9403
GO:0044093	5.2728
GO:0044094	11.4428
GO:0044182	9.0277
GO:0044183	10.7058
GO:0044190	13.0277
GO:0044217	10.4428
GO:0044220	13.0277
GO:0044224	13.0277
GO:0044232	8.8578
GO:0044233	10.7058
GO:0044238	1.4057
GO:0044241	11.0277
GO:0044245	13.0277
GO:0044272	7.0277
GO:0044273	9.4428
GO:0044278	13.0277
GO:0044281	3.5931
GO:0044282	5.6614
GO:0044283	5.1574
GO:0044284	12.0277
GO:0044291	9.7058
GO:0044292	13.0277
GO:0044295	11.4428
GO:0044297	7.5359
GO:0044298	12.0277
GO:0044304	12.0277
GO:0044306	8.7798
GO:0044309	10.7058
GO:0044313	13.0277
GO:0044319	10.2204
GO:0044320	13.0277
GO:0044321	12.0277
GO:0044325	8.4428
GO:0044327	13.0277
GO:0044338	13.0277
GO:0044344	7.9403
GO:0044352	13.0277
GO:0044354	13.0277
GO:0044380	9.8578
GO:0044387	12.0277
GO:0044388	11.0277
GO:0044389	6.4579
GO:0044390	9.8578
GO:0044391	5.1029
GO:0044396	11.0277
GO:0044403	7.4731
GO:0044406	10.7058
GO:0044409	9.2204
GO:0044419	4.5003
GO:0044458	10.4428
GO:0044508	13.0277
GO:0044524	13.0277
GO:0044528	11.4428
GO:0044539	11.0277
GO:0044540	13.0277
GO:0044547	12.0277
GO:0044548	10.7058
GO:0044550	9.5683
GO:0044571	13.0277
GO:0044594	13.0277
GO:0044597	10.7058
GO:0044598	10.7058
GO:0044612	13.0277
GO:0044614	13.0277
GO:0044615	12.0277
GO:0044650	11.0277
GO:0044665	10.2204
GO:0044666	10.7058
GO:0044691	13.0277
GO:0044695	12.0277
GO:0044703	9.1208
GO:0044706	9.2204
GO:0044715	12.0277
GO:0044719	10.7058
GO:0044743	8.7058
GO:0044754	10.0277
GO:0044769	8.9403
GO:0044770	6.3412
GO:0044771	12.0277
GO:0044772	6.3839
GO:0044773	9.1208
GO:0044774	8.7058
GO:0044778	13.0277
GO:0044782	6.9833
GO:0044784	12.0277
GO:0044786	8.6354
GO:0044788	9.7058
GO:0044790	10.7058
GO:0044793	11.4428
GO:0044794	11.0277
GO:0044796	13.0277
GO:0044804	9.3273
GO:0044818	9.7058
GO:0044819	10.7058
GO:0044828	13.0277
GO:0044830	13.0277
GO:0044837	9.4428
GO:0044839	7.4130
GO:0044843	7.3273
GO:0044853	8.4428
GO:0044854	12.0277
GO:0044857	12.0277
GO:0044860	13.0277
GO:0044861	13.0277
GO:0044870	12.0277
GO:0044871	12.0277
GO:0044872	12.0277
GO:0044877	5.1089
GO:0044878	12.0277
GO:0045002	13.0277
GO:0045003	10.0277
GO:0045005	9.7058
GO:0045006	11.0277
GO:0045007	11.4428
GO:0045008	11.4428
GO:0045009	12.0277
GO:0045010	10.4428
GO:0045016	11.4428
GO:0045017	6.3412
GO:0045019	13.0277
GO:0045022	10.0277
GO:0045025	11.4428
GO:0045027	13.0277
GO:0045028	11.4428
GO:0045031	13.0277
GO:0045033	13.0277
GO:0045035	12.0277
GO:0045039	9.8578
GO:0045040	10.2204
GO:0045041	12.0277
GO:0045046	11.4428
GO:0045047	7.0277
GO:0045048	11.0277
GO:0045053	12.0277
GO:0045054	13.0277
GO:0045055	5.0390
GO:0045056	11.0277
GO:0045058	12.0277
GO:0045063	13.0277
GO:0045069	8.5042
GO:0045070	9.2204
GO:0045071	9.5683
GO:0045087	6.0277
GO:0045088	5.6527
GO:0045089	6.1329
GO:0045091	11.4428
GO:0045092	12.0277
GO:0045095	11.4428
GO:0045103	10.2204
GO:0045104	10.2204
GO:0045109	10.7058
GO:0045110	13.0277
GO:0045111	9.1208
GO:0045113	13.0277
GO:0045116	10.0277
GO:0045117	11.0277
GO:0045121	7.0505
GO:0045123	10.0277
GO:0045124	11.4428
GO:0045125	12.0277
GO:0045128	13.0277
GO:0045130	13.0277
GO:0045132	8.0735
GO:0045134	11.4428
GO:0045137	8.5683
GO:0045142	13.0277
GO:0045143	9.5683
GO:0045144	12.0277
GO:0045145	12.0277
GO:0045159	12.0277
GO:0045165	7.4731
GO:0045167	10.7058
GO:0045168	12.0277
GO:0045169	9.8578
GO:0045171	8.5683
GO:0045172	10.7058
GO:0045174	12.0277
GO:0045175	13.0277
GO:0045176	11.0277
GO:0045177	7.1451
GO:0045178	7.6354
GO:0045179	10.4428
GO:0045180	12.0277
GO:0045182	9.0277
GO:0045184	4.6226
GO:0045185	8.8578
GO:0045187	9.7058
GO:0045190	13.0277
GO:0045191	13.0277
GO:0045196	10.7058
GO:0045197	9.3273
GO:0045198	10.7058
GO:0045199	11.4428
GO:0045200	13.0277
GO:0045201	13.0277
GO:0045202	6.2595
GO:0045211	10.4428
GO:0045214	10.2204
GO:0045216	7.3553
GO:0045217	11.4428
GO:0045229	6.1451
GO:0045236	10.7058
GO:0045239	13.0277
GO:0045240	11.4428
GO:0045252	13.0277
GO:0045254	12.0277
GO:0045259	13.0277
GO:0045277	12.0277
GO:0045290	13.0277
GO:0045292	10.0277
GO:0045293	12.0277
GO:0045294	13.0277
GO:0045295	11.4428
GO:0045296	6.5199
GO:0045309	8.7058
GO:0045313	13.0277
GO:0045317	13.0277
GO:0045321	5.0505
GO:0045324	8.7798
GO:0045329	13.0277
GO:0045332	10.7058
GO:0045333	6.0390
GO:0045334	8.4428
GO:0045335	7.9403
GO:0045337	13.0277
GO:0045338	13.0277
GO:0045340	13.0277
GO:0045343	11.4428
GO:0045345	11.4428
GO:0045346	11.4428
GO:0045347	11.4428
GO:0045352	13.0277
GO:0045353	13.0277
GO:0045428	10.2204
GO:0045429	10.4428
GO:0045433	12.0277
GO:0045434	11.0277
GO:0045437	13.0277
GO:0045444	11.0277
GO:0045445	11.4428
GO:0045446	9.4428
GO:0045448	10.7058
GO:0045450	11.4428
GO:0045451	10.2204
GO:0045453	11.4428
GO:0045454	9.2204
GO:0045455	11.0277
GO:0045456	11.4428
GO:0045462	13.0277
GO:0045463	13.0277
GO:0045464	11.4428
GO:0045465	10.7058
GO:0045466	12.0277
GO:0045467	13.0277
GO:0045470	13.0277
GO:0045471	8.2204
GO:0045472	13.0277
GO:0045475	9.5683
GO:0045476	11.4428
GO:0045477	11.4428
GO:0045478	13.0277
GO:0045485	13.0277
GO:0045488	13.0277
GO:0045490	13.0277
GO:0045494	10.0277
GO:0045498	12.0277
GO:0045499	12.0277
GO:0045501	11.4428
GO:0045503	12.0277
GO:0045505	11.4428
GO:0045517	13.0277
GO:0045540	9.2204
GO:0045541	12.0277
GO:0045545	11.4428
GO:0045547	13.0277
GO:0045570	11.4428
GO:0045571	13.0277
GO:0045572	13.0277
GO:0045575	12.0277
GO:0045576	13.0277
GO:0045577	11.4428
GO:0045578	13.0277
GO:0045579	13.0277
GO:0045580	9.7058
GO:0045581	10.7058
GO:0045582	11.4428
GO:0045589	12.0277
GO:0045590	13.0277
GO:0045591	13.0277
GO:0045595	5.2333
GO:0045596	6.8780
GO:0045597	6.2863
GO:0045598	10.7058
GO:0045599	12.0277
GO:0045600	12.0277
GO:0045601	10.4428
GO:0045603	13.0277
GO:0045604	10.2204
GO:0045606	10.7058
GO:0045610	10.7058
GO:0045611	11.4428
GO:0045612	12.0277
GO:0045616	10.4428
GO:0045618	11.0277
GO:0045619	9.2204
GO:0045620	10.4428
GO:0045621	10.7058
GO:0045622	13.0277
GO:0045623	13.0277
GO:0045624	13.0277
GO:0045625	13.0277
GO:0045627	13.0277
GO:0045628	13.0277
GO:0045629	13.0277
GO:0045637	7.8578
GO:0045638	9.7058
GO:0045639	9.2204
GO:0045646	10.2204
GO:0045647	13.0277
GO:0045648	10.4428
GO:0045649	11.0277
GO:0045650	13.0277
GO:0045651	11.4428
GO:0045652	9.1208
GO:0045653	13.0277
GO:0045654	11.4428
GO:0045655	13.0277
GO:0045656	13.0277
GO:0045661	11.4428
GO:0045662	13.0277
GO:0045663	12.0277
GO:0045664	8.7058
GO:0045665	10.2204
GO:0045666	9.8578
GO:0045667	8.8578
GO:0045668	11.0277
GO:0045669	9.4428
GO:0045670	10.2204
GO:0045671	11.4428
GO:0045672	11.4428
GO:0045676	11.4428
GO:0045677	13.0277
GO:0045678	13.0277
GO:0045682	10.2204
GO:0045684	10.7058
GO:0045685	10.7058
GO:0045686	13.0277
GO:0045687	11.4428
GO:0045703	12.0277
GO:0045704	13.0277
GO:0045705	13.0277
GO:0045717	12.0277
GO:0045719	13.0277
GO:0045721	11.0277
GO:0045722	13.0277
GO:0045723	11.4428
GO:0045724	12.0277
GO:0045725	11.4428
GO:0045726	13.0277
GO:0045727	7.7798
GO:0045730	11.4428
GO:0045732	7.3839
GO:0045736	10.4428
GO:0045737	10.2204
GO:0045738	10.4428
GO:0045739	9.3273
GO:0045740	10.7058
GO:0045742	10.2204
GO:0045743	13.0277
GO:0045744	9.2204
GO:0045745	9.7058
GO:0045746	9.4428
GO:0045747	8.7798
GO:0045751	10.4428
GO:0045752	9.5683
GO:0045759	13.0277
GO:0045760	12.0277
GO:0045761	9.0277
GO:0045762	9.3273
GO:0045765	7.4731
GO:0045766	8.1698
GO:0045772	13.0277
GO:0045773	12.0277
GO:0045776	13.0277
GO:0045777	13.0277
GO:0045778	9.4428
GO:0045780	13.0277
GO:0045785	6.5848
GO:0045786	5.9403
GO:0045787	6.6527
GO:0045792	10.2204
GO:0045793	10.2204
GO:0045794	13.0277
GO:0045796	13.0277
GO:0045806	9.1208
GO:0045807	7.6702
GO:0045814	7.4428
GO:0045815	9.3273
GO:0045819	13.0277
GO:0045820	13.0277
GO:0045821	11.0277
GO:0045822	12.0277
GO:0045823	12.0277
GO:0045824	8.5042
GO:0045827	13.0277
GO:0045830	13.0277
GO:0045833	8.7798
GO:0045834	8.1208
GO:0045835	11.0277
GO:0045836	13.0277
GO:0045837	11.4428
GO:0045838	11.4428
GO:0045839	9.3273
GO:0045840	9.7058
GO:0045841	9.7058
GO:0045842	10.7058
GO:0045843	11.4428
GO:0045844	13.0277
GO:0045850	13.0277
GO:0045851	13.0277
GO:0045859	6.0390
GO:0045860	6.8578
GO:0045861	8.6354
GO:0045862	8.4428
GO:0045869	11.4428
GO:0045873	13.0277
GO:0045874	12.0277
GO:0045875	11.4428
GO:0045876	12.0277
GO:0045879	9.2204
GO:0045880	9.3273
GO:0045886	9.8578
GO:0045887	9.7058
GO:0045892	5.5683
GO:0045893	4.9192
GO:0045898	10.0277
GO:0045899	10.4428
GO:0045900	13.0277
GO:0045901	11.4428
GO:0045903	11.0277
GO:0045905	12.0277
GO:0045910	9.2204
GO:0045911	10.4428
GO:0045912	9.8578
GO:0045913	9.4428
GO:0045916	10.7058
GO:0045917	13.0277
GO:0045918	11.4428
GO:0045919	11.4428
GO:0045920	10.2204
GO:0045921	9.1208
GO:0045922	11.4428
GO:0045923	10.4428
GO:0045924	10.0277
GO:0045926	7.5683
GO:0045927	7.2728
GO:0045930	6.6879
GO:0045931	7.9403
GO:0045932	13.0277
GO:0045934	5.2012
GO:0045936	6.7240
GO:0045937	5.7989
GO:0045938	11.0277
GO:0045939	10.4428
GO:0045940	10.4428
GO:0045943	8.5683
GO:0045944	5.4731
GO:0045945	12.0277
GO:0045947	11.4428
GO:0045948	10.7058
GO:0045950	11.0277
GO:0045951	13.0277
GO:0045953	11.0277
GO:0045954	9.8578
GO:0045955	13.0277
GO:0045957	13.0277
GO:0045959	12.0277
GO:0045963	13.0277
GO:0045964	12.0277
GO:0045967	13.0277
GO:0045977	13.0277
GO:0045980	12.0277
GO:0045981	10.2204
GO:0045990	11.4428
GO:0045991	11.4428
GO:0045995	9.2204
GO:0045998	12.0277
GO:0046006	10.7058
GO:0046007	11.4428
GO:0046008	10.7058
GO:0046015	13.0277
GO:0046027	13.0277
GO:0046029	12.0277
GO:0046030	13.0277
GO:0046031	8.4428
GO:0046032	8.4428
GO:0046033	13.0277
GO:0046034	7.3839
GO:0046036	13.0277
GO:0046037	11.4428
GO:0046038	13.0277
GO:0046039	10.7058
GO:0046040	10.2204
GO:0046048	13.0277
GO:0046049	12.0277
GO:0046058	12.0277
GO:0046068	11.4428
GO:0046070	13.0277
GO:0046073	12.0277
GO:0046080	13.0277
GO:0046081	13.0277
GO:0046085	12.0277
GO:0046087	12.0277
GO:0046098	13.0277
GO:0046099	13.0277
GO:0046100	13.0277
GO:0046101	13.0277
GO:0046102	11.4428
GO:0046103	13.0277
GO:0046104	12.0277
GO:0046105	12.0277
GO:0046108	13.0277
GO:0046112	9.5683
GO:0046113	12.0277
GO:0046115	13.0277
GO:0046120	12.0277
GO:0046125	12.0277
GO:0046126	12.0277
GO:0046128	10.2204
GO:0046129	12.0277
GO:0046130	11.4428
GO:0046131	11.4428
GO:0046132	13.0277
GO:0046133	13.0277
GO:0046134	9.7058
GO:0046135	10.0277
GO:0046136	13.0277
GO:0046137	12.0277
GO:0046146	11.4428
GO:0046148	8.3273
GO:0046149	12.0277
GO:0046152	10.2204
GO:0046154	10.2204
GO:0046158	10.2204
GO:0046164	9.7058
GO:0046165	7.6354
GO:0046166	13.0277
GO:0046167	12.0277
GO:0046173	9.7058
GO:0046174	13.0277
GO:0046184	10.7058
GO:0046185	11.0277
GO:0046189	9.8578
GO:0046204	13.0277
GO:0046208	13.0277
GO:0046209	10.7058
GO:0046219	10.7058
GO:0046222	13.0277
GO:0046247	13.0277
GO:0046295	13.0277
GO:0046305	13.0277
GO:0046320	10.7058
GO:0046321	11.4428
GO:0046324	10.2204
GO:0046325	12.0277
GO:0046326	10.7058
GO:0046328	7.7798
GO:0046329	9.0277
GO:0046330	8.5683
GO:0046331	12.0277
GO:0046332	8.5683
GO:0046333	13.0277
GO:0046337	9.4428
GO:0046339	12.0277
GO:0046348	11.4428
GO:0046349	10.7058
GO:0046351	10.4428
GO:0046352	9.8578
GO:0046356	12.0277
GO:0046364	8.0735
GO:0046365	8.4428
GO:0046368	10.7058
GO:0046380	13.0277
GO:0046385	12.0277
GO:0046386	10.2204
GO:0046390	7.5042
GO:0046391	11.4428
GO:0046394	6.1089
GO:0046395	6.2464
GO:0046398	13.0277
GO:0046403	13.0277
GO:0046404	13.0277
GO:0046415	11.0277
GO:0046417	13.0277
GO:0046421	13.0277
GO:0046425	8.5042
GO:0046426	9.8578
GO:0046427	9.5683
GO:0046434	7.1698
GO:0046443	12.0277
GO:0046444	13.0277
GO:0046452	12.0277
GO:0046456	8.8578
GO:0046457	9.8578
GO:0046459	12.0277
GO:0046460	10.7058
GO:0046461	9.8578
GO:0046462	13.0277
GO:0046463	10.7058
GO:0046464	10.0277
GO:0046469	13.0277
GO:0046470	7.9833
GO:0046471	9.3273
GO:0046473	8.4428
GO:0046474	6.3984
GO:0046475	10.4428
GO:0046477	13.0277
GO:0046479	11.4428
GO:0046485	11.4428
GO:0046486	5.7240
GO:0046487	10.4428
GO:0046488	7.4731
GO:0046490	13.0277
GO:0046495	12.0277
GO:0046496	7.1208
GO:0046500	10.4428
GO:0046502	13.0277
GO:0046503	9.3273
GO:0046504	12.0277
GO:0046508	12.0277
GO:0046512	11.0277
GO:0046513	9.1208
GO:0046514	10.7058
GO:0046519	11.0277
GO:0046520	11.0277
GO:0046523	13.0277
GO:0046525	13.0277
GO:0046527	9.4428
GO:0046528	10.4428
GO:0046529	10.4428
GO:0046530	8.3273
GO:0046532	11.4428
GO:0046533	13.0277
GO:0046534	13.0277
GO:0046536	12.0277
GO:0046539	13.0277
GO:0046540	8.7798
GO:0046545	10.0277
GO:0046546	9.8578
GO:0046552	10.4428
GO:0046574	11.4428
GO:0046578	8.9403
GO:0046579	9.2204
GO:0046580	11.4428
GO:0046592	12.0277
GO:0046595	13.0277
GO:0046596	10.4428
GO:0046597	10.2204
GO:0046598	11.0277
GO:0046599	10.7058
GO:0046600	12.0277
GO:0046601	13.0277
GO:0046602	11.4428
GO:0046605	9.2204
GO:0046606	11.4428
GO:0046618	12.0277
GO:0046620	10.4428
GO:0046621	12.0277
GO:0046622	11.4428
GO:0046623	13.0277
GO:0046624	11.4428
GO:0046625	10.4428
GO:0046626	10.2204
GO:0046627	10.4428
GO:0046628	13.0277
GO:0046629	12.0277
GO:0046631	11.4428
GO:0046632	12.0277
GO:0046634	9.5683
GO:0046635	10.4428
GO:0046636	10.4428
GO:0046637	11.4428
GO:0046638	12.0277
GO:0046639	12.0277
GO:0046640	11.0277
GO:0046641	11.4428
GO:0046642	12.0277
GO:0046649	8.0277
GO:0046651	11.4428
GO:0046653	10.0277
GO:0046654	10.4428
GO:0046655	9.5683
GO:0046656	13.0277
GO:0046657	13.0277
GO:0046660	9.8578
GO:0046661	9.4428
GO:0046662	10.4428
GO:0046664	11.4428
GO:0046668	10.4428
GO:0046669	10.4428
GO:0046670	11.4428
GO:0046671	12.0277
GO:0046672	11.4428
GO:0046673	12.0277
GO:0046676	13.0277
GO:0046677	10.2204
GO:0046680	13.0277
GO:0046683	9.3273
GO:0046685	9.5683
GO:0046686	9.1208
GO:0046688	10.4428
GO:0046689	11.4428
GO:0046692	10.4428
GO:0046693	12.0277
GO:0046695	11.0277
GO:0046696	13.0277
GO:0046697	12.0277
GO:0046701	13.0277
GO:0046703	12.0277
GO:0046710	13.0277
GO:0046711	13.0277
GO:0046716	10.0277
GO:0046717	12.0277
GO:0046718	9.8578
GO:0046719	11.0277
GO:0046725	13.0277
GO:0046726	12.0277
GO:0046745	13.0277
GO:0046755	9.7058
GO:0046777	7.3273
GO:0046782	9.2204
GO:0046784	10.7058
GO:0046785	10.7058
GO:0046789	13.0277
GO:0046790	11.4428
GO:0046794	8.9403
GO:0046812	13.0277
GO:0046813	13.0277
GO:0046814	13.0277
GO:0046817	13.0277
GO:0046820	13.0277
GO:0046822	8.2728
GO:0046823	10.4428
GO:0046824	9.2204
GO:0046825	10.4428
GO:0046826	13.0277
GO:0046827	11.0277
GO:0046828	13.0277
GO:0046830	13.0277
GO:0046831	11.0277
GO:0046833	12.0277
GO:0046834	10.4428
GO:0046835	10.7058
GO:0046836	13.0277
GO:0046839	8.9403
GO:0046843	9.7058
GO:0046844	13.0277
GO:0046847	11.4428
GO:0046849	10.7058
GO:0046850	11.4428
GO:0046854	9.8578
GO:0046856	9.4428
GO:0046857	13.0277
GO:0046864	13.0277
GO:0046865	13.0277
GO:0046866	13.0277
GO:0046867	13.0277
GO:0046872	5.1574
GO:0046873	6.0277
GO:0046874	12.0277
GO:0046875	10.7058
GO:0046877	13.0277
GO:0046879	11.4428
GO:0046880	12.0277
GO:0046881	12.0277
GO:0046882	13.0277
GO:0046883	7.7423
GO:0046885	10.0277
GO:0046886	12.0277
GO:0046887	8.9403
GO:0046888	10.7058
GO:0046889	8.7798
GO:0046890	7.3273
GO:0046898	13.0277
GO:0046900	13.0277
GO:0046901	13.0277
GO:0046902	10.0277
GO:0046903	4.6099
GO:0046906	8.3839
GO:0046907	3.9943
GO:0046912	10.2204
GO:0046914	6.1451
GO:0046915	9.0277
GO:0046920	10.7058
GO:0046921	13.0277
GO:0046922	12.0277
GO:0046923	13.0277
GO:0046928	9.7058
GO:0046929	11.4428
GO:0046930	12.0277
GO:0046931	10.7058
GO:0046933	10.2204
GO:0046934	13.0277
GO:0046942	6.8379
GO:0046943	7.0505
GO:0046949	9.1208
GO:0046951	10.7058
GO:0046952	12.0277
GO:0046956	13.0277
GO:0046957	12.0277
GO:0046958	10.7058
GO:0046959	10.7058
GO:0046961	8.9403
GO:0046963	13.0277
GO:0046964	13.0277
GO:0046965	13.0277
GO:0046966	10.0277
GO:0046967	11.0277
GO:0046970	12.0277
GO:0046972	13.0277
GO:0046974	12.0277
GO:0046975	13.0277
GO:0046976	12.0277
GO:0046977	13.0277
GO:0046979	13.0277
GO:0046982	6.2464
GO:0046983	4.6570
GO:0047020	13.0277
GO:0047022	13.0277
GO:0047023	11.4428
GO:0047025	13.0277
GO:0047035	13.0277
GO:0047044	13.0277
GO:0047045	13.0277
GO:0047066	12.0277
GO:0047086	13.0277
GO:0047127	13.0277
GO:0047134	10.7058
GO:0047144	13.0277
GO:0047173	13.0277
GO:0047184	12.0277
GO:0047186	13.0277
GO:0047196	13.0277
GO:0047220	13.0277
GO:0047223	13.0277
GO:0047280	13.0277
GO:0047288	12.0277
GO:0047341	13.0277
GO:0047349	13.0277
GO:0047369	13.0277
GO:0047372	10.7058
GO:0047395	13.0277
GO:0047402	13.0277
GO:0047429	12.0277
GO:0047433	13.0277
GO:0047444	12.0277
GO:0047464	13.0277
GO:0047484	11.0277
GO:0047493	13.0277
GO:0047496	11.4428
GO:0047497	10.4428
GO:0047507	13.0277
GO:0047522	13.0277
GO:0047536	13.0277
GO:0047555	10.7058
GO:0047560	13.0277
GO:0047598	13.0277
GO:0047613	13.0277
GO:0047617	10.4428
GO:0047620	13.0277
GO:0047623	13.0277
GO:0047631	13.0277
GO:0047635	10.7058
GO:0047696	13.0277
GO:0047704	13.0277
GO:0047708	13.0277
GO:0047710	13.0277
GO:0047714	13.0277
GO:0047718	13.0277
GO:0047724	13.0277
GO:0047756	13.0277
GO:0047757	13.0277
GO:0047770	13.0277
GO:0047787	13.0277
GO:0047804	12.0277
GO:0047809	12.0277
GO:0047894	13.0277
GO:0047918	13.0277
GO:0047933	13.0277
GO:0047938	13.0277
GO:0047939	13.0277
GO:0047941	13.0277
GO:0047946	13.0277
GO:0047952	11.4428
GO:0047961	13.0277
GO:0048002	6.9616
GO:0048008	11.4428
GO:0048010	8.0277
GO:0048011	10.2204
GO:0048012	11.4428
GO:0048013	8.0735
GO:0048014	11.4428
GO:0048015	10.4428
GO:0048018	6.9833
GO:0048019	10.7058
GO:0048020	10.2204
GO:0048021	12.0277
GO:0048023	12.0277
GO:0048024	8.5683
GO:0048025	12.0277
GO:0048026	11.4428
GO:0048027	9.5683
GO:0048029	9.4428
GO:0048030	12.0277
GO:0048036	10.7058
GO:0048038	11.0277
GO:0048039	13.0277
GO:0048040	13.0277
GO:0048041	11.0277
GO:0048047	12.0277
GO:0048060	12.0277
GO:0048065	12.0277
GO:0048066	7.9833
GO:0048067	10.4428
GO:0048069	8.8578
GO:0048070	9.5683
GO:0048072	10.7058
GO:0048073	11.4428
GO:0048075	13.0277
GO:0048076	11.4428
GO:0048078	13.0277
GO:0048079	10.4428
GO:0048081	13.0277
GO:0048082	10.7058
GO:0048085	11.4428
GO:0048087	11.0277
GO:0048100	12.0277
GO:0048102	12.0277
GO:0048104	13.0277
GO:0048132	10.2204
GO:0048133	13.0277
GO:0048134	10.4428
GO:0048135	10.7058
GO:0048137	11.0277
GO:0048138	10.7058
GO:0048139	13.0277
GO:0048140	11.0277
GO:0048142	11.4428
GO:0048143	13.0277
GO:0048145	9.5683
GO:0048146	10.2204
GO:0048147	11.0277
GO:0048148	11.4428
GO:0048149	9.3273
GO:0048156	11.4428
GO:0048167	9.3273
GO:0048168	12.0277
GO:0048179	13.0277
GO:0048180	13.0277
GO:0048185	10.7058
GO:0048188	10.4428
GO:0048190	10.0277
GO:0048193	5.4130
GO:0048194	12.0277
GO:0048200	13.0277
GO:0048205	13.0277
GO:0048208	8.4428
GO:0048210	12.0277
GO:0048214	13.0277
GO:0048215	13.0277
GO:0048227	9.7058
GO:0048232	6.3839
GO:0048237	13.0277
GO:0048240	12.0277
GO:0048244	13.0277
GO:0048245	11.4428
GO:0048246	11.4428
GO:0048247	11.0277
GO:0048248	12.0277
GO:0048250	13.0277
GO:0048252	13.0277
GO:0048254	11.0277
GO:0048255	10.4428
GO:0048256	11.0277
GO:0048259	8.1208
GO:0048260	8.7798
GO:0048261	10.0277
GO:0048265	13.0277
GO:0048266	13.0277
GO:0048268	12.0277
GO:0048279	13.0277
GO:0048280	11.0277
GO:0048284	7.0735
GO:0048285	5.8679
GO:0048291	13.0277
GO:0048296	13.0277
GO:0048298	13.0277
GO:0048306	8.8578
GO:0048308	8.5683
GO:0048309	11.4428
GO:0048311	9.4428
GO:0048313	11.4428
GO:0048332	10.0277
GO:0048333	11.4428
GO:0048337	13.0277
GO:0048382	13.0277
GO:0048383	11.4428
GO:0048384	13.0277
GO:0048385	10.7058
GO:0048387	11.0277
GO:0048388	12.0277
GO:0048406	11.4428
GO:0048407	13.0277
GO:0048468	4.3695
GO:0048469	7.7798
GO:0048471	6.1948
GO:0048475	7.7798
GO:0048477	6.2204
GO:0048483	13.0277
GO:0048485	13.0277
GO:0048487	10.0277
GO:0048488	10.0277
GO:0048489	11.0277
GO:0048491	13.0277
GO:0048495	13.0277
GO:0048499	13.0277
GO:0048500	10.7058
GO:0048511	7.2728
GO:0048512	9.3273
GO:0048513	4.3066
GO:0048514	8.3273
GO:0048515	7.9403
GO:0048518	2.4325
GO:0048519	2.7881
GO:0048520	10.4428
GO:0048521	12.0277
GO:0048522	2.5910
GO:0048523	2.8666
GO:0048524	8.1698
GO:0048525	8.7058
GO:0048526	13.0277
GO:0048531	12.0277
GO:0048534	9.5683
GO:0048539	12.0277
GO:0048542	9.8578
GO:0048545	8.4428
GO:0048546	9.7058
GO:0048548	11.4428
GO:0048549	13.0277
GO:0048550	12.0277
GO:0048557	12.0277
GO:0048562	9.8578
GO:0048565	8.7798
GO:0048566	11.4428
GO:0048567	11.4428
GO:0048568	8.6354
GO:0048580	13.0277
GO:0048581	13.0277
GO:0048583	2.9576
GO:0048584	3.7751
GO:0048585	4.4925
GO:0048588	8.7798
GO:0048589	7.3273
GO:0048592	7.4731
GO:0048593	12.0277
GO:0048598	7.0735
GO:0048599	8.0277
GO:0048601	13.0277
GO:0048608	8.1698
GO:0048609	4.9509
GO:0048611	13.0277
GO:0048613	13.0277
GO:0048615	13.0277
GO:0048619	10.7058
GO:0048625	13.0277
GO:0048626	13.0277
GO:0048634	9.7058
GO:0048635	10.7058
GO:0048636	11.4428
GO:0048638	7.2464
GO:0048639	8.3273
GO:0048640	9.0277
GO:0048641	11.4428
GO:0048642	13.0277
GO:0048643	13.0277
GO:0048644	10.2204
GO:0048645	9.8578
GO:0048646	5.4964
GO:0048659	13.0277
GO:0048660	8.7798
GO:0048661	9.3273
GO:0048662	10.2204
GO:0048663	10.2204
GO:0048665	11.4428
GO:0048666	5.9297
GO:0048667	6.5199
GO:0048668	12.0277
GO:0048670	13.0277
GO:0048672	13.0277
GO:0048674	13.0277
GO:0048675	9.5683
GO:0048678	11.4428
GO:0048679	11.4428
GO:0048680	11.4428
GO:0048682	12.0277
GO:0048686	13.0277
GO:0048687	13.0277
GO:0048691	13.0277
GO:0048699	5.5683
GO:0048704	13.0277
GO:0048705	9.8578
GO:0048706	12.0277
GO:0048707	6.7240
GO:0048708	12.0277
GO:0048709	11.0277
GO:0048710	11.4428
GO:0048711	13.0277
GO:0048712	13.0277
GO:0048713	12.0277
GO:0048714	12.0277
GO:0048728	13.0277
GO:0048729	6.5520
GO:0048730	11.4428
GO:0048731	4.0137
GO:0048732	7.7798
GO:0048733	13.0277
GO:0048736	7.1451
GO:0048737	7.2728
GO:0048738	9.5683
GO:0048741	13.0277
GO:0048745	13.0277
GO:0048749	7.1451
GO:0048753	9.8578
GO:0048754	9.2204
GO:0048757	10.2204
GO:0048762	9.5683
GO:0048763	11.4428
GO:0048769	13.0277
GO:0048770	10.4428
GO:0048771	10.7058
GO:0048786	10.0277
GO:0048788	13.0277
GO:0048789	13.0277
GO:0048790	13.0277
GO:0048799	11.4428
GO:0048800	13.0277
GO:0048803	11.4428
GO:0048804	13.0277
GO:0048805	11.0277
GO:0048806	10.2204
GO:0048807	13.0277
GO:0048808	11.4428
GO:0048812	6.4731
GO:0048813	8.5683
GO:0048814	10.7058
GO:0048819	13.0277
GO:0048821	12.0277
GO:0048839	11.0277
GO:0048841	13.0277
GO:0048844	13.0277
GO:0048846	13.0277
GO:0048854	13.0277
GO:0048856	3.0619
GO:0048857	8.9403
GO:0048858	6.4579
GO:0048859	10.0277
GO:0048863	10.0277
GO:0048864	12.0277
GO:0048869	3.8882
GO:0048870	5.0735
GO:0048871	6.9403
GO:0048872	8.6354
GO:0048873	12.0277
GO:0048878	5.3204
GO:0048880	6.7989
GO:0048934	12.0277
GO:0048935	12.0277
GO:0050000	8.1698
GO:0050018	11.4428
GO:0050023	13.0277
GO:0050051	13.0277
GO:0050080	13.0277
GO:0050115	13.0277
GO:0050124	13.0277
GO:0050145	9.8578
GO:0050152	13.0277
GO:0050178	12.0277
GO:0050185	13.0277
GO:0050201	13.0277
GO:0050203	13.0277
GO:0050211	12.0277
GO:0050220	13.0277
GO:0050221	13.0277
GO:0050253	13.0277
GO:0050262	12.0277
GO:0050263	13.0277
GO:0050265	13.0277
GO:0050278	13.0277
GO:0050290	13.0277
GO:0050291	12.0277
GO:0050294	13.0277
GO:0050295	12.0277
GO:0050308	10.7058
GO:0050309	12.0277
GO:0050321	12.0277
GO:0050333	13.0277
GO:0050337	13.0277
GO:0050421	12.0277
GO:0050427	9.7058
GO:0050428	11.4428
GO:0050431	10.4428
GO:0050433	12.0277
GO:0050434	10.2204
GO:0050435	10.2204
GO:0050440	13.0277
GO:0050473	13.0277
GO:0050482	12.0277
GO:0050501	13.0277
GO:0050509	12.0277
GO:0050542	12.0277
GO:0050543	12.0277
GO:0050544	12.0277
GO:0050567	10.7058
GO:0050577	12.0277
GO:0050613	13.0277
GO:0050649	13.0277
GO:0050650	10.4428
GO:0050651	12.0277
GO:0050654	9.4428
GO:0050655	12.0277
GO:0050657	6.8183
GO:0050658	6.8183
GO:0050660	9.1208
GO:0050661	9.5683
GO:0050664	10.4428
GO:0050665	13.0277
GO:0050667	10.0277
GO:0050670	7.8985
GO:0050671	8.5042
GO:0050672	9.5683
GO:0050673	9.5683
GO:0050678	7.3839
GO:0050679	8.0735
GO:0050680	8.8578
GO:0050681	10.4428
GO:0050684	8.3273
GO:0050685	10.4428
GO:0050686	12.0277
GO:0050687	10.4428
GO:0050688	8.5683
GO:0050689	12.0277
GO:0050691	9.2204
GO:0050694	13.0277
GO:0050698	10.4428
GO:0050699	11.4428
GO:0050700	11.0277
GO:0050708	7.2998
GO:0050709	10.7058
GO:0050714	8.2204
GO:0050727	7.3273
GO:0050728	8.7058
GO:0050729	8.4428
GO:0050730	7.2998
GO:0050731	7.7423
GO:0050732	9.4428
GO:0050746	10.7058
GO:0050747	12.0277
GO:0050748	12.0277
GO:0050750	10.2204
GO:0050764	8.7798
GO:0050765	11.0277
GO:0050766	9.4428
GO:0050767	7.7798
GO:0050768	8.6354
GO:0050769	8.7798
GO:0050770	9.4428
GO:0050771	10.7058
GO:0050772	10.7058
GO:0050773	9.5683
GO:0050775	11.0277
GO:0050776	4.5359
GO:0050777	7.8578
GO:0050778	5.0334
GO:0050779	8.1698
GO:0050786	10.4428
GO:0050787	13.0277
GO:0050789	1.4232
GO:0050790	4.9140
GO:0050792	7.3273
GO:0050793	4.4167
GO:0050794	1.5304
GO:0050795	8.3839
GO:0050796	8.2728
GO:0050801	5.8780
GO:0050803	7.5042
GO:0050804	7.7798
GO:0050805	11.4428
GO:0050806	10.2204
GO:0050807	7.6015
GO:0050808	7.0970
GO:0050810	8.2728
GO:0050811	12.0277
GO:0050812	11.4428
GO:0050815	10.4428
GO:0050817	6.5199
GO:0050818	9.8578
GO:0050819	10.2204
GO:0050820	11.4428
GO:0050821	7.0735
GO:0050826	13.0277
GO:0050829	7.2728
GO:0050830	7.6702
GO:0050831	13.0277
GO:0050832	8.9403
GO:0050833	12.0277
GO:0050839	5.9833
GO:0050840	9.8578
GO:0050843	13.0277
GO:0050847	13.0277
GO:0050848	9.0277
GO:0050849	10.7058
GO:0050850	10.2204
GO:0050851	7.1948
GO:0050852	7.4130
GO:0050853	10.0277
GO:0050854	9.2204
GO:0050855	10.7058
GO:0050856	9.7058
GO:0050857	10.4428
GO:0050858	10.2204
GO:0050859	11.4428
GO:0050860	11.0277
GO:0050861	13.0277
GO:0050862	10.7058
GO:0050863	7.1208
GO:0050864	9.3273
GO:0050865	6.5359
GO:0050866	8.3273
GO:0050867	7.0970
GO:0050868	9.2204
GO:0050869	11.0277
GO:0050870	7.5359
GO:0050871	9.8578
GO:0050877	5.2662
GO:0050878	6.1822
GO:0050879	10.7058
GO:0050881	10.7058
GO:0050882	13.0277
GO:0050885	12.0277
GO:0050886	10.4428
GO:0050890	7.0505
GO:0050891	9.1208
GO:0050892	10.7058
GO:0050896	1.8367
GO:0050898	12.0277
GO:0050900	6.0505
GO:0050901	11.0277
GO:0050905	9.5683
GO:0050906	7.0735
GO:0050907	7.3273
GO:0050908	11.4428
GO:0050909	7.9833
GO:0050911	8.3273
GO:0050912	8.6354
GO:0050913	8.5683
GO:0050914	13.0277
GO:0050915	12.0277
GO:0050916	10.0277
GO:0050917	13.0277
GO:0050918	10.2204
GO:0050919	10.2204
GO:0050920	7.3839
GO:0050921	7.8985
GO:0050922	10.4428
GO:0050926	10.4428
GO:0050927	10.7058
GO:0050928	13.0277
GO:0050930	13.0277
GO:0050931	10.0277
GO:0050932	12.0277
GO:0050942	12.0277
GO:0050951	11.0277
GO:0050953	8.5042
GO:0050954	7.8985
GO:0050955	12.0277
GO:0050957	13.0277
GO:0050958	13.0277
GO:0050960	12.0277
GO:0050961	11.0277
GO:0050962	10.7058
GO:0050965	11.4428
GO:0050966	12.0277
GO:0050968	13.0277
GO:0050974	12.0277
GO:0050975	12.0277
GO:0050980	13.0277
GO:0050982	11.4428
GO:0050993	13.0277
GO:0050994	9.4428
GO:0050995	11.4428
GO:0050996	10.2204
GO:0050997	9.7058
GO:0050998	12.0277
GO:0050999	9.5683
GO:0051000	11.0277
GO:0051005	11.4428
GO:0051006	12.0277
GO:0051010	11.0277
GO:0051011	12.0277
GO:0051012	13.0277
GO:0051014	11.0277
GO:0051015	8.4428
GO:0051016	13.0277
GO:0051017	8.8578
GO:0051018	10.4428
GO:0051019	11.0277
GO:0051020	6.8578
GO:0051028	7.2728
GO:0051029	13.0277
GO:0051030	13.0277
GO:0051031	9.2204
GO:0051036	12.0277
GO:0051040	13.0277
GO:0051042	13.0277
GO:0051043	10.2204
GO:0051044	11.0277
GO:0051045	11.4428
GO:0051046	6.3135
GO:0051047	7.2998
GO:0051048	8.3839
GO:0051049	4.6614
GO:0051050	5.6440
GO:0051051	6.5848
GO:0051052	6.2863
GO:0051053	7.6354
GO:0051054	7.6702
GO:0051055	9.0277
GO:0051056	7.1451
GO:0051057	8.7058
GO:0051058	9.5683
GO:0051059	10.0277
GO:0051066	13.0277
GO:0051078	13.0277
GO:0051081	10.4428
GO:0051083	12.0277
GO:0051087	8.0277
GO:0051093	6.1451
GO:0051094	5.5199
GO:0051096	12.0277
GO:0051097	13.0277
GO:0051098	7.0277
GO:0051099	8.0277
GO:0051100	8.1698
GO:0051101	8.3839
GO:0051117	8.7058
GO:0051119	9.2204
GO:0051123	9.7058
GO:0051124	9.8578
GO:0051125	9.5683
GO:0051126	11.0277
GO:0051127	10.2204
GO:0051128	3.9036
GO:0051129	5.8086
GO:0051130	5.0735
GO:0051131	9.8578
GO:0051133	12.0277
GO:0051134	13.0277
GO:0051135	13.0277
GO:0051139	11.4428
GO:0051146	8.0735
GO:0051147	8.9403
GO:0051148	11.0277
GO:0051149	9.4428
GO:0051150	11.4428
GO:0051151	13.0277
GO:0051152	12.0277
GO:0051153	10.0277
GO:0051154	11.4428
GO:0051155	10.7058
GO:0051156	9.2204
GO:0051168	6.7798
GO:0051169	6.2728
GO:0051170	7.9403
GO:0051174	7.6015
GO:0051177	11.0277
GO:0051179	2.2513
GO:0051180	8.7798
GO:0051189	11.0277
GO:0051204	9.4428
GO:0051205	8.8578
GO:0051209	10.2204
GO:0051213	8.1698
GO:0051216	9.4428
GO:0051219	8.1208
GO:0051222	7.5683
GO:0051223	6.5520
GO:0051224	8.9403
GO:0051225	7.6015
GO:0051228	13.0277
GO:0051229	12.0277
GO:0051230	11.4428
GO:0051231	9.7058
GO:0051233	9.4428
GO:0051234	2.3812
GO:0051235	8.7058
GO:0051236	6.7989
GO:0051237	12.0277
GO:0051239	3.9590
GO:0051240	4.9616
GO:0051241	5.6968
GO:0051246	4.1208
GO:0051247	4.8831
GO:0051248	5.6614
GO:0051249	6.7989
GO:0051250	8.7798
GO:0051251	7.2464
GO:0051252	3.9297
GO:0051253	5.4579
GO:0051254	4.7423
GO:0051255	10.0277
GO:0051256	10.4428
GO:0051257	13.0277
GO:0051258	8.9403
GO:0051259	6.2333
GO:0051260	6.9192
GO:0051261	9.5683
GO:0051262	8.0735
GO:0051268	13.0277
GO:0051269	13.0277
GO:0051273	11.0277
GO:0051274	11.4428
GO:0051276	5.2795
GO:0051278	13.0277
GO:0051279	8.9403
GO:0051280	11.0277
GO:0051281	10.0277
GO:0051286	8.3273
GO:0051287	10.2204
GO:0051289	8.7798
GO:0051290	10.4428
GO:0051291	9.7058
GO:0051292	10.7058
GO:0051293	9.0277
GO:0051294	9.4428
GO:0051295	13.0277
GO:0051296	13.0277
GO:0051298	11.0277
GO:0051299	11.0277
GO:0051300	10.7058
GO:0051301	6.1948
GO:0051302	7.8985
GO:0051304	10.4428
GO:0051305	12.0277
GO:0051306	11.4428
GO:0051307	13.0277
GO:0051310	8.3839
GO:0051311	12.0277
GO:0051315	12.0277
GO:0051316	13.0277
GO:0051321	5.9616
GO:0051336	6.6527
GO:0051338	5.6790
GO:0051341	8.8578
GO:0051345	7.2728
GO:0051346	8.4428
GO:0051349	9.0277
GO:0051351	13.0277
GO:0051353	10.2204
GO:0051354	11.4428
GO:0051371	13.0277
GO:0051373	13.0277
GO:0051377	11.4428
GO:0051378	11.4428
GO:0051379	11.4428
GO:0051380	12.0277
GO:0051382	8.9403
GO:0051383	8.7798
GO:0051384	10.2204
GO:0051386	12.0277
GO:0051388	13.0277
GO:0051393	11.4428
GO:0051403	9.2204
GO:0051409	13.0277
GO:0051424	13.0277
GO:0051427	12.0277
GO:0051438	8.7058
GO:0051443	9.5683
GO:0051444	9.8578
GO:0051445	9.5683
GO:0051446	11.4428
GO:0051447	10.4428
GO:0051451	12.0277
GO:0051452	8.0277
GO:0051453	7.8578
GO:0051454	13.0277
GO:0051455	13.0277
GO:0051457	11.0277
GO:0051459	13.0277
GO:0051460	13.0277
GO:0051462	13.0277
GO:0051464	13.0277
GO:0051480	9.5683
GO:0051481	12.0277
GO:0051489	9.5683
GO:0051491	10.4428
GO:0051492	9.4428
GO:0051493	6.2728
GO:0051494	8.3839
GO:0051495	7.6702
GO:0051496	10.2204
GO:0051497	11.0277
GO:0051503	9.5683
GO:0051510	13.0277
GO:0051512	13.0277
GO:0051513	13.0277
GO:0051515	13.0277
GO:0051536	9.7058
GO:0051537	10.7058
GO:0051539	11.0277
GO:0051540	9.7058
GO:0051541	13.0277
GO:0051546	13.0277
GO:0051547	13.0277
GO:0051548	13.0277
GO:0051552	12.0277
GO:0051560	10.2204
GO:0051561	10.7058
GO:0051575	11.0277
GO:0051580	11.0277
GO:0051582	12.0277
GO:0051584	11.4428
GO:0051586	12.0277
GO:0051588	9.2204
GO:0051589	11.4428
GO:0051590	11.4428
GO:0051591	10.7058
GO:0051592	8.7798
GO:0051593	13.0277
GO:0051594	12.0277
GO:0051597	13.0277
GO:0051598	12.0277
GO:0051599	13.0277
GO:0051601	12.0277
GO:0051602	13.0277
GO:0051604	5.5931
GO:0051606	6.2204
GO:0051607	7.5683
GO:0051608	13.0277
GO:0051610	12.0277
GO:0051615	13.0277
GO:0051621	13.0277
GO:0051623	13.0277
GO:0051640	6.1822
GO:0051641	3.1760
GO:0051642	10.4428
GO:0051645	11.4428
GO:0051646	8.7058
GO:0051647	9.3273
GO:0051648	9.1208
GO:0051649	3.3839
GO:0051650	9.2204
GO:0051651	9.2204
GO:0051653	9.0277
GO:0051654	10.0277
GO:0051656	6.9833
GO:0051660	13.0277
GO:0051663	12.0277
GO:0051664	11.0277
GO:0051665	13.0277
GO:0051666	10.4428
GO:0051668	5.4731
GO:0051670	13.0277
GO:0051683	13.0277
GO:0051693	13.0277
GO:0051697	12.0277
GO:0051701	8.1698
GO:0051702	12.0277
GO:0051703	10.7058
GO:0051707	4.7058
GO:0051709	11.0277
GO:0051712	11.0277
GO:0051715	13.0277
GO:0051716	2.3049
GO:0051717	13.0277
GO:0051721	12.0277
GO:0051723	13.0277
GO:0051726	4.6354
GO:0051728	13.0277
GO:0051729	13.0277
GO:0051730	13.0277
GO:0051731	11.0277
GO:0051734	12.0277
GO:0051735	13.0277
GO:0051736	13.0277
GO:0051747	13.0277
GO:0051748	12.0277
GO:0051765	13.0277
GO:0051766	13.0277
GO:0051775	11.4428
GO:0051780	13.0277
GO:0051781	9.3273
GO:0051782	10.7058
GO:0051783	7.6354
GO:0051784	8.9403
GO:0051785	9.5683
GO:0051787	10.7058
GO:0051788	9.5683
GO:0051791	10.2204
GO:0051792	10.7058
GO:0051793	11.4428
GO:0051797	13.0277
GO:0051800	13.0277
GO:0051851	9.1208
GO:0051861	10.7058
GO:0051864	11.4428
GO:0051865	9.0277
GO:0051870	11.4428
GO:0051875	11.0277
GO:0051879	9.4428
GO:0051880	11.4428
GO:0051881	8.9403
GO:0051884	13.0277
GO:0051893	9.7058
GO:0051894	10.2204
GO:0051895	12.0277
GO:0051896	7.3553
GO:0051897	7.6015
GO:0051898	10.0277
GO:0051899	10.4428
GO:0051900	10.4428
GO:0051901	11.4428
GO:0051902	13.0277
GO:0051904	11.4428
GO:0051905	11.4428
GO:0051917	12.0277
GO:0051918	12.0277
GO:0051920	10.7058
GO:0051923	10.4428
GO:0051924	7.6354
GO:0051926	9.2204
GO:0051928	8.8578
GO:0051930	13.0277
GO:0051931	13.0277
GO:0051938	10.2204
GO:0051952	12.0277
GO:0051953	13.0277
GO:0051959	13.0277
GO:0051960	7.1698
GO:0051961	8.1208
GO:0051962	8.1208
GO:0051963	8.0277
GO:0051964	9.8578
GO:0051965	9.4428
GO:0051966	12.0277
GO:0051968	13.0277
GO:0051969	11.0277
GO:0051970	13.0277
GO:0051971	12.0277
GO:0051977	13.0277
GO:0051983	7.8578
GO:0051984	10.2204
GO:0051985	9.7058
GO:0051987	10.7058
GO:0051988	10.4428
GO:0051990	12.0277
GO:0051996	13.0277
GO:0051998	12.0277
GO:0052027	13.0277
GO:0052040	12.0277
GO:0052041	12.0277
GO:0052128	13.0277
GO:0052129	12.0277
GO:0052150	12.0277
GO:0052372	9.8578
GO:0052381	12.0277
GO:0052547	8.8578
GO:0052548	9.5683
GO:0052597	13.0277
GO:0052629	11.4428
GO:0052642	11.4428
GO:0052646	11.4428
GO:0052650	11.4428
GO:0052651	13.0277
GO:0052652	10.4428
GO:0052657	13.0277
GO:0052658	13.0277
GO:0052689	7.6015
GO:0052723	13.0277
GO:0052724	13.0277
GO:0052742	10.7058
GO:0052743	13.0277
GO:0052744	10.0277
GO:0052745	11.0277
GO:0052767	13.0277
GO:0052798	13.0277
GO:0052803	10.0277
GO:0052805	11.0277
GO:0052815	13.0277
GO:0052834	12.0277
GO:0052851	13.0277
GO:0052866	9.3273
GO:0052869	13.0277
GO:0052871	13.0277
GO:0052890	11.4428
GO:0052901	13.0277
GO:0052927	13.0277
GO:0052929	12.0277
GO:0055001	8.9403
GO:0055002	9.3273
GO:0055003	13.0277
GO:0055006	12.0277
GO:0055007	11.0277
GO:0055008	10.4428
GO:0055010	11.0277
GO:0055013	12.0277
GO:0055021	13.0277
GO:0055023	13.0277
GO:0055024	13.0277
GO:0055026	13.0277
GO:0055028	13.0277
GO:0055029	7.1698
GO:0055037	7.5042
GO:0055038	8.9403
GO:0055056	12.0277
GO:0055057	9.7058
GO:0055059	9.8578
GO:0055062	11.0277
GO:0055064	12.0277
GO:0055070	9.8578
GO:0055071	12.0277
GO:0055074	7.3839
GO:0055075	10.2204
GO:0055078	9.5683
GO:0055080	5.9403
GO:0055081	12.0277
GO:0055082	5.9725
GO:0055085	4.6484
GO:0055086	5.0619
GO:0055087	13.0277
GO:0055088	7.8183
GO:0055090	9.0277
GO:0055091	10.7058
GO:0055092	9.0277
GO:0055093	10.7058
GO:0055094	11.4428
GO:0055095	12.0277
GO:0055096	12.0277
GO:0055100	13.0277
GO:0055102	10.7058
GO:0055105	12.0277
GO:0055106	11.0277
GO:0055117	9.1208
GO:0055119	12.0277
GO:0055123	8.7798
GO:0055131	13.0277
GO:0060003	12.0277
GO:0060004	13.0277
GO:0060012	13.0277
GO:0060021	10.7058
GO:0060025	12.0277
GO:0060026	11.0277
GO:0060027	11.4428
GO:0060031	13.0277
GO:0060033	9.8578
GO:0060041	12.0277
GO:0060043	13.0277
GO:0060045	13.0277
GO:0060046	13.0277
GO:0060047	8.9403
GO:0060048	9.1208
GO:0060054	12.0277
GO:0060055	12.0277
GO:0060061	13.0277
GO:0060070	8.7058
GO:0060071	8.2204
GO:0060074	13.0277
GO:0060075	13.0277
GO:0060076	11.4428
GO:0060077	11.0277
GO:0060078	13.0277
GO:0060081	13.0277
GO:0060089	4.7703
GO:0060090	6.7240
GO:0060097	13.0277
GO:0060099	13.0277
GO:0060101	13.0277
GO:0060135	11.4428
GO:0060142	13.0277
GO:0060143	13.0277
GO:0060147	8.3839
GO:0060148	10.2204
GO:0060149	12.0277
GO:0060155	13.0277
GO:0060159	13.0277
GO:0060161	13.0277
GO:0060167	11.4428
GO:0060168	12.0277
GO:0060169	13.0277
GO:0060170	10.0277
GO:0060173	10.7058
GO:0060179	8.7058
GO:0060180	10.0277
GO:0060184	13.0277
GO:0060187	8.2728
GO:0060188	12.0277
GO:0060189	13.0277
GO:0060192	11.4428
GO:0060193	10.7058
GO:0060198	10.2204
GO:0060199	12.0277
GO:0060200	13.0277
GO:0060201	13.0277
GO:0060203	12.0277
GO:0060205	5.9403
GO:0060211	13.0277
GO:0060213	13.0277
GO:0060216	13.0277
GO:0060228	13.0277
GO:0060229	10.7058
GO:0060230	13.0277
GO:0060231	13.0277
GO:0060232	13.0277
GO:0060236	9.2204
GO:0060237	11.0277
GO:0060242	13.0277
GO:0060245	13.0277
GO:0060249	7.9833
GO:0060250	13.0277
GO:0060251	10.2204
GO:0060252	10.7058
GO:0060253	13.0277
GO:0060255	2.7228
GO:0060259	11.4428
GO:0060260	9.3273
GO:0060261	9.8578
GO:0060263	10.7058
GO:0060264	12.0277
GO:0060265	13.0277
GO:0060266	12.0277
GO:0060267	11.4428
GO:0060268	12.0277
GO:0060271	7.0735
GO:0060272	13.0277
GO:0060284	6.3553
GO:0060285	9.3273
GO:0060287	13.0277
GO:0060291	13.0277
GO:0060292	13.0277
GO:0060293	9.7058
GO:0060294	9.4428
GO:0060295	10.7058
GO:0060297	12.0277
GO:0060298	12.0277
GO:0060300	12.0277
GO:0060302	12.0277
GO:0060304	11.0277
GO:0060305	13.0277
GO:0060306	10.4428
GO:0060307	11.4428
GO:0060308	13.0277
GO:0060309	13.0277
GO:0060312	13.0277
GO:0060314	10.2204
GO:0060315	11.0277
GO:0060317	13.0277
GO:0060322	6.8985
GO:0060323	10.0277
GO:0060324	10.2204
GO:0060325	10.4428
GO:0060326	7.9833
GO:0060327	13.0277
GO:0060330	9.8578
GO:0060331	13.0277
GO:0060332	13.0277
GO:0060333	8.2204
GO:0060334	9.8578
GO:0060335	13.0277
GO:0060336	13.0277
GO:0060337	8.7058
GO:0060338	9.5683
GO:0060339	11.4428
GO:0060340	11.4428
GO:0060341	6.5520
GO:0060342	13.0277
GO:0060348	9.0277
GO:0060349	10.4428
GO:0060350	12.0277
GO:0060351	13.0277
GO:0060352	13.0277
GO:0060353	12.0277
GO:0060355	12.0277
GO:0060359	12.0277
GO:0060368	13.0277
GO:0060369	13.0277
GO:0060370	12.0277
GO:0060371	13.0277
GO:0060372	13.0277
GO:0060373	12.0277
GO:0060390	10.2204
GO:0060391	10.7058
GO:0060392	12.0277
GO:0060395	10.4428
GO:0060396	10.2204
GO:0060397	10.4428
GO:0060398	13.0277
GO:0060400	13.0277
GO:0060411	13.0277
GO:0060413	13.0277
GO:0060415	10.2204
GO:0060416	10.2204
GO:0060420	13.0277
GO:0060421	13.0277
GO:0060429	5.4579
GO:0060438	11.4428
GO:0060439	12.0277
GO:0060446	9.5683
GO:0060456	13.0277
GO:0060457	12.0277
GO:0060470	13.0277
GO:0060474	13.0277
GO:0060485	9.2204
GO:0060491	7.9403
GO:0060536	13.0277
GO:0060537	8.7798
GO:0060538	9.3273
GO:0060541	7.3273
GO:0060542	13.0277
GO:0060543	13.0277
GO:0060544	11.0277
GO:0060546	12.0277
GO:0060556	12.0277
GO:0060557	13.0277
GO:0060560	8.5042
GO:0060562	8.4428
GO:0060563	12.0277
GO:0060567	12.0277
GO:0060571	13.0277
GO:0060572	13.0277
GO:0060573	12.0277
GO:0060579	13.0277
GO:0060581	10.0277
GO:0060582	11.0277
GO:0060589	6.4579
GO:0060590	10.4428
GO:0060591	13.0277
GO:0060625	13.0277
GO:0060627	6.7609
GO:0060628	12.0277
GO:0060631	12.0277
GO:0060632	9.7058
GO:0060633	11.4428
GO:0060644	13.0277
GO:0060675	13.0277
GO:0060684	13.0277
GO:0060688	12.0277
GO:0060696	13.0277
GO:0060698	13.0277
GO:0060699	11.4428
GO:0060700	11.4428
GO:0060702	11.4428
GO:0060706	13.0277
GO:0060711	13.0277
GO:0060712	13.0277
GO:0060715	13.0277
GO:0060730	13.0277
GO:0060731	13.0277
GO:0060732	13.0277
GO:0060738	13.0277
GO:0060753	13.0277
GO:0060754	13.0277
GO:0060759	7.3553
GO:0060760	8.9403
GO:0060761	9.5683
GO:0060765	10.4428
GO:0060766	11.4428
GO:0060786	12.0277
GO:0060795	13.0277
GO:0060810	9.2204
GO:0060811	9.4428
GO:0060828	6.9403
GO:0060836	13.0277
GO:0060839	13.0277
GO:0060840	13.0277
GO:0060856	10.0277
GO:0060857	10.2204
GO:0060903	13.0277
GO:0060904	13.0277
GO:0060907	13.0277
GO:0060911	12.0277
GO:0060913	13.0277
GO:0060914	12.0277
GO:0060923	13.0277
GO:0060956	13.0277
GO:0060957	13.0277
GO:0060962	13.0277
GO:0060964	8.5042
GO:0060965	12.0277
GO:0060966	8.2728
GO:0060967	11.4428
GO:0060972	10.2204
GO:0060988	11.0277
GO:0060993	12.0277
GO:0060996	11.0277
GO:0060997	13.0277
GO:0060998	13.0277
GO:0060999	13.0277
GO:0061005	13.0277
GO:0061008	11.4428
GO:0061013	6.8985
GO:0061014	8.0277
GO:0061015	13.0277
GO:0061024	5.0735
GO:0061025	7.4130
GO:0061028	10.4428
GO:0061035	11.4428
GO:0061036	11.4428
GO:0061041	9.0277
GO:0061042	13.0277
GO:0061043	13.0277
GO:0061044	13.0277
GO:0061045	10.0277
GO:0061046	13.0277
GO:0061048	13.0277
GO:0061057	10.2204
GO:0061058	13.0277
GO:0061060	13.0277
GO:0061061	6.8780
GO:0061081	13.0277
GO:0061091	11.4428
GO:0061093	13.0277
GO:0061097	9.3273
GO:0061098	10.7058
GO:0061099	10.2204
GO:0061101	13.0277
GO:0061133	11.0277
GO:0061134	7.8183
GO:0061135	8.0277
GO:0061136	7.8183
GO:0061138	9.2204
GO:0061154	13.0277
GO:0061157	8.1698
GO:0061158	12.0277
GO:0061162	10.7058
GO:0061163	13.0277
GO:0061174	10.4428
GO:0061176	12.0277
GO:0061178	11.0277
GO:0061180	13.0277
GO:0061183	12.0277
GO:0061184	12.0277
GO:0061186	13.0277
GO:0061187	11.4428
GO:0061188	13.0277
GO:0061189	13.0277
GO:0061190	13.0277
GO:0061200	11.0277
GO:0061202	11.0277
GO:0061245	9.2204
GO:0061311	12.0277
GO:0061314	13.0277
GO:0061316	13.0277
GO:0061318	12.0277
GO:0061319	12.0277
GO:0061320	12.0277
GO:0061326	10.2204
GO:0061327	13.0277
GO:0061328	13.0277
GO:0061331	12.0277
GO:0061332	13.0277
GO:0061333	10.4428
GO:0061337	8.2728
GO:0061339	10.7058
GO:0061343	11.0277
GO:0061351	9.4428
GO:0061355	11.0277
GO:0061356	10.7058
GO:0061357	11.0277
GO:0061358	13.0277
GO:0061365	12.0277
GO:0061370	13.0277
GO:0061371	12.0277
GO:0061382	12.0277
GO:0061387	10.7058
GO:0061436	11.4428
GO:0061437	12.0277
GO:0061438	13.0277
GO:0061439	13.0277
GO:0061440	12.0277
GO:0061441	13.0277
GO:0061443	13.0277
GO:0061445	13.0277
GO:0061448	9.3273
GO:0061458	8.1698
GO:0061459	12.0277
GO:0061462	9.5683
GO:0061484	13.0277
GO:0061501	13.0277
GO:0061503	12.0277
GO:0061504	12.0277
GO:0061507	13.0277
GO:0061512	10.0277
GO:0061513	12.0277
GO:0061515	12.0277
GO:0061517	13.0277
GO:0061518	13.0277
GO:0061525	10.4428
GO:0061526	13.0277
GO:0061564	6.7058
GO:0061572	8.8578
GO:0061578	10.7058
GO:0061580	13.0277
GO:0061582	13.0277
GO:0061606	13.0277
GO:0061608	11.0277
GO:0061609	13.0277
GO:0061614	13.0277
GO:0061615	9.1208
GO:0061617	11.0277
GO:0061620	9.1208
GO:0061621	9.1208
GO:0061628	13.0277
GO:0061629	7.1698
GO:0061630	7.7423
GO:0061631	10.4428
GO:0061635	11.4428
GO:0061638	12.0277
GO:0061640	6.8780
GO:0061643	13.0277
GO:0061645	8.6354
GO:0061649	13.0277
GO:0061650	10.2204
GO:0061656	13.0277
GO:0061659	7.5683
GO:0061665	11.4428
GO:0061668	12.0277
GO:0061670	13.0277
GO:0061673	12.0277
GO:0061676	13.0277
GO:0061684	11.4428
GO:0061685	13.0277
GO:0061687	12.0277
GO:0061689	12.0277
GO:0061695	5.9833
GO:0061696	13.0277
GO:0061700	10.4428
GO:0061702	10.7058
GO:0061709	11.4428
GO:0061714	12.0277
GO:0061723	11.4428
GO:0061731	12.0277
GO:0061733	8.6354
GO:0061734	12.0277
GO:0061736	13.0277
GO:0061738	13.0277
GO:0061739	13.0277
GO:0061740	12.0277
GO:0061744	13.0277
GO:0061753	13.0277
GO:0061756	11.0277
GO:0061760	12.0277
GO:0061763	12.0277
GO:0061769	13.0277
GO:0061770	12.0277
GO:0061771	13.0277
GO:0061783	11.0277
GO:0061792	13.0277
GO:0061802	13.0277
GO:0061803	13.0277
GO:0061815	13.0277
GO:0061819	12.0277
GO:0061820	12.0277
GO:0061827	11.0277
GO:0061842	10.4428
GO:0061844	8.5683
GO:0061857	13.0277
GO:0061864	12.0277
GO:0061865	12.0277
GO:0061867	13.0277
GO:0061883	12.0277
GO:0061888	13.0277
GO:0061896	13.0277
GO:0061897	13.0277
GO:0061898	13.0277
GO:0061899	13.0277
GO:0061900	12.0277
GO:0061908	12.0277
GO:0061919	5.9192
GO:0061929	13.0277
GO:0061944	13.0277
GO:0061945	12.0277
GO:0061951	9.2204
GO:0061952	9.4428
GO:0061953	12.0277
GO:0061980	9.7058
GO:0061982	7.4130
GO:0061983	10.2204
GO:0061988	10.7058
GO:0062009	11.4428
GO:0062012	6.8780
GO:0062013	8.5042
GO:0062014	9.0277
GO:0062037	13.0277
GO:0062092	13.0277
GO:0062098	11.0277
GO:0062099	12.0277
GO:0062105	13.0277
GO:0062124	13.0277
GO:0062125	9.2204
GO:0062128	13.0277
GO:0062197	6.5683
GO:0062207	8.5683
GO:0062208	9.8578
GO:0062232	13.0277
GO:0065001	11.0277
GO:0065002	8.1208
GO:0065003	4.1208
GO:0065004	7.2204
GO:0065005	9.3273
GO:0065007	1.3386
GO:0065008	3.6120
GO:0065009	4.4541
GO:0065010	3.3571
GO:0070001	10.0277
GO:0070003	13.0277
GO:0070006	10.2204
GO:0070008	11.4428
GO:0070013	2.1543
GO:0070025	13.0277
GO:0070026	13.0277
GO:0070034	10.7058
GO:0070037	12.0277
GO:0070039	13.0277
GO:0070050	9.3273
GO:0070051	13.0277
GO:0070053	12.0277
GO:0070058	13.0277
GO:0070059	11.0277
GO:0070061	11.4428
GO:0070062	3.3642
GO:0070063	8.1698
GO:0070064	12.0277
GO:0070069	12.0277
GO:0070070	10.4428
GO:0070071	9.5683
GO:0070072	10.4428
GO:0070080	13.0277
GO:0070081	12.0277
GO:0070083	12.0277
GO:0070086	13.0277
GO:0070089	13.0277
GO:0070095	13.0277
GO:0070096	10.7058
GO:0070097	12.0277
GO:0070098	10.2204
GO:0070102	10.2204
GO:0070106	10.4428
GO:0070110	12.0277
GO:0070119	13.0277
GO:0070120	12.0277
GO:0070124	11.4428
GO:0070125	7.5359
GO:0070126	7.4731
GO:0070127	10.4428
GO:0070129	9.2204
GO:0070130	13.0277
GO:0070131	9.8578
GO:0070141	11.4428
GO:0070144	13.0277
GO:0070152	13.0277
GO:0070156	13.0277
GO:0070159	13.0277
GO:0070160	8.6354
GO:0070161	5.4278
GO:0070163	13.0277
GO:0070165	13.0277
GO:0070166	13.0277
GO:0070167	9.1208
GO:0070168	11.4428
GO:0070169	9.5683
GO:0070180	11.4428
GO:0070181	13.0277
GO:0070182	10.4428
GO:0070184	12.0277
GO:0070187	13.0277
GO:0070192	9.0277
GO:0070193	9.5683
GO:0070194	13.0277
GO:0070195	13.0277
GO:0070198	11.4428
GO:0070199	11.4428
GO:0070201	6.3135
GO:0070202	10.7058
GO:0070203	10.7058
GO:0070206	9.1208
GO:0070207	9.5683
GO:0070210	11.4428
GO:0070211	13.0277
GO:0070212	11.0277
GO:0070213	10.4428
GO:0070224	13.0277
GO:0070227	12.0277
GO:0070228	9.5683
GO:0070229	11.4428
GO:0070230	10.4428
GO:0070231	12.0277
GO:0070232	10.4428
GO:0070233	13.0277
GO:0070234	10.7058
GO:0070239	13.0277
GO:0070241	13.0277
GO:0070250	13.0277
GO:0070252	8.0735
GO:0070254	13.0277
GO:0070255	13.0277
GO:0070257	13.0277
GO:0070259	11.4428
GO:0070260	12.0277
GO:0070262	10.7058
GO:0070266	10.7058
GO:0070268	7.9833
GO:0070269	13.0277
GO:0070273	9.2204
GO:0070274	12.0277
GO:0070278	11.4428
GO:0070279	10.4428
GO:0070286	10.0277
GO:0070291	13.0277
GO:0070292	11.0277
GO:0070293	13.0277
GO:0070296	12.0277
GO:0070300	10.0277
GO:0070301	9.7058
GO:0070302	9.8578
GO:0070303	13.0277
GO:0070304	10.7058
GO:0070306	13.0277
GO:0070316	9.2204
GO:0070317	9.3273
GO:0070320	13.0277
GO:0070324	13.0277
GO:0070325	10.2204
GO:0070326	13.0277
GO:0070327	12.0277
GO:0070328	9.1208
GO:0070330	13.0277
GO:0070336	13.0277
GO:0070339	12.0277
GO:0070340	12.0277
GO:0070358	13.0277
GO:0070370	12.0277
GO:0070371	10.0277
GO:0070372	7.0505
GO:0070373	10.0277
GO:0070374	7.3273
GO:0070376	13.0277
GO:0070378	13.0277
GO:0070381	12.0277
GO:0070382	8.8578
GO:0070383	11.0277
GO:0070390	10.7058
GO:0070391	12.0277
GO:0070401	13.0277
GO:0070402	11.0277
GO:0070403	11.0277
GO:0070404	13.0277
GO:0070407	13.0277
GO:0070410	13.0277
GO:0070411	10.2204
GO:0070412	10.0277
GO:0070417	11.4428
GO:0070419	11.4428
GO:0070424	12.0277
GO:0070426	13.0277
GO:0070431	12.0277
GO:0070432	13.0277
GO:0070434	13.0277
GO:0070436	13.0277
GO:0070449	12.0277
GO:0070461	9.3273
GO:0070462	12.0277
GO:0070463	13.0277
GO:0070475	11.0277
GO:0070476	13.0277
GO:0070478	10.2204
GO:0070481	10.0277
GO:0070482	7.4428
GO:0070485	12.0277
GO:0070486	11.4428
GO:0070487	13.0277
GO:0070488	13.0277
GO:0070489	13.0277
GO:0070492	9.8578
GO:0070493	12.0277
GO:0070494	12.0277
GO:0070495	12.0277
GO:0070498	7.7798
GO:0070506	13.0277
GO:0070507	7.9403
GO:0070508	11.4428
GO:0070509	10.4428
GO:0070513	12.0277
GO:0070516	13.0277
GO:0070522	12.0277
GO:0070527	9.3273
GO:0070528	10.4428
GO:0070530	12.0277
GO:0070531	13.0277
GO:0070534	9.8578
GO:0070536	10.2204
GO:0070539	13.0277
GO:0070542	10.7058
GO:0070550	12.0277
GO:0070551	13.0277
GO:0070552	12.0277
GO:0070555	7.3839
GO:0070561	12.0277
GO:0070566	9.1208
GO:0070567	10.7058
GO:0070568	11.4428
GO:0070569	10.4428
GO:0070570	11.4428
GO:0070572	11.4428
GO:0070573	11.4428
GO:0070574	13.0277
GO:0070576	11.4428
GO:0070578	11.0277
GO:0070579	13.0277
GO:0070583	13.0277
GO:0070585	8.4428
GO:0070587	13.0277
GO:0070588	7.8985
GO:0070590	8.5683
GO:0070591	8.5683
GO:0070592	13.0277
GO:0070594	13.0277
GO:0070602	13.0277
GO:0070603	7.5683
GO:0070611	13.0277
GO:0070612	13.0277
GO:0070613	9.8578
GO:0070623	13.0277
GO:0070628	10.4428
GO:0070633	10.0277
GO:0070634	12.0277
GO:0070635	12.0277
GO:0070636	13.0277
GO:0070637	12.0277
GO:0070638	13.0277
GO:0070644	13.0277
GO:0070646	6.5199
GO:0070647	4.9616
GO:0070649	13.0277
GO:0070651	10.0277
GO:0070652	11.4428
GO:0070661	11.0277
GO:0070663	7.8183
GO:0070664	9.5683
GO:0070665	8.3839
GO:0070666	13.0277
GO:0070668	13.0277
GO:0070669	11.4428
GO:0070670	13.0277
GO:0070671	8.5683
GO:0070672	10.7058
GO:0070673	11.0277
GO:0070676	11.0277
GO:0070679	13.0277
GO:0070681	10.7058
GO:0070682	10.2204
GO:0070692	12.0277
GO:0070695	12.0277
GO:0070696	10.0277
GO:0070697	11.4428
GO:0070698	12.0277
GO:0070699	13.0277
GO:0070700	10.7058
GO:0070704	11.4428
GO:0070715	13.0277
GO:0070717	10.0277
GO:0070723	11.4428
GO:0070724	12.0277
GO:0070725	11.4428
GO:0070726	8.5683
GO:0070728	12.0277
GO:0070729	13.0277
GO:0070731	13.0277
GO:0070732	11.4428
GO:0070733	13.0277
GO:0070735	13.0277
GO:0070736	13.0277
GO:0070737	13.0277
GO:0070739	13.0277
GO:0070740	13.0277
GO:0070741	9.4428
GO:0070757	10.4428
GO:0070761	12.0277
GO:0070762	12.0277
GO:0070765	10.4428
GO:0070772	12.0277
GO:0070775	11.0277
GO:0070776	12.0277
GO:0070777	11.4428
GO:0070778	12.0277
GO:0070779	11.4428
GO:0070781	13.0277
GO:0070783	9.0277
GO:0070784	13.0277
GO:0070813	11.0277
GO:0070814	11.4428
GO:0070820	6.9616
GO:0070821	8.1208
GO:0070822	11.0277
GO:0070823	13.0277
GO:0070828	7.6015
GO:0070830	10.4428
GO:0070831	13.0277
GO:0070836	13.0277
GO:0070837	12.0277
GO:0070840	11.4428
GO:0070841	12.0277
GO:0070842	12.0277
GO:0070843	11.4428
GO:0070844	13.0277
GO:0070845	13.0277
GO:0070846	13.0277
GO:0070847	10.7058
GO:0070848	6.2076
GO:0070849	10.2204
GO:0070851	8.1208
GO:0070853	13.0277
GO:0070854	13.0277
GO:0070855	13.0277
GO:0070857	12.0277
GO:0070859	12.0277
GO:0070860	12.0277
GO:0070864	12.0277
GO:0070865	12.0277
GO:0070873	9.8578
GO:0070874	13.0277
GO:0070875	11.0277
GO:0070876	13.0277
GO:0070877	13.0277
GO:0070878	12.0277
GO:0070879	13.0277
GO:0070880	13.0277
GO:0070883	11.4428
GO:0070884	9.7058
GO:0070885	10.7058
GO:0070886	11.0277
GO:0070887	4.4204
GO:0070888	12.0277
GO:0070889	13.0277
GO:0070891	13.0277
GO:0070897	9.4428
GO:0070898	12.0277
GO:0070900	11.0277
GO:0070901	11.4428
GO:0070905	13.0277
GO:0070911	8.8578
GO:0070914	12.0277
GO:0070918	9.1208
GO:0070920	10.4428
GO:0070922	10.7058
GO:0070925	5.2398
GO:0070934	12.0277
GO:0070935	12.0277
GO:0070936	9.2204
GO:0070937	11.4428
GO:0070938	9.8578
GO:0070939	12.0277
GO:0070941	11.4428
GO:0070942	13.0277
GO:0070943	13.0277
GO:0070944	13.0277
GO:0070945	13.0277
GO:0070948	13.0277
GO:0070949	13.0277
GO:0070953	13.0277
GO:0070960	13.0277
GO:0070961	13.0277
GO:0070965	13.0277
GO:0070966	11.4428
GO:0070971	10.4428
GO:0070972	10.4428
GO:0070976	13.0277
GO:0070977	11.4428
GO:0070979	10.0277
GO:0070983	11.4428
GO:0070984	13.0277
GO:0070985	12.0277
GO:0070987	9.2204
GO:0070988	9.5683
GO:0070989	10.2204
GO:0070990	13.0277
GO:0070991	13.0277
GO:0070993	10.4428
GO:0071000	12.0277
GO:0071001	11.4428
GO:0071004	9.5683
GO:0071005	9.4428
GO:0071006	10.0277
GO:0071007	9.2204
GO:0071008	11.0277
GO:0071010	9.5683
GO:0071011	7.3553
GO:0071012	10.0277
GO:0071013	7.1698
GO:0071014	10.4428
GO:0071025	9.3273
GO:0071026	13.0277
GO:0071027	9.4428
GO:0071028	10.2204
GO:0071031	13.0277
GO:0071034	10.4428
GO:0071035	10.0277
GO:0071036	12.0277
GO:0071037	12.0277
GO:0071038	10.0277
GO:0071039	10.7058
GO:0071040	12.0277
GO:0071041	11.4428
GO:0071042	9.8578
GO:0071044	11.4428
GO:0071047	9.8578
GO:0071051	9.8578
GO:0071062	12.0277
GO:0071071	9.5683
GO:0071072	10.4428
GO:0071073	10.4428
GO:0071074	13.0277
GO:0071103	9.7058
GO:0071104	11.0277
GO:0071107	13.0277
GO:0071108	12.0277
GO:0071109	12.0277
GO:0071139	12.0277
GO:0071140	13.0277
GO:0071141	12.0277
GO:0071144	13.0277
GO:0071159	13.0277
GO:0071162	10.7058
GO:0071163	13.0277
GO:0071168	10.4428
GO:0071169	11.4428
GO:0071173	9.7058
GO:0071174	9.1208
GO:0071203	10.2204
GO:0071204	13.0277
GO:0071209	13.0277
GO:0071211	11.4428
GO:0071212	11.0277
GO:0071214	6.8985
GO:0071216	8.1698
GO:0071218	9.8578
GO:0071219	8.5042
GO:0071220	12.0277
GO:0071221	12.0277
GO:0071222	8.8578
GO:0071223	12.0277
GO:0071224	11.4428
GO:0071225	13.0277
GO:0071226	13.0277
GO:0071229	8.8578
GO:0071230	9.3273
GO:0071231	13.0277
GO:0071233	11.4428
GO:0071236	13.0277
GO:0071242	12.0277
GO:0071243	10.2204
GO:0071244	12.0277
GO:0071248	8.1698
GO:0071254	11.4428
GO:0071255	13.0277
GO:0071256	11.4428
GO:0071257	13.0277
GO:0071260	9.0277
GO:0071261	12.0277
GO:0071276	9.4428
GO:0071277	10.0277
GO:0071280	12.0277
GO:0071281	11.4428
GO:0071285	13.0277
GO:0071294	10.7058
GO:0071295	10.7058
GO:0071300	9.7058
GO:0071305	12.0277
GO:0071307	12.0277
GO:0071311	13.0277
GO:0071312	12.0277
GO:0071316	11.0277
GO:0071318	11.0277
GO:0071320	11.0277
GO:0071322	10.4428
GO:0071324	12.0277
GO:0071326	12.0277
GO:0071329	12.0277
GO:0071331	12.0277
GO:0071332	13.0277
GO:0071333	13.0277
GO:0071339	10.2204
GO:0071344	13.0277
GO:0071345	5.1574
GO:0071346	7.7798
GO:0071347	7.5042
GO:0071349	8.5683
GO:0071350	10.7058
GO:0071351	11.0277
GO:0071352	11.4428
GO:0071353	13.0277
GO:0071354	9.4428
GO:0071355	11.0277
GO:0071356	7.3273
GO:0071357	8.7058
GO:0071359	10.0277
GO:0071360	10.2204
GO:0071361	10.4428
GO:0071363	6.2333
GO:0071364	10.4428
GO:0071371	13.0277
GO:0071372	13.0277
GO:0071374	13.0277
GO:0071375	7.6015
GO:0071377	9.8578
GO:0071378	10.2204
GO:0071379	11.4428
GO:0071380	12.0277
GO:0071383	9.1208
GO:0071384	12.0277
GO:0071385	13.0277
GO:0071390	11.0277
GO:0071391	12.0277
GO:0071392	11.0277
GO:0071394	13.0277
GO:0071395	12.0277
GO:0071396	7.0970
GO:0071398	10.7058
GO:0071400	13.0277
GO:0071402	11.0277
GO:0071403	13.0277
GO:0071404	11.4428
GO:0071406	13.0277
GO:0071409	13.0277
GO:0071415	13.0277
GO:0071418	13.0277
GO:0071420	12.0277
GO:0071421	13.0277
GO:0071422	13.0277
GO:0071423	13.0277
GO:0071425	12.0277
GO:0071439	13.0277
GO:0071444	11.0277
GO:0071450	11.4428
GO:0071451	11.4428
GO:0071453	8.5042
GO:0071455	12.0277
GO:0071456	8.7798
GO:0071459	9.5683
GO:0071462	10.7058
GO:0071464	13.0277
GO:0071465	11.0277
GO:0071466	7.3273
GO:0071467	11.4428
GO:0071468	12.0277
GO:0071470	9.7058
GO:0071472	11.0277
GO:0071474	13.0277
GO:0071476	13.0277
GO:0071478	7.8183
GO:0071479	9.5683
GO:0071480	10.2204
GO:0071481	13.0277
GO:0071482	8.2728
GO:0071483	13.0277
GO:0071492	13.0277
GO:0071493	12.0277
GO:0071495	5.5279
GO:0071496	9.0277
GO:0071497	13.0277
GO:0071498	11.4428
GO:0071499	13.0277
GO:0071501	13.0277
GO:0071503	13.0277
GO:0071504	13.0277
GO:0071526	11.4428
GO:0071532	13.0277
GO:0071535	12.0277
GO:0071539	11.0277
GO:0071542	12.0277
GO:0071543	13.0277
GO:0071544	13.0277
GO:0071545	13.0277
GO:0071550	11.0277
GO:0071554	7.3553
GO:0071555	7.6354
GO:0071558	13.0277
GO:0071559	7.8985
GO:0071560	7.8985
GO:0071561	12.0277
GO:0071564	12.0277
GO:0071566	13.0277
GO:0071567	13.0277
GO:0071569	11.4428
GO:0071577	12.0277
GO:0071578	12.0277
GO:0071593	13.0277
GO:0071595	11.4428
GO:0071596	13.0277
GO:0071597	13.0277
GO:0071598	12.0277
GO:0071603	12.0277
GO:0071614	13.0277
GO:0071616	8.6354
GO:0071617	9.8578
GO:0071618	13.0277
GO:0071621	9.8578
GO:0071622	9.4428
GO:0071623	13.0277
GO:0071624	10.4428
GO:0071625	10.7058
GO:0071626	13.0277
GO:0071629	11.4428
GO:0071630	11.0277
GO:0071632	12.0277
GO:0071634	10.4428
GO:0071635	13.0277
GO:0071636	11.0277
GO:0071637	11.4428
GO:0071638	13.0277
GO:0071639	12.0277
GO:0071640	13.0277
GO:0071641	13.0277
GO:0071649	13.0277
GO:0071650	13.0277
GO:0071652	13.0277
GO:0071654	13.0277
GO:0071655	13.0277
GO:0071657	13.0277
GO:0071661	13.0277
GO:0071663	13.0277
GO:0071671	12.0277
GO:0071672	13.0277
GO:0071673	12.0277
GO:0071674	8.7058
GO:0071675	8.2204
GO:0071676	11.4428
GO:0071677	8.5042
GO:0071680	12.0277
GO:0071681	12.0277
GO:0071682	10.7058
GO:0071683	10.0277
GO:0071684	12.0277
GO:0071688	12.0277
GO:0071689	13.0277
GO:0071692	8.3273
GO:0071693	13.0277
GO:0071694	13.0277
GO:0071695	7.5683
GO:0071705	5.4503
GO:0071706	12.0277
GO:0071709	9.4428
GO:0071711	10.4428
GO:0071714	13.0277
GO:0071715	11.0277
GO:0071722	13.0277
GO:0071723	13.0277
GO:0071724	13.0277
GO:0071725	12.0277
GO:0071726	13.0277
GO:0071727	12.0277
GO:0071731	12.0277
GO:0071732	13.0277
GO:0071745	13.0277
GO:0071746	13.0277
GO:0071748	13.0277
GO:0071749	13.0277
GO:0071751	13.0277
GO:0071753	13.0277
GO:0071754	13.0277
GO:0071756	13.0277
GO:0071763	9.3273
GO:0071772	8.3273
GO:0071773	8.3273
GO:0071774	7.9403
GO:0071781	12.0277
GO:0071782	9.4428
GO:0071786	11.0277
GO:0071791	13.0277
GO:0071796	13.0277
GO:0071797	11.4428
GO:0071798	13.0277
GO:0071799	13.0277
GO:0071801	11.0277
GO:0071803	11.4428
GO:0071805	8.5042
GO:0071806	8.1208
GO:0071813	10.2204
GO:0071814	10.2204
GO:0071816	12.0277
GO:0071817	11.0277
GO:0071818	13.0277
GO:0071819	13.0277
GO:0071821	13.0277
GO:0071824	6.9616
GO:0071825	8.5042
GO:0071826	6.6015
GO:0071827	8.8578
GO:0071830	11.4428
GO:0071834	13.0277
GO:0071837	13.0277
GO:0071840	2.1359
GO:0071846	13.0277
GO:0071852	7.4130
GO:0071855	12.0277
GO:0071867	10.4428
GO:0071868	10.4428
GO:0071869	10.4428
GO:0071870	10.4428
GO:0071871	13.0277
GO:0071872	13.0277
GO:0071875	11.4428
GO:0071880	13.0277
GO:0071885	12.0277
GO:0071886	13.0277
GO:0071887	11.0277
GO:0071888	13.0277
GO:0071889	11.4428
GO:0071896	13.0277
GO:0071897	7.7058
GO:0071900	6.8379
GO:0071901	8.2204
GO:0071902	8.0277
GO:0071906	13.0277
GO:0071907	12.0277
GO:0071910	12.0277
GO:0071913	13.0277
GO:0071918	12.0277
GO:0071920	13.0277
GO:0071927	13.0277
GO:0071933	11.0277
GO:0071934	13.0277
GO:0071940	8.5683
GO:0071941	10.0277
GO:0071944	2.3377
GO:0071947	13.0277
GO:0071949	9.8578
GO:0071951	13.0277
GO:0071953	11.4428
GO:0071963	13.0277
GO:0071966	13.0277
GO:0071985	8.3839
GO:0071986	10.7058
GO:0071987	11.4428
GO:0072001	8.7798
GO:0072002	10.7058
GO:0072006	10.7058
GO:0072007	13.0277
GO:0072008	13.0277
GO:0072009	13.0277
GO:0072012	13.0277
GO:0072017	13.0277
GO:0072021	13.0277
GO:0072028	13.0277
GO:0072050	13.0277
GO:0072055	13.0277
GO:0072059	13.0277
GO:0072070	13.0277
GO:0072073	13.0277
GO:0072074	13.0277
GO:0072075	13.0277
GO:0072078	13.0277
GO:0072080	13.0277
GO:0072088	13.0277
GO:0072089	11.0277
GO:0072091	10.7058
GO:0072109	13.0277
GO:0072124	12.0277
GO:0072125	13.0277
GO:0072126	13.0277
GO:0072143	13.0277
GO:0072144	13.0277
GO:0072148	13.0277
GO:0072163	13.0277
GO:0072164	13.0277
GO:0072170	13.0277
GO:0072171	13.0277
GO:0072175	11.4428
GO:0072176	13.0277
GO:0072177	13.0277
GO:0072194	13.0277
GO:0072201	13.0277
GO:0072207	13.0277
GO:0072208	13.0277
GO:0072210	13.0277
GO:0072214	13.0277
GO:0072218	13.0277
GO:0072219	13.0277
GO:0072234	13.0277
GO:0072235	13.0277
GO:0072236	13.0277
GO:0072243	13.0277
GO:0072273	13.0277
GO:0072284	13.0277
GO:0072318	13.0277
GO:0072319	12.0277
GO:0072320	12.0277
GO:0072329	7.2728
GO:0072330	6.8379
GO:0072331	9.4428
GO:0072332	9.5683
GO:0072334	11.4428
GO:0072337	9.7058
GO:0072338	13.0277
GO:0072340	13.0277
GO:0072341	8.3839
GO:0072345	13.0277
GO:0072347	11.4428
GO:0072348	8.9403
GO:0072349	10.0277
GO:0072350	10.0277
GO:0072356	13.0277
GO:0072357	12.0277
GO:0072359	6.8780
GO:0072375	11.0277
GO:0072376	9.8578
GO:0072378	9.8578
GO:0072379	13.0277
GO:0072383	12.0277
GO:0072384	8.9403
GO:0072385	13.0277
GO:0072386	12.0277
GO:0072387	11.4428
GO:0072388	13.0277
GO:0072389	13.0277
GO:0072393	13.0277
GO:0072396	11.4428
GO:0072402	12.0277
GO:0072414	13.0277
GO:0072417	13.0277
GO:0072423	12.0277
GO:0072476	13.0277
GO:0072479	13.0277
GO:0072485	13.0277
GO:0072487	12.0277
GO:0072488	11.4428
GO:0072492	13.0277
GO:0072497	13.0277
GO:0072498	13.0277
GO:0072499	12.0277
GO:0072521	5.5199
GO:0072522	6.6702
GO:0072523	7.6702
GO:0072524	6.8985
GO:0072525	9.2204
GO:0072526	8.3273
GO:0072527	7.5042
GO:0072528	8.3273
GO:0072529	9.2204
GO:0072530	12.0277
GO:0072531	13.0277
GO:0072538	13.0277
GO:0072539	13.0277
GO:0072540	13.0277
GO:0072542	11.0277
GO:0072545	13.0277
GO:0072546	10.7058
GO:0072553	12.0277
GO:0072558	12.0277
GO:0072559	11.0277
GO:0072562	7.1948
GO:0072572	13.0277
GO:0072573	13.0277
GO:0072578	12.0277
GO:0072582	12.0277
GO:0072583	9.7058
GO:0072584	12.0277
GO:0072588	11.0277
GO:0072589	11.4428
GO:0072592	13.0277
GO:0072593	8.8578
GO:0072594	5.3624
GO:0072595	9.7058
GO:0072599	6.9833
GO:0072657	7.1451
GO:0072659	7.6702
GO:0072662	9.5683
GO:0072663	7.8183
GO:0072665	7.2998
GO:0072666	7.4428
GO:0072669	10.7058
GO:0072671	11.4428
GO:0072672	12.0277
GO:0072676	10.2204
GO:0072677	11.4428
GO:0072678	10.7058
GO:0072683	12.0277
GO:0072686	7.8183
GO:0072687	10.2204
GO:0072697	12.0277
GO:0072698	10.0277
GO:0072708	13.0277
GO:0072709	13.0277
GO:0072710	11.0277
GO:0072711	11.0277
GO:0072716	13.0277
GO:0072717	13.0277
GO:0072718	13.0277
GO:0072719	13.0277
GO:0072733	13.0277
GO:0072734	13.0277
GO:0072739	13.0277
GO:0072740	13.0277
GO:0072741	13.0277
GO:0072742	13.0277
GO:0072749	13.0277
GO:0072757	13.0277
GO:0072765	12.0277
GO:0075071	12.0277
GO:0075294	11.0277
GO:0075341	13.0277
GO:0075506	13.0277
GO:0075509	13.0277
GO:0075522	12.0277
GO:0075523	13.0277
GO:0075525	13.0277
GO:0075713	10.7058
GO:0075732	13.0277
GO:0075733	8.9403
GO:0080008	9.7058
GO:0080019	13.0277
GO:0080025	9.8578
GO:0080058	13.0277
GO:0080084	13.0277
GO:0080090	2.9297
GO:0080129	12.0277
GO:0080132	12.0277
GO:0080134	4.5439
GO:0080135	6.2204
GO:0080164	10.2204
GO:0080171	9.0277
GO:0085029	11.0277
GO:0085032	13.0277
GO:0086001	9.5683
GO:0086002	10.4428
GO:0086003	10.4428
GO:0086004	10.2204
GO:0086005	12.0277
GO:0086006	12.0277
GO:0086008	11.0277
GO:0086009	9.8578
GO:0086010	10.7058
GO:0086011	10.4428
GO:0086012	11.0277
GO:0086013	10.4428
GO:0086014	12.0277
GO:0086015	13.0277
GO:0086016	13.0277
GO:0086018	13.0277
GO:0086026	12.0277
GO:0086027	13.0277
GO:0086028	13.0277
GO:0086036	13.0277
GO:0086039	13.0277
GO:0086042	12.0277
GO:0086043	13.0277
GO:0086050	13.0277
GO:0086052	13.0277
GO:0086064	10.4428
GO:0086065	9.4428
GO:0086066	12.0277
GO:0086067	13.0277
GO:0086069	11.0277
GO:0086070	13.0277
GO:0086073	12.0277
GO:0086080	13.0277
GO:0086083	13.0277
GO:0086087	13.0277
GO:0086089	12.0277
GO:0086090	13.0277
GO:0086091	9.5683
GO:0089701	12.0277
GO:0089709	13.0277
GO:0089718	10.2204
GO:0089720	10.7058
GO:0090022	10.2204
GO:0090023	10.4428
GO:0090024	13.0277
GO:0090025	9.5683
GO:0090026	9.8578
GO:0090027	13.0277
GO:0090030	10.2204
GO:0090031	12.0277
GO:0090032	11.4428
GO:0090034	13.0277
GO:0090035	13.0277
GO:0090036	11.0277
GO:0090037	12.0277
GO:0090038	12.0277
GO:0090042	12.0277
GO:0090049	10.2204
GO:0090050	11.0277
GO:0090051	11.4428
GO:0090054	13.0277
GO:0090062	13.0277
GO:0090063	13.0277
GO:0090066	6.5199
GO:0090067	13.0277
GO:0090068	6.9616
GO:0090069	11.4428
GO:0090070	12.0277
GO:0090071	13.0277
GO:0090075	12.0277
GO:0090077	12.0277
GO:0090083	11.0277
GO:0090084	11.4428
GO:0090085	10.4428
GO:0090086	11.4428
GO:0090087	8.0735
GO:0090088	13.0277
GO:0090089	13.0277
GO:0090090	7.7798
GO:0090091	12.0277
GO:0090092	7.1698
GO:0090100	8.3839
GO:0090101	7.9833
GO:0090102	12.0277
GO:0090103	13.0277
GO:0090109	9.7058
GO:0090110	11.4428
GO:0090114	8.2204
GO:0090118	13.0277
GO:0090130	8.2204
GO:0090132	8.3839
GO:0090136	11.0277
GO:0090140	9.7058
GO:0090141	9.8578
GO:0090148	12.0277
GO:0090150	6.2333
GO:0090153	10.4428
GO:0090154	11.4428
GO:0090155	12.0277
GO:0090156	11.4428
GO:0090158	10.4428
GO:0090160	11.0277
GO:0090161	10.2204
GO:0090162	10.2204
GO:0090163	13.0277
GO:0090166	13.0277
GO:0090168	13.0277
GO:0090169	9.4428
GO:0090170	11.4428
GO:0090174	7.6354
GO:0090175	12.0277
GO:0090181	9.1208
GO:0090199	9.5683
GO:0090200	11.0277
GO:0090201	10.2204
GO:0090206	12.0277
GO:0090207	10.0277
GO:0090208	10.2204
GO:0090209	13.0277
GO:0090218	11.4428
GO:0090224	9.1208
GO:0090231	10.7058
GO:0090232	11.4428
GO:0090235	12.0277
GO:0090251	13.0277
GO:0090254	13.0277
GO:0090257	8.3273
GO:0090261	13.0277
GO:0090262	11.4428
GO:0090263	7.5359
GO:0090266	10.7058
GO:0090267	11.4428
GO:0090268	13.0277
GO:0090270	12.0277
GO:0090271	13.0277
GO:0090272	13.0277
GO:0090276	8.1208
GO:0090277	9.5683
GO:0090278	11.4428
GO:0090279	9.8578
GO:0090280	11.0277
GO:0090281	12.0277
GO:0090287	7.0970
GO:0090288	8.8578
GO:0090296	13.0277
GO:0090297	13.0277
GO:0090303	9.8578
GO:0090304	3.0419
GO:0090306	10.0277
GO:0090307	8.5042
GO:0090311	13.0277
GO:0090312	13.0277
GO:0090313	10.2204
GO:0090314	10.4428
GO:0090315	13.0277
GO:0090316	9.1208
GO:0090317	11.0277
GO:0090322	10.7058
GO:0090328	12.0277
GO:0090329	8.8578
GO:0090330	13.0277
GO:0090334	13.0277
GO:0090335	13.0277
GO:0090337	11.0277
GO:0090338	12.0277
GO:0090345	13.0277
GO:0090346	13.0277
GO:0090364	13.0277
GO:0090369	13.0277
GO:0090374	13.0277
GO:0090382	9.2204
GO:0090383	9.5683
GO:0090385	11.0277
GO:0090394	12.0277
GO:0090398	10.4428
GO:0090399	13.0277
GO:0090400	13.0277
GO:0090407	5.1390
GO:0090409	13.0277
GO:0090410	13.0277
GO:0090422	13.0277
GO:0090435	11.4428
GO:0090443	13.0277
GO:0090472	13.0277
GO:0090480	13.0277
GO:0090481	10.7058
GO:0090482	9.4428
GO:0090504	10.2204
GO:0090505	10.2204
GO:0090520	13.0277
GO:0090528	13.0277
GO:0090529	13.0277
GO:0090533	8.3839
GO:0090541	12.0277
GO:0090543	10.0277
GO:0090545	10.7058
GO:0090549	13.0277
GO:0090554	13.0277
GO:0090555	12.0277
GO:0090557	11.4428
GO:0090559	9.7058
GO:0090560	13.0277
GO:0090571	13.0277
GO:0090575	7.3839
GO:0090576	13.0277
GO:0090592	8.8578
GO:0090594	12.0277
GO:0090596	7.3839
GO:0090598	11.4428
GO:0090599	10.2204
GO:0090615	11.0277
GO:0090619	13.0277
GO:0090624	12.0277
GO:0090625	13.0277
GO:0090630	10.0277
GO:0090646	9.4428
GO:0090656	11.4428
GO:0090657	11.4428
GO:0090659	13.0277
GO:0090661	11.4428
GO:0090663	13.0277
GO:0090665	11.4428
GO:0090666	12.0277
GO:0090669	12.0277
GO:0090670	12.0277
GO:0090685	12.0277
GO:0090722	13.0277
GO:0090734	8.5042
GO:0090735	10.7058
GO:0090737	11.4428
GO:0090741	12.0277
GO:0095500	12.0277
GO:0097001	11.0277
GO:0097002	13.0277
GO:0097003	13.0277
GO:0097006	8.0735
GO:0097009	12.0277
GO:0097011	12.0277
GO:0097012	12.0277
GO:0097013	12.0277
GO:0097014	9.4428
GO:0097017	13.0277
GO:0097020	13.0277
GO:0097025	13.0277
GO:0097027	12.0277
GO:0097028	11.0277
GO:0097029	13.0277
GO:0097035	9.7058
GO:0097036	13.0277
GO:0097037	13.0277
GO:0097038	10.0277
GO:0097039	11.4428
GO:0097051	12.0277
GO:0097055	13.0277
GO:0097058	13.0277
GO:0097059	13.0277
GO:0097060	10.0277
GO:0097061	12.0277
GO:0097062	13.0277
GO:0097080	13.0277
GO:0097089	13.0277
GO:0097090	12.0277
GO:0097094	12.0277
GO:0097100	13.0277
GO:0097105	13.0277
GO:0097108	11.4428
GO:0097110	9.0277
GO:0097112	13.0277
GO:0097123	13.0277
GO:0097124	13.0277
GO:0097134	12.0277
GO:0097135	13.0277
GO:0097149	13.0277
GO:0097150	11.4428
GO:0097154	13.0277
GO:0097156	13.0277
GO:0097157	12.0277
GO:0097158	13.0277
GO:0097163	13.0277
GO:0097165	12.0277
GO:0097169	11.4428
GO:0097176	11.4428
GO:0097177	11.4428
GO:0097178	12.0277
GO:0097179	12.0277
GO:0097180	13.0277
GO:0097184	13.0277
GO:0097185	13.0277
GO:0097186	11.4428
GO:0097187	13.0277
GO:0097190	7.0277
GO:0097191	8.6354
GO:0097192	12.0277
GO:0097193	8.2204
GO:0097194	9.4428
GO:0097196	11.0277
GO:0097205	10.4428
GO:0097206	12.0277
GO:0097208	13.0277
GO:0097209	11.4428
GO:0097212	12.0277
GO:0097222	12.0277
GO:0097225	11.0277
GO:0097227	10.7058
GO:0097228	13.0277
GO:0097237	10.2204
GO:0097241	13.0277
GO:0097242	11.4428
GO:0097243	13.0277
GO:0097250	12.0277
GO:0097254	11.4428
GO:0097255	10.7058
GO:0097264	11.4428
GO:0097267	10.2204
GO:0097268	13.0277
GO:0097271	10.4428
GO:0097272	13.0277
GO:0097300	10.4428
GO:0097305	7.4428
GO:0097306	8.7798
GO:0097320	9.8578
GO:0097322	12.0277
GO:0097325	13.0277
GO:0097342	12.0277
GO:0097345	13.0277
GO:0097346	8.7798
GO:0097350	12.0277
GO:0097352	8.7798
GO:0097354	10.7058
GO:0097361	11.4428
GO:0097362	13.0277
GO:0097363	13.0277
GO:0097367	5.2595
GO:0097371	13.0277
GO:0097372	13.0277
GO:0097373	13.0277
GO:0097374	13.0277
GO:0097381	11.0277
GO:0097396	12.0277
GO:0097398	12.0277
GO:0097400	12.0277
GO:0097418	13.0277
GO:0097421	13.0277
GO:0097422	13.0277
GO:0097431	9.5683
GO:0097435	6.7058
GO:0097440	13.0277
GO:0097447	7.6354
GO:0097452	11.4428
GO:0097466	13.0277
GO:0097468	12.0277
GO:0097472	10.4428
GO:0097479	11.0277
GO:0097482	11.4428
GO:0097484	13.0277
GO:0097485	7.1948
GO:0097486	11.4428
GO:0097487	12.0277
GO:0097489	13.0277
GO:0097494	11.4428
GO:0097499	13.0277
GO:0097501	12.0277
GO:0097503	11.4428
GO:0097504	12.0277
GO:0097505	13.0277
GO:0097506	11.4428
GO:0097510	13.0277
GO:0097512	11.4428
GO:0097517	10.0277
GO:0097524	11.4428
GO:0097525	7.9833
GO:0097526	8.7798
GO:0097527	11.0277
GO:0097529	8.7058
GO:0097530	9.4428
GO:0097539	13.0277
GO:0097542	9.0277
GO:0097546	10.2204
GO:0097550	13.0277
GO:0097551	13.0277
GO:0097552	13.0277
GO:0097553	9.7058
GO:0097574	13.0277
GO:0097576	9.4428
GO:0097581	10.0277
GO:0097582	13.0277
GO:0097583	13.0277
GO:0097584	13.0277
GO:0097585	13.0277
GO:0097586	13.0277
GO:0097587	13.0277
GO:0097602	10.7058
GO:0097603	11.4428
GO:0097604	12.0277
GO:0097621	11.0277
GO:0097623	11.0277
GO:0097629	13.0277
GO:0097632	13.0277
GO:0097642	12.0277
GO:0097643	12.0277
GO:0097644	12.0277
GO:0097646	12.0277
GO:0097647	12.0277
GO:0097648	11.0277
GO:0097651	13.0277
GO:0097677	12.0277
GO:0097680	12.0277
GO:0097688	13.0277
GO:0097696	9.8578
GO:0097708	3.5120
GO:0097709	13.0277
GO:0097712	13.0277
GO:0097718	9.7058
GO:0097720	12.0277
GO:0097722	9.5683
GO:0097726	13.0277
GO:0097729	8.9403
GO:0097730	9.5683
GO:0097731	10.2204
GO:0097733	10.4428
GO:0097734	11.4428
GO:0097745	11.4428
GO:0097746	10.4428
GO:0097747	9.7058
GO:0097752	11.4428
GO:0097753	13.0277
GO:0098505	12.0277
GO:0098527	13.0277
GO:0098531	9.2204
GO:0098533	8.2204
GO:0098534	10.7058
GO:0098542	5.6354
GO:0098543	10.0277
GO:0098552	6.7058
GO:0098554	13.0277
GO:0098559	12.0277
GO:0098562	7.5683
GO:0098574	13.0277
GO:0098575	13.0277
GO:0098576	11.4428
GO:0098581	9.7058
GO:0098583	13.0277
GO:0098586	11.0277
GO:0098588	3.7149
GO:0098590	5.8086
GO:0098592	11.4428
GO:0098594	13.0277
GO:0098595	12.0277
GO:0098596	13.0277
GO:0098597	13.0277
GO:0098598	12.0277
GO:0098599	12.0277
GO:0098609	6.8985
GO:0098624	13.0277
GO:0098627	13.0277
GO:0098628	13.0277
GO:0098631	10.4428
GO:0098632	11.0277
GO:0098634	13.0277
GO:0098636	9.7058
GO:0098639	13.0277
GO:0098641	12.0277
GO:0098653	12.0277
GO:0098655	6.5042
GO:0098656	9.3273
GO:0098657	5.2464
GO:0098659	9.4428
GO:0098665	13.0277
GO:0098687	5.7989
GO:0098691	11.4428
GO:0098693	12.0277
GO:0098700	11.0277
GO:0098703	12.0277
GO:0098704	13.0277
GO:0098712	11.4428
GO:0098719	13.0277
GO:0098722	10.0277
GO:0098724	12.0277
GO:0098725	12.0277
GO:0098727	7.7423
GO:0098728	10.0277
GO:0098729	12.0277
GO:0098730	12.0277
GO:0098732	10.0277
GO:0098734	13.0277
GO:0098735	13.0277
GO:0098739	8.6354
GO:0098743	13.0277
GO:0098754	9.3273
GO:0098756	11.4428
GO:0098757	11.4428
GO:0098760	10.7058
GO:0098761	10.7058
GO:0098770	13.0277
GO:0098771	6.2728
GO:0098772	4.4315
GO:0098773	10.0277
GO:0098780	11.4428
GO:0098782	13.0277
GO:0098791	6.2464
GO:0098792	13.0277
GO:0098793	7.5683
GO:0098794	8.1208
GO:0098795	12.0277
GO:0098796	4.4886
GO:0098797	5.8882
GO:0098798	5.6702
GO:0098799	9.5683
GO:0098800	8.4428
GO:0098801	12.0277
GO:0098802	7.7058
GO:0098803	11.4428
GO:0098808	12.0277
GO:0098809	12.0277
GO:0098810	11.4428
GO:0098813	6.5359
GO:0098815	12.0277
GO:0098821	12.0277
GO:0098826	13.0277
GO:0098827	4.7240
GO:0098831	13.0277
GO:0098833	13.0277
GO:0098838	13.0277
GO:0098847	10.0277
GO:0098852	5.5601
GO:0098856	11.4428
GO:0098857	7.0277
GO:0098858	8.5683
GO:0098862	10.4428
GO:0098868	12.0277
GO:0098869	11.0277
GO:0098871	13.0277
GO:0098876	7.5683
GO:0098878	10.4428
GO:0098900	9.7058
GO:0098901	10.7058
GO:0098902	12.0277
GO:0098903	12.0277
GO:0098905	13.0277
GO:0098908	11.4428
GO:0098909	11.4428
GO:0098911	12.0277
GO:0098914	12.0277
GO:0098915	13.0277
GO:0098916	6.7240
GO:0098918	13.0277
GO:0098926	12.0277
GO:0098927	10.0277
GO:0098930	9.2204
GO:0098960	10.2204
GO:0098973	13.0277
GO:0098974	13.0277
GO:0098975	10.7058
GO:0098978	8.8578
GO:0098981	13.0277
GO:0098982	10.4428
GO:0098983	11.0277
GO:0098984	9.2204
GO:0098985	11.4428
GO:0099003	8.5042
GO:0099020	13.0277
GO:0099023	7.2998
GO:0099024	9.0277
GO:0099038	13.0277
GO:0099039	13.0277
GO:0099040	13.0277
GO:0099054	9.8578
GO:0099068	13.0277
GO:0099078	11.0277
GO:0099080	4.5642
GO:0099081	6.0619
GO:0099086	10.7058
GO:0099094	7.7423
GO:0099095	9.1208
GO:0099103	13.0277
GO:0099104	13.0277
GO:0099106	8.0277
GO:0099111	7.5359
GO:0099116	10.2204
GO:0099122	11.4428
GO:0099128	13.0277
GO:0099149	12.0277
GO:0099156	13.0277
GO:0099157	13.0277
GO:0099171	13.0277
GO:0099172	9.5683
GO:0099173	10.2204
GO:0099174	10.2204
GO:0099175	12.0277
GO:0099177	7.7798
GO:0099186	13.0277
GO:0099188	13.0277
GO:0099500	13.0277
GO:0099501	10.4428
GO:0099503	4.8578
GO:0099504	8.5683
GO:0099509	13.0277
GO:0099512	6.0619
GO:0099513	6.6183
GO:0099514	13.0277
GO:0099515	12.0277
GO:0099517	13.0277
GO:0099518	11.0277
GO:0099519	13.0277
GO:0099523	13.0277
GO:0099532	10.7058
GO:0099536	6.6702
GO:0099537	6.7058
GO:0099547	13.0277
GO:0099558	13.0277
GO:0099566	13.0277
GO:0099568	9.4428
GO:0099569	13.0277
GO:0099571	13.0277
GO:0099572	9.3273
GO:0099577	13.0277
GO:0099587	9.4428
GO:0099589	12.0277
GO:0099601	9.8578
GO:0099602	10.7058
GO:0099604	9.5683
GO:0099617	12.0277
GO:0099622	10.4428
GO:0099623	11.0277
GO:0099624	12.0277
GO:0099625	11.4428
GO:0099638	13.0277
GO:0099643	9.1208
GO:0099738	9.4428
GO:0101002	6.6354
GO:0101003	8.4428
GO:0101005	8.1208
GO:0101006	13.0277
GO:0101020	10.7058
GO:0101021	11.4428
GO:0101024	11.4428
GO:0101031	10.0277
GO:0102391	13.0277
GO:0102758	13.0277
GO:0104004	6.8985
GO:0106004	13.0277
GO:0106017	13.0277
GO:0106018	10.4428
GO:0106019	10.7058
GO:0106023	13.0277
GO:0106024	13.0277
GO:0106027	11.0277
GO:0106030	10.7058
GO:0106036	13.0277
GO:0106044	13.0277
GO:0106046	13.0277
GO:0106049	12.0277
GO:0106056	9.7058
GO:0106057	10.7058
GO:0106058	11.0277
GO:0106068	11.4428
GO:0106075	13.0277
GO:0106078	13.0277
GO:0106091	13.0277
GO:0106118	9.2204
GO:0106119	12.0277
GO:0106130	12.0277
GO:0106140	13.0277
GO:0106143	13.0277
GO:0106162	13.0277
GO:0106274	12.0277
GO:0106346	13.0277
GO:0106354	10.0277
GO:0106380	13.0277
GO:0106413	12.0277
GO:0110009	13.0277
GO:0110011	13.0277
GO:0110020	8.9403
GO:0110053	7.3273
GO:0110070	13.0277
GO:0110073	12.0277
GO:0110074	12.0277
GO:0110082	13.0277
GO:0110083	13.0277
GO:0110085	11.0277
GO:0110095	12.0277
GO:0110096	11.4428
GO:0110107	13.0277
GO:0110116	11.4428
GO:0110117	13.0277
GO:0110118	13.0277
GO:0110131	13.0277
GO:0110136	13.0277
GO:0110154	11.4428
GO:0110156	11.4428
GO:0110165	0.2321
GO:0120013	8.5683
GO:0120014	10.2204
GO:0120015	9.8578
GO:0120016	11.4428
GO:0120017	11.4428
GO:0120020	10.7058
GO:0120025	4.8037
GO:0120031	6.7423
GO:0120032	7.9403
GO:0120033	10.7058
GO:0120034	8.7798
GO:0120035	6.6702
GO:0120036	5.3695
GO:0120039	6.4731
GO:0120048	13.0277
GO:0120049	13.0277
GO:0120082	12.0277
GO:0120095	11.4428
GO:0120103	13.0277
GO:0120111	11.0277
GO:0120114	7.5359
GO:0120126	13.0277
GO:0120154	13.0277
GO:0120160	13.0277
GO:0120171	11.4428
GO:0120174	13.0277
GO:0120175	10.7058
GO:0120177	10.7058
GO:0120178	9.4428
GO:0120192	8.7798
GO:0120193	8.7798
GO:0120227	11.4428
GO:0120252	12.0277
GO:0120253	13.0277
GO:0120254	7.7423
GO:0120255	11.4428
GO:0120261	10.2204
GO:0120262	12.0277
GO:0120263	11.0277
GO:0120305	9.5683
GO:0120316	11.4428
GO:0120515	9.2204
GO:0120531	11.4428
GO:0120534	12.0277
GO:0120543	6.8183
GO:0120544	9.5683
GO:0120545	7.0505
GO:0120558	11.4428
GO:0120562	13.0277
GO:0120569	8.1698
GO:0120570	13.0277
GO:0140006	13.0277
GO:0140007	13.0277
GO:0140009	12.0277
GO:0140013	6.8578
GO:0140014	6.8379
GO:0140024	13.0277
GO:0140029	13.0277
GO:0140030	9.2204
GO:0140031	12.0277
GO:0140035	11.0277
GO:0140036	11.0277
GO:0140039	13.0277
GO:0140042	12.0277
GO:0140053	5.6879
GO:0140056	12.0277
GO:0140058	13.0277
GO:0140059	13.0277
GO:0140078	12.0277
GO:0140081	12.0277
GO:0140085	11.0277
GO:0140096	3.3821
GO:0140097	6.0390
GO:0140098	5.4353
GO:0140101	6.6183
GO:0140102	9.5683
GO:0140103	10.2204
GO:0140104	7.4731
GO:0140110	5.7703
GO:0140112	11.4428
GO:0140115	9.4428
GO:0140131	11.0277
GO:0140135	13.0277
GO:0140138	13.0277
GO:0140142	10.4428
GO:0140149	11.4428
GO:0140151	11.4428
GO:0140164	13.0277
GO:0140168	6.3839
GO:0140171	13.0277
GO:0140186	8.2728
GO:0140212	13.0277
GO:0140213	13.0277
GO:0140223	9.3273
GO:0140238	10.0277
GO:0140243	13.0277
GO:0140244	13.0277
GO:0140253	9.0277
GO:0140268	12.0277
GO:0140271	13.0277
GO:0140272	10.0277
GO:0140274	13.0277
GO:0140284	13.0277
GO:0140294	11.4428
GO:0140296	9.0277
GO:0140297	6.8985
GO:0140298	13.0277
GO:0140299	13.0277
GO:0140300	13.0277
GO:0140303	9.5683
GO:0140312	10.4428
GO:0140318	8.8578
GO:0140322	10.0277
GO:0140326	11.0277
GO:0140327	11.0277
GO:0140328	13.0277
GO:0140333	12.0277
GO:0140343	13.0277
GO:0140344	13.0277
GO:0140345	13.0277
GO:0140346	13.0277
GO:0140352	4.5973
GO:0140353	11.4428
GO:0140354	11.0277
GO:0140358	9.2204
GO:0140359	9.7058
GO:0140375	8.2204
GO:0140379	10.7058
GO:0140385	9.4428
GO:0140392	8.9403
GO:0140410	13.0277
GO:0140445	10.2204
GO:0140448	9.4428
GO:0140455	11.4428
GO:0140457	10.4428
GO:0140463	12.0277
GO:0140467	11.4428
GO:0140469	13.0277
GO:0140507	12.0277
GO:0140513	3.9376
GO:0140522	9.2204
GO:0140527	8.3273
GO:0140534	7.0054
GO:0140535	4.2662
GO:0140546	5.6440
GO:0140552	13.0277
GO:0140566	12.0277
GO:0140597	12.0277
GO:0140640	4.6923
GO:0140657	5.2662
GO:0140658	11.0277
GO:0140666	10.7058
GO:0140677	5.5199
GO:0140678	6.5199
GO:0140694	6.0970
GO:0140699	13.0277
GO:0140702	13.0277
GO:0140718	9.5683
GO:0140719	8.3839
GO:0140721	12.0277
GO:0140766	13.0277
GO:0140767	11.4428
GO:0140776	12.0277
GO:0140820	13.0277
GO:0140824	10.7058
GO:0140828	10.4428
GO:0140888	7.7058
GO:0140894	10.2204
GO:0140895	12.0277
GO:0140938	9.7058
GO:0140939	11.4428
GO:0140940	12.0277
GO:0140962	9.0277
GO:0140993	7.0277
GO:0140994	9.8578
GO:0140996	12.0277
GO:0141047	10.7058
GO:0141050	13.0277
GO:0141051	12.0277
GO:0141052	10.4428
GO:0141060	9.3273
GO:0141061	9.3273
GO:0141067	13.0277
GO:0141085	11.0277
GO:0141086	12.0277
GO:0141087	12.0277
GO:0141091	7.4428
GO:0141108	8.0277
GO:0141109	13.0277
GO:0141110	10.0277
GO:0141124	5.4579
GO:0141126	13.0277
GO:0141137	9.3273
GO:0141147	10.0277
GO:0141187	3.6991
GO:0141188	6.0054
GO:0141193	9.4428
GO:0141218	10.4428
GO:0150005	12.0277
GO:0150008	13.0277
GO:0150011	13.0277
GO:0150018	13.0277
GO:0150019	13.0277
GO:0150020	13.0277
GO:0150034	8.3273
GO:0150056	13.0277
GO:0150057	12.0277
GO:0150058	13.0277
GO:0150063	6.8183
GO:0150074	12.0277
GO:0150076	12.0277
GO:0150077	11.4428
GO:0150078	12.0277
GO:0150079	13.0277
GO:0150093	11.4428
GO:0150101	13.0277
GO:0150102	13.0277
GO:0150105	13.0277
GO:0150115	10.7058
GO:0150116	9.7058
GO:0150117	10.2204
GO:0150118	12.0277
GO:0150172	10.7058
GO:0160041	11.0277
GO:0160108	3.3947
GO:0160215	7.9403
GO:0160260	13.0277
GO:0160307	4.5807
GO:0160313	12.0277
GO:0160315	13.0277
GO:0170021	13.0277
GO:0170036	9.3273
GO:0170038	8.2204
GO:0170039	6.7058
GO:0170040	7.6354
GO:0170041	8.5683
GO:0170043	10.7058
GO:0170044	10.0277
GO:0170055	9.5683
GO:0170060	12.0277
GO:0170062	9.7058
GO:0180030	11.4428
GO:0180046	8.7058
GO:0180051	7.8985
GO:0180055	13.0277
GO:0180064	8.9403
GO:1900003	12.0277
GO:1900004	13.0277
GO:1900005	13.0277
GO:1900006	12.0277
GO:1900011	13.0277
GO:1900015	9.8578
GO:1900016	11.0277
GO:1900017	11.4428
GO:1900019	11.4428
GO:1900020	11.4428
GO:1900024	10.0277
GO:1900025	11.4428
GO:1900026	10.7058
GO:1900027	11.4428
GO:1900028	13.0277
GO:1900029	13.0277
GO:1900034	8.4428
GO:1900037	13.0277
GO:1900038	13.0277
GO:1900044	13.0277
GO:1900046	10.0277
GO:1900047	10.4428
GO:1900048	11.4428
GO:1900052	13.0277
GO:1900053	13.0277
GO:1900063	13.0277
GO:1900069	12.0277
GO:1900073	10.7058
GO:1900075	12.0277
GO:1900076	10.0277
GO:1900077	10.4428
GO:1900078	13.0277
GO:1900084	13.0277
GO:1900085	13.0277
GO:1900087	9.1208
GO:1900101	9.8578
GO:1900102	11.0277
GO:1900103	12.0277
GO:1900104	12.0277
GO:1900106	12.0277
GO:1900115	13.0277
GO:1900116	13.0277
GO:1900117	11.4428
GO:1900118	13.0277
GO:1900119	13.0277
GO:1900120	13.0277
GO:1900121	13.0277
GO:1900125	11.0277
GO:1900126	12.0277
GO:1900127	12.0277
GO:1900141	13.0277
GO:1900142	13.0277
GO:1900144	13.0277
GO:1900150	10.7058
GO:1900151	11.0277
GO:1900152	13.0277
GO:1900153	11.4428
GO:1900180	8.2728
GO:1900181	10.7058
GO:1900182	8.8578
GO:1900208	13.0277
GO:1900221	12.0277
GO:1900222	13.0277
GO:1900223	13.0277
GO:1900225	11.0277
GO:1900226	12.0277
GO:1900227	12.0277
GO:1900242	12.0277
GO:1900244	13.0277
GO:1900247	13.0277
GO:1900249	13.0277
GO:1900264	11.4428
GO:1900279	13.0277
GO:1900280	13.0277
GO:1900368	8.4428
GO:1900369	12.0277
GO:1900370	10.4428
GO:1900371	11.0277
GO:1900372	13.0277
GO:1900373	11.4428
GO:1900376	12.0277
GO:1900378	12.0277
GO:1900407	11.4428
GO:1900408	13.0277
GO:1900424	8.6354
GO:1900425	11.0277
GO:1900426	8.9403
GO:1900428	13.0277
GO:1900449	12.0277
GO:1900451	13.0277
GO:1900452	13.0277
GO:1900454	13.0277
GO:1900535	13.0277
GO:1900542	8.6354
GO:1900543	12.0277
GO:1900544	10.2204
GO:1900673	13.0277
GO:1900736	11.0277
GO:1900737	11.4428
GO:1900738	13.0277
GO:1900744	10.7058
GO:1900745	10.7058
GO:1900746	12.0277
GO:1900747	13.0277
GO:1900750	11.0277
GO:1900825	13.0277
GO:1900864	11.0277
GO:1901000	12.0277
GO:1901017	10.2204
GO:1901020	10.0277
GO:1901028	10.7058
GO:1901029	11.4428
GO:1901030	13.0277
GO:1901069	13.0277
GO:1901072	12.0277
GO:1901077	11.4428
GO:1901078	13.0277
GO:1901096	12.0277
GO:1901098	12.0277
GO:1901099	10.7058
GO:1901135	4.5279
GO:1901136	6.6879
GO:1901137	5.2595
GO:1901162	13.0277
GO:1901163	11.0277
GO:1901164	13.0277
GO:1901165	11.4428
GO:1901184	8.3273
GO:1901185	8.9403
GO:1901186	10.2204
GO:1901193	13.0277
GO:1901194	13.0277
GO:1901201	12.0277
GO:1901203	12.0277
GO:1901222	8.5683
GO:1901223	9.8578
GO:1901224	9.2204
GO:1901252	13.0277
GO:1901253	13.0277
GO:1901256	13.0277
GO:1901258	13.0277
GO:1901264	8.0277
GO:1901265	5.4428
GO:1901291	13.0277
GO:1901292	7.4130
GO:1901293	6.2728
GO:1901298	11.4428
GO:1901299	12.0277
GO:1901300	13.0277
GO:1901317	10.7058
GO:1901318	13.0277
GO:1901319	13.0277
GO:1901328	13.0277
GO:1901329	13.0277
GO:1901331	13.0277
GO:1901334	10.4428
GO:1901336	12.0277
GO:1901337	11.4428
GO:1901338	11.0277
GO:1901339	12.0277
GO:1901341	12.0277
GO:1901342	7.4731
GO:1901343	8.7798
GO:1901351	13.0277
GO:1901352	13.0277
GO:1901354	12.0277
GO:1901363	5.3135
GO:1901374	12.0277
GO:1901375	13.0277
GO:1901379	9.2204
GO:1901380	10.2204
GO:1901381	11.0277
GO:1901382	13.0277
GO:1901383	13.0277
GO:1901385	11.4428
GO:1901386	11.4428
GO:1901416	13.0277
GO:1901418	13.0277
GO:1901419	12.0277
GO:1901421	13.0277
GO:1901426	12.0277
GO:1901474	11.0277
GO:1901475	13.0277
GO:1901490	13.0277
GO:1901491	13.0277
GO:1901503	12.0277
GO:1901505	8.6354
GO:1901509	13.0277
GO:1901523	12.0277
GO:1901529	13.0277
GO:1901532	8.8578
GO:1901550	10.7058
GO:1901552	11.4428
GO:1901562	13.0277
GO:1901563	13.0277
GO:1901567	12.0277
GO:1901568	8.1208
GO:1901569	10.7058
GO:1901570	8.3839
GO:1901611	11.0277
GO:1901623	11.0277
GO:1901642	13.0277
GO:1901652	5.0735
GO:1901654	8.6354
GO:1901655	9.3273
GO:1901656	13.0277
GO:1901658	9.1208
GO:1901659	9.0277
GO:1901661	9.5683
GO:1901663	9.5683
GO:1901668	12.0277
GO:1901671	12.0277
GO:1901673	9.5683
GO:1901678	9.8578
GO:1901679	13.0277
GO:1901681	7.6702
GO:1901682	8.8578
GO:1901687	9.7058
GO:1901698	6.0852
GO:1901699	6.4428
GO:1901700	5.0390
GO:1901701	5.6099
GO:1901702	13.0277
GO:1901704	13.0277
GO:1901710	13.0277
GO:1901723	13.0277
GO:1901724	13.0277
GO:1901731	13.0277
GO:1901739	13.0277
GO:1901741	13.0277
GO:1901751	13.0277
GO:1901796	7.7058
GO:1901797	11.4428
GO:1901798	10.2204
GO:1901799	10.0277
GO:1901800	8.6354
GO:1901805	13.0277
GO:1901836	9.7058
GO:1901837	11.4428
GO:1901838	10.2204
GO:1901844	11.4428
GO:1901857	11.0277
GO:1901858	13.0277
GO:1901860	13.0277
GO:1901861	10.7058
GO:1901862	11.4428
GO:1901863	13.0277
GO:1901873	6.9833
GO:1901874	8.5683
GO:1901875	7.6354
GO:1901879	9.5683
GO:1901880	11.0277
GO:1901881	10.7058
GO:1901888	7.4130
GO:1901889	9.3273
GO:1901890	8.6354
GO:1901891	12.0277
GO:1901893	12.0277
GO:1901894	13.0277
GO:1901896	13.0277
GO:1901897	13.0277
GO:1901900	12.0277
GO:1901901	13.0277
GO:1901925	13.0277
GO:1901950	13.0277
GO:1901970	10.7058
GO:1901976	9.5683
GO:1901977	10.7058
GO:1901978	11.4428
GO:1901981	7.2204
GO:1901983	11.4428
GO:1901984	12.0277
GO:1901985	13.0277
GO:1901987	5.6879
GO:1901988	6.4886
GO:1901989	7.8985
GO:1901990	6.0277
GO:1901991	7.0277
GO:1901992	8.2728
GO:1902001	10.2204
GO:1902003	10.4428
GO:1902004	11.0277
GO:1902017	10.2204
GO:1902018	11.0277
GO:1902019	10.7058
GO:1902020	13.0277
GO:1902022	11.4428
GO:1902031	12.0277
GO:1902036	8.8578
GO:1902041	9.2204
GO:1902042	10.0277
GO:1902043	11.4428
GO:1902047	13.0277
GO:1902065	13.0277
GO:1902071	13.0277
GO:1902073	13.0277
GO:1902074	12.0277
GO:1902075	12.0277
GO:1902093	11.0277
GO:1902098	13.0277
GO:1902099	8.7798
GO:1902100	9.7058
GO:1902101	10.7058
GO:1902105	8.3273
GO:1902106	9.7058
GO:1902107	9.2204
GO:1902108	13.0277
GO:1902110	13.0277
GO:1902115	7.5683
GO:1902116	9.5683
GO:1902117	9.2204
GO:1902121	13.0277
GO:1902165	11.0277
GO:1902166	12.0277
GO:1902167	12.0277
GO:1902170	12.0277
GO:1902172	13.0277
GO:1902174	13.0277
GO:1902175	10.7058
GO:1902176	11.4428
GO:1902177	13.0277
GO:1902178	13.0277
GO:1902202	11.4428
GO:1902204	13.0277
GO:1902205	13.0277
GO:1902206	13.0277
GO:1902223	10.0277
GO:1902229	9.8578
GO:1902230	10.2204
GO:1902231	12.0277
GO:1902235	11.0277
GO:1902236	11.4428
GO:1902237	13.0277
GO:1902253	10.7058
GO:1902254	12.0277
GO:1902255	11.4428
GO:1902259	11.0277
GO:1902260	11.0277
GO:1902267	13.0277
GO:1902269	13.0277
GO:1902271	13.0277
GO:1902272	13.0277
GO:1902274	13.0277
GO:1902275	9.7058
GO:1902282	11.4428
GO:1902299	10.0277
GO:1902305	9.0277
GO:1902306	12.0277
GO:1902307	10.2204
GO:1902349	13.0277
GO:1902358	13.0277
GO:1902363	11.4428
GO:1902365	13.0277
GO:1902369	9.8578
GO:1902373	10.2204
GO:1902387	13.0277
GO:1902388	12.0277
GO:1902389	13.0277
GO:1902407	11.4428
GO:1902410	8.8578
GO:1902412	12.0277
GO:1902413	13.0277
GO:1902414	11.4428
GO:1902415	13.0277
GO:1902416	13.0277
GO:1902423	13.0277
GO:1902425	13.0277
GO:1902430	12.0277
GO:1902445	13.0277
GO:1902473	12.0277
GO:1902474	12.0277
GO:1902475	9.2204
GO:1902476	9.7058
GO:1902490	13.0277
GO:1902491	13.0277
GO:1902493	7.5042
GO:1902494	3.5931
GO:1902495	6.5199
GO:1902498	12.0277
GO:1902499	12.0277
GO:1902510	13.0277
GO:1902512	13.0277
GO:1902513	13.0277
GO:1902514	13.0277
GO:1902523	13.0277
GO:1902524	13.0277
GO:1902525	12.0277
GO:1902527	12.0277
GO:1902531	4.2930
GO:1902532	5.9725
GO:1902533	5.1329
GO:1902542	12.0277
GO:1902547	12.0277
GO:1902548	13.0277
GO:1902554	7.2728
GO:1902555	8.7798
GO:1902557	13.0277
GO:1902558	13.0277
GO:1902559	13.0277
GO:1902562	8.9403
GO:1902563	12.0277
GO:1902564	12.0277
GO:1902566	13.0277
GO:1902567	13.0277
GO:1902570	13.0277
GO:1902572	13.0277
GO:1902600	8.7798
GO:1902603	13.0277
GO:1902608	13.0277
GO:1902612	13.0277
GO:1902613	13.0277
GO:1902622	10.2204
GO:1902623	13.0277
GO:1902624	10.4428
GO:1902626	12.0277
GO:1902644	10.2204
GO:1902645	12.0277
GO:1902646	13.0277
GO:1902647	13.0277
GO:1902652	7.6015
GO:1902653	8.4428
GO:1902656	11.4428
GO:1902659	12.0277
GO:1902660	13.0277
GO:1902661	13.0277
GO:1902667	11.0277
GO:1902669	11.4428
GO:1902679	5.5439
GO:1902680	4.9140
GO:1902686	12.0277
GO:1902687	13.0277
GO:1902692	9.3273
GO:1902710	11.4428
GO:1902711	11.4428
GO:1902730	13.0277
GO:1902731	13.0277
GO:1902742	11.4428
GO:1902743	9.4428
GO:1902744	13.0277
GO:1902745	9.7058
GO:1902749	7.0735
GO:1902750	7.9833
GO:1902751	10.4428
GO:1902773	13.0277
GO:1902774	11.4428
GO:1902775	13.0277
GO:1902806	7.9403
GO:1902807	9.0277
GO:1902808	8.9403
GO:1902847	13.0277
GO:1902850	7.0735
GO:1902855	13.0277
GO:1902857	13.0277
GO:1902858	13.0277
GO:1902860	13.0277
GO:1902875	13.0277
GO:1902882	10.7058
GO:1902883	13.0277
GO:1902884	13.0277
GO:1902889	13.0277
GO:1902893	11.0277
GO:1902894	12.0277
GO:1902895	11.4428
GO:1902902	11.0277
GO:1902903	6.8578
GO:1902904	8.5042
GO:1902905	7.7058
GO:1902906	11.4428
GO:1902911	7.1948
GO:1902913	13.0277
GO:1902914	11.4428
GO:1902915	13.0277
GO:1902916	12.0277
GO:1902927	13.0277
GO:1902930	8.5683
GO:1902931	10.4428
GO:1902932	13.0277
GO:1902936	7.9833
GO:1902956	13.0277
GO:1902958	13.0277
GO:1902965	12.0277
GO:1902966	12.0277
GO:1902969	13.0277
GO:1902977	13.0277
GO:1902991	10.2204
GO:1902992	12.0277
GO:1902993	11.0277
GO:1902996	13.0277
GO:1902998	13.0277
GO:1903003	11.4428
GO:1903004	12.0277
GO:1903006	12.0277
GO:1903008	9.4428
GO:1903018	11.0277
GO:1903019	11.4428
GO:1903020	13.0277
GO:1903025	13.0277
GO:1903027	12.0277
GO:1903034	8.7798
GO:1903035	10.0277
GO:1903036	9.4428
GO:1903037	7.0970
GO:1903038	8.8578
GO:1903039	7.4428
GO:1903040	13.0277
GO:1903044	12.0277
GO:1903046	6.1451
GO:1903047	5.0334
GO:1903053	9.7058
GO:1903054	11.4428
GO:1903055	10.4428
GO:1903059	12.0277
GO:1903061	12.0277
GO:1903072	13.0277
GO:1903073	13.0277
GO:1903076	8.4428
GO:1903077	11.0277
GO:1903078	9.0277
GO:1903083	9.7058
GO:1903088	12.0277
GO:1903089	12.0277
GO:1903093	12.0277
GO:1903094	12.0277
GO:1903095	13.0277
GO:1903115	9.8578
GO:1903116	12.0277
GO:1903119	13.0277
GO:1903121	11.0277
GO:1903122	13.0277
GO:1903126	13.0277
GO:1903131	8.9403
GO:1903135	13.0277
GO:1903136	12.0277
GO:1903140	10.7058
GO:1903142	11.4428
GO:1903143	13.0277
GO:1903146	10.4428
GO:1903169	8.4428
GO:1903170	9.7058
GO:1903179	13.0277
GO:1903181	13.0277
GO:1903189	13.0277
GO:1903236	12.0277
GO:1903237	12.0277
GO:1903241	13.0277
GO:1903242	13.0277
GO:1903259	13.0277
GO:1903260	13.0277
GO:1903265	10.7058
GO:1903270	13.0277
GO:1903272	13.0277
GO:1903276	11.4428
GO:1903278	11.4428
GO:1903286	11.4428
GO:1903288	11.4428
GO:1903292	13.0277
GO:1903293	8.9403
GO:1903297	13.0277
GO:1903298	13.0277
GO:1903305	9.1208
GO:1903306	11.0277
GO:1903307	10.2204
GO:1903311	6.4731
GO:1903312	9.8578
GO:1903313	7.8183
GO:1903317	9.5683
GO:1903318	10.7058
GO:1903319	10.7058
GO:1903320	7.0054
GO:1903321	8.6354
GO:1903322	7.6354
GO:1903326	13.0277
GO:1903328	13.0277
GO:1903332	13.0277
GO:1903335	12.0277
GO:1903338	11.0277
GO:1903341	11.4428
GO:1903343	12.0277
GO:1903347	12.0277
GO:1903348	13.0277
GO:1903349	13.0277
GO:1903350	10.4428
GO:1903351	10.4428
GO:1903352	13.0277
GO:1903353	13.0277
GO:1903358	10.7058
GO:1903371	12.0277
GO:1903373	12.0277
GO:1903376	12.0277
GO:1903377	12.0277
GO:1903383	13.0277
GO:1903384	13.0277
GO:1903401	13.0277
GO:1903402	13.0277
GO:1903403	13.0277
GO:1903409	13.0277
GO:1903416	13.0277
GO:1903421	11.4428
GO:1903422	13.0277
GO:1903423	13.0277
GO:1903424	13.0277
GO:1903425	13.0277
GO:1903426	12.0277
GO:1903427	13.0277
GO:1903428	13.0277
GO:1903429	11.0277
GO:1903430	13.0277
GO:1903431	11.4428
GO:1903432	8.5683
GO:1903433	13.0277
GO:1903434	13.0277
GO:1903436	12.0277
GO:1903437	13.0277
GO:1903438	13.0277
GO:1903439	12.0277
GO:1903440	12.0277
GO:1903441	13.0277
GO:1903457	12.0277
GO:1903475	11.4428
GO:1903490	13.0277
GO:1903499	12.0277
GO:1903500	13.0277
GO:1903501	13.0277
GO:1903504	10.7058
GO:1903509	7.3839
GO:1903514	12.0277
GO:1903515	12.0277
GO:1903516	13.0277
GO:1903518	13.0277
GO:1903522	7.2464
GO:1903523	12.0277
GO:1903524	12.0277
GO:1903525	12.0277
GO:1903527	13.0277
GO:1903530	6.4278
GO:1903531	8.5683
GO:1903532	7.4130
GO:1903533	9.8578
GO:1903541	11.0277
GO:1903542	13.0277
GO:1903543	11.0277
GO:1903546	13.0277
GO:1903551	12.0277
GO:1903553	12.0277
GO:1903555	8.2728
GO:1903556	9.3273
GO:1903557	9.2204
GO:1903561	3.3571
GO:1903564	13.0277
GO:1903566	13.0277
GO:1903573	9.8578
GO:1903578	8.7798
GO:1903579	12.0277
GO:1903580	10.4428
GO:1903587	10.7058
GO:1903588	12.0277
GO:1903589	11.4428
GO:1903593	12.0277
GO:1903595	12.0277
GO:1903600	13.0277
GO:1903608	12.0277
GO:1903609	13.0277
GO:1903624	13.0277
GO:1903626	13.0277
GO:1903659	12.0277
GO:1903664	13.0277
GO:1903670	10.7058
GO:1903672	10.7058
GO:1903674	13.0277
GO:1903676	13.0277
GO:1903677	13.0277
GO:1903679	13.0277
GO:1903684	11.4428
GO:1903687	13.0277
GO:1903688	12.0277
GO:1903689	13.0277
GO:1903690	13.0277
GO:1903692	13.0277
GO:1903706	7.3273
GO:1903707	9.5683
GO:1903708	9.2204
GO:1903715	10.4428
GO:1903722	13.0277
GO:1903724	13.0277
GO:1903725	8.9403
GO:1903726	10.2204
GO:1903727	10.4428
GO:1903729	12.0277
GO:1903750	13.0277
GO:1903751	13.0277
GO:1903763	13.0277
GO:1903764	13.0277
GO:1903765	13.0277
GO:1903767	13.0277
GO:1903768	13.0277
GO:1903772	13.0277
GO:1903774	13.0277
GO:1903775	13.0277
GO:1903778	12.0277
GO:1903779	9.1208
GO:1903792	12.0277
GO:1903793	13.0277
GO:1903798	10.4428
GO:1903799	12.0277
GO:1903800	10.7058
GO:1903801	12.0277
GO:1903804	13.0277
GO:1903817	10.4428
GO:1903818	13.0277
GO:1903826	11.4428
GO:1903828	8.3839
GO:1903829	6.6879
GO:1903830	11.4428
GO:1903832	11.0277
GO:1903833	11.0277
GO:1903842	11.4428
GO:1903843	11.4428
GO:1903844	8.3273
GO:1903846	10.4428
GO:1903850	13.0277
GO:1903859	12.0277
GO:1903861	12.0277
GO:1903862	12.0277
GO:1903872	13.0277
GO:1903873	13.0277
GO:1903891	12.0277
GO:1903892	13.0277
GO:1903894	11.4428
GO:1903896	12.0277
GO:1903897	11.0277
GO:1903898	12.0277
GO:1903899	13.0277
GO:1903900	8.0735
GO:1903901	13.0277
GO:1903902	10.4428
GO:1903912	11.4428
GO:1903935	13.0277
GO:1903936	13.0277
GO:1903939	12.0277
GO:1903940	13.0277
GO:1903959	12.0277
GO:1903960	13.0277
GO:1903961	13.0277
GO:1903963	12.0277
GO:1903965	13.0277
GO:1903969	13.0277
GO:1903971	13.0277
GO:1903972	13.0277
GO:1903974	13.0277
GO:1903975	12.0277
GO:1903977	13.0277
GO:1903978	12.0277
GO:1903979	13.0277
GO:1903984	11.4428
GO:1904018	8.1698
GO:1904020	13.0277
GO:1904021	13.0277
GO:1904026	13.0277
GO:1904028	13.0277
GO:1904030	10.4428
GO:1904031	10.2204
GO:1904035	11.4428
GO:1904036	13.0277
GO:1904037	12.0277
GO:1904046	13.0277
GO:1904047	11.4428
GO:1904059	12.0277
GO:1904061	13.0277
GO:1904062	7.2728
GO:1904063	8.7798
GO:1904064	8.6354
GO:1904090	12.0277
GO:1904098	13.0277
GO:1904100	13.0277
GO:1904106	13.0277
GO:1904115	13.0277
GO:1904121	13.0277
GO:1904124	13.0277
GO:1904139	13.0277
GO:1904141	13.0277
GO:1904152	11.0277
GO:1904153	11.0277
GO:1904155	13.0277
GO:1904158	13.0277
GO:1904180	13.0277
GO:1904181	11.4428
GO:1904231	13.0277
GO:1904238	13.0277
GO:1904262	9.8578
GO:1904263	9.4428
GO:1904288	13.0277
GO:1904292	12.0277
GO:1904293	13.0277
GO:1904294	13.0277
GO:1904315	11.0277
GO:1904321	13.0277
GO:1904322	13.0277
GO:1904323	13.0277
GO:1904325	13.0277
GO:1904338	12.0277
GO:1904339	13.0277
GO:1904340	13.0277
GO:1904350	13.0277
GO:1904353	9.8578
GO:1904354	12.0277
GO:1904355	10.2204
GO:1904356	8.3839
GO:1904357	9.5683
GO:1904358	9.2204
GO:1904375	8.3839
GO:1904376	11.0277
GO:1904377	9.0277
GO:1904380	11.0277
GO:1904381	12.0277
GO:1904382	13.0277
GO:1904385	12.0277
GO:1904396	8.2204
GO:1904397	9.8578
GO:1904398	9.7058
GO:1904399	13.0277
GO:1904415	13.0277
GO:1904417	13.0277
GO:1904423	13.0277
GO:1904426	13.0277
GO:1904427	9.8578
GO:1904429	13.0277
GO:1904430	13.0277
GO:1904447	13.0277
GO:1904457	12.0277
GO:1904462	13.0277
GO:1904464	12.0277
GO:1904465	13.0277
GO:1904466	13.0277
GO:1904478	13.0277
GO:1904479	13.0277
GO:1904481	13.0277
GO:1904482	13.0277
GO:1904502	11.0277
GO:1904503	13.0277
GO:1904504	11.4428
GO:1904505	12.0277
GO:1904506	12.0277
GO:1904515	13.0277
GO:1904523	13.0277
GO:1904524	13.0277
GO:1904533	13.0277
GO:1904534	13.0277
GO:1904556	13.0277
GO:1904564	13.0277
GO:1904580	12.0277
GO:1904587	13.0277
GO:1904602	13.0277
GO:1904627	12.0277
GO:1904628	12.0277
GO:1904645	10.2204
GO:1904646	10.7058
GO:1904647	13.0277
GO:1904659	10.7058
GO:1904666	9.4428
GO:1904667	10.4428
GO:1904668	10.4428
GO:1904669	10.2204
GO:1904680	11.4428
GO:1904685	13.0277
GO:1904688	12.0277
GO:1904689	13.0277
GO:1904690	13.0277
GO:1904693	13.0277
GO:1904705	10.0277
GO:1904706	12.0277
GO:1904707	10.4428
GO:1904714	12.0277
GO:1904715	13.0277
GO:1904724	8.5042
GO:1904729	13.0277
GO:1904730	13.0277
GO:1904747	13.0277
GO:1904748	11.4428
GO:1904749	11.4428
GO:1904750	13.0277
GO:1904751	12.0277
GO:1904752	12.0277
GO:1904754	12.0277
GO:1904760	13.0277
GO:1904761	13.0277
GO:1904768	13.0277
GO:1904776	13.0277
GO:1904779	12.0277
GO:1904781	12.0277
GO:1904790	13.0277
GO:1904792	13.0277
GO:1904797	13.0277
GO:1904798	13.0277
GO:1904799	12.0277
GO:1904801	12.0277
GO:1904803	13.0277
GO:1904813	7.1208
GO:1904814	12.0277
GO:1904815	13.0277
GO:1904816	13.0277
GO:1904825	13.0277
GO:1904829	13.0277
GO:1904831	13.0277
GO:1904837	10.7058
GO:1904847	12.0277
GO:1904849	13.0277
GO:1904850	13.0277
GO:1904851	11.0277
GO:1904855	12.0277
GO:1904861	13.0277
GO:1904862	11.4428
GO:1904869	11.0277
GO:1904871	11.0277
GO:1904872	10.0277
GO:1904874	10.0277
GO:1904878	13.0277
GO:1904880	13.0277
GO:1904881	13.0277
GO:1904885	12.0277
GO:1904886	10.0277
GO:1904888	12.0277
GO:1904892	8.3839
GO:1904893	9.8578
GO:1904894	9.3273
GO:1904904	12.0277
GO:1904905	13.0277
GO:1904906	13.0277
GO:1904907	13.0277
GO:1904908	13.0277
GO:1904910	13.0277
GO:1904911	13.0277
GO:1904913	13.0277
GO:1904914	13.0277
GO:1904949	7.0735
GO:1904950	8.7058
GO:1904951	7.1698
GO:1904959	13.0277
GO:1904967	13.0277
GO:1904968	13.0277
GO:1904970	13.0277
GO:1904975	13.0277
GO:1904976	13.0277
GO:1904978	12.0277
GO:1904979	13.0277
GO:1904980	13.0277
GO:1904990	13.0277
GO:1904992	13.0277
GO:1904994	11.0277
GO:1904995	12.0277
GO:1904996	12.0277
GO:1904997	13.0277
GO:1904999	13.0277
GO:1905024	13.0277
GO:1905025	13.0277
GO:1905031	13.0277
GO:1905032	13.0277
GO:1905034	12.0277
GO:1905035	12.0277
GO:1905037	8.4428
GO:1905039	7.9833
GO:1905048	12.0277
GO:1905050	12.0277
GO:1905056	13.0277
GO:1905062	13.0277
GO:1905063	12.0277
GO:1905064	13.0277
GO:1905065	13.0277
GO:1905098	12.0277
GO:1905144	11.4428
GO:1905145	12.0277
GO:1905146	13.0277
GO:1905150	13.0277
GO:1905153	13.0277
GO:1905154	13.0277
GO:1905162	13.0277
GO:1905165	13.0277
GO:1905168	11.4428
GO:1905172	12.0277
GO:1905202	13.0277
GO:1905207	10.7058
GO:1905208	11.4428
GO:1905209	12.0277
GO:1905216	13.0277
GO:1905247	13.0277
GO:1905258	13.0277
GO:1905259	13.0277
GO:1905261	13.0277
GO:1905263	13.0277
GO:1905268	12.0277
GO:1905269	11.0277
GO:1905279	13.0277
GO:1905281	13.0277
GO:1905286	10.4428
GO:1905314	11.4428
GO:1905323	12.0277
GO:1905329	12.0277
GO:1905330	11.4428
GO:1905331	13.0277
GO:1905332	12.0277
GO:1905344	13.0277
GO:1905345	13.0277
GO:1905348	8.7798
GO:1905349	13.0277
GO:1905354	8.7798
GO:1905360	10.0277
GO:1905365	13.0277
GO:1905366	13.0277
GO:1905368	6.7798
GO:1905369	7.0505
GO:1905370	10.7058
GO:1905383	13.0277
GO:1905394	12.0277
GO:1905395	13.0277
GO:1905396	13.0277
GO:1905413	13.0277
GO:1905459	12.0277
GO:1905461	12.0277
GO:1905475	8.3273
GO:1905476	11.0277
GO:1905477	8.9403
GO:1905502	13.0277
GO:1905508	11.0277
GO:1905515	10.4428
GO:1905517	11.0277
GO:1905521	10.2204
GO:1905522	12.0277
GO:1905523	10.7058
GO:1905553	13.0277
GO:1905555	13.0277
GO:1905562	11.0277
GO:1905564	11.0277
GO:1905573	13.0277
GO:1905576	13.0277
GO:1905603	13.0277
GO:1905606	12.0277
GO:1905632	13.0277
GO:1905634	12.0277
GO:1905644	13.0277
GO:1905646	13.0277
GO:1905664	13.0277
GO:1905665	13.0277
GO:1905666	12.0277
GO:1905668	12.0277
GO:1905671	13.0277
GO:1905673	13.0277
GO:1905674	12.0277
GO:1905675	12.0277
GO:1905709	11.0277
GO:1905710	11.0277
GO:1905719	13.0277
GO:1905725	13.0277
GO:1905747	13.0277
GO:1905748	13.0277
GO:1905764	12.0277
GO:1905765	12.0277
GO:1905770	13.0277
GO:1905772	13.0277
GO:1905784	13.0277
GO:1905786	13.0277
GO:1905793	13.0277
GO:1905806	13.0277
GO:1905808	13.0277
GO:1905809	9.8578
GO:1905818	8.7798
GO:1905819	9.7058
GO:1905820	10.7058
GO:1905838	13.0277
GO:1905839	13.0277
GO:1905864	13.0277
GO:1905866	13.0277
GO:1905868	13.0277
GO:1905869	13.0277
GO:1905879	13.0277
GO:1905897	9.1208
GO:1905898	11.0277
GO:1905906	11.4428
GO:1905907	12.0277
GO:1905908	12.0277
GO:1905912	13.0277
GO:1905913	13.0277
GO:1905936	13.0277
GO:1905938	13.0277
GO:1905948	13.0277
GO:1905952	8.2728
GO:1905953	9.5683
GO:1905954	9.1208
GO:1905956	13.0277
GO:1905957	13.0277
GO:1905962	13.0277
GO:1990000	12.0277
GO:1990023	12.0277
GO:1990027	13.0277
GO:1990034	13.0277
GO:1990036	13.0277
GO:1990047	13.0277
GO:1990049	13.0277
GO:1990050	11.0277
GO:1990051	13.0277
GO:1990070	12.0277
GO:1990071	11.0277
GO:1990072	11.4428
GO:1990081	13.0277
GO:1990089	12.0277
GO:1990090	12.0277
GO:1990108	13.0277
GO:1990114	13.0277
GO:1990130	10.7058
GO:1990138	9.3273
GO:1990139	13.0277
GO:1990143	13.0277
GO:1990145	12.0277
GO:1990147	13.0277
GO:1990151	13.0277
GO:1990165	13.0277
GO:1990166	13.0277
GO:1990167	13.0277
GO:1990168	12.0277
GO:1990169	13.0277
GO:1990173	12.0277
GO:1990174	13.0277
GO:1990180	11.4428
GO:1990182	11.4428
GO:1990184	12.0277
GO:1990189	13.0277
GO:1990204	9.4428
GO:1990221	11.0277
GO:1990226	11.4428
GO:1990228	11.0277
GO:1990229	10.7058
GO:1990234	4.5279
GO:1990239	13.0277
GO:1990246	11.4428
GO:1990253	12.0277
GO:1990255	13.0277
GO:1990259	13.0277
GO:1990261	13.0277
GO:1990264	13.0277
GO:1990266	9.8578
GO:1990269	12.0277
GO:1990303	13.0277
GO:1990304	13.0277
GO:1990316	12.0277
GO:1990349	13.0277
GO:1990351	6.4428
GO:1990359	13.0277
GO:1990380	12.0277
GO:1990381	10.2204
GO:1990385	12.0277
GO:1990386	12.0277
GO:1990390	13.0277
GO:1990391	11.0277
GO:1990393	13.0277
GO:1990399	12.0277
GO:1990404	9.8578
GO:1990409	13.0277
GO:1990410	13.0277
GO:1990414	11.0277
GO:1990423	12.0277
GO:1990429	11.4428
GO:1990430	12.0277
GO:1990439	13.0277
GO:1990446	13.0277
GO:1990448	13.0277
GO:1990450	13.0277
GO:1990451	13.0277
GO:1990452	13.0277
GO:1990454	12.0277
GO:1990459	13.0277
GO:1990462	12.0277
GO:1990467	13.0277
GO:1990468	12.0277
GO:1990481	11.4428
GO:1990498	13.0277
GO:1990502	13.0277
GO:1990524	13.0277
GO:1990525	13.0277
GO:1990528	12.0277
GO:1990529	12.0277
GO:1990530	12.0277
GO:1990531	12.0277
GO:1990533	12.0277
GO:1990535	12.0277
GO:1990539	13.0277
GO:1990542	8.7798
GO:1990546	12.0277
GO:1990564	12.0277
GO:1990565	13.0277
GO:1990569	12.0277
GO:1990573	10.2204
GO:1990575	13.0277
GO:1990577	13.0277
GO:1990578	12.0277
GO:1990584	12.0277
GO:1990592	12.0277
GO:1990593	13.0277
GO:1990599	12.0277
GO:1990615	13.0277
GO:1990616	13.0277
GO:1990622	13.0277
GO:1990635	13.0277
GO:1990666	13.0277
GO:1990668	11.4428
GO:1990700	9.4428
GO:1990709	13.0277
GO:1990712	10.7058
GO:1990726	11.4428
GO:1990738	13.0277
GO:1990742	13.0277
GO:1990743	11.4428
GO:1990745	13.0277
GO:1990748	10.4428
GO:1990752	11.4428
GO:1990756	11.4428
GO:1990757	13.0277
GO:1990758	13.0277
GO:1990761	13.0277
GO:1990763	13.0277
GO:1990776	12.0277
GO:1990777	10.2204
GO:1990778	7.5683
GO:1990782	8.7058
GO:1990784	13.0277
GO:1990786	13.0277
GO:1990794	13.0277
GO:1990814	11.0277
GO:1990816	11.4428
GO:1990817	13.0277
GO:1990822	11.0277
GO:1990825	11.0277
GO:1990834	13.0277
GO:1990837	6.1451
GO:1990840	7.9403
GO:1990841	10.2204
GO:1990845	12.0277
GO:1990849	10.2204
GO:1990851	13.0277
GO:1990858	7.9403
GO:1990868	10.2204
GO:1990869	10.2204
GO:1990879	12.0277
GO:1990883	13.0277
GO:1990904	4.1512
GO:1990909	12.0277
GO:1990911	13.0277
GO:1990928	9.0277
GO:1990930	13.0277
GO:1990931	12.0277
GO:1990948	12.0277
GO:1990961	12.0277
GO:1990964	13.0277
GO:1990966	11.4428
GO:1990983	13.0277
GO:1990984	12.0277
GO:2000001	10.4428
GO:2000002	10.7058
GO:2000008	9.4428
GO:2000009	12.0277
GO:2000010	10.4428
GO:2000015	13.0277
GO:2000017	13.0277
GO:2000026	5.4428
GO:2000027	11.0277
GO:2000035	11.0277
GO:2000036	13.0277
GO:2000042	11.0277
GO:2000045	7.9833
GO:2000047	11.4428
GO:2000048	12.0277
GO:2000049	13.0277
GO:2000050	13.0277
GO:2000052	13.0277
GO:2000058	7.7423
GO:2000059	9.4428
GO:2000060	8.5042
GO:2000064	11.0277
GO:2000065	11.4428
GO:2000074	12.0277
GO:2000077	13.0277
GO:2000097	13.0277
GO:2000098	13.0277
GO:2000104	10.7058
GO:2000105	11.0277
GO:2000106	9.1208
GO:2000107	10.2204
GO:2000108	10.4428
GO:2000114	13.0277
GO:2000118	12.0277
GO:2000119	13.0277
GO:2000134	9.0277
GO:2000136	13.0277
GO:2000138	13.0277
GO:2000142	9.3273
GO:2000143	11.4428
GO:2000144	9.8578
GO:2000145	5.4808
GO:2000146	7.1208
GO:2000147	6.1948
GO:2000155	11.0277
GO:2000156	12.0277
GO:2000158	13.0277
GO:2000177	9.1208
GO:2000178	9.5683
GO:2000179	11.0277
GO:2000181	8.7798
GO:2000182	13.0277
GO:2000185	12.0277
GO:2000191	11.4428
GO:2000192	12.0277
GO:2000193	12.0277
GO:2000197	11.4428
GO:2000198	13.0277
GO:2000209	10.2204
GO:2000210	13.0277
GO:2000220	13.0277
GO:2000224	13.0277
GO:2000232	10.4428
GO:2000233	13.0277
GO:2000234	11.0277
GO:2000235	13.0277
GO:2000237	13.0277
GO:2000241	7.8578
GO:2000242	9.5683
GO:2000243	9.3273
GO:2000252	13.0277
GO:2000253	13.0277
GO:2000269	12.0277
GO:2000270	13.0277
GO:2000271	13.0277
GO:2000272	10.7058
GO:2000274	12.0277
GO:2000278	8.1208
GO:2000279	9.5683
GO:2000282	13.0277
GO:2000289	13.0277
GO:2000295	13.0277
GO:2000296	13.0277
GO:2000300	11.4428
GO:2000303	11.0277
GO:2000304	11.4428
GO:2000310	11.4428
GO:2000311	11.4428
GO:2000322	13.0277
GO:2000323	13.0277
GO:2000331	10.7058
GO:2000332	13.0277
GO:2000334	13.0277
GO:2000341	13.0277
GO:2000343	13.0277
GO:2000344	13.0277
GO:2000348	12.0277
GO:2000349	13.0277
GO:2000351	8.9403
GO:2000352	10.0277
GO:2000353	10.2204
GO:2000359	13.0277
GO:2000369	11.0277
GO:2000370	11.0277
GO:2000373	13.0277
GO:2000377	8.9403
GO:2000378	11.4428
GO:2000379	9.8578
GO:2000392	11.4428
GO:2000393	13.0277
GO:2000394	12.0277
GO:2000401	9.7058
GO:2000403	9.8578
GO:2000404	9.8578
GO:2000406	9.8578
GO:2000416	11.4428
GO:2000417	12.0277
GO:2000418	13.0277
GO:2000419	13.0277
GO:2000420	13.0277
GO:2000422	13.0277
GO:2000424	13.0277
GO:2000425	12.0277
GO:2000426	13.0277
GO:2000427	13.0277
GO:2000431	11.4428
GO:2000432	13.0277
GO:2000433	13.0277
GO:2000434	11.4428
GO:2000435	13.0277
GO:2000436	12.0277
GO:2000458	13.0277
GO:2000465	13.0277
GO:2000466	13.0277
GO:2000471	13.0277
GO:2000473	13.0277
GO:2000479	11.4428
GO:2000480	12.0277
GO:2000481	13.0277
GO:2000495	13.0277
GO:2000501	13.0277
GO:2000503	13.0277
GO:2000508	11.0277
GO:2000510	11.0277
GO:2000514	10.2204
GO:2000515	10.7058
GO:2000516	11.4428
GO:2000523	13.0277
GO:2000524	13.0277
GO:2000527	13.0277
GO:2000529	13.0277
GO:2000535	11.4428
GO:2000536	13.0277
GO:2000544	12.0277
GO:2000546	13.0277
GO:2000551	13.0277
GO:2000552	13.0277
GO:2000554	12.0277
GO:2000556	12.0277
GO:2000561	11.4428
GO:2000562	12.0277
GO:2000563	12.0277
GO:2000573	9.0277
GO:2000586	13.0277
GO:2000588	13.0277
GO:2000601	10.4428
GO:2000622	12.0277
GO:2000623	13.0277
GO:2000624	13.0277
GO:2000625	12.0277
GO:2000627	12.0277
GO:2000628	10.2204
GO:2000629	12.0277
GO:2000630	10.4428
GO:2000631	13.0277
GO:2000632	13.0277
GO:2000637	10.7058
GO:2000641	9.7058
GO:2000642	12.0277
GO:2000643	12.0277
GO:2000644	11.4428
GO:2000645	13.0277
GO:2000646	12.0277
GO:2000647	12.0277
GO:2000648	12.0277
GO:2000649	9.5683
GO:2000651	11.0277
GO:2000659	12.0277
GO:2000660	12.0277
GO:2000668	11.0277
GO:2000669	11.4428
GO:2000670	13.0277
GO:2000674	12.0277
GO:2000675	13.0277
GO:2000676	13.0277
GO:2000677	10.0277
GO:2000678	11.0277
GO:2000679	11.4428
GO:2000683	13.0277
GO:2000696	13.0277
GO:2000718	13.0277
GO:2000719	13.0277
GO:2000725	11.0277
GO:2000726	12.0277
GO:2000727	12.0277
GO:2000728	13.0277
GO:2000736	8.6354
GO:2000738	13.0277
GO:2000739	13.0277
GO:2000749	13.0277
GO:2000765	10.0277
GO:2000766	11.4428
GO:2000767	12.0277
GO:2000772	10.4428
GO:2000773	13.0277
GO:2000774	12.0277
GO:2000779	8.7798
GO:2000780	10.4428
GO:2000781	10.2204
GO:2000785	9.2204
GO:2000786	10.2204
GO:2000810	10.4428
GO:2000811	10.7058
GO:2000812	13.0277
GO:2000816	9.7058
GO:2000819	11.4428
GO:2000826	13.0277
GO:2000827	13.0277
GO:2000831	12.0277
GO:2000833	13.0277
GO:2000846	13.0277
GO:2000848	13.0277
GO:2000849	13.0277
GO:2000851	13.0277
GO:2000969	13.0277
GO:2000977	13.0277
GO:2000978	13.0277
GO:2001013	12.0277
GO:2001014	13.0277
GO:2001023	13.0277
GO:2001026	11.0277
GO:2001028	11.4428
GO:2001032	10.4428
GO:2001033	13.0277
GO:2001034	11.0277
GO:2001044	12.0277
GO:2001046	13.0277
GO:2001057	10.4428
GO:2001065	13.0277
GO:2001124	13.0277
GO:2001125	13.0277
GO:2001135	12.0277
GO:2001136	13.0277
GO:2001137	13.0277
GO:2001138	11.0277
GO:2001139	13.0277
GO:2001140	13.0277
GO:2001141	4.1666
GO:2001159	12.0277
GO:2001169	11.4428
GO:2001170	13.0277
GO:2001171	12.0277
GO:2001188	12.0277
GO:2001190	12.0277
GO:2001197	13.0277
GO:2001198	12.0277
GO:2001200	12.0277
GO:2001207	11.4428
GO:2001208	13.0277
GO:2001209	11.4428
GO:2001222	11.0277
GO:2001223	13.0277
GO:2001224	12.0277
GO:2001225	12.0277
GO:2001226	13.0277
GO:2001228	13.0277
GO:2001229	13.0277
GO:2001233	6.8985
GO:2001234	7.5683
GO:2001235	8.5683
GO:2001236	7.8985
GO:2001237	8.5683
GO:2001238	9.7058
GO:2001239	10.0277
GO:2001240	10.7058
GO:2001241	11.4428
GO:2001242	8.0735
GO:2001243	8.9403
GO:2001244	9.5683
GO:2001245	11.0277
GO:2001246	13.0277
GO:2001247	11.4428
GO:2001251	8.3839
GO:2001252	8.6354
GO:2001256	12.0277
GO:2001259	10.7058
GO:2001284	13.0277
GO:2001286	13.0277
GO:2001293	13.0277
GO:2001294	13.0277
GO:2001301	11.0277
GO:2001302	13.0277
GO:2001303	13.0277
GO:2001304	13.0277
GO:2001306	13.0277
GO:2001311	13.0277
GO:7770058	8.6354
GO:7770068	11.0277
GO:7770088	13.0277
