go_term	ic_bits
GO:0000001	10.3074
GO:0000006	13.1147
GO:0000009	11.5298
GO:0000010	13.1147
GO:0000011	10.7928
GO:0000012	12.1147
GO:0000014	11.5298
GO:0000017	12.1147
GO:0000018	7.9053
GO:0000019	10.5298
GO:0000022	9.7928
GO:0000023	12.1147
GO:0000025	13.1147
GO:0000026	11.5298
GO:0000027	8.7224
GO:0000028	10.7928
GO:0000030	8.7224
GO:0000032	12.1147
GO:0000033	11.1147
GO:0000038	8.9448
GO:0000041	7.9053
GO:0000045	7.9854
GO:0000049	8.4143
GO:0000050	11.1147
GO:0000054	8.7928
GO:0000055	9.3074
GO:0000056	10.5298
GO:0000062	12.1147
GO:0000064	12.1147
GO:0000070	7.1147
GO:0000075	7.2818
GO:0000076	10.5298
GO:0000077	8.1147
GO:0000079	8.6553
GO:0000082	8.2567
GO:0000086	8.7928
GO:0000095	12.1147
GO:0000096	9.1147
GO:0000097	10.7928
GO:0000098	11.1147
GO:0000099	10.5298
GO:0000100	13.1147
GO:0000101	10.5298
GO:0000102	13.1147
GO:0000103	13.1147
GO:0000104	11.1147
GO:0000105	12.1147
GO:0000107	13.1147
GO:0000109	9.9448
GO:0000110	12.1147
GO:0000111	13.1147
GO:0000112	11.1147
GO:0000113	12.1147
GO:0000118	8.3074
GO:0000120	10.5298
GO:0000122	6.1260
GO:0000123	7.6229
GO:0000124	9.6553
GO:0000127	13.1147
GO:0000131	9.7928
GO:0000132	9.6553
GO:0000136	13.1147
GO:0000137	11.1147
GO:0000138	10.3074
GO:0000139	5.4423
GO:0000142	11.1147
GO:0000144	10.7928
GO:0000145	10.3074
GO:0000146	13.1147
GO:0000147	12.1147
GO:0000149	8.7224
GO:0000150	11.5298
GO:0000151	6.1374
GO:0000152	8.9448
GO:0000153	10.3074
GO:0000154	9.3074
GO:0000159	10.1147
GO:0000162	10.7928
GO:0000164	10.7928
GO:0000165	7.8668
GO:0000166	5.4143
GO:0000171	10.7928
GO:0000172	10.3074
GO:0000175	8.7224
GO:0000176	9.5298
GO:0000177	10.5298
GO:0000178	9.1147
GO:0000179	13.1147
GO:0000182	9.9448
GO:0000183	9.7928
GO:0000184	9.3074
GO:0000196	13.1147
GO:0000209	7.1374
GO:0000210	12.1147
GO:0000212	9.0273
GO:0000213	13.1147
GO:0000214	12.1147
GO:0000215	12.1147
GO:0000217	9.9448
GO:0000220	11.1147
GO:0000221	10.3074
GO:0000224	12.1147
GO:0000225	13.1147
GO:0000226	5.8201
GO:0000228	6.1489
GO:0000235	11.5298
GO:0000242	10.5298
GO:0000243	11.1147
GO:0000244	10.7928
GO:0000245	8.9448
GO:0000246	13.1147
GO:0000247	13.1147
GO:0000248	11.5298
GO:0000250	13.1147
GO:0000253	11.1147
GO:0000255	10.7928
GO:0000256	11.5298
GO:0000262	12.1147
GO:0000266	10.7928
GO:0000268	13.1147
GO:0000270	13.1147
GO:0000271	9.6553
GO:0000272	10.5298
GO:0000277	13.1147
GO:0000278	5.1959
GO:0000280	5.9348
GO:0000281	7.4423
GO:0000282	10.7928
GO:0000287	7.5912
GO:0000288	9.0273
GO:0000289	9.9448
GO:0000290	10.1147
GO:0000292	13.1147
GO:0000293	11.5298
GO:0000294	10.7928
GO:0000295	9.5298
GO:0000296	12.1147
GO:0000297	12.1147
GO:0000298	11.5298
GO:0000301	9.7928
GO:0000302	7.8293
GO:0000303	11.5298
GO:0000305	11.5298
GO:0000307	8.1147
GO:0000308	13.1147
GO:0000309	12.1147
GO:0000313	6.2945
GO:0000314	7.9053
GO:0000315	6.9249
GO:0000316	13.1147
GO:0000320	12.1147
GO:0000321	12.1147
GO:0000322	6.0486
GO:0000323	4.5335
GO:0000324	6.0486
GO:0000328	11.1147
GO:0000329	7.1605
GO:0000333	13.1147
GO:0000334	13.1147
GO:0000338	10.1147
GO:0000339	10.3074
GO:0000340	10.7928
GO:0000346	9.9448
GO:0000347	10.3074
GO:0000348	13.1147
GO:0000349	11.1147
GO:0000350	12.1147
GO:0000354	12.1147
GO:0000372	10.7928
GO:0000375	6.0703
GO:0000376	10.7928
GO:0000377	6.1374
GO:0000379	13.1147
GO:0000380	11.1147
GO:0000381	9.1147
GO:0000384	10.5298
GO:0000386	12.1147
GO:0000387	9.3074
GO:0000389	13.1147
GO:0000390	11.1147
GO:0000393	10.7928
GO:0000394	9.6553
GO:0000395	11.5298
GO:0000398	6.1374
GO:0000399	10.5298
GO:0000400	10.3074
GO:0000403	13.1147
GO:0000407	9.0273
GO:0000408	12.1147
GO:0000409	11.5298
GO:0000411	11.5298
GO:0000413	10.3074
GO:0000417	13.1147
GO:0000421	8.7928
GO:0000422	8.5912
GO:0000423	9.7928
GO:0000425	11.1147
GO:0000428	6.9854
GO:0000429	11.5298
GO:0000431	12.1147
GO:0000435	12.1147
GO:0000436	11.5298
GO:0000438	13.1147
GO:0000439	9.4143
GO:0000444	12.1147
GO:0000445	10.7928
GO:0000446	13.1147
GO:0000447	9.2078
GO:0000448	12.1147
GO:0000451	13.1147
GO:0000454	13.1147
GO:0000455	12.1147
GO:0000460	7.7928
GO:0000461	13.1147
GO:0000462	7.5912
GO:0000463	9.2078
GO:0000464	13.1147
GO:0000465	12.1147
GO:0000466	8.0703
GO:0000467	9.7928
GO:0000470	9.0273
GO:0000472	9.5298
GO:0000479	8.7928
GO:0000480	9.4143
GO:0000481	13.1147
GO:0000491	10.5298
GO:0000492	10.7928
GO:0000493	13.1147
GO:0000495	13.1147
GO:0000500	12.1147
GO:0000502	7.3868
GO:0000506	11.1147
GO:0000514	12.1147
GO:0000515	12.1147
GO:0000578	8.5298
GO:0000700	12.1147
GO:0000701	13.1147
GO:0000702	11.1147
GO:0000703	13.1147
GO:0000706	12.1147
GO:0000707	12.1147
GO:0000709	13.1147
GO:0000710	12.1147
GO:0000711	13.1147
GO:0000712	11.5298
GO:0000713	13.1147
GO:0000715	13.1147
GO:0000722	9.3074
GO:0000723	7.5601
GO:0000724	7.4143
GO:0000725	7.3074
GO:0000727	10.1147
GO:0000729	10.7928
GO:0000730	10.7928
GO:0000731	10.7928
GO:0000741	10.5298
GO:0000742	10.5298
GO:0000743	12.1147
GO:0000747	9.5298
GO:0000749	12.1147
GO:0000752	13.1147
GO:0000753	13.1147
GO:0000755	13.1147
GO:0000768	9.7928
GO:0000774	10.5298
GO:0000775	6.5756
GO:0000776	6.9448
GO:0000779	6.8668
GO:0000781	7.1374
GO:0000782	10.3074
GO:0000783	10.7928
GO:0000785	5.3074
GO:0000786	8.5298
GO:0000791	8.7928
GO:0000792	8.6553
GO:0000793	6.3733
GO:0000794	8.6553
GO:0000795	10.5298
GO:0000796	11.1147
GO:0000800	13.1147
GO:0000801	13.1147
GO:0000803	11.1147
GO:0000805	11.5298
GO:0000806	13.1147
GO:0000808	10.3074
GO:0000810	11.5298
GO:0000811	10.3074
GO:0000812	9.9448
GO:0000813	11.1147
GO:0000814	12.1147
GO:0000815	9.7928
GO:0000819	7.0703
GO:0000822	11.5298
GO:0000823	13.1147
GO:0000824	13.1147
GO:0000825	13.1147
GO:0000827	12.1147
GO:0000828	12.1147
GO:0000829	12.1147
GO:0000830	13.1147
GO:0000831	13.1147
GO:0000832	13.1147
GO:0000835	10.3074
GO:0000836	10.5298
GO:0000837	11.5298
GO:0000838	12.1147
GO:0000839	10.5298
GO:0000900	9.9448
GO:0000902	6.2945
GO:0000907	13.1147
GO:0000910	7.0062
GO:0000912	10.3074
GO:0000915	10.3074
GO:0000916	10.7928
GO:0000917	13.1147
GO:0000920	12.1147
GO:0000921	10.3074
GO:0000922	7.7928
GO:0000930	11.1147
GO:0000931	12.1147
GO:0000932	8.4143
GO:0000935	13.1147
GO:0000936	13.1147
GO:0000938	10.7928
GO:0000939	10.3074
GO:0000940	8.8668
GO:0000943	13.1147
GO:0000956	7.3868
GO:0000957	10.7928
GO:0000958	11.1147
GO:0000959	7.9854
GO:0000960	12.1147
GO:0000962	12.1147
GO:0000963	8.7224
GO:0000964	10.7928
GO:0000965	10.5298
GO:0000966	8.0273
GO:0000967	9.3074
GO:0000972	10.7928
GO:0000973	10.7928
GO:0000974	9.6553
GO:0000976	6.7397
GO:0000977	7.3868
GO:0000978	8.0273
GO:0000979	9.9448
GO:0000981	7.5000
GO:0000987	7.9053
GO:0000992	13.1147
GO:0000993	8.4709
GO:0000995	12.1147
GO:0001002	13.1147
GO:0001003	13.1147
GO:0001006	13.1147
GO:0001015	12.1147
GO:0001016	12.1147
GO:0001018	13.1147
GO:0001042	12.1147
GO:0001046	9.0273
GO:0001067	6.7053
GO:0001068	13.1147
GO:0001069	12.1147
GO:0001091	10.3074
GO:0001094	11.5298
GO:0001096	13.1147
GO:0001097	12.1147
GO:0001100	9.9448
GO:0001101	8.2078
GO:0001109	13.1147
GO:0001111	13.1147
GO:0001112	13.1147
GO:0001113	13.1147
GO:0001120	13.1147
GO:0001147	13.1147
GO:0001163	10.7928
GO:0001164	11.1147
GO:0001165	12.1147
GO:0001173	12.1147
GO:0001174	12.1147
GO:0001178	13.1147
GO:0001179	13.1147
GO:0001181	11.5298
GO:0001188	13.1147
GO:0001192	11.5298
GO:0001193	13.1147
GO:0001195	12.1147
GO:0001216	8.7928
GO:0001217	8.7928
GO:0001221	8.7224
GO:0001222	9.5298
GO:0001223	9.7928
GO:0001227	8.8668
GO:0001228	8.7928
GO:0001325	11.5298
GO:0001400	11.5298
GO:0001401	10.3074
GO:0001402	11.1147
GO:0001403	9.9448
GO:0001405	11.5298
GO:0001408	11.5298
GO:0001409	11.5298
GO:0001501	7.6229
GO:0001502	13.1147
GO:0001503	8.3598
GO:0001504	9.6553
GO:0001508	9.1147
GO:0001510	7.9854
GO:0001514	13.1147
GO:0001516	9.9448
GO:0001517	12.1147
GO:0001518	12.1147
GO:0001522	10.1147
GO:0001523	8.3598
GO:0001525	8.3074
GO:0001527	12.1147
GO:0001530	9.5298
GO:0001533	9.6553
GO:0001537	12.1147
GO:0001539	8.7928
GO:0001540	9.2078
GO:0001541	10.7928
GO:0001553	13.1147
GO:0001555	11.5298
GO:0001556	13.1147
GO:0001558	6.9448
GO:0001561	12.1147
GO:0001562	10.7928
GO:0001568	8.1147
GO:0001569	12.1147
GO:0001570	13.1147
GO:0001573	10.1147
GO:0001574	11.1147
GO:0001578	8.4143
GO:0001580	8.8668
GO:0001582	13.1147
GO:0001587	12.1147
GO:0001588	13.1147
GO:0001591	13.1147
GO:0001594	13.1147
GO:0001595	13.1147
GO:0001605	13.1147
GO:0001607	12.1147
GO:0001614	11.1147
GO:0001618	9.9448
GO:0001621	12.1147
GO:0001635	13.1147
GO:0001637	10.3074
GO:0001649	9.0273
GO:0001650	7.8293
GO:0001652	12.1147
GO:0001653	8.4143
GO:0001654	6.8293
GO:0001655	13.1147
GO:0001656	11.1147
GO:0001657	13.1147
GO:0001658	13.1147
GO:0001659	13.1147
GO:0001664	7.5000
GO:0001665	12.1147
GO:0001666	7.7224
GO:0001667	7.9448
GO:0001669	10.1147
GO:0001671	9.1147
GO:0001673	11.1147
GO:0001674	11.5298
GO:0001675	12.1147
GO:0001676	7.5912
GO:0001677	13.1147
GO:0001678	13.1147
GO:0001680	12.1147
GO:0001681	13.1147
GO:0001682	9.9448
GO:0001692	10.7928
GO:0001694	11.5298
GO:0001695	13.1147
GO:0001700	8.2078
GO:0001701	11.5298
GO:0001703	9.3074
GO:0001704	9.4143
GO:0001706	10.3074
GO:0001707	10.3074
GO:0001708	9.5298
GO:0001709	8.6553
GO:0001710	13.1147
GO:0001711	13.1147
GO:0001725	10.1147
GO:0001726	8.1605
GO:0001727	8.9448
GO:0001729	12.1147
GO:0001730	13.1147
GO:0001731	10.5298
GO:0001732	12.1147
GO:0001733	13.1147
GO:0001734	11.5298
GO:0001736	9.7928
GO:0001737	11.1147
GO:0001738	9.0273
GO:0001739	13.1147
GO:0001740	13.1147
GO:0001742	13.1147
GO:0001745	7.5601
GO:0001750	10.7928
GO:0001751	8.3598
GO:0001752	9.7928
GO:0001754	8.3074
GO:0001758	10.7928
GO:0001759	13.1147
GO:0001763	9.2078
GO:0001764	11.5298
GO:0001765	12.1147
GO:0001766	13.1147
GO:0001767	12.1147
GO:0001768	13.1147
GO:0001770	13.1147
GO:0001771	13.1147
GO:0001772	10.1147
GO:0001773	11.1147
GO:0001774	13.1147
GO:0001775	6.5148
GO:0001776	11.5298
GO:0001778	10.1147
GO:0001780	11.5298
GO:0001781	13.1147
GO:0001784	9.3074
GO:0001786	9.5298
GO:0001788	11.5298
GO:0001792	13.1147
GO:0001794	11.5298
GO:0001816	10.3074
GO:0001817	5.6229
GO:0001818	7.2567
GO:0001819	6.1489
GO:0001822	9.7928
GO:0001823	11.5298
GO:0001836	11.1147
GO:0001837	9.5298
GO:0001838	12.1147
GO:0001845	11.1147
GO:0001846	10.1147
GO:0001848	10.1147
GO:0001849	10.5298
GO:0001850	13.1147
GO:0001851	12.1147
GO:0001867	12.1147
GO:0001868	13.1147
GO:0001869	13.1147
GO:0001872	11.1147
GO:0001875	12.1147
GO:0001881	11.1147
GO:0001882	13.1147
GO:0001885	10.3074
GO:0001886	12.1147
GO:0001888	12.1147
GO:0001889	11.5298
GO:0001890	10.5298
GO:0001891	12.1147
GO:0001892	12.1147
GO:0001893	12.1147
GO:0001894	7.9448
GO:0001895	8.9448
GO:0001906	8.5912
GO:0001909	9.6553
GO:0001910	8.4709
GO:0001911	9.9448
GO:0001912	9.2078
GO:0001913	12.1147
GO:0001914	10.1147
GO:0001915	12.1147
GO:0001916	10.5298
GO:0001917	11.1147
GO:0001919	11.1147
GO:0001920	12.1147
GO:0001921	12.1147
GO:0001927	13.1147
GO:0001931	13.1147
GO:0001932	5.4565
GO:0001933	7.0486
GO:0001934	6.1260
GO:0001935	10.7928
GO:0001936	8.1147
GO:0001937	9.6553
GO:0001938	8.7928
GO:0001941	12.1147
GO:0001942	10.7928
GO:0001944	7.9448
GO:0001945	11.5298
GO:0001946	13.1147
GO:0001947	12.1147
GO:0001952	8.5298
GO:0001953	10.5298
GO:0001954	8.9448
GO:0001955	13.1147
GO:0001956	12.1147
GO:0001958	13.1147
GO:0001959	7.8293
GO:0001960	9.3074
GO:0001961	9.0273
GO:0001963	13.1147
GO:0001964	12.1147
GO:0001965	10.5298
GO:0001968	10.3074
GO:0001972	10.3074
GO:0001990	10.5298
GO:0001991	11.5298
GO:0002002	11.5298
GO:0002003	11.5298
GO:0002009	6.8668
GO:0002011	9.9448
GO:0002017	13.1147
GO:0002020	7.6553
GO:0002026	11.1147
GO:0002027	8.7928
GO:0002028	9.1147
GO:0002029	13.1147
GO:0002039	9.7928
GO:0002040	10.3074
GO:0002043	13.1147
GO:0002052	10.7928
GO:0002054	12.1147
GO:0002060	12.1147
GO:0002062	10.7928
GO:0002064	7.2567
GO:0002065	11.1147
GO:0002066	13.1147
GO:0002080	13.1147
GO:0002082	11.1147
GO:0002084	12.1147
GO:0002086	13.1147
GO:0002088	13.1147
GO:0002089	13.1147
GO:0002090	9.1147
GO:0002091	10.7928
GO:0002092	10.1147
GO:0002097	9.5298
GO:0002098	9.6553
GO:0002101	13.1147
GO:0002102	11.5298
GO:0002107	13.1147
GO:0002115	11.5298
GO:0002118	10.5298
GO:0002121	11.5298
GO:0002128	11.5298
GO:0002130	12.1147
GO:0002133	13.1147
GO:0002134	13.1147
GO:0002138	13.1147
GO:0002143	13.1147
GO:0002151	12.1147
GO:0002161	13.1147
GO:0002162	12.1147
GO:0002164	8.1605
GO:0002165	6.3334
GO:0002168	8.7224
GO:0002178	10.7928
GO:0002181	5.8668
GO:0002182	9.4143
GO:0002183	9.5298
GO:0002188	11.1147
GO:0002189	11.5298
GO:0002191	13.1147
GO:0002193	13.1147
GO:0002196	13.1147
GO:0002200	11.1147
GO:0002204	13.1147
GO:0002208	13.1147
GO:0002213	12.1147
GO:0002218	7.4423
GO:0002220	9.6553
GO:0002221	7.9854
GO:0002222	13.1147
GO:0002223	11.1147
GO:0002224	9.7928
GO:0002225	8.7928
GO:0002227	10.1147
GO:0002228	10.3074
GO:0002229	13.1147
GO:0002230	9.2078
GO:0002232	12.1147
GO:0002237	8.1605
GO:0002238	12.1147
GO:0002239	13.1147
GO:0002244	10.3074
GO:0002246	12.1147
GO:0002248	13.1147
GO:0002250	8.8668
GO:0002251	9.3074
GO:0002252	7.3074
GO:0002253	6.6390
GO:0002262	9.3074
GO:0002263	8.8668
GO:0002265	13.1147
GO:0002269	13.1147
GO:0002274	8.7224
GO:0002275	10.3074
GO:0002276	13.1147
GO:0002277	13.1147
GO:0002278	12.1147
GO:0002281	12.1147
GO:0002283	12.1147
GO:0002285	9.5298
GO:0002286	10.3074
GO:0002287	10.7928
GO:0002291	13.1147
GO:0002292	10.7928
GO:0002295	11.5298
GO:0002304	13.1147
GO:0002305	13.1147
GO:0002312	13.1147
GO:0002320	13.1147
GO:0002323	11.1147
GO:0002347	10.3074
GO:0002357	11.1147
GO:0002360	11.1147
GO:0002363	11.5298
GO:0002366	8.9448
GO:0002376	4.5335
GO:0002377	13.1147
GO:0002381	13.1147
GO:0002384	12.1147
GO:0002385	9.5298
GO:0002396	11.5298
GO:0002397	13.1147
GO:0002399	12.1147
GO:0002407	11.5298
GO:0002414	13.1147
GO:0002415	13.1147
GO:0002418	12.1147
GO:0002419	13.1147
GO:0002424	13.1147
GO:0002429	7.6885
GO:0002431	9.9448
GO:0002437	10.7928
GO:0002438	11.5298
GO:0002439	13.1147
GO:0002440	13.1147
GO:0002443	8.7224
GO:0002444	9.7928
GO:0002445	11.5298
GO:0002446	10.7928
GO:0002447	12.1147
GO:0002448	13.1147
GO:0002449	9.2078
GO:0002456	10.7928
GO:0002460	8.9448
GO:0002468	13.1147
GO:0002469	13.1147
GO:0002474	10.3074
GO:0002478	9.7928
GO:0002479	13.1147
GO:0002483	10.7928
GO:0002484	12.1147
GO:0002485	13.1147
GO:0002486	12.1147
GO:0002491	13.1147
GO:0002495	10.1147
GO:0002501	11.5298
GO:0002502	13.1147
GO:0002503	12.1147
GO:0002504	10.1147
GO:0002507	11.5298
GO:0002513	13.1147
GO:0002519	13.1147
GO:0002520	8.9448
GO:0002521	8.2567
GO:0002523	11.1147
GO:0002524	11.5298
GO:0002526	10.1147
GO:0002544	13.1147
GO:0002548	9.6553
GO:0002562	11.1147
GO:0002573	9.1147
GO:0002576	13.1147
GO:0002577	13.1147
GO:0002578	13.1147
GO:0002583	13.1147
GO:0002584	13.1147
GO:0002589	13.1147
GO:0002590	13.1147
GO:0002637	10.1147
GO:0002638	13.1147
GO:0002639	10.3074
GO:0002643	11.5298
GO:0002664	12.1147
GO:0002667	12.1147
GO:0002673	11.5298
GO:0002674	12.1147
GO:0002675	13.1147
GO:0002676	13.1147
GO:0002679	13.1147
GO:0002682	4.5563
GO:0002683	6.1605
GO:0002684	5.1781
GO:0002685	7.5000
GO:0002686	9.6553
GO:0002687	8.0273
GO:0002688	7.9854
GO:0002689	10.5298
GO:0002690	8.3598
GO:0002691	10.3074
GO:0002692	11.5298
GO:0002693	13.1147
GO:0002694	6.6069
GO:0002695	8.5298
GO:0002696	7.1147
GO:0002697	6.6390
GO:0002698	8.2567
GO:0002699	7.1840
GO:0002700	7.5912
GO:0002701	10.1147
GO:0002702	7.9053
GO:0002703	7.6885
GO:0002704	9.1147
GO:0002705	8.5912
GO:0002706	8.0273
GO:0002707	9.4143
GO:0002708	8.8668
GO:0002709	9.1147
GO:0002710	11.1147
GO:0002711	9.6553
GO:0002712	10.5298
GO:0002713	12.1147
GO:0002714	11.5298
GO:0002715	8.7928
GO:0002716	10.1147
GO:0002717	9.9448
GO:0002718	9.1147
GO:0002719	10.7928
GO:0002720	9.9448
GO:0002721	13.1147
GO:0002724	10.3074
GO:0002725	13.1147
GO:0002726	10.7928
GO:0002727	13.1147
GO:0002729	13.1147
GO:0002730	13.1147
GO:0002731	13.1147
GO:0002736	13.1147
GO:0002737	13.1147
GO:0002752	10.5298
GO:0002753	8.8668
GO:0002755	11.1147
GO:0002756	11.1147
GO:0002757	6.9854
GO:0002758	7.8293
GO:0002759	8.4709
GO:0002760	8.7224
GO:0002761	9.3074
GO:0002762	10.5298
GO:0002763	10.3074
GO:0002764	6.7928
GO:0002765	12.1147
GO:0002767	13.1147
GO:0002768	7.4143
GO:0002769	13.1147
GO:0002784	8.5912
GO:0002785	12.1147
GO:0002786	9.1147
GO:0002787	13.1147
GO:0002788	12.1147
GO:0002790	12.1147
GO:0002791	8.4709
GO:0002792	11.5298
GO:0002793	9.5298
GO:0002803	9.3074
GO:0002804	12.1147
GO:0002805	9.4143
GO:0002806	13.1147
GO:0002807	9.5298
GO:0002808	9.5298
GO:0002809	13.1147
GO:0002813	11.5298
GO:0002814	13.1147
GO:0002819	8.4143
GO:0002820	9.9448
GO:0002821	9.3074
GO:0002822	8.6553
GO:0002823	10.5298
GO:0002824	9.4143
GO:0002825	11.5298
GO:0002827	12.1147
GO:0002828	11.5298
GO:0002829	11.5298
GO:0002831	5.4709
GO:0002832	7.1840
GO:0002833	6.2444
GO:0002834	10.5298
GO:0002835	13.1147
GO:0002836	10.7928
GO:0002837	10.5298
GO:0002838	13.1147
GO:0002839	10.7928
GO:0002840	12.1147
GO:0002842	12.1147
GO:0002852	13.1147
GO:0002854	13.1147
GO:0002855	11.1147
GO:0002856	13.1147
GO:0002857	11.5298
GO:0002858	11.1147
GO:0002859	13.1147
GO:0002860	11.5298
GO:0002861	10.3074
GO:0002862	10.5298
GO:0002863	13.1147
GO:0002886	10.1147
GO:0002887	11.5298
GO:0002888	11.5298
GO:0002889	10.7928
GO:0002890	12.1147
GO:0002891	11.5298
GO:0002902	11.1147
GO:0002903	12.1147
GO:0002904	13.1147
GO:0002911	12.1147
GO:0002920	8.0703
GO:0002921	10.1147
GO:0002922	8.6553
GO:0002923	12.1147
GO:0002924	12.1147
GO:0002926	12.1147
GO:0002933	11.5298
GO:0002939	13.1147
GO:0002940	11.5298
GO:0002947	13.1147
GO:0002949	11.1147
GO:0002950	13.1147
GO:0002953	12.1147
GO:0003002	6.4282
GO:0003006	5.0167
GO:0003007	8.5912
GO:0003008	4.8064
GO:0003009	11.1147
GO:0003011	13.1147
GO:0003012	7.8668
GO:0003013	7.1374
GO:0003014	8.5298
GO:0003015	8.7224
GO:0003016	13.1147
GO:0003018	8.7224
GO:0003031	13.1147
GO:0003044	10.5298
GO:0003053	13.1147
GO:0003073	10.3074
GO:0003081	11.1147
GO:0003084	13.1147
GO:0003091	10.3074
GO:0003094	11.5298
GO:0003095	13.1147
GO:0003096	13.1147
GO:0003097	13.1147
GO:0003100	13.1147
GO:0003128	13.1147
GO:0003129	13.1147
GO:0003133	13.1147
GO:0003139	13.1147
GO:0003143	11.1147
GO:0003144	13.1147
GO:0003151	11.1147
GO:0003156	13.1147
GO:0003157	13.1147
GO:0003158	9.5298
GO:0003159	13.1147
GO:0003170	10.7928
GO:0003171	13.1147
GO:0003174	13.1147
GO:0003176	11.1147
GO:0003179	10.7928
GO:0003180	11.1147
GO:0003181	13.1147
GO:0003183	13.1147
GO:0003197	13.1147
GO:0003205	10.3074
GO:0003206	10.3074
GO:0003208	10.5298
GO:0003209	13.1147
GO:0003214	12.1147
GO:0003229	11.1147
GO:0003230	13.1147
GO:0003231	10.5298
GO:0003254	9.5298
GO:0003264	13.1147
GO:0003279	13.1147
GO:0003283	13.1147
GO:0003284	13.1147
GO:0003289	13.1147
GO:0003299	13.1147
GO:0003300	13.1147
GO:0003306	12.1147
GO:0003308	13.1147
GO:0003309	13.1147
GO:0003323	13.1147
GO:0003330	12.1147
GO:0003331	12.1147
GO:0003333	7.8293
GO:0003338	13.1147
GO:0003341	8.5298
GO:0003348	13.1147
GO:0003351	12.1147
GO:0003352	10.1147
GO:0003353	11.1147
GO:0003354	13.1147
GO:0003356	13.1147
GO:0003363	13.1147
GO:0003365	12.1147
GO:0003371	12.1147
GO:0003376	12.1147
GO:0003379	12.1147
GO:0003380	12.1147
GO:0003381	11.1147
GO:0003382	9.6553
GO:0003383	10.1147
GO:0003384	11.1147
GO:0003401	13.1147
GO:0003407	12.1147
GO:0003416	12.1147
GO:0003417	13.1147
GO:0003421	13.1147
GO:0003422	13.1147
GO:0003676	3.4423
GO:0003677	4.8433
GO:0003678	8.2078
GO:0003682	6.5601
GO:0003684	8.5912
GO:0003688	9.3074
GO:0003689	10.5298
GO:0003690	5.7397
GO:0003691	10.7928
GO:0003693	13.1147
GO:0003696	13.1147
GO:0003697	7.2321
GO:0003700	7.2321
GO:0003707	10.7928
GO:0003711	12.1147
GO:0003712	6.5912
GO:0003713	7.4143
GO:0003714	8.2078
GO:0003720	11.5298
GO:0003723	4.0246
GO:0003724	8.3598
GO:0003725	8.6553
GO:0003726	13.1147
GO:0003727	8.3074
GO:0003729	6.6718
GO:0003730	8.8668
GO:0003735	5.4637
GO:0003743	8.5912
GO:0003746	10.7928
GO:0003747	10.1147
GO:0003755	9.3074
GO:0003756	10.3074
GO:0003774	9.2078
GO:0003777	10.1147
GO:0003779	7.3868
GO:0003785	10.3074
GO:0003796	12.1147
GO:0003810	10.5298
GO:0003823	9.5298
GO:0003824	1.7660
GO:0003825	12.1147
GO:0003827	13.1147
GO:0003828	11.5298
GO:0003829	12.1147
GO:0003831	12.1147
GO:0003832	13.1147
GO:0003834	13.1147
GO:0003835	13.1147
GO:0003836	10.7928
GO:0003838	13.1147
GO:0003839	11.5298
GO:0003841	9.7928
GO:0003844	12.1147
GO:0003846	12.1147
GO:0003847	11.5298
GO:0003849	13.1147
GO:0003850	13.1147
GO:0003854	12.1147
GO:0003857	10.5298
GO:0003858	13.1147
GO:0003860	13.1147
GO:0003862	13.1147
GO:0003865	12.1147
GO:0003872	13.1147
GO:0003873	12.1147
GO:0003876	13.1147
GO:0003877	13.1147
GO:0003878	13.1147
GO:0003880	12.1147
GO:0003881	13.1147
GO:0003882	13.1147
GO:0003883	13.1147
GO:0003884	13.1147
GO:0003885	13.1147
GO:0003887	9.6553
GO:0003899	9.9448
GO:0003905	13.1147
GO:0003906	10.5298
GO:0003908	13.1147
GO:0003909	11.5298
GO:0003910	12.1147
GO:0003912	13.1147
GO:0003916	10.7928
GO:0003917	11.1147
GO:0003919	12.1147
GO:0003920	13.1147
GO:0003921	13.1147
GO:0003922	13.1147
GO:0003923	12.1147
GO:0003924	6.5449
GO:0003925	11.1147
GO:0003933	13.1147
GO:0003934	13.1147
GO:0003937	13.1147
GO:0003938	12.1147
GO:0003940	13.1147
GO:0003941	13.1147
GO:0003942	13.1147
GO:0003943	13.1147
GO:0003945	13.1147
GO:0003947	13.1147
GO:0003948	13.1147
GO:0003950	10.1147
GO:0003951	13.1147
GO:0003952	13.1147
GO:0003953	13.1147
GO:0003954	11.1147
GO:0003955	12.1147
GO:0003957	13.1147
GO:0003958	13.1147
GO:0003959	11.5298
GO:0003961	13.1147
GO:0003963	13.1147
GO:0003964	10.5298
GO:0003968	11.1147
GO:0003972	12.1147
GO:0003976	13.1147
GO:0003977	13.1147
GO:0003978	13.1147
GO:0003979	13.1147
GO:0003983	12.1147
GO:0003984	13.1147
GO:0003985	11.5298
GO:0003986	12.1147
GO:0003987	13.1147
GO:0003988	10.7928
GO:0003991	13.1147
GO:0003993	11.1147
GO:0003994	11.1147
GO:0003995	10.7928
GO:0003998	12.1147
GO:0003999	13.1147
GO:0004000	11.5298
GO:0004013	12.1147
GO:0004014	13.1147
GO:0004015	13.1147
GO:0004016	11.5298
GO:0004017	11.1147
GO:0004018	13.1147
GO:0004020	12.1147
GO:0004021	13.1147
GO:0004022	9.3074
GO:0004027	12.1147
GO:0004029	9.2078
GO:0004030	8.9448
GO:0004031	11.1147
GO:0004032	12.1147
GO:0004034	13.1147
GO:0004035	12.1147
GO:0004037	13.1147
GO:0004038	13.1147
GO:0004040	11.1147
GO:0004042	13.1147
GO:0004044	12.1147
GO:0004045	11.1147
GO:0004046	13.1147
GO:0004047	12.1147
GO:0004048	13.1147
GO:0004049	12.1147
GO:0004051	13.1147
GO:0004052	11.5298
GO:0004053	11.5298
GO:0004055	12.1147
GO:0004056	13.1147
GO:0004057	13.1147
GO:0004058	13.1147
GO:0004059	13.1147
GO:0004060	13.1147
GO:0004062	11.5298
GO:0004064	12.1147
GO:0004065	10.3074
GO:0004067	11.5298
GO:0004069	11.5298
GO:0004073	13.1147
GO:0004081	13.1147
GO:0004082	13.1147
GO:0004088	12.1147
GO:0004089	11.1147
GO:0004090	12.1147
GO:0004092	13.1147
GO:0004095	12.1147
GO:0004096	12.1147
GO:0004097	13.1147
GO:0004099	12.1147
GO:0004102	13.1147
GO:0004103	11.5298
GO:0004105	12.1147
GO:0004106	13.1147
GO:0004112	10.1147
GO:0004113	13.1147
GO:0004114	10.3074
GO:0004115	10.7928
GO:0004117	11.5298
GO:0004118	13.1147
GO:0004122	12.1147
GO:0004123	12.1147
GO:0004124	13.1147
GO:0004126	11.1147
GO:0004128	11.1147
GO:0004129	9.4143
GO:0004130	13.1147
GO:0004131	13.1147
GO:0004136	13.1147
GO:0004137	12.1147
GO:0004138	13.1147
GO:0004140	13.1147
GO:0004142	12.1147
GO:0004143	10.5298
GO:0004144	11.5298
GO:0004145	12.1147
GO:0004146	11.1147
GO:0004151	13.1147
GO:0004152	12.1147
GO:0004155	13.1147
GO:0004157	12.1147
GO:0004163	13.1147
GO:0004165	13.1147
GO:0004167	11.1147
GO:0004168	13.1147
GO:0004169	10.7928
GO:0004170	13.1147
GO:0004174	12.1147
GO:0004175	6.3733
GO:0004176	13.1147
GO:0004177	8.8668
GO:0004180	10.3074
GO:0004181	11.1147
GO:0004185	13.1147
GO:0004190	10.1147
GO:0004197	8.5912
GO:0004198	12.1147
GO:0004222	8.2567
GO:0004239	12.1147
GO:0004252	7.8668
GO:0004298	13.1147
GO:0004300	9.9448
GO:0004301	11.1147
GO:0004303	10.7928
GO:0004305	11.1147
GO:0004307	13.1147
GO:0004308	13.1147
GO:0004309	13.1147
GO:0004311	13.1147
GO:0004314	13.1147
GO:0004316	13.1147
GO:0004322	12.1147
GO:0004325	13.1147
GO:0004326	13.1147
GO:0004329	12.1147
GO:0004332	11.5298
GO:0004333	13.1147
GO:0004335	12.1147
GO:0004338	13.1147
GO:0004340	13.1147
GO:0004342	13.1147
GO:0004343	13.1147
GO:0004345	13.1147
GO:0004346	12.1147
GO:0004347	13.1147
GO:0004348	13.1147
GO:0004349	13.1147
GO:0004350	13.1147
GO:0004351	12.1147
GO:0004352	12.1147
GO:0004353	11.5298
GO:0004354	13.1147
GO:0004356	13.1147
GO:0004357	13.1147
GO:0004359	13.1147
GO:0004360	11.1147
GO:0004362	13.1147
GO:0004364	8.6553
GO:0004365	11.5298
GO:0004366	11.1147
GO:0004368	13.1147
GO:0004370	11.5298
GO:0004371	13.1147
GO:0004372	11.1147
GO:0004375	13.1147
GO:0004378	13.1147
GO:0004379	11.5298
GO:0004382	10.7928
GO:0004383	11.1147
GO:0004385	11.1147
GO:0004386	7.3334
GO:0004392	13.1147
GO:0004394	13.1147
GO:0004396	12.1147
GO:0004397	13.1147
GO:0004398	12.1147
GO:0004401	13.1147
GO:0004402	9.3074
GO:0004407	9.0273
GO:0004410	13.1147
GO:0004411	13.1147
GO:0004412	13.1147
GO:0004414	13.1147
GO:0004415	11.1147
GO:0004416	13.1147
GO:0004421	12.1147
GO:0004422	12.1147
GO:0004423	13.1147
GO:0004425	13.1147
GO:0004427	11.5298
GO:0004430	13.1147
GO:0004435	9.6553
GO:0004438	10.1147
GO:0004439	10.7928
GO:0004445	13.1147
GO:0004448	10.5298
GO:0004449	11.5298
GO:0004450	11.5298
GO:0004452	13.1147
GO:0004455	13.1147
GO:0004457	10.5298
GO:0004458	12.1147
GO:0004459	11.5298
GO:0004460	13.1147
GO:0004461	13.1147
GO:0004462	13.1147
GO:0004463	13.1147
GO:0004464	11.5298
GO:0004465	13.1147
GO:0004466	12.1147
GO:0004467	9.5298
GO:0004468	13.1147
GO:0004470	10.7928
GO:0004473	12.1147
GO:0004474	13.1147
GO:0004476	13.1147
GO:0004477	13.1147
GO:0004478	13.1147
GO:0004479	12.1147
GO:0004483	12.1147
GO:0004484	13.1147
GO:0004485	13.1147
GO:0004487	13.1147
GO:0004488	13.1147
GO:0004490	13.1147
GO:0004491	13.1147
GO:0004496	13.1147
GO:0004497	7.4143
GO:0004499	13.1147
GO:0004500	13.1147
GO:0004501	13.1147
GO:0004502	12.1147
GO:0004503	12.1147
GO:0004504	13.1147
GO:0004506	13.1147
GO:0004507	12.1147
GO:0004511	12.1147
GO:0004512	12.1147
GO:0004514	13.1147
GO:0004515	11.5298
GO:0004516	12.1147
GO:0004517	12.1147
GO:0004518	6.5000
GO:0004519	7.2818
GO:0004520	8.9448
GO:0004521	8.1605
GO:0004523	13.1147
GO:0004525	13.1147
GO:0004526	9.9448
GO:0004527	7.9448
GO:0004529	9.7928
GO:0004532	8.5912
GO:0004534	12.1147
GO:0004535	10.3074
GO:0004536	8.2567
GO:0004540	7.2818
GO:0004549	9.5298
GO:0004550	11.1147
GO:0004551	12.1147
GO:0004553	7.3598
GO:0004555	11.5298
GO:0004556	11.5298
GO:0004557	13.1147
GO:0004558	13.1147
GO:0004559	10.1147
GO:0004560	13.1147
GO:0004563	10.5298
GO:0004564	10.7928
GO:0004565	12.1147
GO:0004566	12.1147
GO:0004567	13.1147
GO:0004568	12.1147
GO:0004571	10.5298
GO:0004573	13.1147
GO:0004574	11.5298
GO:0004575	11.1147
GO:0004576	10.7928
GO:0004577	12.1147
GO:0004579	11.5298
GO:0004581	12.1147
GO:0004582	12.1147
GO:0004583	12.1147
GO:0004585	12.1147
GO:0004588	12.1147
GO:0004590	12.1147
GO:0004591	13.1147
GO:0004592	13.1147
GO:0004594	12.1147
GO:0004595	13.1147
GO:0004596	10.1147
GO:0004601	8.4709
GO:0004602	9.5298
GO:0004604	13.1147
GO:0004605	13.1147
GO:0004608	13.1147
GO:0004610	13.1147
GO:0004611	12.1147
GO:0004612	13.1147
GO:0004613	13.1147
GO:0004614	12.1147
GO:0004615	13.1147
GO:0004616	12.1147
GO:0004617	13.1147
GO:0004618	12.1147
GO:0004619	12.1147
GO:0004620	7.9448
GO:0004622	10.5298
GO:0004623	9.7928
GO:0004629	9.5298
GO:0004630	11.5298
GO:0004631	13.1147
GO:0004632	13.1147
GO:0004633	13.1147
GO:0004634	11.5298
GO:0004637	12.1147
GO:0004638	13.1147
GO:0004639	13.1147
GO:0004640	13.1147
GO:0004641	12.1147
GO:0004642	13.1147
GO:0004643	13.1147
GO:0004644	12.1147
GO:0004645	12.1147
GO:0004649	13.1147
GO:0004650	13.1147
GO:0004651	12.1147
GO:0004653	9.4143
GO:0004654	13.1147
GO:0004655	12.1147
GO:0004656	12.1147
GO:0004657	13.1147
GO:0004658	12.1147
GO:0004659	9.9448
GO:0004660	13.1147
GO:0004661	12.1147
GO:0004663	12.1147
GO:0004666	12.1147
GO:0004667	13.1147
GO:0004668	12.1147
GO:0004671	13.1147
GO:0004672	5.4143
GO:0004674	5.9650
GO:0004675	10.3074
GO:0004676	13.1147
GO:0004679	11.5298
GO:0004683	11.1147
GO:0004689	13.1147
GO:0004690	10.5298
GO:0004691	10.5298
GO:0004693	10.5298
GO:0004697	10.7928
GO:0004703	12.1147
GO:0004705	11.5298
GO:0004707	9.9448
GO:0004708	9.9448
GO:0004709	12.1147
GO:0004711	13.1147
GO:0004712	9.0273
GO:0004713	7.7224
GO:0004714	9.0273
GO:0004715	9.1147
GO:0004720	13.1147
GO:0004721	6.9249
GO:0004722	7.9854
GO:0004723	10.5298
GO:0004725	8.3074
GO:0004726	10.7928
GO:0004730	13.1147
GO:0004731	11.5298
GO:0004735	13.1147
GO:0004736	12.1147
GO:0004737	12.1147
GO:0004739	11.5298
GO:0004740	13.1147
GO:0004741	13.1147
GO:0004742	13.1147
GO:0004743	11.5298
GO:0004745	9.9448
GO:0004746	13.1147
GO:0004748	12.1147
GO:0004749	11.5298
GO:0004750	12.1147
GO:0004751	12.1147
GO:0004753	13.1147
GO:0004758	10.7928
GO:0004760	13.1147
GO:0004766	13.1147
GO:0004767	12.1147
GO:0004768	13.1147
GO:0004769	12.1147
GO:0004771	11.1147
GO:0004772	12.1147
GO:0004774	11.5298
GO:0004775	12.1147
GO:0004777	13.1147
GO:0004779	12.1147
GO:0004780	13.1147
GO:0004781	13.1147
GO:0004784	11.5298
GO:0004788	12.1147
GO:0004791	11.5298
GO:0004792	12.1147
GO:0004794	12.1147
GO:0004795	13.1147
GO:0004796	13.1147
GO:0004797	13.1147
GO:0004798	13.1147
GO:0004799	12.1147
GO:0004801	12.1147
GO:0004802	13.1147
GO:0004805	12.1147
GO:0004806	9.6553
GO:0004807	12.1147
GO:0004810	12.1147
GO:0004812	7.8668
GO:0004813	12.1147
GO:0004814	13.1147
GO:0004815	13.1147
GO:0004816	12.1147
GO:0004817	12.1147
GO:0004819	13.1147
GO:0004820	13.1147
GO:0004821	13.1147
GO:0004822	13.1147
GO:0004823	11.5298
GO:0004824	12.1147
GO:0004825	11.5298
GO:0004826	10.5298
GO:0004827	12.1147
GO:0004828	12.1147
GO:0004829	12.1147
GO:0004830	13.1147
GO:0004831	11.5298
GO:0004832	11.5298
GO:0004834	13.1147
GO:0004835	13.1147
GO:0004838	12.1147
GO:0004839	13.1147
GO:0004842	6.2818
GO:0004843	8.3598
GO:0004844	11.5298
GO:0004845	13.1147
GO:0004849	11.5298
GO:0004850	13.1147
GO:0004852	12.1147
GO:0004853	13.1147
GO:0004854	13.1147
GO:0004856	13.1147
GO:0004857	6.7749
GO:0004859	11.1147
GO:0004860	8.6553
GO:0004861	11.5298
GO:0004862	11.1147
GO:0004864	10.5298
GO:0004865	12.1147
GO:0004866	8.2567
GO:0004867	9.0273
GO:0004869	11.5298
GO:0004879	9.7928
GO:0004888	5.2018
GO:0004890	13.1147
GO:0004895	13.1147
GO:0004896	8.7224
GO:0004897	12.1147
GO:0004904	13.1147
GO:0004905	13.1147
GO:0004908	12.1147
GO:0004915	13.1147
GO:0004930	6.5601
GO:0004931	13.1147
GO:0004935	11.5298
GO:0004936	12.1147
GO:0004937	13.1147
GO:0004938	13.1147
GO:0004939	13.1147
GO:0004941	13.1147
GO:0004945	13.1147
GO:0004947	13.1147
GO:0004949	13.1147
GO:0004950	10.3074
GO:0004951	13.1147
GO:0004952	12.1147
GO:0004953	11.1147
GO:0004954	11.5298
GO:0004955	12.1147
GO:0004957	12.1147
GO:0004960	13.1147
GO:0004961	13.1147
GO:0004963	13.1147
GO:0004965	13.1147
GO:0004966	12.1147
GO:0004967	13.1147
GO:0004969	13.1147
GO:0004970	10.5298
GO:0004972	13.1147
GO:0004974	13.1147
GO:0004977	12.1147
GO:0004979	13.1147
GO:0004983	11.5298
GO:0004984	8.3074
GO:0004985	11.5298
GO:0004992	12.1147
GO:0004993	10.7928
GO:0004995	13.1147
GO:0004998	13.1147
GO:0004999	13.1147
GO:0005000	13.1147
GO:0005001	10.7928
GO:0005003	11.5298
GO:0005005	13.1147
GO:0005006	13.1147
GO:0005007	11.5298
GO:0005017	12.1147
GO:0005018	13.1147
GO:0005019	13.1147
GO:0005021	11.5298
GO:0005024	11.5298
GO:0005025	11.5298
GO:0005030	11.5298
GO:0005031	13.1147
GO:0005035	12.1147
GO:0005041	12.1147
GO:0005044	10.7928
GO:0005047	11.5298
GO:0005048	10.7928
GO:0005049	12.1147
GO:0005055	13.1147
GO:0005068	13.1147
GO:0005078	12.1147
GO:0005080	9.9448
GO:0005085	7.3074
GO:0005092	12.1147
GO:0005093	13.1147
GO:0005095	12.1147
GO:0005096	7.5912
GO:0005102	4.9958
GO:0005104	11.1147
GO:0005105	12.1147
GO:0005109	10.1147
GO:0005111	12.1147
GO:0005112	9.9448
GO:0005113	10.7928
GO:0005114	12.1147
GO:0005115	13.1147
GO:0005119	13.1147
GO:0005121	13.1147
GO:0005122	11.5298
GO:0005123	12.1147
GO:0005124	12.1147
GO:0005125	8.1147
GO:0005126	7.2321
GO:0005127	13.1147
GO:0005131	12.1147
GO:0005134	13.1147
GO:0005138	11.1147
GO:0005139	13.1147
GO:0005146	13.1147
GO:0005148	13.1147
GO:0005149	13.1147
GO:0005150	13.1147
GO:0005151	13.1147
GO:0005152	13.1147
GO:0005153	13.1147
GO:0005154	10.3074
GO:0005158	12.1147
GO:0005159	12.1147
GO:0005160	9.9448
GO:0005161	10.7928
GO:0005163	13.1147
GO:0005164	10.7928
GO:0005165	11.5298
GO:0005167	12.1147
GO:0005168	12.1147
GO:0005171	13.1147
GO:0005172	11.1147
GO:0005178	8.1147
GO:0005179	9.5298
GO:0005184	11.1147
GO:0005198	4.9398
GO:0005199	13.1147
GO:0005200	8.5298
GO:0005201	10.3074
GO:0005214	10.1147
GO:0005215	4.0513
GO:0005216	6.0167
GO:0005217	9.7928
GO:0005219	13.1147
GO:0005221	12.1147
GO:0005223	13.1147
GO:0005225	11.1147
GO:0005227	9.6553
GO:0005229	10.1147
GO:0005230	8.5912
GO:0005231	10.3074
GO:0005237	11.5298
GO:0005242	10.5298
GO:0005243	10.5298
GO:0005244	8.2078
GO:0005245	11.1147
GO:0005246	9.9448
GO:0005247	11.5298
GO:0005248	11.1147
GO:0005249	8.9448
GO:0005250	12.1147
GO:0005251	10.7928
GO:0005253	7.9854
GO:0005254	8.2567
GO:0005261	6.5148
GO:0005262	8.1605
GO:0005267	8.0273
GO:0005272	9.6553
GO:0005274	13.1147
GO:0005275	10.5298
GO:0005277	11.5298
GO:0005278	13.1147
GO:0005280	13.1147
GO:0005283	9.3074
GO:0005287	13.1147
GO:0005289	13.1147
GO:0005290	11.5298
GO:0005292	13.1147
GO:0005294	12.1147
GO:0005295	10.7928
GO:0005298	12.1147
GO:0005300	13.1147
GO:0005302	13.1147
GO:0005304	13.1147
GO:0005308	13.1147
GO:0005310	8.1605
GO:0005313	9.6553
GO:0005314	10.5298
GO:0005315	9.1147
GO:0005319	7.6553
GO:0005324	11.1147
GO:0005326	10.5298
GO:0005330	12.1147
GO:0005332	13.1147
GO:0005334	13.1147
GO:0005335	12.1147
GO:0005337	10.5298
GO:0005338	10.3074
GO:0005343	8.8668
GO:0005344	12.1147
GO:0005345	10.7928
GO:0005346	9.6553
GO:0005347	10.3074
GO:0005350	12.1147
GO:0005351	13.1147
GO:0005352	13.1147
GO:0005353	9.9448
GO:0005354	11.5298
GO:0005362	13.1147
GO:0005363	13.1147
GO:0005364	13.1147
GO:0005365	13.1147
GO:0005371	12.1147
GO:0005372	11.5298
GO:0005375	11.1147
GO:0005381	11.1147
GO:0005384	10.5298
GO:0005385	9.9448
GO:0005388	10.7928
GO:0005391	11.5298
GO:0005402	10.7928
GO:0005412	12.1147
GO:0005415	12.1147
GO:0005416	9.2078
GO:0005427	13.1147
GO:0005432	11.1147
GO:0005436	10.3074
GO:0005452	9.4143
GO:0005456	13.1147
GO:0005457	13.1147
GO:0005459	12.1147
GO:0005460	12.1147
GO:0005461	13.1147
GO:0005462	12.1147
GO:0005464	13.1147
GO:0005469	13.1147
GO:0005471	10.7928
GO:0005483	13.1147
GO:0005484	9.2078
GO:0005488	0.6663
GO:0005496	8.2078
GO:0005497	13.1147
GO:0005499	12.1147
GO:0005501	9.9448
GO:0005502	12.1147
GO:0005503	12.1147
GO:0005504	9.7928
GO:0005506	8.2567
GO:0005507	8.9448
GO:0005509	6.6229
GO:0005513	10.7928
GO:0005515	0.7654
GO:0005516	8.5912
GO:0005518	10.1147
GO:0005520	10.3074
GO:0005521	13.1147
GO:0005523	11.1147
GO:0005524	6.6390
GO:0005525	7.3074
GO:0005527	10.5298
GO:0005528	10.7928
GO:0005534	12.1147
GO:0005536	12.1147
GO:0005537	10.5298
GO:0005539	7.9053
GO:0005540	10.7928
GO:0005542	10.7928
GO:0005543	6.2818
GO:0005544	10.5298
GO:0005545	11.5298
GO:0005546	8.5912
GO:0005547	9.9448
GO:0005549	10.7928
GO:0005576	2.8727
GO:0005579	12.1147
GO:0005604	10.3074
GO:0005614	11.5298
GO:0005616	13.1147
GO:0005618	8.3074
GO:0005619	10.3074
GO:0005621	13.1147
GO:0005622	0.5307
GO:0005628	9.0273
GO:0005633	13.1147
GO:0005634	1.8895
GO:0005635	5.9348
GO:0005637	10.3074
GO:0005638	13.1147
GO:0005640	10.7928
GO:0005641	11.1147
GO:0005642	13.1147
GO:0005643	8.0273
GO:0005652	10.3074
GO:0005654	2.8293
GO:0005655	10.7928
GO:0005656	10.7928
GO:0005657	7.5912
GO:0005658	11.1147
GO:0005662	10.3074
GO:0005663	11.5298
GO:0005664	10.3074
GO:0005665	9.2078
GO:0005666	9.6553
GO:0005667	6.3465
GO:0005668	12.1147
GO:0005669	9.3074
GO:0005672	11.5298
GO:0005674	12.1147
GO:0005675	8.9448
GO:0005677	10.5298
GO:0005680	9.5298
GO:0005681	6.5298
GO:0005682	10.1147
GO:0005683	13.1147
GO:0005684	7.7572
GO:0005685	9.7928
GO:0005686	10.7928
GO:0005687	11.1147
GO:0005688	11.1147
GO:0005689	10.5298
GO:0005691	13.1147
GO:0005694	4.1929
GO:0005697	9.9448
GO:0005700	8.2567
GO:0005701	11.5298
GO:0005703	10.1147
GO:0005704	13.1147
GO:0005705	9.6553
GO:0005713	13.1147
GO:0005721	11.1147
GO:0005730	4.5223
GO:0005731	13.1147
GO:0005732	9.1147
GO:0005736	10.5298
GO:0005737	0.7931
GO:0005739	3.0979
GO:0005740	4.5717
GO:0005741	6.5449
GO:0005742	9.2078
GO:0005743	5.1899
GO:0005744	9.6553
GO:0005745	12.1147
GO:0005757	13.1147
GO:0005758	7.3868
GO:0005759	4.8433
GO:0005760	13.1147
GO:0005761	6.2945
GO:0005762	6.9249
GO:0005763	7.9053
GO:0005764	5.1547
GO:0005765	5.9548
GO:0005766	6.9448
GO:0005767	9.5298
GO:0005768	4.7138
GO:0005769	6.4709
GO:0005770	6.4709
GO:0005771	8.6553
GO:0005773	4.4108
GO:0005774	5.2818
GO:0005775	6.9249
GO:0005776	8.0273
GO:0005777	6.8479
GO:0005778	8.4709
GO:0005782	8.2567
GO:0005783	3.4908
GO:0005784	12.1147
GO:0005785	11.5298
GO:0005786	11.5298
GO:0005787	10.7928
GO:0005788	6.7749
GO:0005789	4.6030
GO:0005790	10.7928
GO:0005791	9.0273
GO:0005793	8.0273
GO:0005794	3.9650
GO:0005795	8.0273
GO:0005796	8.4143
GO:0005797	9.6553
GO:0005798	7.8668
GO:0005801	8.7928
GO:0005802	6.5756
GO:0005811	7.5298
GO:0005813	5.7053
GO:0005814	8.5912
GO:0005815	5.3868
GO:0005816	9.1147
GO:0005818	11.1147
GO:0005819	6.1840
GO:0005822	12.1147
GO:0005823	12.1147
GO:0005824	12.1147
GO:0005825	13.1147
GO:0005826	10.7928
GO:0005827	11.5298
GO:0005828	9.3074
GO:0005829	2.1091
GO:0005832	10.5298
GO:0005833	12.1147
GO:0005834	10.1147
GO:0005838	8.7224
GO:0005839	8.4709
GO:0005840	5.0979
GO:0005846	12.1147
GO:0005847	9.5298
GO:0005848	11.5298
GO:0005849	9.2078
GO:0005850	11.1147
GO:0005851	10.7928
GO:0005852	10.3074
GO:0005853	13.1147
GO:0005854	12.1147
GO:0005856	4.0924
GO:0005858	11.5298
GO:0005859	11.5298
GO:0005861	11.1147
GO:0005862	12.1147
GO:0005863	13.1147
GO:0005865	9.7928
GO:0005868	11.1147
GO:0005869	10.3074
GO:0005871	10.3074
GO:0005873	12.1147
GO:0005874	6.4709
GO:0005875	7.7572
GO:0005876	7.6885
GO:0005879	8.9448
GO:0005880	12.1147
GO:0005881	7.9448
GO:0005882	9.9448
GO:0005883	13.1147
GO:0005884	9.2078
GO:0005885	10.1147
GO:0005886	2.4405
GO:0005889	13.1147
GO:0005890	10.3074
GO:0005891	11.1147
GO:0005892	11.1147
GO:0005896	12.1147
GO:0005901	9.0273
GO:0005902	8.8668
GO:0005903	10.5298
GO:0005905	8.8668
GO:0005911	6.7572
GO:0005912	8.7928
GO:0005914	13.1147
GO:0005915	13.1147
GO:0005916	13.1147
GO:0005918	9.7928
GO:0005919	12.1147
GO:0005920	12.1147
GO:0005921	9.7928
GO:0005922	12.1147
GO:0005923	9.6553
GO:0005925	6.1374
GO:0005927	13.1147
GO:0005929	5.9053
GO:0005930	8.1147
GO:0005933	7.2818
GO:0005934	9.3074
GO:0005935	7.6553
GO:0005937	8.2567
GO:0005938	6.5756
GO:0005940	10.7928
GO:0005942	9.5298
GO:0005943	11.1147
GO:0005945	13.1147
GO:0005946	13.1147
GO:0005948	13.1147
GO:0005950	12.1147
GO:0005951	12.1147
GO:0005952	12.1147
GO:0005954	12.1147
GO:0005955	12.1147
GO:0005956	9.9448
GO:0005958	13.1147
GO:0005965	13.1147
GO:0005968	11.5298
GO:0005971	11.5298
GO:0005975	5.8668
GO:0005976	8.4143
GO:0005977	8.8668
GO:0005978	10.1147
GO:0005979	10.7928
GO:0005980	11.1147
GO:0005981	12.1147
GO:0005984	9.2078
GO:0005985	11.5298
GO:0005987	12.1147
GO:0005988	13.1147
GO:0005989	13.1147
GO:0005991	10.3074
GO:0005992	11.1147
GO:0005993	11.5298
GO:0005996	7.3868
GO:0005997	13.1147
GO:0005998	13.1147
GO:0006000	11.1147
GO:0006002	12.1147
GO:0006004	12.1147
GO:0006006	8.3074
GO:0006007	10.3074
GO:0006011	11.5298
GO:0006012	9.7928
GO:0006013	12.1147
GO:0006014	13.1147
GO:0006015	11.5298
GO:0006020	12.1147
GO:0006021	13.1147
GO:0006022	8.3074
GO:0006023	8.7928
GO:0006024	8.9448
GO:0006026	10.5298
GO:0006027	10.5298
GO:0006029	7.9448
GO:0006040	9.1147
GO:0006041	13.1147
GO:0006043	13.1147
GO:0006044	10.7928
GO:0006047	10.5298
GO:0006048	10.7928
GO:0006054	11.5298
GO:0006066	6.4005
GO:0006067	10.3074
GO:0006068	11.5298
GO:0006071	10.7928
GO:0006072	12.1147
GO:0006074	13.1147
GO:0006077	12.1147
GO:0006078	12.1147
GO:0006081	8.2567
GO:0006083	11.1147
GO:0006084	9.5298
GO:0006085	9.9448
GO:0006086	11.1147
GO:0006089	10.5298
GO:0006090	8.2078
GO:0006091	5.6885
GO:0006094	8.7224
GO:0006096	8.9448
GO:0006097	13.1147
GO:0006098	9.7928
GO:0006099	9.1147
GO:0006101	11.5298
GO:0006102	10.7928
GO:0006103	10.5298
GO:0006104	12.1147
GO:0006105	12.1147
GO:0006106	13.1147
GO:0006107	12.1147
GO:0006108	11.1147
GO:0006109	8.1605
GO:0006110	10.5298
GO:0006111	10.1147
GO:0006112	8.6553
GO:0006113	12.1147
GO:0006117	13.1147
GO:0006119	7.2567
GO:0006120	8.7224
GO:0006121	10.7928
GO:0006122	10.1147
GO:0006123	9.9448
GO:0006127	13.1147
GO:0006139	2.9274
GO:0006140	9.4143
GO:0006144	10.3074
GO:0006148	12.1147
GO:0006149	13.1147
GO:0006152	11.5298
GO:0006154	13.1147
GO:0006157	13.1147
GO:0006163	6.2444
GO:0006164	7.5601
GO:0006166	13.1147
GO:0006167	11.5298
GO:0006171	12.1147
GO:0006177	10.7928
GO:0006178	13.1147
GO:0006182	11.5298
GO:0006183	12.1147
GO:0006185	13.1147
GO:0006188	10.3074
GO:0006189	10.7928
GO:0006195	8.3598
GO:0006196	13.1147
GO:0006203	13.1147
GO:0006204	12.1147
GO:0006206	9.7928
GO:0006207	10.7928
GO:0006208	12.1147
GO:0006210	13.1147
GO:0006212	13.1147
GO:0006213	10.3074
GO:0006216	13.1147
GO:0006218	12.1147
GO:0006220	8.7928
GO:0006221	9.5298
GO:0006222	11.1147
GO:0006225	13.1147
GO:0006231	12.1147
GO:0006233	13.1147
GO:0006241	11.5298
GO:0006244	10.3074
GO:0006254	13.1147
GO:0006256	13.1147
GO:0006259	4.7440
GO:0006260	6.5000
GO:0006261	6.8859
GO:0006264	10.5298
GO:0006265	9.9448
GO:0006267	10.1147
GO:0006269	11.1147
GO:0006270	8.6553
GO:0006271	9.7928
GO:0006272	11.1147
GO:0006273	11.1147
GO:0006275	7.7928
GO:0006276	11.5298
GO:0006277	11.5298
GO:0006278	9.1147
GO:0006279	11.5298
GO:0006281	5.5000
GO:0006282	7.6553
GO:0006283	11.1147
GO:0006284	8.7224
GO:0006285	10.1147
GO:0006287	11.1147
GO:0006289	7.8668
GO:0006297	13.1147
GO:0006298	9.5298
GO:0006301	9.4143
GO:0006302	6.6069
GO:0006303	8.7928
GO:0006304	9.5298
GO:0006307	10.3074
GO:0006308	10.7928
GO:0006309	12.1147
GO:0006310	6.4005
GO:0006312	8.7928
GO:0006314	11.1147
GO:0006315	13.1147
GO:0006325	5.5148
GO:0006334	8.8668
GO:0006335	10.7928
GO:0006337	9.7928
GO:0006338	5.7397
GO:0006346	13.1147
GO:0006351	5.8293
GO:0006352	7.1605
GO:0006353	8.7224
GO:0006354	7.9053
GO:0006355	4.2078
GO:0006356	7.9053
GO:0006357	4.7616
GO:0006359	9.2078
GO:0006360	8.5912
GO:0006361	9.9448
GO:0006362	10.1147
GO:0006363	10.3074
GO:0006364	6.1605
GO:0006366	6.2444
GO:0006367	7.4423
GO:0006368	8.2078
GO:0006369	10.3074
GO:0006370	11.1147
GO:0006376	10.5298
GO:0006382	13.1147
GO:0006383	9.1147
GO:0006384	10.1147
GO:0006385	12.1147
GO:0006386	10.5298
GO:0006388	9.6553
GO:0006390	10.3074
GO:0006391	12.1147
GO:0006393	13.1147
GO:0006396	4.3868
GO:0006397	5.7572
GO:0006398	10.5298
GO:0006399	5.7397
GO:0006400	7.1147
GO:0006401	6.5449
GO:0006402	7.1605
GO:0006403	6.5756
GO:0006404	11.5298
GO:0006405	7.6553
GO:0006406	7.7928
GO:0006409	11.5298
GO:0006412	4.8109
GO:0006413	8.1147
GO:0006414	8.5912
GO:0006415	9.6553
GO:0006417	6.2444
GO:0006418	7.7928
GO:0006419	12.1147
GO:0006420	12.1147
GO:0006421	12.1147
GO:0006422	13.1147
GO:0006423	12.1147
GO:0006425	13.1147
GO:0006427	13.1147
GO:0006428	13.1147
GO:0006429	12.1147
GO:0006430	12.1147
GO:0006431	11.5298
GO:0006432	10.5298
GO:0006433	12.1147
GO:0006434	12.1147
GO:0006435	12.1147
GO:0006436	13.1147
GO:0006437	11.5298
GO:0006438	11.5298
GO:0006446	8.4143
GO:0006448	10.3074
GO:0006449	10.1147
GO:0006450	10.1147
GO:0006451	12.1147
GO:0006452	11.1147
GO:0006457	6.9854
GO:0006458	10.5298
GO:0006468	5.7749
GO:0006469	7.6229
GO:0006470	7.3598
GO:0006473	8.8668
GO:0006474	9.9448
GO:0006475	10.7928
GO:0006476	10.3074
GO:0006477	11.1147
GO:0006478	12.1147
GO:0006479	8.1605
GO:0006480	13.1147
GO:0006481	12.1147
GO:0006482	12.1147
GO:0006487	7.7224
GO:0006488	10.3074
GO:0006489	13.1147
GO:0006491	10.1147
GO:0006493	7.0486
GO:0006497	8.6553
GO:0006498	11.1147
GO:0006499	11.5298
GO:0006500	13.1147
GO:0006501	11.5298
GO:0006505	8.8668
GO:0006506	9.1147
GO:0006508	6.2199
GO:0006509	9.7928
GO:0006511	5.5678
GO:0006513	9.1147
GO:0006515	9.3074
GO:0006516	9.9448
GO:0006517	9.6553
GO:0006518	9.6553
GO:0006520	5.8386
GO:0006521	13.1147
GO:0006523	13.1147
GO:0006525	9.6553
GO:0006526	10.5298
GO:0006527	11.1147
GO:0006530	11.5298
GO:0006531	11.1147
GO:0006533	11.5298
GO:0006536	9.7928
GO:0006538	11.1147
GO:0006540	12.1147
GO:0006541	10.3074
GO:0006543	12.1147
GO:0006544	10.7928
GO:0006546	11.5298
GO:0006548	11.1147
GO:0006550	11.5298
GO:0006551	11.5298
GO:0006552	12.1147
GO:0006555	11.1147
GO:0006556	11.5298
GO:0006559	11.5298
GO:0006560	12.1147
GO:0006562	12.1147
GO:0006563	10.1147
GO:0006564	11.5298
GO:0006565	11.5298
GO:0006566	10.7928
GO:0006567	12.1147
GO:0006569	10.7928
GO:0006571	11.5298
GO:0006572	12.1147
GO:0006574	12.1147
GO:0006575	6.8293
GO:0006576	8.1147
GO:0006577	11.1147
GO:0006582	8.9448
GO:0006583	11.5298
GO:0006584	9.5298
GO:0006585	13.1147
GO:0006589	13.1147
GO:0006590	11.5298
GO:0006591	11.5298
GO:0006592	13.1147
GO:0006593	13.1147
GO:0006595	9.9448
GO:0006596	11.5298
GO:0006598	12.1147
GO:0006600	13.1147
GO:0006601	13.1147
GO:0006605	6.7224
GO:0006606	8.1605
GO:0006607	11.5298
GO:0006610	13.1147
GO:0006611	9.9448
GO:0006612	8.1147
GO:0006613	9.4143
GO:0006614	9.6553
GO:0006616	10.5298
GO:0006620	9.5298
GO:0006621	10.7928
GO:0006622	9.9448
GO:0006623	7.5601
GO:0006624	11.1147
GO:0006625	12.1147
GO:0006629	4.3041
GO:0006631	6.1840
GO:0006633	7.4709
GO:0006635	8.1147
GO:0006636	9.4143
GO:0006637	7.9854
GO:0006638	8.3598
GO:0006639	8.4143
GO:0006640	10.7928
GO:0006641	9.0273
GO:0006644	5.8955
GO:0006646	10.7928
GO:0006650	6.1489
GO:0006654	8.8668
GO:0006655	10.7928
GO:0006656	9.5298
GO:0006657	12.1147
GO:0006658	9.4143
GO:0006659	11.5298
GO:0006660	12.1147
GO:0006661	9.4143
GO:0006664	7.7224
GO:0006665	7.1147
GO:0006668	13.1147
GO:0006669	13.1147
GO:0006670	10.1147
GO:0006672	8.3074
GO:0006673	11.5298
GO:0006675	13.1147
GO:0006676	12.1147
GO:0006677	11.5298
GO:0006678	13.1147
GO:0006680	13.1147
GO:0006681	13.1147
GO:0006682	13.1147
GO:0006684	11.5298
GO:0006685	12.1147
GO:0006686	13.1147
GO:0006687	8.7928
GO:0006688	9.9448
GO:0006689	11.5298
GO:0006690	7.7928
GO:0006691	9.5298
GO:0006692	9.1147
GO:0006693	9.2078
GO:0006694	7.9053
GO:0006695	10.1147
GO:0006696	9.5298
GO:0006697	13.1147
GO:0006699	9.5298
GO:0006700	11.5298
GO:0006702	12.1147
GO:0006703	12.1147
GO:0006704	12.1147
GO:0006705	12.1147
GO:0006706	9.6553
GO:0006707	11.5298
GO:0006710	13.1147
GO:0006713	13.1147
GO:0006714	11.5298
GO:0006716	13.1147
GO:0006718	13.1147
GO:0006720	7.7572
GO:0006721	8.1147
GO:0006726	9.2078
GO:0006727	10.3074
GO:0006728	12.1147
GO:0006729	11.5298
GO:0006730	9.7928
GO:0006738	13.1147
GO:0006739	8.7928
GO:0006740	9.2078
GO:0006741	13.1147
GO:0006742	13.1147
GO:0006743	9.5298
GO:0006744	9.6553
GO:0006747	13.1147
GO:0006749	8.3598
GO:0006750	10.5298
GO:0006751	13.1147
GO:0006753	5.3733
GO:0006754	8.7928
GO:0006760	9.2078
GO:0006766	8.1147
GO:0006768	10.7928
GO:0006769	13.1147
GO:0006771	10.3074
GO:0006772	10.3074
GO:0006776	13.1147
GO:0006777	13.1147
GO:0006778	9.3074
GO:0006779	9.7928
GO:0006780	13.1147
GO:0006783	9.9448
GO:0006784	13.1147
GO:0006787	11.1147
GO:0006788	13.1147
GO:0006789	13.1147
GO:0006790	6.1959
GO:0006793	4.5000
GO:0006796	5.1035
GO:0006797	10.3074
GO:0006798	12.1147
GO:0006799	11.5298
GO:0006801	10.1147
GO:0006805	7.3868
GO:0006809	10.5298
GO:0006810	2.8775
GO:0006811	5.1722
GO:0006812	5.5298
GO:0006813	7.5912
GO:0006814	8.5912
GO:0006816	7.2321
GO:0006817	9.2078
GO:0006820	8.0703
GO:0006821	8.2078
GO:0006825	10.1147
GO:0006826	8.6553
GO:0006828	10.5298
GO:0006829	9.9448
GO:0006833	11.1147
GO:0006835	8.4143
GO:0006836	8.1147
GO:0006839	7.7224
GO:0006842	11.1147
GO:0006843	11.5298
GO:0006848	12.1147
GO:0006850	12.1147
GO:0006851	10.5298
GO:0006853	12.1147
GO:0006855	12.1147
GO:0006856	11.5298
GO:0006857	10.5298
GO:0006858	12.1147
GO:0006862	8.6553
GO:0006863	11.1147
GO:0006864	13.1147
GO:0006865	7.3334
GO:0006867	12.1147
GO:0006868	11.1147
GO:0006869	6.6229
GO:0006873	5.9548
GO:0006874	7.3868
GO:0006878	11.1147
GO:0006879	8.1147
GO:0006882	10.3074
GO:0006883	9.9448
GO:0006884	10.7928
GO:0006885	7.9053
GO:0006886	5.8018
GO:0006887	7.8668
GO:0006888	7.3074
GO:0006890	8.4709
GO:0006891	8.5298
GO:0006892	7.2567
GO:0006893	8.4709
GO:0006895	9.4143
GO:0006896	9.1147
GO:0006897	6.1722
GO:0006898	8.0703
GO:0006900	8.9448
GO:0006901	10.7928
GO:0006906	7.7928
GO:0006909	7.6885
GO:0006910	11.5298
GO:0006911	10.5298
GO:0006913	6.5449
GO:0006914	5.9150
GO:0006915	6.1489
GO:0006921	11.1147
GO:0006925	12.1147
GO:0006929	10.7928
GO:0006930	12.1147
GO:0006933	13.1147
GO:0006935	7.0062
GO:0006936	7.9854
GO:0006937	8.5912
GO:0006939	10.7928
GO:0006940	13.1147
GO:0006941	8.7928
GO:0006942	8.8668
GO:0006950	3.1591
GO:0006952	4.8155
GO:0006953	10.7928
GO:0006954	7.1840
GO:0006955	5.2567
GO:0006956	10.5298
GO:0006957	13.1147
GO:0006959	7.2818
GO:0006962	13.1147
GO:0006963	9.6553
GO:0006964	12.1147
GO:0006968	9.4143
GO:0006970	8.6553
GO:0006971	12.1147
GO:0006972	11.5298
GO:0006973	13.1147
GO:0006974	4.9200
GO:0006979	6.2945
GO:0006983	12.1147
GO:0006984	10.5298
GO:0006986	8.0273
GO:0006991	13.1147
GO:0006995	11.5298
GO:0006996	3.1796
GO:0006997	6.8859
GO:0006998	8.3598
GO:0006999	9.9448
GO:0007000	9.0273
GO:0007004	9.4143
GO:0007005	6.1605
GO:0007006	7.5601
GO:0007007	8.1605
GO:0007008	9.6553
GO:0007009	8.2567
GO:0007010	4.9298
GO:0007015	7.5298
GO:0007017	5.4781
GO:0007018	7.0924
GO:0007019	10.7928
GO:0007020	10.1147
GO:0007021	9.7928
GO:0007023	12.1147
GO:0007026	11.1147
GO:0007028	9.1147
GO:0007029	7.9854
GO:0007030	7.5601
GO:0007031	8.5298
GO:0007032	7.9053
GO:0007033	6.9854
GO:0007034	6.3598
GO:0007035	8.6553
GO:0007036	13.1147
GO:0007039	10.7928
GO:0007040	9.1147
GO:0007041	7.5601
GO:0007042	10.7928
GO:0007043	8.3074
GO:0007044	10.3074
GO:0007049	4.3970
GO:0007051	6.7928
GO:0007052	7.4423
GO:0007053	12.1147
GO:0007056	10.5298
GO:0007057	12.1147
GO:0007058	13.1147
GO:0007059	6.0486
GO:0007060	10.7928
GO:0007062	8.2567
GO:0007063	10.5298
GO:0007064	8.7928
GO:0007065	12.1147
GO:0007066	13.1147
GO:0007076	9.9448
GO:0007077	11.5298
GO:0007079	12.1147
GO:0007080	8.6553
GO:0007084	10.7928
GO:0007088	7.7572
GO:0007089	10.7928
GO:0007091	11.5298
GO:0007093	7.8293
GO:0007094	9.5298
GO:0007095	9.9448
GO:0007096	9.1147
GO:0007097	9.5298
GO:0007098	8.3074
GO:0007099	10.7928
GO:0007100	13.1147
GO:0007105	12.1147
GO:0007107	13.1147
GO:0007110	11.1147
GO:0007111	11.1147
GO:0007112	9.2078
GO:0007113	10.7928
GO:0007114	10.3074
GO:0007116	13.1147
GO:0007117	12.1147
GO:0007118	13.1147
GO:0007120	13.1147
GO:0007121	12.1147
GO:0007124	9.9448
GO:0007127	7.8293
GO:0007129	9.4143
GO:0007130	9.7928
GO:0007131	8.3074
GO:0007135	11.1147
GO:0007140	8.4143
GO:0007141	13.1147
GO:0007143	9.4143
GO:0007144	12.1147
GO:0007146	13.1147
GO:0007147	13.1147
GO:0007154	3.1973
GO:0007155	6.0273
GO:0007156	10.7928
GO:0007157	9.5298
GO:0007158	10.7928
GO:0007159	9.2078
GO:0007160	8.6553
GO:0007162	7.6229
GO:0007163	6.7572
GO:0007164	9.7928
GO:0007165	3.3682
GO:0007166	4.7883
GO:0007167	6.1374
GO:0007168	12.1147
GO:0007169	6.6718
GO:0007171	12.1147
GO:0007172	12.1147
GO:0007173	9.0273
GO:0007174	13.1147
GO:0007175	11.5298
GO:0007178	7.8293
GO:0007179	9.0273
GO:0007185	13.1147
GO:0007186	5.8479
GO:0007187	9.6553
GO:0007188	8.1605
GO:0007189	8.9448
GO:0007190	10.5298
GO:0007193	9.7928
GO:0007194	11.1147
GO:0007195	13.1147
GO:0007196	13.1147
GO:0007200	9.2078
GO:0007204	9.6553
GO:0007206	13.1147
GO:0007207	13.1147
GO:0007208	12.1147
GO:0007210	12.1147
GO:0007211	13.1147
GO:0007212	11.5298
GO:0007213	13.1147
GO:0007214	10.5298
GO:0007215	11.5298
GO:0007216	11.5298
GO:0007217	11.5298
GO:0007218	9.5298
GO:0007219	10.5298
GO:0007220	9.5298
GO:0007221	13.1147
GO:0007223	13.1147
GO:0007224	10.1147
GO:0007225	12.1147
GO:0007229	9.1147
GO:0007231	13.1147
GO:0007249	9.3074
GO:0007250	12.1147
GO:0007252	10.7928
GO:0007254	9.7928
GO:0007258	13.1147
GO:0007259	9.5298
GO:0007260	11.5298
GO:0007264	7.6229
GO:0007265	9.0273
GO:0007266	9.5298
GO:0007267	5.7660
GO:0007268	6.8668
GO:0007269	9.5298
GO:0007271	11.1147
GO:0007272	10.3074
GO:0007274	9.0273
GO:0007275	3.6656
GO:0007276	5.3074
GO:0007277	10.1147
GO:0007278	11.5298
GO:0007279	11.1147
GO:0007281	5.8109
GO:0007282	10.7928
GO:0007283	6.6885
GO:0007284	13.1147
GO:0007286	7.7928
GO:0007287	13.1147
GO:0007288	10.5298
GO:0007289	10.7928
GO:0007290	12.1147
GO:0007291	8.8668
GO:0007292	6.1260
GO:0007293	8.5298
GO:0007294	10.7928
GO:0007295	11.1147
GO:0007296	12.1147
GO:0007297	8.9448
GO:0007298	9.0273
GO:0007300	11.1147
GO:0007301	11.5298
GO:0007304	12.1147
GO:0007306	9.3074
GO:0007307	11.5298
GO:0007308	8.3074
GO:0007309	8.3074
GO:0007310	9.9448
GO:0007311	12.1147
GO:0007312	13.1147
GO:0007313	12.1147
GO:0007314	8.9448
GO:0007315	9.3074
GO:0007316	9.9448
GO:0007317	12.1147
GO:0007318	11.5298
GO:0007320	10.5298
GO:0007321	13.1147
GO:0007323	13.1147
GO:0007338	9.0273
GO:0007339	13.1147
GO:0007340	13.1147
GO:0007342	10.7928
GO:0007343	12.1147
GO:0007346	6.0486
GO:0007348	12.1147
GO:0007349	8.3074
GO:0007350	7.9448
GO:0007351	8.5912
GO:0007352	13.1147
GO:0007354	11.5298
GO:0007356	13.1147
GO:0007362	12.1147
GO:0007365	9.7928
GO:0007367	9.9448
GO:0007368	9.6553
GO:0007369	8.2567
GO:0007370	11.1147
GO:0007377	13.1147
GO:0007378	11.1147
GO:0007379	10.5298
GO:0007385	13.1147
GO:0007389	6.3074
GO:0007390	12.1147
GO:0007391	8.7928
GO:0007392	12.1147
GO:0007394	12.1147
GO:0007395	12.1147
GO:0007398	10.5298
GO:0007399	4.7138
GO:0007400	13.1147
GO:0007405	9.6553
GO:0007406	11.1147
GO:0007409	7.1840
GO:0007411	7.7572
GO:0007412	13.1147
GO:0007413	10.7928
GO:0007414	12.1147
GO:0007416	8.2078
GO:0007417	6.1489
GO:0007418	12.1147
GO:0007419	10.1147
GO:0007420	7.0273
GO:0007422	9.7928
GO:0007423	6.3465
GO:0007424	7.5000
GO:0007426	11.5298
GO:0007427	10.7928
GO:0007428	12.1147
GO:0007429	13.1147
GO:0007430	10.3074
GO:0007431	8.7224
GO:0007432	11.5298
GO:0007435	9.1147
GO:0007436	12.1147
GO:0007438	13.1147
GO:0007439	11.5298
GO:0007440	12.1147
GO:0007441	13.1147
GO:0007442	10.5298
GO:0007443	10.7928
GO:0007444	6.3203
GO:0007445	13.1147
GO:0007446	11.1147
GO:0007447	8.8668
GO:0007448	10.5298
GO:0007449	13.1147
GO:0007450	9.9448
GO:0007455	12.1147
GO:0007460	10.5298
GO:0007465	13.1147
GO:0007469	13.1147
GO:0007472	7.3074
GO:0007474	10.3074
GO:0007475	13.1147
GO:0007476	7.3598
GO:0007477	13.1147
GO:0007478	9.7928
GO:0007479	13.1147
GO:0007480	9.9448
GO:0007481	13.1147
GO:0007483	11.1147
GO:0007484	11.1147
GO:0007485	11.5298
GO:0007486	13.1147
GO:0007488	11.1147
GO:0007490	13.1147
GO:0007492	10.3074
GO:0007493	13.1147
GO:0007494	10.5298
GO:0007495	13.1147
GO:0007497	13.1147
GO:0007498	8.6553
GO:0007500	13.1147
GO:0007502	12.1147
GO:0007503	11.5298
GO:0007504	12.1147
GO:0007505	13.1147
GO:0007506	13.1147
GO:0007507	7.5000
GO:0007509	11.1147
GO:0007512	13.1147
GO:0007516	13.1147
GO:0007517	7.9854
GO:0007519	11.1147
GO:0007520	9.7928
GO:0007522	12.1147
GO:0007523	12.1147
GO:0007525	9.5298
GO:0007526	11.1147
GO:0007527	12.1147
GO:0007528	8.7928
GO:0007530	9.6553
GO:0007531	10.7928
GO:0007532	13.1147
GO:0007533	11.1147
GO:0007534	12.1147
GO:0007535	12.1147
GO:0007538	11.5298
GO:0007539	12.1147
GO:0007541	12.1147
GO:0007542	12.1147
GO:0007548	7.9448
GO:0007549	10.5298
GO:0007552	6.5601
GO:0007553	12.1147
GO:0007554	12.1147
GO:0007555	13.1147
GO:0007557	13.1147
GO:0007560	6.8479
GO:0007561	13.1147
GO:0007562	11.5298
GO:0007565	9.9448
GO:0007566	12.1147
GO:0007567	13.1147
GO:0007584	8.5912
GO:0007585	11.1147
GO:0007586	9.3074
GO:0007588	10.7928
GO:0007589	10.3074
GO:0007591	8.4709
GO:0007593	10.7928
GO:0007594	13.1147
GO:0007595	13.1147
GO:0007596	7.7572
GO:0007597	13.1147
GO:0007599	7.6553
GO:0007600	5.9650
GO:0007601	8.7928
GO:0007602	8.3074
GO:0007603	9.7928
GO:0007604	11.5298
GO:0007605	8.1147
GO:0007606	6.7224
GO:0007608	7.6553
GO:0007610	5.8763
GO:0007611	7.4709
GO:0007612	8.8668
GO:0007613	8.1147
GO:0007614	10.5298
GO:0007615	11.5298
GO:0007616	9.1147
GO:0007617	7.9053
GO:0007618	13.1147
GO:0007619	8.8668
GO:0007620	10.5298
GO:0007621	11.1147
GO:0007622	9.2078
GO:0007623	8.6553
GO:0007625	12.1147
GO:0007626	7.8668
GO:0007628	13.1147
GO:0007629	10.1147
GO:0007630	13.1147
GO:0007631	9.7928
GO:0007632	11.1147
GO:0007634	12.1147
GO:0007635	8.7224
GO:0007637	13.1147
GO:0007638	10.5298
GO:0008009	9.6553
GO:0008010	10.7928
GO:0008011	12.1147
GO:0008013	9.3074
GO:0008015	7.3334
GO:0008016	7.7928
GO:0008017	7.7572
GO:0008020	11.5298
GO:0008021	8.7224
GO:0008023	8.8668
GO:0008024	12.1147
GO:0008028	9.9448
GO:0008033	6.3733
GO:0008035	12.1147
GO:0008036	13.1147
GO:0008037	8.1605
GO:0008038	8.7224
GO:0008039	9.7928
GO:0008045	10.3074
GO:0008047	5.9548
GO:0008048	13.1147
GO:0008049	8.8668
GO:0008050	13.1147
GO:0008052	11.1147
GO:0008053	10.7928
GO:0008055	10.3074
GO:0008056	13.1147
GO:0008057	10.7928
GO:0008061	11.1147
GO:0008062	12.1147
GO:0008063	12.1147
GO:0008064	8.3598
GO:0008066	9.7928
GO:0008069	13.1147
GO:0008073	12.1147
GO:0008074	11.5298
GO:0008076	8.7928
GO:0008078	10.7928
GO:0008079	10.1147
GO:0008080	8.1605
GO:0008081	8.1147
GO:0008083	9.3074
GO:0008084	12.1147
GO:0008088	9.0273
GO:0008089	10.3074
GO:0008090	10.7928
GO:0008092	5.6309
GO:0008094	7.5298
GO:0008097	10.7928
GO:0008103	11.1147
GO:0008104	4.3565
GO:0008106	9.7928
GO:0008107	12.1147
GO:0008108	12.1147
GO:0008109	13.1147
GO:0008111	13.1147
GO:0008112	13.1147
GO:0008113	13.1147
GO:0008116	13.1147
GO:0008117	13.1147
GO:0008118	12.1147
GO:0008121	10.3074
GO:0008126	12.1147
GO:0008127	13.1147
GO:0008131	10.7928
GO:0008134	5.9958
GO:0008135	12.1147
GO:0008137	11.5298
GO:0008138	10.7928
GO:0008142	10.7928
GO:0008143	10.3074
GO:0008146	8.4709
GO:0008152	1.3864
GO:0008153	13.1147
GO:0008154	9.7928
GO:0008156	10.3074
GO:0008160	13.1147
GO:0008168	6.5601
GO:0008169	11.5298
GO:0008170	7.7572
GO:0008171	9.6553
GO:0008172	12.1147
GO:0008173	8.2078
GO:0008174	10.5298
GO:0008175	9.6553
GO:0008176	12.1147
GO:0008177	11.5298
GO:0008179	13.1147
GO:0008180	9.1147
GO:0008184	13.1147
GO:0008186	8.1605
GO:0008187	10.1147
GO:0008188	9.6553
GO:0008190	13.1147
GO:0008191	11.1147
GO:0008192	12.1147
GO:0008193	13.1147
GO:0008194	6.8668
GO:0008195	10.5298
GO:0008198	9.3074
GO:0008199	13.1147
GO:0008200	9.9448
GO:0008201	8.4143
GO:0008202	6.6718
GO:0008203	8.7224
GO:0008204	9.3074
GO:0008205	12.1147
GO:0008206	9.4143
GO:0008207	10.5298
GO:0008209	9.9448
GO:0008210	9.4143
GO:0008211	10.7928
GO:0008212	12.1147
GO:0008213	8.1605
GO:0008214	12.1147
GO:0008215	13.1147
GO:0008216	12.1147
GO:0008217	9.3074
GO:0008219	5.9448
GO:0008227	9.7928
GO:0008228	12.1147
GO:0008230	13.1147
GO:0008231	13.1147
GO:0008233	5.4212
GO:0008234	7.4143
GO:0008235	8.9448
GO:0008236	7.4423
GO:0008237	7.3074
GO:0008238	7.8293
GO:0008239	10.7928
GO:0008240	13.1147
GO:0008241	13.1147
GO:0008242	11.5298
GO:0008250	9.7928
GO:0008251	12.1147
GO:0008252	9.7928
GO:0008253	10.5298
GO:0008258	10.5298
GO:0008260	12.1147
GO:0008263	13.1147
GO:0008266	10.5298
GO:0008269	12.1147
GO:0008270	6.8479
GO:0008271	13.1147
GO:0008273	12.1147
GO:0008275	11.5298
GO:0008276	7.6229
GO:0008277	7.8668
GO:0008278	10.5298
GO:0008282	13.1147
GO:0008283	7.2078
GO:0008284	5.5756
GO:0008285	6.0594
GO:0008286	10.1147
GO:0008287	8.6553
GO:0008289	5.4927
GO:0008290	13.1147
GO:0008291	13.1147
GO:0008292	13.1147
GO:0008293	11.1147
GO:0008295	13.1147
GO:0008296	10.1147
GO:0008297	11.1147
GO:0008298	8.5912
GO:0008299	10.1147
GO:0008300	9.9448
GO:0008301	9.7928
GO:0008303	10.5298
GO:0008305	9.7928
GO:0008306	9.7928
GO:0008307	9.5298
GO:0008308	10.5298
GO:0008309	11.5298
GO:0008310	11.5298
GO:0008311	11.5298
GO:0008312	11.1147
GO:0008315	12.1147
GO:0008318	11.5298
GO:0008320	9.1147
GO:0008324	5.1899
GO:0008327	12.1147
GO:0008328	10.7928
GO:0008333	8.4709
GO:0008334	9.7928
GO:0008340	7.9448
GO:0008343	11.5298
GO:0008344	8.6553
GO:0008345	11.1147
GO:0008347	10.3074
GO:0008348	11.5298
GO:0008352	12.1147
GO:0008353	13.1147
GO:0008354	10.5298
GO:0008355	10.5298
GO:0008356	8.5298
GO:0008358	8.7928
GO:0008359	13.1147
GO:0008360	8.1605
GO:0008361	7.8293
GO:0008362	11.5298
GO:0008363	9.5298
GO:0008365	12.1147
GO:0008366	10.3074
GO:0008373	9.6553
GO:0008375	8.4709
GO:0008376	8.7928
GO:0008378	9.4143
GO:0008379	11.1147
GO:0008380	5.8763
GO:0008381	12.1147
GO:0008384	12.1147
GO:0008385	10.5298
GO:0008386	13.1147
GO:0008387	13.1147
GO:0008389	13.1147
GO:0008391	10.7928
GO:0008392	11.1147
GO:0008395	9.3074
GO:0008396	13.1147
GO:0008398	13.1147
GO:0008401	10.3074
GO:0008403	13.1147
GO:0008404	13.1147
GO:0008405	13.1147
GO:0008406	8.5912
GO:0008407	10.1147
GO:0008408	8.2078
GO:0008409	10.1147
GO:0008410	10.7928
GO:0008412	13.1147
GO:0008413	13.1147
GO:0008417	9.7928
GO:0008418	13.1147
GO:0008419	13.1147
GO:0008420	11.5298
GO:0008422	10.7928
GO:0008427	13.1147
GO:0008428	12.1147
GO:0008429	11.1147
GO:0008430	13.1147
GO:0008431	13.1147
GO:0008440	13.1147
GO:0008441	13.1147
GO:0008443	11.5298
GO:0008445	13.1147
GO:0008446	12.1147
GO:0008449	13.1147
GO:0008452	12.1147
GO:0008453	11.1147
GO:0008455	13.1147
GO:0008456	13.1147
GO:0008466	11.5298
GO:0008467	10.7928
GO:0008474	12.1147
GO:0008475	11.5298
GO:0008476	12.1147
GO:0008477	13.1147
GO:0008478	13.1147
GO:0008479	13.1147
GO:0008481	13.1147
GO:0008482	13.1147
GO:0008483	8.8668
GO:0008484	9.6553
GO:0008486	11.5298
GO:0008488	13.1147
GO:0008489	13.1147
GO:0008494	11.1147
GO:0008499	10.5298
GO:0008502	13.1147
GO:0008504	10.1147
GO:0008508	13.1147
GO:0008509	7.3868
GO:0008510	11.5298
GO:0008511	12.1147
GO:0008515	13.1147
GO:0008517	12.1147
GO:0008518	13.1147
GO:0008519	10.7928
GO:0008520	12.1147
GO:0008525	10.1147
GO:0008526	10.3074
GO:0008527	8.7224
GO:0008528	8.5298
GO:0008531	12.1147
GO:0008532	11.5298
GO:0008534	11.5298
GO:0008535	8.7928
GO:0008540	9.9448
GO:0008541	10.7928
GO:0008542	13.1147
GO:0008543	9.3074
GO:0008544	7.9448
GO:0008545	13.1147
GO:0008553	10.5298
GO:0008554	11.5298
GO:0008556	10.7928
GO:0008558	13.1147
GO:0008559	11.5298
GO:0008568	13.1147
GO:0008569	13.1147
GO:0008574	10.7928
GO:0008582	8.1605
GO:0008584	9.9448
GO:0008585	9.9448
GO:0008586	9.7928
GO:0008587	9.6553
GO:0008589	8.0273
GO:0008592	9.7928
GO:0008593	8.1147
GO:0008594	12.1147
GO:0008595	8.5912
GO:0008603	10.7928
GO:0008607	13.1147
GO:0008608	9.6553
GO:0008610	5.2630
GO:0008611	12.1147
GO:0008612	13.1147
GO:0008614	11.1147
GO:0008615	11.1147
GO:0008617	13.1147
GO:0008622	11.1147
GO:0008623	11.5298
GO:0008625	9.6553
GO:0008626	13.1147
GO:0008630	9.5298
GO:0008631	13.1147
GO:0008637	10.3074
GO:0008641	9.9448
GO:0008643	8.3598
GO:0008645	8.6553
GO:0008649	9.7928
GO:0008652	8.0703
GO:0008654	6.5912
GO:0008655	10.5298
GO:0008656	10.7928
GO:0008670	11.5298
GO:0008703	13.1147
GO:0008705	13.1147
GO:0008709	13.1147
GO:0008725	13.1147
GO:0008745	12.1147
GO:0008747	13.1147
GO:0008753	13.1147
GO:0008757	6.8479
GO:0008761	13.1147
GO:0008774	13.1147
GO:0008775	12.1147
GO:0008781	13.1147
GO:0008783	13.1147
GO:0008793	11.1147
GO:0008794	13.1147
GO:0008796	11.5298
GO:0008800	12.1147
GO:0008812	13.1147
GO:0008821	11.5298
GO:0008829	13.1147
GO:0008843	13.1147
GO:0008859	13.1147
GO:0008887	13.1147
GO:0008889	13.1147
GO:0008893	13.1147
GO:0008897	13.1147
GO:0008900	11.5298
GO:0008902	13.1147
GO:0008907	13.1147
GO:0008934	12.1147
GO:0008936	13.1147
GO:0008940	12.1147
GO:0008967	13.1147
GO:0008970	10.1147
GO:0008972	13.1147
GO:0008976	13.1147
GO:0008988	13.1147
GO:0009007	12.1147
GO:0009008	12.1147
GO:0009009	13.1147
GO:0009013	12.1147
GO:0009036	13.1147
GO:0009047	13.1147
GO:0009051	11.1147
GO:0009055	7.6553
GO:0009056	3.5659
GO:0009057	4.6229
GO:0009058	2.3317
GO:0009059	2.8259
GO:0009060	6.3465
GO:0009061	12.1147
GO:0009062	7.6553
GO:0009063	7.4143
GO:0009067	11.5298
GO:0009070	10.1147
GO:0009072	8.5912
GO:0009073	9.6553
GO:0009074	9.6553
GO:0009079	13.1147
GO:0009081	9.5298
GO:0009082	11.1147
GO:0009083	10.1147
GO:0009084	10.3074
GO:0009088	11.5298
GO:0009090	12.1147
GO:0009092	11.5298
GO:0009094	11.5298
GO:0009098	13.1147
GO:0009100	6.1374
GO:0009101	6.3203
GO:0009102	11.5298
GO:0009106	13.1147
GO:0009107	13.1147
GO:0009110	8.6553
GO:0009111	9.9448
GO:0009112	9.1147
GO:0009113	10.7928
GO:0009116	8.9448
GO:0009117	5.8573
GO:0009119	9.6553
GO:0009120	11.5298
GO:0009123	8.6553
GO:0009124	8.9448
GO:0009125	11.1147
GO:0009126	9.4143
GO:0009127	9.7928
GO:0009128	11.5298
GO:0009129	10.5298
GO:0009130	10.5298
GO:0009132	8.4143
GO:0009133	11.1147
GO:0009134	8.7928
GO:0009135	8.7224
GO:0009136	12.1147
GO:0009137	8.8668
GO:0009138	11.5298
GO:0009139	12.1147
GO:0009140	13.1147
GO:0009141	7.3074
GO:0009142	8.4709
GO:0009143	13.1147
GO:0009144	7.3598
GO:0009145	8.6553
GO:0009146	12.1147
GO:0009147	10.5298
GO:0009148	11.5298
GO:0009149	12.1147
GO:0009150	6.7749
GO:0009151	10.7928
GO:0009152	7.8293
GO:0009153	13.1147
GO:0009154	8.5298
GO:0009155	11.1147
GO:0009156	9.1147
GO:0009157	12.1147
GO:0009158	11.5298
GO:0009159	11.5298
GO:0009163	10.5298
GO:0009164	10.3074
GO:0009165	6.9053
GO:0009166	7.9854
GO:0009167	9.4143
GO:0009168	9.7928
GO:0009169	11.5298
GO:0009170	12.1147
GO:0009172	12.1147
GO:0009173	11.1147
GO:0009174	11.1147
GO:0009176	12.1147
GO:0009177	12.1147
GO:0009179	8.7928
GO:0009180	13.1147
GO:0009181	8.8668
GO:0009182	13.1147
GO:0009183	13.1147
GO:0009185	8.5298
GO:0009187	10.5298
GO:0009188	12.1147
GO:0009189	13.1147
GO:0009190	10.7928
GO:0009191	8.7928
GO:0009193	12.1147
GO:0009194	13.1147
GO:0009195	13.1147
GO:0009196	13.1147
GO:0009197	13.1147
GO:0009200	11.5298
GO:0009201	8.4709
GO:0009203	13.1147
GO:0009204	12.1147
GO:0009205	7.4143
GO:0009206	8.6553
GO:0009208	10.7928
GO:0009209	11.5298
GO:0009210	13.1147
GO:0009211	13.1147
GO:0009213	13.1147
GO:0009215	12.1147
GO:0009217	12.1147
GO:0009218	10.1147
GO:0009219	10.1147
GO:0009220	10.5298
GO:0009221	11.5298
GO:0009222	12.1147
GO:0009223	10.7928
GO:0009225	8.8668
GO:0009226	9.4143
GO:0009228	11.1147
GO:0009229	12.1147
GO:0009231	11.5298
GO:0009233	11.5298
GO:0009234	13.1147
GO:0009235	11.5298
GO:0009240	13.1147
GO:0009247	8.3598
GO:0009249	11.5298
GO:0009250	9.7928
GO:0009251	11.1147
GO:0009253	13.1147
GO:0009256	12.1147
GO:0009257	13.1147
GO:0009258	13.1147
GO:0009259	6.6553
GO:0009260	7.5912
GO:0009261	8.4709
GO:0009262	12.1147
GO:0009263	12.1147
GO:0009265	10.5298
GO:0009266	7.0062
GO:0009267	7.2321
GO:0009268	9.6553
GO:0009269	11.1147
GO:0009272	8.2567
GO:0009277	8.3074
GO:0009295	7.7572
GO:0009298	12.1147
GO:0009299	10.1147
GO:0009301	13.1147
GO:0009302	12.1147
GO:0009303	8.7928
GO:0009304	10.1147
GO:0009306	8.5912
GO:0009308	7.9448
GO:0009309	8.9448
GO:0009310	9.7928
GO:0009311	7.7224
GO:0009312	8.5298
GO:0009313	9.5298
GO:0009314	6.5000
GO:0009328	12.1147
GO:0009360	13.1147
GO:0009368	13.1147
GO:0009374	11.5298
GO:0009378	12.1147
GO:0009383	12.1147
GO:0009384	13.1147
GO:0009394	9.2078
GO:0009395	9.2078
GO:0009396	9.7928
GO:0009397	12.1147
GO:0009398	13.1147
GO:0009403	13.1147
GO:0009404	9.7928
GO:0009407	12.1147
GO:0009408	7.5601
GO:0009409	10.7928
GO:0009410	6.7572
GO:0009411	7.7928
GO:0009414	11.1147
GO:0009415	10.7928
GO:0009416	6.8859
GO:0009423	13.1147
GO:0009435	11.1147
GO:0009436	11.5298
GO:0009437	11.1147
GO:0009438	12.1147
GO:0009440	13.1147
GO:0009441	13.1147
GO:0009443	13.1147
GO:0009445	13.1147
GO:0009449	13.1147
GO:0009450	12.1147
GO:0009451	6.6718
GO:0009452	10.7928
GO:0009453	10.5298
GO:0009566	8.8668
GO:0009581	7.9053
GO:0009582	7.8668
GO:0009583	8.2078
GO:0009584	9.7928
GO:0009589	11.1147
GO:0009593	7.0062
GO:0009595	9.3074
GO:0009597	11.1147
GO:0009605	4.3171
GO:0009606	12.1147
GO:0009607	4.7793
GO:0009608	11.1147
GO:0009609	11.1147
GO:0009611	6.3733
GO:0009612	8.1147
GO:0009615	6.5000
GO:0009617	5.7749
GO:0009620	8.6553
GO:0009628	5.0379
GO:0009629	9.9448
GO:0009631	11.5298
GO:0009636	7.6553
GO:0009637	12.1147
GO:0009642	12.1147
GO:0009648	11.1147
GO:0009649	10.5298
GO:0009650	13.1147
GO:0009651	10.5298
GO:0009653	4.2977
GO:0009674	12.1147
GO:0009692	13.1147
GO:0009698	12.1147
GO:0009712	9.5298
GO:0009713	10.7928
GO:0009719	5.8479
GO:0009725	6.9053
GO:0009743	9.5298
GO:0009744	11.5298
GO:0009746	10.5298
GO:0009749	10.7928
GO:0009750	13.1147
GO:0009753	12.1147
GO:0009755	8.7928
GO:0009756	13.1147
GO:0009785	13.1147
GO:0009787	13.1147
GO:0009789	13.1147
GO:0009790	6.1374
GO:0009791	6.2199
GO:0009792	7.7572
GO:0009794	11.5298
GO:0009798	7.7224
GO:0009799	9.6553
GO:0009804	12.1147
GO:0009812	11.5298
GO:0009820	11.5298
GO:0009822	13.1147
GO:0009826	11.1147
GO:0009838	11.5298
GO:0009855	9.6553
GO:0009880	7.7928
GO:0009881	11.1147
GO:0009882	13.1147
GO:0009886	6.6229
GO:0009887	5.5990
GO:0009888	5.1432
GO:0009889	3.0744
GO:0009890	4.2321
GO:0009891	3.9650
GO:0009892	3.8339
GO:0009893	3.3766
GO:0009894	4.9448
GO:0009895	6.8859
GO:0009896	5.8386
GO:0009897	7.8668
GO:0009898	7.5912
GO:0009906	13.1147
GO:0009913	8.8668
GO:0009914	9.7928
GO:0009922	10.7928
GO:0009925	7.1840
GO:0009946	13.1147
GO:0009948	8.4709
GO:0009949	12.1147
GO:0009950	9.1147
GO:0009951	11.5298
GO:0009952	8.1147
GO:0009953	8.0703
GO:0009954	12.1147
GO:0009966	3.5659
GO:0009967	4.4352
GO:0009968	4.7528
GO:0009975	10.1147
GO:0009982	10.3074
GO:0009986	5.7053
GO:0009987	0.6509
GO:0009988	10.7928
GO:0009994	7.9053
GO:0009996	12.1147
GO:0010001	9.3074
GO:0010002	11.5298
GO:0010004	9.3074
GO:0010008	5.8955
GO:0010009	11.5298
GO:0010025	12.1147
GO:0010034	13.1147
GO:0010037	11.1147
GO:0010038	7.1605
GO:0010039	10.7928
GO:0010043	10.1147
GO:0010085	13.1147
GO:0010092	13.1147
GO:0010106	13.1147
GO:0010138	12.1147
GO:0010147	13.1147
GO:0010155	11.5298
GO:0010160	10.3074
GO:0010165	11.1147
GO:0010166	12.1147
GO:0010171	9.9448
GO:0010172	13.1147
GO:0010181	12.1147
GO:0010212	8.7224
GO:0010224	11.5298
GO:0010225	12.1147
GO:0010226	10.7928
GO:0010232	11.1147
GO:0010248	13.1147
GO:0010256	5.7838
GO:0010257	9.0273
GO:0010273	13.1147
GO:0010286	12.1147
GO:0010310	10.7928
GO:0010312	13.1147
GO:0010314	9.6553
GO:0010324	8.8668
GO:0010332	10.3074
GO:0010340	12.1147
GO:0010353	13.1147
GO:0010360	13.1147
GO:0010369	10.7928
GO:0010378	11.5298
GO:0010383	13.1147
GO:0010385	13.1147
GO:0010387	13.1147
GO:0010389	8.3598
GO:0010421	13.1147
GO:0010430	12.1147
GO:0010446	13.1147
GO:0010447	9.9448
GO:0010453	10.7928
GO:0010454	11.5298
GO:0010455	13.1147
GO:0010457	11.1147
GO:0010458	9.9448
GO:0010459	12.1147
GO:0010460	13.1147
GO:0010463	13.1147
GO:0010464	13.1147
GO:0010465	12.1147
GO:0010466	9.9448
GO:0010467	3.0513
GO:0010468	3.1959
GO:0010469	8.8668
GO:0010470	11.1147
GO:0010484	11.1147
GO:0010485	10.5298
GO:0010486	13.1147
GO:0010494	7.6229
GO:0010496	11.1147
GO:0010498	5.9448
GO:0010499	9.6553
GO:0010506	6.2692
GO:0010507	8.4143
GO:0010508	7.3868
GO:0010510	13.1147
GO:0010511	11.1147
GO:0010512	13.1147
GO:0010513	11.5298
GO:0010517	12.1147
GO:0010518	12.1147
GO:0010520	13.1147
GO:0010522	13.1147
GO:0010523	13.1147
GO:0010526	9.9448
GO:0010543	10.1147
GO:0010544	12.1147
GO:0010556	3.1417
GO:0010557	4.0433
GO:0010558	4.3009
GO:0010559	11.5298
GO:0010560	12.1147
GO:0010561	12.1147
GO:0010562	9.3074
GO:0010563	9.4143
GO:0010564	5.3598
GO:0010565	8.5298
GO:0010566	10.1147
GO:0010568	13.1147
GO:0010569	8.7928
GO:0010570	11.5298
GO:0010571	12.1147
GO:0010572	11.5298
GO:0010573	11.1147
GO:0010574	9.9448
GO:0010575	10.1147
GO:0010586	9.9448
GO:0010587	10.5298
GO:0010591	9.6553
GO:0010592	9.7928
GO:0010594	7.6229
GO:0010595	8.3598
GO:0010596	8.9448
GO:0010603	11.1147
GO:0010604	3.5335
GO:0010605	3.9548
GO:0010606	12.1147
GO:0010607	13.1147
GO:0010608	5.7310
GO:0010609	13.1147
GO:0010610	13.1147
GO:0010611	11.1147
GO:0010612	13.1147
GO:0010613	11.5298
GO:0010623	9.4143
GO:0010628	4.9200
GO:0010629	4.9599
GO:0010630	13.1147
GO:0010631	8.3598
GO:0010632	8.7224
GO:0010633	10.7928
GO:0010634	9.4143
GO:0010635	10.1147
GO:0010636	11.5298
GO:0010637	10.7928
GO:0010638	5.9752
GO:0010639	6.6390
GO:0010640	11.1147
GO:0010641	12.1147
GO:0010642	12.1147
GO:0010644	10.5298
GO:0010646	3.4547
GO:0010647	4.3399
GO:0010648	4.7224
GO:0010649	11.1147
GO:0010656	12.1147
GO:0010660	10.7928
GO:0010661	11.5298
GO:0010662	12.1147
GO:0010663	13.1147
GO:0010664	13.1147
GO:0010665	12.1147
GO:0010666	13.1147
GO:0010667	13.1147
GO:0010668	13.1147
GO:0010669	10.3074
GO:0010695	11.5298
GO:0010696	11.5298
GO:0010698	13.1147
GO:0010700	13.1147
GO:0010709	13.1147
GO:0010712	10.7928
GO:0010713	13.1147
GO:0010714	11.1147
GO:0010715	10.5298
GO:0010716	11.5298
GO:0010717	9.2078
GO:0010718	9.5298
GO:0010719	11.5298
GO:0010720	7.5000
GO:0010721	8.4709
GO:0010727	11.5298
GO:0010728	12.1147
GO:0010729	13.1147
GO:0010730	13.1147
GO:0010742	11.5298
GO:0010743	9.3074
GO:0010744	10.3074
GO:0010745	10.3074
GO:0010746	13.1147
GO:0010748	13.1147
GO:0010755	11.5298
GO:0010756	13.1147
GO:0010757	12.1147
GO:0010758	10.5298
GO:0010759	11.1147
GO:0010760	12.1147
GO:0010761	13.1147
GO:0010762	10.7928
GO:0010763	12.1147
GO:0010764	11.5298
GO:0010765	9.9448
GO:0010766	12.1147
GO:0010770	10.7928
GO:0010792	13.1147
GO:0010793	11.5298
GO:0010799	9.7928
GO:0010800	10.3074
GO:0010801	11.1147
GO:0010803	8.8668
GO:0010804	10.5298
GO:0010810	7.9053
GO:0010811	8.4709
GO:0010812	9.5298
GO:0010817	6.3203
GO:0010818	12.1147
GO:0010819	11.1147
GO:0010820	11.1147
GO:0010821	7.5601
GO:0010824	9.1147
GO:0010826	11.1147
GO:0010827	9.4143
GO:0010828	9.7928
GO:0010829	12.1147
GO:0010830	11.5298
GO:0010831	12.1147
GO:0010832	13.1147
GO:0010833	9.2078
GO:0010835	11.1147
GO:0010836	12.1147
GO:0010837	11.5298
GO:0010838	12.1147
GO:0010839	13.1147
GO:0010851	12.1147
GO:0010853	12.1147
GO:0010854	13.1147
GO:0010856	13.1147
GO:0010858	13.1147
GO:0010866	10.7928
GO:0010867	10.7928
GO:0010874	10.7928
GO:0010875	11.1147
GO:0010876	6.6229
GO:0010877	13.1147
GO:0010878	13.1147
GO:0010879	13.1147
GO:0010880	10.1147
GO:0010881	10.5298
GO:0010882	10.3074
GO:0010883	8.5298
GO:0010884	9.9448
GO:0010885	10.7928
GO:0010886	12.1147
GO:0010887	11.5298
GO:0010888	10.5298
GO:0010889	11.1147
GO:0010890	11.5298
GO:0010891	13.1147
GO:0010893	10.5298
GO:0010894	10.5298
GO:0010896	10.7928
GO:0010897	13.1147
GO:0010898	11.1147
GO:0010899	13.1147
GO:0010900	13.1147
GO:0010901	13.1147
GO:0010902	13.1147
GO:0010906	9.5298
GO:0010907	10.5298
GO:0010908	13.1147
GO:0010909	13.1147
GO:0010915	12.1147
GO:0010916	12.1147
GO:0010917	13.1147
GO:0010918	12.1147
GO:0010919	12.1147
GO:0010920	13.1147
GO:0010921	11.5298
GO:0010922	13.1147
GO:0010923	13.1147
GO:0010927	7.4143
GO:0010935	12.1147
GO:0010936	13.1147
GO:0010945	13.1147
GO:0010948	6.6553
GO:0010949	13.1147
GO:0010950	10.3074
GO:0010951	10.5298
GO:0010952	9.9448
GO:0010954	11.1147
GO:0010955	10.7928
GO:0010957	13.1147
GO:0010959	6.8859
GO:0010960	13.1147
GO:0010962	10.5298
GO:0010965	8.7224
GO:0010966	11.1147
GO:0010968	10.7928
GO:0010970	7.9053
GO:0010971	10.3074
GO:0010972	8.9448
GO:0010973	12.1147
GO:0010975	7.5298
GO:0010976	8.7224
GO:0010977	10.1147
GO:0010981	13.1147
GO:0010982	13.1147
GO:0010983	13.1147
GO:0010984	11.1147
GO:0010985	11.5298
GO:0010986	13.1147
GO:0010988	13.1147
GO:0010989	13.1147
GO:0010992	9.9448
GO:0010994	11.1147
GO:0010995	13.1147
GO:0010996	11.1147
GO:0010997	11.5298
GO:0010998	13.1147
GO:0012501	5.9752
GO:0012505	2.3114
GO:0012506	4.6969
GO:0012507	8.3598
GO:0012510	10.1147
GO:0014002	12.1147
GO:0014003	11.1147
GO:0014009	13.1147
GO:0014013	9.7928
GO:0014014	12.1147
GO:0014015	10.1147
GO:0014016	11.5298
GO:0014017	13.1147
GO:0014019	12.1147
GO:0014029	13.1147
GO:0014032	13.1147
GO:0014033	13.1147
GO:0014041	11.5298
GO:0014042	11.5298
GO:0014046	13.1147
GO:0014048	13.1147
GO:0014049	13.1147
GO:0014059	13.1147
GO:0014061	13.1147
GO:0014069	9.6553
GO:0014074	8.8668
GO:0014075	13.1147
GO:0014704	10.3074
GO:0014706	9.0273
GO:0014731	13.1147
GO:0014733	13.1147
GO:0014742	11.5298
GO:0014743	11.1147
GO:0014805	13.1147
GO:0014806	13.1147
GO:0014808	13.1147
GO:0014812	10.5298
GO:0014816	13.1147
GO:0014819	13.1147
GO:0014821	11.5298
GO:0014827	12.1147
GO:0014831	12.1147
GO:0014842	13.1147
GO:0014857	13.1147
GO:0014866	10.7928
GO:0014887	13.1147
GO:0014888	13.1147
GO:0014896	13.1147
GO:0014897	13.1147
GO:0014898	13.1147
GO:0014900	13.1147
GO:0014902	9.5298
GO:0014904	13.1147
GO:0014905	13.1147
GO:0014908	13.1147
GO:0014909	11.5298
GO:0014910	9.9448
GO:0014911	10.5298
GO:0014912	10.7928
GO:0015012	9.3074
GO:0015016	12.1147
GO:0015019	13.1147
GO:0015020	9.7928
GO:0015026	9.1147
GO:0015030	9.0273
GO:0015031	5.3268
GO:0015035	9.4143
GO:0015036	8.3598
GO:0015038	10.5298
GO:0015074	13.1147
GO:0015075	4.9398
GO:0015078	6.7749
GO:0015079	7.5601
GO:0015080	13.1147
GO:0015081	7.0486
GO:0015085	7.6885
GO:0015093	13.1147
GO:0015095	11.1147
GO:0015105	13.1147
GO:0015106	10.3074
GO:0015108	7.6553
GO:0015111	12.1147
GO:0015116	10.1147
GO:0015117	13.1147
GO:0015119	12.1147
GO:0015125	10.5298
GO:0015129	13.1147
GO:0015131	13.1147
GO:0015132	9.9448
GO:0015137	12.1147
GO:0015138	12.1147
GO:0015139	10.7928
GO:0015140	13.1147
GO:0015141	11.1147
GO:0015142	11.5298
GO:0015143	12.1147
GO:0015144	8.5298
GO:0015145	8.8668
GO:0015146	11.5298
GO:0015149	9.0273
GO:0015151	12.1147
GO:0015152	12.1147
GO:0015154	11.5298
GO:0015157	11.5298
GO:0015165	10.5298
GO:0015166	12.1147
GO:0015168	13.1147
GO:0015169	13.1147
GO:0015171	7.1605
GO:0015172	9.6553
GO:0015173	9.9448
GO:0015174	9.1147
GO:0015175	8.5298
GO:0015179	7.8293
GO:0015180	12.1147
GO:0015182	11.5298
GO:0015183	11.1147
GO:0015184	13.1147
GO:0015185	12.1147
GO:0015186	10.7928
GO:0015187	11.1147
GO:0015188	12.1147
GO:0015189	10.7928
GO:0015190	10.7928
GO:0015191	13.1147
GO:0015192	13.1147
GO:0015193	11.1147
GO:0015194	12.1147
GO:0015196	11.5298
GO:0015199	11.5298
GO:0015203	10.5298
GO:0015204	11.5298
GO:0015205	9.9448
GO:0015207	12.1147
GO:0015208	12.1147
GO:0015210	13.1147
GO:0015211	13.1147
GO:0015213	12.1147
GO:0015214	11.5298
GO:0015215	9.0273
GO:0015216	9.3074
GO:0015217	10.5298
GO:0015218	13.1147
GO:0015220	11.1147
GO:0015225	13.1147
GO:0015226	11.5298
GO:0015229	12.1147
GO:0015230	12.1147
GO:0015232	10.7928
GO:0015234	10.7928
GO:0015245	10.7928
GO:0015247	10.5298
GO:0015250	11.5298
GO:0015252	9.1147
GO:0015254	13.1147
GO:0015265	12.1147
GO:0015267	5.8293
GO:0015269	10.3074
GO:0015271	11.5298
GO:0015272	13.1147
GO:0015276	7.1605
GO:0015277	13.1147
GO:0015278	10.3074
GO:0015279	11.5298
GO:0015280	10.7928
GO:0015288	12.1147
GO:0015291	6.3074
GO:0015292	11.5298
GO:0015293	7.3598
GO:0015294	7.3598
GO:0015295	11.1147
GO:0015296	9.7928
GO:0015297	7.5912
GO:0015311	12.1147
GO:0015315	11.5298
GO:0015333	13.1147
GO:0015343	13.1147
GO:0015344	13.1147
GO:0015349	11.1147
GO:0015350	13.1147
GO:0015355	11.5298
GO:0015361	13.1147
GO:0015362	13.1147
GO:0015368	10.3074
GO:0015369	11.5298
GO:0015370	7.6553
GO:0015373	10.3074
GO:0015375	12.1147
GO:0015377	9.7928
GO:0015378	10.3074
GO:0015379	11.1147
GO:0015382	13.1147
GO:0015385	11.1147
GO:0015386	12.1147
GO:0015389	13.1147
GO:0015391	12.1147
GO:0015399	6.9053
GO:0015410	13.1147
GO:0015421	12.1147
GO:0015431	13.1147
GO:0015432	13.1147
GO:0015433	13.1147
GO:0015439	13.1147
GO:0015440	12.1147
GO:0015450	11.1147
GO:0015453	8.5298
GO:0015459	9.3074
GO:0015464	10.7928
GO:0015467	13.1147
GO:0015485	9.2078
GO:0015489	12.1147
GO:0015495	13.1147
GO:0015501	10.5298
GO:0015505	13.1147
GO:0015526	12.1147
GO:0015556	10.1147
GO:0015562	9.9448
GO:0015574	12.1147
GO:0015578	10.1147
GO:0015603	13.1147
GO:0015605	8.3074
GO:0015606	11.5298
GO:0015616	12.1147
GO:0015629	6.0924
GO:0015630	4.6512
GO:0015631	7.0924
GO:0015636	13.1147
GO:0015643	13.1147
GO:0015645	9.2078
GO:0015647	13.1147
GO:0015651	10.5298
GO:0015655	12.1147
GO:0015658	10.5298
GO:0015662	9.4143
GO:0015665	12.1147
GO:0015666	13.1147
GO:0015669	12.1147
GO:0015671	12.1147
GO:0015673	13.1147
GO:0015677	11.1147
GO:0015679	13.1147
GO:0015691	12.1147
GO:0015693	11.5298
GO:0015697	11.1147
GO:0015698	7.4709
GO:0015701	10.5298
GO:0015705	12.1147
GO:0015709	13.1147
GO:0015712	12.1147
GO:0015718	8.0273
GO:0015720	13.1147
GO:0015721	10.7928
GO:0015727	13.1147
GO:0015729	12.1147
GO:0015732	10.1147
GO:0015740	9.6553
GO:0015741	11.5298
GO:0015742	10.5298
GO:0015743	13.1147
GO:0015744	10.7928
GO:0015746	11.1147
GO:0015747	12.1147
GO:0015748	7.0273
GO:0015749	8.5298
GO:0015755	12.1147
GO:0015757	13.1147
GO:0015760	12.1147
GO:0015761	13.1147
GO:0015766	11.5298
GO:0015768	13.1147
GO:0015770	13.1147
GO:0015771	12.1147
GO:0015772	11.5298
GO:0015780	10.1147
GO:0015782	13.1147
GO:0015783	13.1147
GO:0015786	11.1147
GO:0015787	13.1147
GO:0015790	13.1147
GO:0015791	11.1147
GO:0015793	13.1147
GO:0015794	13.1147
GO:0015795	11.5298
GO:0015797	11.5298
GO:0015798	13.1147
GO:0015800	9.9448
GO:0015801	10.3074
GO:0015802	9.4143
GO:0015803	10.1147
GO:0015804	8.3074
GO:0015805	12.1147
GO:0015806	13.1147
GO:0015807	7.9854
GO:0015808	11.1147
GO:0015810	10.5298
GO:0015811	13.1147
GO:0015812	12.1147
GO:0015813	10.1147
GO:0015816	10.7928
GO:0015818	11.5298
GO:0015819	12.1147
GO:0015820	10.1147
GO:0015821	11.5298
GO:0015822	10.7928
GO:0015823	12.1147
GO:0015824	10.3074
GO:0015827	11.1147
GO:0015828	12.1147
GO:0015829	11.5298
GO:0015833	9.7928
GO:0015835	13.1147
GO:0015837	10.7928
GO:0015838	11.5298
GO:0015840	11.1147
GO:0015842	11.5298
GO:0015846	10.5298
GO:0015847	11.5298
GO:0015848	11.5298
GO:0015849	6.5000
GO:0015850	7.5000
GO:0015851	10.1147
GO:0015853	13.1147
GO:0015854	12.1147
GO:0015855	12.1147
GO:0015856	13.1147
GO:0015857	13.1147
GO:0015858	10.7928
GO:0015860	13.1147
GO:0015862	12.1147
GO:0015864	12.1147
GO:0015865	8.8668
GO:0015866	12.1147
GO:0015867	9.4143
GO:0015868	9.0273
GO:0015870	11.1147
GO:0015871	11.5298
GO:0015878	13.1147
GO:0015879	11.5298
GO:0015881	13.1147
GO:0015882	12.1147
GO:0015883	12.1147
GO:0015884	10.7928
GO:0015886	10.1147
GO:0015888	10.5298
GO:0015889	12.1147
GO:0015891	12.1147
GO:0015908	8.5912
GO:0015909	9.4143
GO:0015910	11.5298
GO:0015911	12.1147
GO:0015912	13.1147
GO:0015913	13.1147
GO:0015914	8.1605
GO:0015916	11.5298
GO:0015917	11.5298
GO:0015918	8.4143
GO:0015919	9.3074
GO:0015920	13.1147
GO:0015923	9.9448
GO:0015924	10.5298
GO:0015925	11.5298
GO:0015926	9.3074
GO:0015927	11.5298
GO:0015928	13.1147
GO:0015929	9.7928
GO:0015931	6.4709
GO:0015932	8.2078
GO:0015934	5.8479
GO:0015935	6.6553
GO:0015936	9.9448
GO:0015937	10.1147
GO:0015939	10.7928
GO:0015940	11.1147
GO:0015942	13.1147
GO:0015949	11.1147
GO:0015959	11.5298
GO:0015960	12.1147
GO:0015961	13.1147
GO:0015966	12.1147
GO:0015969	13.1147
GO:0015971	13.1147
GO:0015976	13.1147
GO:0015980	5.9650
GO:0015986	9.0273
GO:0016004	10.1147
GO:0016006	10.5298
GO:0016007	10.3074
GO:0016008	13.1147
GO:0016010	11.5298
GO:0016011	13.1147
GO:0016012	13.1147
GO:0016013	13.1147
GO:0016015	11.1147
GO:0016018	10.5298
GO:0016019	11.1147
GO:0016020	1.5809
GO:0016027	11.5298
GO:0016028	9.5298
GO:0016029	12.1147
GO:0016031	13.1147
GO:0016032	6.6718
GO:0016034	13.1147
GO:0016035	12.1147
GO:0016036	13.1147
GO:0016037	13.1147
GO:0016038	13.1147
GO:0016042	6.4282
GO:0016043	2.3996
GO:0016045	9.9448
GO:0016046	13.1147
GO:0016048	10.7928
GO:0016049	8.1147
GO:0016050	6.4282
GO:0016051	7.3598
GO:0016052	7.6229
GO:0016055	8.3598
GO:0016056	10.5298
GO:0016057	13.1147
GO:0016059	10.1147
GO:0016060	11.5298
GO:0016063	10.3074
GO:0016064	10.7928
GO:0016070	3.7267
GO:0016071	5.2945
GO:0016072	5.8763
GO:0016073	8.5912
GO:0016074	8.9448
GO:0016075	10.5298
GO:0016076	12.1147
GO:0016077	12.1147
GO:0016078	9.6553
GO:0016079	11.1147
GO:0016093	11.5298
GO:0016095	11.5298
GO:0016098	11.5298
GO:0016101	8.3598
GO:0016102	13.1147
GO:0016103	11.5298
GO:0016106	13.1147
GO:0016107	12.1147
GO:0016114	11.5298
GO:0016115	10.5298
GO:0016116	13.1147
GO:0016119	12.1147
GO:0016121	12.1147
GO:0016125	7.5000
GO:0016126	8.4143
GO:0016127	11.5298
GO:0016129	9.5298
GO:0016134	13.1147
GO:0016136	13.1147
GO:0016137	10.1147
GO:0016139	12.1147
GO:0016149	11.5298
GO:0016150	13.1147
GO:0016154	13.1147
GO:0016155	13.1147
GO:0016156	13.1147
GO:0016160	11.5298
GO:0016165	12.1147
GO:0016167	13.1147
GO:0016174	11.5298
GO:0016175	11.5298
GO:0016176	13.1147
GO:0016180	8.6553
GO:0016189	13.1147
GO:0016192	4.6069
GO:0016197	6.3598
GO:0016198	11.5298
GO:0016199	11.5298
GO:0016200	13.1147
GO:0016201	11.1147
GO:0016202	10.7928
GO:0016203	9.7928
GO:0016204	13.1147
GO:0016206	12.1147
GO:0016208	11.5298
GO:0016209	7.9053
GO:0016211	13.1147
GO:0016213	13.1147
GO:0016215	12.1147
GO:0016222	13.1147
GO:0016226	9.0273
GO:0016229	9.1147
GO:0016230	13.1147
GO:0016231	11.5298
GO:0016233	9.9448
GO:0016234	9.3074
GO:0016235	9.5298
GO:0016236	6.2818
GO:0016237	8.5912
GO:0016239	8.1147
GO:0016240	11.1147
GO:0016241	7.3074
GO:0016242	10.1147
GO:0016243	13.1147
GO:0016247	7.9854
GO:0016248	9.9448
GO:0016250	13.1147
GO:0016251	9.1147
GO:0016255	11.1147
GO:0016256	13.1147
GO:0016264	11.5298
GO:0016266	8.5912
GO:0016272	9.9448
GO:0016273	9.7928
GO:0016274	9.7928
GO:0016278	8.7928
GO:0016279	8.7928
GO:0016281	11.1147
GO:0016282	11.5298
GO:0016286	12.1147
GO:0016287	12.1147
GO:0016289	10.3074
GO:0016298	7.4143
GO:0016300	13.1147
GO:0016301	4.8247
GO:0016303	10.7928
GO:0016308	12.1147
GO:0016309	13.1147
GO:0016310	5.6309
GO:0016311	6.8479
GO:0016314	13.1147
GO:0016318	10.5298
GO:0016319	9.1147
GO:0016320	11.5298
GO:0016321	11.5298
GO:0016322	10.3074
GO:0016323	7.5601
GO:0016324	6.8859
GO:0016325	11.1147
GO:0016327	10.7928
GO:0016328	9.6553
GO:0016330	13.1147
GO:0016331	8.5912
GO:0016333	10.1147
GO:0016334	11.5298
GO:0016335	12.1147
GO:0016336	12.1147
GO:0016339	11.5298
GO:0016342	11.5298
GO:0016348	13.1147
GO:0016358	8.1605
GO:0016360	11.1147
GO:0016361	12.1147
GO:0016362	13.1147
GO:0016363	9.5298
GO:0016403	13.1147
GO:0016404	13.1147
GO:0016405	8.6553
GO:0016406	11.5298
GO:0016407	7.5601
GO:0016409	8.7928
GO:0016411	9.2078
GO:0016413	10.1147
GO:0016416	11.5298
GO:0016418	13.1147
GO:0016419	13.1147
GO:0016420	13.1147
GO:0016421	11.5298
GO:0016423	11.5298
GO:0016427	11.1147
GO:0016428	13.1147
GO:0016432	13.1147
GO:0016433	10.7928
GO:0016434	12.1147
GO:0016435	13.1147
GO:0016441	8.5912
GO:0016442	10.3074
GO:0016444	10.7928
GO:0016445	13.1147
GO:0016447	13.1147
GO:0016453	11.1147
GO:0016454	10.7928
GO:0016459	10.1147
GO:0016460	11.1147
GO:0016461	11.5298
GO:0016462	5.5223
GO:0016469	8.5912
GO:0016471	9.2078
GO:0016476	9.9448
GO:0016477	5.8293
GO:0016479	9.9448
GO:0016480	10.5298
GO:0016482	7.2818
GO:0016485	7.2818
GO:0016486	9.3074
GO:0016487	12.1147
GO:0016488	12.1147
GO:0016491	4.5111
GO:0016493	13.1147
GO:0016494	13.1147
GO:0016499	12.1147
GO:0016500	11.1147
GO:0016502	11.1147
GO:0016504	8.5912
GO:0016505	10.7928
GO:0016507	12.1147
GO:0016509	13.1147
GO:0016514	10.3074
GO:0016519	13.1147
GO:0016525	8.6553
GO:0016528	9.9448
GO:0016529	9.9448
GO:0016530	10.3074
GO:0016531	11.5298
GO:0016532	13.1147
GO:0016538	9.6553
GO:0016540	9.9448
GO:0016544	13.1147
GO:0016545	11.5298
GO:0016553	11.5298
GO:0016556	10.5298
GO:0016558	10.1147
GO:0016559	10.7928
GO:0016560	12.1147
GO:0016562	13.1147
GO:0016567	6.0813
GO:0016579	8.2078
GO:0016581	10.7928
GO:0016586	10.5298
GO:0016587	11.5298
GO:0016589	11.1147
GO:0016590	13.1147
GO:0016591	7.3334
GO:0016592	8.8668
GO:0016593	10.5298
GO:0016594	10.7928
GO:0016597	9.2078
GO:0016598	13.1147
GO:0016600	12.1147
GO:0016601	10.7928
GO:0016602	12.1147
GO:0016603	11.1147
GO:0016604	5.5756
GO:0016605	9.2078
GO:0016607	6.6553
GO:0016614	6.6229
GO:0016615	10.5298
GO:0016616	6.8293
GO:0016620	8.3074
GO:0016623	11.1147
GO:0016624	11.1147
GO:0016627	8.4709
GO:0016628	9.2078
GO:0016631	13.1147
GO:0016635	11.5298
GO:0016638	9.6553
GO:0016639	11.5298
GO:0016641	10.3074
GO:0016642	13.1147
GO:0016645	9.1147
GO:0016646	9.6553
GO:0016647	12.1147
GO:0016649	11.5298
GO:0016651	8.4143
GO:0016652	13.1147
GO:0016653	10.7928
GO:0016655	9.9448
GO:0016661	10.5298
GO:0016662	11.5298
GO:0016667	7.9053
GO:0016668	10.5298
GO:0016670	11.1147
GO:0016671	10.7928
GO:0016672	11.5298
GO:0016675	9.4143
GO:0016679	10.1147
GO:0016682	13.1147
GO:0016684	8.4143
GO:0016701	9.7928
GO:0016702	9.7928
GO:0016705	6.7928
GO:0016706	8.3598
GO:0016709	9.5298
GO:0016712	9.3074
GO:0016713	10.7928
GO:0016714	12.1147
GO:0016715	11.5298
GO:0016716	10.7928
GO:0016717	11.1147
GO:0016721	11.5298
GO:0016722	10.3074
GO:0016723	11.1147
GO:0016724	12.1147
GO:0016725	9.9448
GO:0016726	13.1147
GO:0016728	11.5298
GO:0016730	13.1147
GO:0016740	3.0854
GO:0016741	6.3733
GO:0016742	9.6553
GO:0016743	12.1147
GO:0016744	11.1147
GO:0016746	5.0758
GO:0016747	6.2818
GO:0016755	6.0273
GO:0016757	5.7928
GO:0016758	6.2945
GO:0016763	7.9448
GO:0016765	7.5912
GO:0016769	8.7224
GO:0016772	4.4458
GO:0016773	5.0010
GO:0016774	11.1147
GO:0016776	8.9448
GO:0016778	10.7928
GO:0016779	6.9854
GO:0016780	9.2078
GO:0016782	7.8668
GO:0016783	10.1147
GO:0016784	13.1147
GO:0016787	3.3515
GO:0016788	4.9298
GO:0016790	9.7928
GO:0016791	6.1489
GO:0016794	13.1147
GO:0016798	7.0486
GO:0016799	9.3074
GO:0016801	10.7928
GO:0016803	10.7928
GO:0016805	10.7928
GO:0016810	7.1374
GO:0016811	7.9854
GO:0016812	10.5298
GO:0016813	10.3074
GO:0016814	9.4143
GO:0016817	5.5223
GO:0016818	5.5223
GO:0016822	13.1147
GO:0016823	13.1147
GO:0016825	12.1147
GO:0016826	13.1147
GO:0016829	6.4005
GO:0016830	8.2078
GO:0016831	8.6553
GO:0016832	10.7928
GO:0016833	11.1147
GO:0016835	7.5601
GO:0016836	7.8293
GO:0016838	13.1147
GO:0016840	9.6553
GO:0016841	11.5298
GO:0016842	10.5298
GO:0016843	12.1147
GO:0016846	10.3074
GO:0016849	10.1147
GO:0016853	5.9548
GO:0016854	9.9448
GO:0016857	10.1147
GO:0016859	9.2078
GO:0016860	8.3074
GO:0016861	10.1147
GO:0016862	12.1147
GO:0016863	9.9448
GO:0016864	10.3074
GO:0016866	9.2078
GO:0016868	10.5298
GO:0016872	12.1147
GO:0016874	6.1260
GO:0016875	7.8668
GO:0016877	8.1605
GO:0016878	8.6553
GO:0016879	8.0703
GO:0016880	11.5298
GO:0016881	9.9448
GO:0016882	11.5298
GO:0016884	9.7928
GO:0016885	10.7928
GO:0016886	10.5298
GO:0016887	7.1374
GO:0016888	10.7928
GO:0016889	11.5298
GO:0016891	9.0273
GO:0016895	9.7928
GO:0016896	8.6553
GO:0016898	11.5298
GO:0016899	13.1147
GO:0016901	13.1147
GO:0016903	7.9448
GO:0016913	13.1147
GO:0016914	13.1147
GO:0016917	11.5298
GO:0016918	11.5298
GO:0016922	8.5912
GO:0016925	9.5298
GO:0016926	13.1147
GO:0016929	13.1147
GO:0016933	11.5298
GO:0016934	11.5298
GO:0016935	13.1147
GO:0016936	13.1147
GO:0016939	13.1147
GO:0016941	12.1147
GO:0016942	12.1147
GO:0016966	13.1147
GO:0016971	13.1147
GO:0016972	11.5298
GO:0016973	9.9448
GO:0016997	13.1147
GO:0016999	13.1147
GO:0017002	11.1147
GO:0017003	13.1147
GO:0017004	8.4143
GO:0017005	11.5298
GO:0017006	13.1147
GO:0017013	13.1147
GO:0017014	13.1147
GO:0017015	8.3598
GO:0017017	12.1147
GO:0017018	13.1147
GO:0017022	8.5912
GO:0017024	13.1147
GO:0017025	9.6553
GO:0017038	12.1147
GO:0017040	12.1147
GO:0017042	13.1147
GO:0017046	9.5298
GO:0017053	9.5298
GO:0017055	12.1147
GO:0017056	9.9448
GO:0017059	11.5298
GO:0017060	13.1147
GO:0017061	13.1147
GO:0017062	10.3074
GO:0017064	12.1147
GO:0017069	8.7928
GO:0017070	10.1147
GO:0017076	5.6390
GO:0017080	9.7928
GO:0017081	12.1147
GO:0017083	11.5298
GO:0017085	10.3074
GO:0017087	13.1147
GO:0017089	13.1147
GO:0017095	13.1147
GO:0017099	11.5298
GO:0017101	10.7928
GO:0017102	13.1147
GO:0017108	11.1147
GO:0017109	12.1147
GO:0017110	9.6553
GO:0017111	5.7928
GO:0017116	9.9448
GO:0017119	9.3074
GO:0017121	13.1147
GO:0017124	9.9448
GO:0017126	13.1147
GO:0017128	10.5298
GO:0017129	13.1147
GO:0017134	10.1147
GO:0017136	10.5298
GO:0017143	12.1147
GO:0017145	9.4143
GO:0017146	13.1147
GO:0017147	9.6553
GO:0017148	7.9053
GO:0017150	12.1147
GO:0017151	13.1147
GO:0017153	10.1147
GO:0017157	8.3074
GO:0017158	12.1147
GO:0017159	13.1147
GO:0017166	11.5298
GO:0017169	11.1147
GO:0017171	6.3868
GO:0017172	13.1147
GO:0017174	13.1147
GO:0017176	11.1147
GO:0017177	13.1147
GO:0017178	13.1147
GO:0017183	10.5298
GO:0017185	10.7928
GO:0017188	13.1147
GO:0017190	13.1147
GO:0017192	13.1147
GO:0017196	12.1147
GO:0018002	13.1147
GO:0018008	11.5298
GO:0018009	13.1147
GO:0018013	13.1147
GO:0018016	12.1147
GO:0018021	13.1147
GO:0018022	9.6553
GO:0018023	10.5298
GO:0018025	13.1147
GO:0018026	10.7928
GO:0018027	12.1147
GO:0018030	12.1147
GO:0018057	13.1147
GO:0018063	13.1147
GO:0018064	12.1147
GO:0018076	13.1147
GO:0018094	12.1147
GO:0018105	7.9448
GO:0018107	9.5298
GO:0018108	8.5298
GO:0018119	13.1147
GO:0018125	13.1147
GO:0018126	9.6553
GO:0018146	9.6553
GO:0018149	10.1147
GO:0018158	12.1147
GO:0018171	13.1147
GO:0018190	13.1147
GO:0018191	13.1147
GO:0018195	10.3074
GO:0018200	11.5298
GO:0018201	11.1147
GO:0018205	7.6229
GO:0018206	10.7928
GO:0018208	9.6553
GO:0018216	10.5298
GO:0018230	11.1147
GO:0018272	13.1147
GO:0018277	13.1147
GO:0018282	12.1147
GO:0018283	12.1147
GO:0018293	12.1147
GO:0018342	10.5298
GO:0018343	12.1147
GO:0018344	11.5298
GO:0018345	9.5298
GO:0018352	12.1147
GO:0018364	11.5298
GO:0018377	11.5298
GO:0018392	13.1147
GO:0018393	11.1147
GO:0018394	10.5298
GO:0018401	12.1147
GO:0018410	10.5298
GO:0018423	13.1147
GO:0018444	11.1147
GO:0018454	13.1147
GO:0018455	8.5912
GO:0018479	13.1147
GO:0018484	13.1147
GO:0018685	12.1147
GO:0018741	13.1147
GO:0018812	10.7928
GO:0018820	11.5298
GO:0018858	12.1147
GO:0018872	12.1147
GO:0018890	12.1147
GO:0018909	13.1147
GO:0018958	7.9448
GO:0018990	10.5298
GO:0018991	11.5298
GO:0018992	12.1147
GO:0018993	11.5298
GO:0019001	7.0062
GO:0019003	8.1605
GO:0019005	8.6553
GO:0019010	13.1147
GO:0019042	13.1147
GO:0019043	13.1147
GO:0019058	7.3334
GO:0019060	13.1147
GO:0019062	11.1147
GO:0019064	11.5298
GO:0019065	13.1147
GO:0019068	9.4143
GO:0019072	12.1147
GO:0019074	12.1147
GO:0019075	13.1147
GO:0019076	8.9448
GO:0019079	11.1147
GO:0019080	8.4143
GO:0019081	10.1147
GO:0019082	9.4143
GO:0019083	13.1147
GO:0019094	9.9448
GO:0019098	7.7928
GO:0019099	13.1147
GO:0019100	13.1147
GO:0019101	13.1147
GO:0019103	12.1147
GO:0019104	9.7928
GO:0019107	11.5298
GO:0019136	12.1147
GO:0019144	13.1147
GO:0019150	12.1147
GO:0019153	13.1147
GO:0019166	13.1147
GO:0019172	13.1147
GO:0019182	12.1147
GO:0019183	12.1147
GO:0019184	10.5298
GO:0019198	10.7928
GO:0019199	8.5298
GO:0019200	9.5298
GO:0019202	13.1147
GO:0019203	10.7928
GO:0019205	8.7928
GO:0019206	10.7928
GO:0019207	7.0486
GO:0019208	8.5298
GO:0019209	8.3074
GO:0019210	8.5912
GO:0019211	10.5298
GO:0019212	10.5298
GO:0019213	8.5298
GO:0019215	13.1147
GO:0019216	6.9053
GO:0019217	9.3074
GO:0019218	9.0273
GO:0019219	3.7793
GO:0019221	6.9854
GO:0019222	2.6149
GO:0019226	10.5298
GO:0019228	12.1147
GO:0019229	12.1147
GO:0019233	10.3074
GO:0019236	9.7928
GO:0019237	11.5298
GO:0019238	11.1147
GO:0019239	9.6553
GO:0019240	13.1147
GO:0019249	13.1147
GO:0019255	13.1147
GO:0019262	13.1147
GO:0019276	12.1147
GO:0019287	13.1147
GO:0019303	13.1147
GO:0019309	13.1147
GO:0019318	7.6553
GO:0019319	8.7224
GO:0019320	9.5298
GO:0019321	10.7928
GO:0019323	12.1147
GO:0019336	10.7928
GO:0019344	11.1147
GO:0019346	11.5298
GO:0019357	11.1147
GO:0019358	11.1147
GO:0019359	10.7928
GO:0019363	9.9448
GO:0019364	8.8668
GO:0019365	11.1147
GO:0019367	11.5298
GO:0019368	12.1147
GO:0019369	8.7224
GO:0019370	10.3074
GO:0019371	10.7928
GO:0019372	10.7928
GO:0019373	10.3074
GO:0019374	12.1147
GO:0019375	13.1147
GO:0019376	13.1147
GO:0019377	10.3074
GO:0019388	11.1147
GO:0019395	7.9053
GO:0019413	12.1147
GO:0019430	11.5298
GO:0019432	10.7928
GO:0019433	10.3074
GO:0019448	12.1147
GO:0019464	12.1147
GO:0019470	11.5298
GO:0019478	13.1147
GO:0019511	11.1147
GO:0019530	11.5298
GO:0019531	13.1147
GO:0019532	13.1147
GO:0019534	11.5298
GO:0019538	2.6979
GO:0019614	10.7928
GO:0019626	12.1147
GO:0019627	10.7928
GO:0019637	4.5298
GO:0019646	7.6885
GO:0019655	13.1147
GO:0019660	13.1147
GO:0019673	10.7928
GO:0019674	9.3074
GO:0019677	13.1147
GO:0019682	13.1147
GO:0019693	6.5912
GO:0019694	11.5298
GO:0019695	12.1147
GO:0019706	10.5298
GO:0019707	10.5298
GO:0019720	13.1147
GO:0019722	8.3074
GO:0019724	10.5298
GO:0019725	5.5000
GO:0019730	7.7928
GO:0019731	8.5912
GO:0019732	11.5298
GO:0019747	11.1147
GO:0019748	7.7224
GO:0019751	8.4709
GO:0019752	4.7397
GO:0019755	11.1147
GO:0019763	11.1147
GO:0019770	12.1147
GO:0019771	13.1147
GO:0019772	13.1147
GO:0019773	10.7928
GO:0019774	10.7928
GO:0019776	11.5298
GO:0019778	13.1147
GO:0019780	13.1147
GO:0019781	11.5298
GO:0019782	13.1147
GO:0019783	7.9053
GO:0019784	11.5298
GO:0019785	13.1147
GO:0019786	11.5298
GO:0019787	6.1489
GO:0019788	12.1147
GO:0019789	9.9448
GO:0019798	12.1147
GO:0019799	13.1147
GO:0019805	12.1147
GO:0019811	13.1147
GO:0019814	11.5298
GO:0019825	10.1147
GO:0019826	13.1147
GO:0019827	8.0703
GO:0019828	12.1147
GO:0019829	8.1605
GO:0019834	13.1147
GO:0019835	12.1147
GO:0019838	8.2567
GO:0019840	9.9448
GO:0019841	11.5298
GO:0019842	8.3598
GO:0019843	8.4143
GO:0019852	11.1147
GO:0019855	11.1147
GO:0019856	10.5298
GO:0019858	13.1147
GO:0019859	13.1147
GO:0019860	13.1147
GO:0019862	13.1147
GO:0019863	13.1147
GO:0019864	12.1147
GO:0019865	10.7928
GO:0019866	5.1489
GO:0019867	6.4565
GO:0019869	13.1147
GO:0019870	13.1147
GO:0019871	12.1147
GO:0019882	8.4709
GO:0019883	10.7928
GO:0019884	9.6553
GO:0019885	11.1147
GO:0019886	10.1147
GO:0019887	7.1605
GO:0019888	8.6553
GO:0019889	12.1147
GO:0019894	10.1147
GO:0019896	11.1147
GO:0019897	8.8668
GO:0019898	7.7928
GO:0019899	4.1461
GO:0019900	6.0273
GO:0019901	6.1840
GO:0019902	8.0273
GO:0019903	8.4143
GO:0019904	6.3203
GO:0019905	9.5298
GO:0019908	8.6553
GO:0019914	9.6553
GO:0019915	9.4143
GO:0019919	13.1147
GO:0019941	5.5601
GO:0019948	13.1147
GO:0019953	4.4212
GO:0019954	10.3074
GO:0019955	7.9854
GO:0019956	10.5298
GO:0019957	12.1147
GO:0019958	13.1147
GO:0019960	12.1147
GO:0019961	13.1147
GO:0019964	13.1147
GO:0019966	13.1147
GO:0019981	13.1147
GO:0019985	9.9448
GO:0019988	11.5298
GO:0019991	9.4143
GO:0019992	12.1147
GO:0020027	13.1147
GO:0020037	8.3598
GO:0021510	12.1147
GO:0021511	13.1147
GO:0021513	13.1147
GO:0021514	13.1147
GO:0021515	13.1147
GO:0021517	13.1147
GO:0021532	13.1147
GO:0021533	12.1147
GO:0021536	11.5298
GO:0021537	9.5298
GO:0021540	13.1147
GO:0021543	10.1147
GO:0021544	12.1147
GO:0021545	13.1147
GO:0021549	12.1147
GO:0021551	13.1147
GO:0021559	13.1147
GO:0021562	13.1147
GO:0021575	13.1147
GO:0021587	13.1147
GO:0021591	13.1147
GO:0021602	13.1147
GO:0021603	13.1147
GO:0021626	13.1147
GO:0021648	13.1147
GO:0021650	13.1147
GO:0021675	12.1147
GO:0021678	13.1147
GO:0021681	13.1147
GO:0021682	13.1147
GO:0021683	13.1147
GO:0021684	13.1147
GO:0021695	12.1147
GO:0021696	13.1147
GO:0021697	13.1147
GO:0021700	7.2078
GO:0021707	13.1147
GO:0021756	12.1147
GO:0021761	11.1147
GO:0021762	9.0273
GO:0021766	13.1147
GO:0021772	13.1147
GO:0021773	13.1147
GO:0021782	9.4143
GO:0021794	13.1147
GO:0021795	13.1147
GO:0021828	13.1147
GO:0021854	12.1147
GO:0021855	13.1147
GO:0021856	13.1147
GO:0021871	13.1147
GO:0021872	11.5298
GO:0021879	11.5298
GO:0021884	13.1147
GO:0021885	13.1147
GO:0021886	13.1147
GO:0021888	13.1147
GO:0021895	13.1147
GO:0021903	13.1147
GO:0021915	12.1147
GO:0021952	12.1147
GO:0021953	10.5298
GO:0021954	11.5298
GO:0021955	12.1147
GO:0021979	13.1147
GO:0021987	10.1147
GO:0021988	13.1147
GO:0022008	5.5678
GO:0022010	13.1147
GO:0022029	13.1147
GO:0022037	12.1147
GO:0022038	13.1147
GO:0022400	9.4143
GO:0022401	13.1147
GO:0022402	4.5185
GO:0022404	9.2078
GO:0022405	10.7928
GO:0022406	10.1147
GO:0022407	6.5601
GO:0022408	8.2567
GO:0022409	7.1374
GO:0022411	6.1489
GO:0022412	5.6801
GO:0022413	7.5601
GO:0022414	4.1175
GO:0022416	8.7928
GO:0022600	10.3074
GO:0022602	12.1147
GO:0022603	6.0813
GO:0022604	7.5601
GO:0022607	3.4601
GO:0022608	13.1147
GO:0022609	13.1147
GO:0022612	9.0273
GO:0022613	5.1432
GO:0022614	13.1147
GO:0022615	11.5298
GO:0022616	9.7928
GO:0022617	9.1147
GO:0022618	6.7397
GO:0022624	8.6553
GO:0022625	6.8109
GO:0022626	6.0167
GO:0022627	7.4709
GO:0022803	5.8293
GO:0022804	5.5525
GO:0022810	13.1147
GO:0022821	11.1147
GO:0022824	8.9448
GO:0022829	9.9448
GO:0022832	8.2078
GO:0022834	7.1605
GO:0022835	8.9448
GO:0022836	6.7397
GO:0022839	9.5298
GO:0022840	13.1147
GO:0022841	13.1147
GO:0022842	13.1147
GO:0022843	8.7224
GO:0022848	11.5298
GO:0022849	11.1147
GO:0022850	12.1147
GO:0022851	10.7928
GO:0022852	13.1147
GO:0022853	7.3598
GO:0022857	4.1664
GO:0022858	10.7928
GO:0022884	9.0273
GO:0022898	7.6229
GO:0022900	7.3868
GO:0022904	7.4709
GO:0023021	13.1147
GO:0023023	9.5298
GO:0023024	11.5298
GO:0023026	9.9448
GO:0023029	13.1147
GO:0023035	13.1147
GO:0023041	12.1147
GO:0023051	3.4583
GO:0023052	3.2275
GO:0023056	4.3399
GO:0023057	4.7181
GO:0023058	13.1147
GO:0023061	8.7224
GO:0030001	5.8573
GO:0030002	13.1147
GO:0030003	6.0062
GO:0030007	10.7928
GO:0030008	8.7928
GO:0030010	8.0273
GO:0030011	9.3074
GO:0030014	9.3074
GO:0030015	10.5298
GO:0030016	7.8668
GO:0030017	8.0703
GO:0030018	8.9448
GO:0030021	12.1147
GO:0030026	12.1147
GO:0030027	8.2078
GO:0030029	6.1035
GO:0030030	5.4565
GO:0030031	6.6718
GO:0030032	9.9448
GO:0030033	12.1147
GO:0030034	13.1147
GO:0030036	6.3733
GO:0030038	11.1147
GO:0030041	10.5298
GO:0030042	10.7928
GO:0030046	12.1147
GO:0030047	13.1147
GO:0030048	8.7928
GO:0030049	13.1147
GO:0030054	4.6969
GO:0030055	6.1260
GO:0030057	12.1147
GO:0030060	12.1147
GO:0030061	11.1147
GO:0030070	13.1147
GO:0030071	8.5912
GO:0030072	12.1147
GO:0030073	13.1147
GO:0030091	13.1147
GO:0030097	7.1147
GO:0030098	9.6553
GO:0030099	8.3074
GO:0030100	6.7749
GO:0030101	10.1147
GO:0030111	7.0273
GO:0030117	7.7928
GO:0030118	9.1147
GO:0030119	8.6553
GO:0030120	8.2567
GO:0030121	10.3074
GO:0030122	10.3074
GO:0030123	11.1147
GO:0030124	12.1147
GO:0030125	9.2078
GO:0030126	10.1147
GO:0030127	10.5298
GO:0030128	10.3074
GO:0030130	10.3074
GO:0030131	9.3074
GO:0030132	10.1147
GO:0030133	6.5601
GO:0030134	7.8668
GO:0030135	6.1374
GO:0030136	6.8109
GO:0030137	9.1147
GO:0030139	6.4709
GO:0030140	9.4143
GO:0030141	5.0010
GO:0030144	13.1147
GO:0030145	8.7224
GO:0030148	7.7928
GO:0030149	9.6553
GO:0030150	9.5298
GO:0030151	13.1147
GO:0030154	4.0246
GO:0030155	5.8859
GO:0030156	13.1147
GO:0030157	13.1147
GO:0030158	11.5298
GO:0030159	12.1147
GO:0030162	7.4709
GO:0030163	5.1664
GO:0030165	8.8668
GO:0030166	8.2567
GO:0030167	11.5298
GO:0030168	8.3074
GO:0030169	10.7928
GO:0030170	10.3074
GO:0030172	11.5298
GO:0030174	10.3074
GO:0030175	9.4143
GO:0030177	7.7572
GO:0030178	8.5298
GO:0030182	5.8293
GO:0030183	13.1147
GO:0030193	10.1147
GO:0030194	11.5298
GO:0030195	10.7928
GO:0030198	7.9448
GO:0030199	10.5298
GO:0030200	11.5298
GO:0030201	8.9448
GO:0030202	10.7928
GO:0030203	8.4143
GO:0030210	10.7928
GO:0030212	10.5298
GO:0030213	11.5298
GO:0030214	11.1147
GO:0030215	11.5298
GO:0030216	9.9448
GO:0030217	9.7928
GO:0030218	9.7928
GO:0030219	13.1147
GO:0030222	13.1147
GO:0030223	13.1147
GO:0030224	11.1147
GO:0030225	11.1147
GO:0030228	11.5298
GO:0030229	12.1147
GO:0030234	4.7484
GO:0030235	12.1147
GO:0030237	11.1147
GO:0030238	13.1147
GO:0030239	9.5298
GO:0030240	11.5298
GO:0030241	12.1147
GO:0030242	9.2078
GO:0030246	7.8293
GO:0030247	10.1147
GO:0030249	13.1147
GO:0030250	13.1147
GO:0030258	7.0703
GO:0030261	9.0273
GO:0030262	11.1147
GO:0030263	12.1147
GO:0030265	13.1147
GO:0030272	13.1147
GO:0030274	13.1147
GO:0030275	13.1147
GO:0030276	10.3074
GO:0030278	9.1147
GO:0030279	12.1147
GO:0030280	12.1147
GO:0030282	11.5298
GO:0030286	9.7928
GO:0030287	11.5298
GO:0030289	12.1147
GO:0030290	13.1147
GO:0030291	9.5298
GO:0030292	12.1147
GO:0030294	13.1147
GO:0030295	8.3598
GO:0030296	9.9448
GO:0030297	11.1147
GO:0030298	11.5298
GO:0030299	11.5298
GO:0030300	13.1147
GO:0030301	8.8668
GO:0030305	12.1147
GO:0030307	7.9854
GO:0030308	8.4143
GO:0030309	12.1147
GO:0030311	12.1147
GO:0030312	7.2567
GO:0030315	10.3074
GO:0030316	11.5298
GO:0030317	8.9448
GO:0030318	13.1147
GO:0030321	12.1147
GO:0030322	11.5298
GO:0030323	11.5298
GO:0030324	11.5298
GO:0030325	13.1147
GO:0030326	13.1147
GO:0030330	13.1147
GO:0030331	11.5298
GO:0030332	9.9448
GO:0030334	5.5223
GO:0030335	6.2078
GO:0030336	7.1840
GO:0030337	11.5298
GO:0030342	13.1147
GO:0030343	11.5298
GO:0030346	12.1147
GO:0030350	13.1147
GO:0030366	13.1147
GO:0030368	13.1147
GO:0030371	9.6553
GO:0030379	13.1147
GO:0030382	11.5298
GO:0030388	11.1147
GO:0030389	13.1147
GO:0030392	13.1147
GO:0030395	13.1147
GO:0030397	10.5298
GO:0030414	8.2567
GO:0030422	12.1147
GO:0030424	7.3868
GO:0030425	7.6553
GO:0030426	9.7928
GO:0030427	6.9854
GO:0030428	12.1147
GO:0030429	13.1147
GO:0030431	9.6553
GO:0030432	13.1147
GO:0030435	7.9053
GO:0030437	7.9854
GO:0030447	8.8668
GO:0030449	10.1147
GO:0030450	12.1147
GO:0030451	13.1147
GO:0030466	9.3074
GO:0030473	10.3074
GO:0030474	11.1147
GO:0030476	8.7224
GO:0030479	8.7224
GO:0030488	8.4143
GO:0030490	7.4423
GO:0030491	11.1147
GO:0030492	13.1147
GO:0030496	7.3334
GO:0030497	9.6553
GO:0030500	9.3074
GO:0030501	9.7928
GO:0030502	13.1147
GO:0030506	10.5298
GO:0030507	10.7928
GO:0030509	8.6553
GO:0030510	8.0703
GO:0030511	10.3074
GO:0030512	8.9448
GO:0030513	9.6553
GO:0030514	8.6553
GO:0030515	8.8668
GO:0030516	11.1147
GO:0030517	13.1147
GO:0030518	9.7928
GO:0030519	13.1147
GO:0030520	11.1147
GO:0030521	11.5298
GO:0030522	8.0273
GO:0030526	12.1147
GO:0030527	11.5298
GO:0030532	7.7928
GO:0030534	7.6229
GO:0030536	13.1147
GO:0030537	10.7928
GO:0030539	11.5298
GO:0030540	13.1147
GO:0030541	12.1147
GO:0030543	12.1147
GO:0030544	9.9448
GO:0030545	6.5000
GO:0030546	6.6718
GO:0030547	10.1147
GO:0030548	10.3074
GO:0030550	12.1147
GO:0030551	10.7928
GO:0030553	11.5298
GO:0030554	6.2692
GO:0030572	13.1147
GO:0030574	10.5298
GO:0030575	10.3074
GO:0030576	11.1147
GO:0030581	13.1147
GO:0030588	11.5298
GO:0030589	11.5298
GO:0030592	11.5298
GO:0030593	10.1147
GO:0030594	8.6553
GO:0030595	8.3074
GO:0030611	13.1147
GO:0030613	12.1147
GO:0030614	13.1147
GO:0030619	10.3074
GO:0030620	10.3074
GO:0030621	10.3074
GO:0030623	12.1147
GO:0030624	13.1147
GO:0030629	13.1147
GO:0030638	10.5298
GO:0030643	11.5298
GO:0030644	13.1147
GO:0030656	11.1147
GO:0030658	7.4709
GO:0030659	4.7224
GO:0030660	8.5912
GO:0030662	6.7928
GO:0030663	9.7928
GO:0030665	7.5000
GO:0030666	7.0486
GO:0030667	6.4423
GO:0030669	7.9854
GO:0030670	9.0273
GO:0030672	9.6553
GO:0030673	13.1147
GO:0030674	6.0813
GO:0030677	9.5298
GO:0030678	11.5298
GO:0030681	9.9448
GO:0030684	6.5601
GO:0030686	7.7928
GO:0030687	9.0273
GO:0030688	9.6553
GO:0030689	11.5298
GO:0030690	13.1147
GO:0030691	13.1147
GO:0030692	12.1147
GO:0030695	6.3868
GO:0030703	12.1147
GO:0030705	7.7928
GO:0030706	10.7928
GO:0030707	7.7928
GO:0030708	13.1147
GO:0030709	13.1147
GO:0030713	13.1147
GO:0030714	13.1147
GO:0030715	13.1147
GO:0030716	10.5298
GO:0030717	10.7928
GO:0030718	8.5298
GO:0030719	13.1147
GO:0030721	13.1147
GO:0030723	13.1147
GO:0030725	11.5298
GO:0030727	10.5298
GO:0030728	13.1147
GO:0030729	13.1147
GO:0030730	11.5298
GO:0030731	13.1147
GO:0030735	12.1147
GO:0030742	9.9448
GO:0030760	13.1147
GO:0030791	13.1147
GO:0030808	10.7928
GO:0030809	13.1147
GO:0030810	11.1147
GO:0030811	10.5298
GO:0030812	13.1147
GO:0030813	12.1147
GO:0030832	8.3598
GO:0030833	8.7224
GO:0030834	10.1147
GO:0030835	13.1147
GO:0030836	10.7928
GO:0030837	10.7928
GO:0030838	9.5298
GO:0030845	12.1147
GO:0030847	12.1147
GO:0030850	13.1147
GO:0030851	11.5298
GO:0030852	13.1147
GO:0030854	13.1147
GO:0030855	6.3465
GO:0030856	9.3074
GO:0030857	13.1147
GO:0030858	10.3074
GO:0030859	11.1147
GO:0030863	7.9053
GO:0030864	8.1147
GO:0030865	8.2078
GO:0030866	8.2567
GO:0030867	10.1147
GO:0030869	13.1147
GO:0030870	11.5298
GO:0030874	11.5298
GO:0030877	11.1147
GO:0030879	12.1147
GO:0030880	6.9854
GO:0030881	11.5298
GO:0030882	13.1147
GO:0030888	9.7928
GO:0030889	11.5298
GO:0030890	10.3074
GO:0030892	11.5298
GO:0030893	13.1147
GO:0030894	9.1147
GO:0030895	12.1147
GO:0030896	13.1147
GO:0030897	9.4143
GO:0030900	9.1147
GO:0030901	8.8668
GO:0030902	11.5298
GO:0030904	9.9448
GO:0030906	12.1147
GO:0030911	12.1147
GO:0030915	11.5298
GO:0030942	13.1147
GO:0030946	13.1147
GO:0030947	11.1147
GO:0030948	13.1147
GO:0030949	11.5298
GO:0030950	11.1147
GO:0030951	10.1147
GO:0030952	9.3074
GO:0030953	11.5298
GO:0030955	11.1147
GO:0030956	10.7928
GO:0030957	10.7928
GO:0030961	13.1147
GO:0030968	8.9448
GO:0030970	9.9448
GO:0030971	9.3074
GO:0030974	13.1147
GO:0030976	13.1147
GO:0030977	13.1147
GO:0030981	12.1147
GO:0030983	11.1147
GO:0030984	13.1147
GO:0030990	9.7928
GO:0030991	12.1147
GO:0030992	10.1147
GO:0030997	13.1147
GO:0031000	10.7928
GO:0031005	12.1147
GO:0031010	9.7928
GO:0031011	9.3074
GO:0031012	8.4143
GO:0031013	12.1147
GO:0031014	13.1147
GO:0031016	11.5298
GO:0031018	12.1147
GO:0031023	7.9854
GO:0031032	8.2567
GO:0031033	11.5298
GO:0031034	11.5298
GO:0031045	13.1147
GO:0031047	8.0703
GO:0031048	13.1147
GO:0031053	12.1147
GO:0031054	10.1147
GO:0031069	11.5298
GO:0031070	10.7928
GO:0031071	11.5298
GO:0031072	8.2567
GO:0031073	13.1147
GO:0031074	10.5298
GO:0031080	10.5298
GO:0031082	9.6553
GO:0031083	9.6553
GO:0031086	11.5298
GO:0031087	11.5298
GO:0031088	11.5298
GO:0031089	10.5298
GO:0031090	2.7440
GO:0031091	8.0703
GO:0031092	10.7928
GO:0031093	8.5298
GO:0031094	13.1147
GO:0031095	13.1147
GO:0031098	10.1147
GO:0031099	9.2078
GO:0031100	13.1147
GO:0031102	11.1147
GO:0031103	11.5298
GO:0031104	13.1147
GO:0031105	9.9448
GO:0031106	10.1147
GO:0031109	9.4143
GO:0031110	8.7928
GO:0031111	9.9448
GO:0031112	9.6553
GO:0031113	9.1147
GO:0031114	10.7928
GO:0031115	10.7928
GO:0031116	9.7928
GO:0031117	13.1147
GO:0031118	11.5298
GO:0031119	12.1147
GO:0031120	13.1147
GO:0031122	10.3074
GO:0031123	7.5298
GO:0031124	9.0273
GO:0031125	9.5298
GO:0031126	9.5298
GO:0031127	12.1147
GO:0031128	12.1147
GO:0031134	11.5298
GO:0031137	13.1147
GO:0031138	13.1147
GO:0031143	10.7928
GO:0031144	13.1147
GO:0031145	9.7928
GO:0031146	9.1147
GO:0031160	10.3074
GO:0031163	9.0273
GO:0031167	10.1147
GO:0031175	6.5148
GO:0031201	8.7224
GO:0031204	10.1147
GO:0031205	12.1147
GO:0031207	12.1147
GO:0031208	12.1147
GO:0031209	10.3074
GO:0031210	9.9448
GO:0031211	13.1147
GO:0031213	13.1147
GO:0031214	10.5298
GO:0031223	12.1147
GO:0031234	9.6553
GO:0031247	13.1147
GO:0031248	7.3598
GO:0031251	13.1147
GO:0031252	7.0703
GO:0031253	7.4709
GO:0031254	13.1147
GO:0031256	8.3598
GO:0031258	12.1147
GO:0031261	8.8668
GO:0031262	9.9448
GO:0031264	11.5298
GO:0031265	12.1147
GO:0031267	7.2567
GO:0031268	13.1147
GO:0031272	13.1147
GO:0031274	13.1147
GO:0031281	9.7928
GO:0031284	13.1147
GO:0031290	13.1147
GO:0031293	10.1147
GO:0031294	9.1147
GO:0031295	9.1147
GO:0031297	9.6553
GO:0031298	9.6553
GO:0031312	11.1147
GO:0031314	13.1147
GO:0031315	13.1147
GO:0031320	12.1147
GO:0031321	12.1147
GO:0031332	10.3074
GO:0031333	7.9448
GO:0031334	7.1840
GO:0031338	10.7928
GO:0031340	11.1147
GO:0031341	8.3074
GO:0031342	9.9448
GO:0031343	9.1147
GO:0031344	6.5912
GO:0031345	9.1147
GO:0031346	7.4423
GO:0031347	5.1317
GO:0031348	6.6718
GO:0031349	5.9448
GO:0031365	8.9448
GO:0031369	9.7928
GO:0031370	12.1147
GO:0031371	10.7928
GO:0031372	13.1147
GO:0031386	10.5298
GO:0031389	13.1147
GO:0031390	10.3074
GO:0031391	11.5298
GO:0031395	12.1147
GO:0031396	7.3074
GO:0031397	8.5912
GO:0031398	8.1605
GO:0031399	5.0433
GO:0031400	6.6229
GO:0031401	5.7053
GO:0031402	10.7928
GO:0031403	13.1147
GO:0031404	10.7928
GO:0031406	7.3334
GO:0031410	3.5204
GO:0031414	9.9448
GO:0031415	11.1147
GO:0031416	11.5298
GO:0031417	12.1147
GO:0031418	13.1147
GO:0031419	13.1147
GO:0031420	10.3074
GO:0031422	11.5298
GO:0031424	13.1147
GO:0031428	13.1147
GO:0031429	11.1147
GO:0031430	10.7928
GO:0031431	12.1147
GO:0031432	10.7928
GO:0031433	12.1147
GO:0031435	11.5298
GO:0031440	10.7928
GO:0031442	11.1147
GO:0031445	9.7928
GO:0031452	10.7928
GO:0031453	10.7928
GO:0031461	6.7224
GO:0031462	9.5298
GO:0031463	8.7224
GO:0031464	10.7928
GO:0031465	12.1147
GO:0031466	10.1147
GO:0031467	13.1147
GO:0031468	9.4143
GO:0031475	13.1147
GO:0031476	13.1147
GO:0031477	13.1147
GO:0031489	9.9448
GO:0031490	9.3074
GO:0031491	8.7224
GO:0031492	10.1147
GO:0031499	13.1147
GO:0031501	9.6553
GO:0031502	11.1147
GO:0031503	8.9448
GO:0031505	7.7928
GO:0031506	12.1147
GO:0031507	7.4143
GO:0031508	11.5298
GO:0031509	8.8668
GO:0031510	13.1147
GO:0031514	7.8293
GO:0031515	11.1147
GO:0031518	12.1147
GO:0031519	9.2078
GO:0031523	13.1147
GO:0031526	11.5298
GO:0031527	11.1147
GO:0031528	10.3074
GO:0031529	10.5298
GO:0031533	13.1147
GO:0031534	13.1147
GO:0031536	12.1147
GO:0031543	10.7928
GO:0031544	13.1147
GO:0031545	11.5298
GO:0031547	13.1147
GO:0031548	13.1147
GO:0031550	13.1147
GO:0031554	12.1147
GO:0031559	13.1147
GO:0031564	13.1147
GO:0031570	7.8293
GO:0031571	10.7928
GO:0031573	12.1147
GO:0031577	8.9448
GO:0031578	10.7928
GO:0031579	11.1147
GO:0031580	13.1147
GO:0031582	13.1147
GO:0031588	10.5298
GO:0031589	7.9448
GO:0031591	11.1147
GO:0031593	9.1147
GO:0031594	8.4709
GO:0031616	11.5298
GO:0031623	10.5298
GO:0031624	10.3074
GO:0031625	6.5000
GO:0031629	13.1147
GO:0031634	13.1147
GO:0031635	13.1147
GO:0031638	11.5298
GO:0031639	13.1147
GO:0031640	9.4143
GO:0031644	9.7928
GO:0031645	12.1147
GO:0031646	12.1147
GO:0031647	6.4565
GO:0031648	9.9448
GO:0031663	13.1147
GO:0031664	10.5298
GO:0031665	11.5298
GO:0031666	13.1147
GO:0031667	6.4005
GO:0031669	6.7928
GO:0031670	9.3074
GO:0031672	10.1147
GO:0031674	8.7928
GO:0031680	12.1147
GO:0031681	11.1147
GO:0031682	12.1147
GO:0031683	12.1147
GO:0031685	13.1147
GO:0031687	13.1147
GO:0031690	11.5298
GO:0031694	12.1147
GO:0031699	13.1147
GO:0031717	13.1147
GO:0031718	13.1147
GO:0031726	12.1147
GO:0031728	11.5298
GO:0031729	13.1147
GO:0031730	12.1147
GO:0031731	12.1147
GO:0031737	13.1147
GO:0031802	13.1147
GO:0031838	13.1147
GO:0031848	11.5298
GO:0031849	13.1147
GO:0031862	13.1147
GO:0031870	13.1147
GO:0031871	12.1147
GO:0031893	13.1147
GO:0031894	13.1147
GO:0031901	8.0703
GO:0031902	7.7928
GO:0031903	8.4709
GO:0031904	9.6553
GO:0031905	13.1147
GO:0031906	11.5298
GO:0031907	8.2567
GO:0031919	11.5298
GO:0031923	11.5298
GO:0031929	10.1147
GO:0031930	12.1147
GO:0031931	11.5298
GO:0031932	11.5298
GO:0031934	13.1147
GO:0031942	13.1147
GO:0031943	11.1147
GO:0031946	11.1147
GO:0031947	11.5298
GO:0031952	10.5298
GO:0031953	11.5298
GO:0031954	12.1147
GO:0031955	13.1147
GO:0031956	11.5298
GO:0031957	10.7928
GO:0031958	13.1147
GO:0031960	9.9448
GO:0031964	13.1147
GO:0031965	7.0486
GO:0031966	4.7096
GO:0031967	4.1091
GO:0031968	6.4709
GO:0031970	7.2818
GO:0031974	2.1168
GO:0031981	2.5863
GO:0031982	2.6895
GO:0031983	6.0062
GO:0031984	4.1988
GO:0031985	8.4709
GO:0031990	11.5298
GO:0031991	13.1147
GO:0031994	11.1147
GO:0031996	10.7928
GO:0031998	11.1147
GO:0032000	12.1147
GO:0032002	13.1147
GO:0032003	13.1147
GO:0032006	7.2567
GO:0032007	8.7928
GO:0032008	7.9854
GO:0032009	13.1147
GO:0032010	12.1147
GO:0032011	13.1147
GO:0032020	13.1147
GO:0032021	13.1147
GO:0032024	9.6553
GO:0032027	12.1147
GO:0032028	13.1147
GO:0032033	13.1147
GO:0032036	11.1147
GO:0032038	12.1147
GO:0032039	10.7928
GO:0032040	7.1374
GO:0032042	9.7928
GO:0032043	13.1147
GO:0032044	13.1147
GO:0032045	9.1147
GO:0032048	10.1147
GO:0032049	11.1147
GO:0032050	11.5298
GO:0032052	12.1147
GO:0032053	12.1147
GO:0032056	12.1147
GO:0032059	13.1147
GO:0032060	12.1147
GO:0032090	13.1147
GO:0032091	8.8668
GO:0032092	9.0273
GO:0032098	13.1147
GO:0032101	4.8064
GO:0032102	6.3074
GO:0032103	5.6471
GO:0032107	10.5298
GO:0032109	11.5298
GO:0032116	13.1147
GO:0032120	12.1147
GO:0032126	10.5298
GO:0032133	11.1147
GO:0032135	11.5298
GO:0032137	13.1147
GO:0032138	12.1147
GO:0032139	12.1147
GO:0032142	13.1147
GO:0032147	9.2078
GO:0032148	10.3074
GO:0032153	8.3074
GO:0032154	9.1147
GO:0032156	9.5298
GO:0032160	12.1147
GO:0032161	10.5298
GO:0032173	12.1147
GO:0032174	12.1147
GO:0032181	13.1147
GO:0032182	8.4709
GO:0032183	13.1147
GO:0032185	10.1147
GO:0032186	12.1147
GO:0032190	13.1147
GO:0032196	11.1147
GO:0032197	11.1147
GO:0032200	7.5000
GO:0032204	8.3598
GO:0032205	9.5298
GO:0032206	9.3074
GO:0032210	8.6553
GO:0032211	10.3074
GO:0032212	9.4143
GO:0032217	11.1147
GO:0032218	11.1147
GO:0032221	12.1147
GO:0032222	11.5298
GO:0032223	13.1147
GO:0032224	13.1147
GO:0032225	13.1147
GO:0032228	13.1147
GO:0032229	13.1147
GO:0032231	8.5912
GO:0032232	10.3074
GO:0032233	9.4143
GO:0032238	12.1147
GO:0032239	10.5298
GO:0032241	11.5298
GO:0032252	13.1147
GO:0032253	13.1147
GO:0032258	8.7928
GO:0032259	6.9448
GO:0032261	11.5298
GO:0032262	12.1147
GO:0032263	12.1147
GO:0032264	13.1147
GO:0032266	8.5912
GO:0032271	7.8293
GO:0032272	9.6553
GO:0032273	8.5912
GO:0032276	12.1147
GO:0032277	13.1147
GO:0032278	12.1147
GO:0032279	9.3074
GO:0032280	11.1147
GO:0032286	13.1147
GO:0032291	12.1147
GO:0032296	13.1147
GO:0032299	12.1147
GO:0032300	11.5298
GO:0032302	13.1147
GO:0032303	12.1147
GO:0032304	13.1147
GO:0032305	12.1147
GO:0032306	13.1147
GO:0032308	13.1147
GO:0032309	11.1147
GO:0032310	12.1147
GO:0032324	11.5298
GO:0032328	10.7928
GO:0032329	11.5298
GO:0032330	13.1147
GO:0032332	13.1147
GO:0032341	12.1147
GO:0032342	12.1147
GO:0032344	11.1147
GO:0032347	11.1147
GO:0032348	11.5298
GO:0032350	9.6553
GO:0032351	10.7928
GO:0032352	11.5298
GO:0032353	11.5298
GO:0032354	13.1147
GO:0032355	10.1147
GO:0032356	12.1147
GO:0032357	12.1147
GO:0032361	13.1147
GO:0032364	13.1147
GO:0032365	8.9448
GO:0032366	9.7928
GO:0032367	10.1147
GO:0032368	8.5298
GO:0032369	9.9448
GO:0032370	9.5298
GO:0032371	10.1147
GO:0032372	12.1147
GO:0032373	10.5298
GO:0032374	10.1147
GO:0032375	12.1147
GO:0032376	10.5298
GO:0032386	7.1147
GO:0032387	9.4143
GO:0032388	8.3598
GO:0032389	13.1147
GO:0032390	13.1147
GO:0032391	12.1147
GO:0032392	12.1147
GO:0032393	11.5298
GO:0032394	12.1147
GO:0032395	13.1147
GO:0032397	13.1147
GO:0032400	11.1147
GO:0032401	11.5298
GO:0032402	11.5298
GO:0032404	10.7928
GO:0032405	13.1147
GO:0032406	13.1147
GO:0032407	10.7928
GO:0032408	13.1147
GO:0032410	9.1147
GO:0032411	9.2078
GO:0032413	9.1147
GO:0032414	9.3074
GO:0032417	11.5298
GO:0032418	9.9448
GO:0032423	11.5298
GO:0032425	11.5298
GO:0032432	9.3074
GO:0032433	13.1147
GO:0032434	7.9448
GO:0032435	10.1147
GO:0032436	8.5298
GO:0032438	10.7928
GO:0032440	13.1147
GO:0032444	13.1147
GO:0032446	5.8201
GO:0032447	12.1147
GO:0032451	9.1147
GO:0032452	10.3074
GO:0032454	11.1147
GO:0032456	8.3074
GO:0032465	8.4709
GO:0032466	11.5298
GO:0032467	9.6553
GO:0032468	13.1147
GO:0032469	10.1147
GO:0032470	12.1147
GO:0032471	12.1147
GO:0032472	13.1147
GO:0032473	11.5298
GO:0032476	13.1147
GO:0032479	7.8293
GO:0032480	9.6553
GO:0032481	8.4143
GO:0032483	13.1147
GO:0032485	13.1147
GO:0032486	12.1147
GO:0032487	13.1147
GO:0032490	11.5298
GO:0032491	12.1147
GO:0032493	12.1147
GO:0032494	11.1147
GO:0032495	12.1147
GO:0032496	8.4709
GO:0032497	13.1147
GO:0032501	2.8293
GO:0032502	3.0379
GO:0032506	7.9854
GO:0032507	9.2078
GO:0032509	8.5912
GO:0032510	10.5298
GO:0032511	9.7928
GO:0032526	9.2078
GO:0032528	11.1147
GO:0032530	12.1147
GO:0032532	13.1147
GO:0032534	13.1147
GO:0032535	7.0486
GO:0032536	12.1147
GO:0032541	10.5298
GO:0032542	11.5298
GO:0032543	6.5912
GO:0032545	11.5298
GO:0032553	5.7749
GO:0032555	5.7928
GO:0032557	13.1147
GO:0032559	6.5148
GO:0032561	7.0062
GO:0032570	11.5298
GO:0032571	13.1147
GO:0032574	11.5298
GO:0032580	11.5298
GO:0032581	11.5298
GO:0032585	9.5298
GO:0032587	8.7224
GO:0032588	7.7928
GO:0032589	10.7928
GO:0032590	11.5298
GO:0032593	13.1147
GO:0032594	13.1147
GO:0032596	13.1147
GO:0032642	8.6553
GO:0032643	13.1147
GO:0032645	10.5298
GO:0032646	13.1147
GO:0032647	9.7928
GO:0032648	9.0273
GO:0032649	8.2567
GO:0032650	12.1147
GO:0032651	8.7224
GO:0032652	8.3598
GO:0032653	9.6553
GO:0032655	9.3074
GO:0032656	11.1147
GO:0032660	10.5298
GO:0032661	11.5298
GO:0032663	9.9448
GO:0032667	12.1147
GO:0032673	11.5298
GO:0032674	11.5298
GO:0032675	7.9053
GO:0032677	7.9053
GO:0032680	8.0703
GO:0032681	13.1147
GO:0032682	11.1147
GO:0032683	13.1147
GO:0032685	13.1147
GO:0032686	13.1147
GO:0032688	13.1147
GO:0032689	10.5298
GO:0032691	11.1147
GO:0032692	10.3074
GO:0032693	12.1147
GO:0032695	10.5298
GO:0032696	12.1147
GO:0032700	13.1147
GO:0032701	12.1147
GO:0032703	11.1147
GO:0032707	13.1147
GO:0032714	12.1147
GO:0032715	9.7928
GO:0032717	11.1147
GO:0032720	9.4143
GO:0032722	8.8668
GO:0032725	11.1147
GO:0032727	9.7928
GO:0032728	9.1147
GO:0032729	8.5912
GO:0032730	12.1147
GO:0032731	8.8668
GO:0032732	8.6553
GO:0032733	10.1147
GO:0032735	10.5298
GO:0032736	12.1147
GO:0032740	10.7928
GO:0032741	13.1147
GO:0032743	11.1147
GO:0032747	13.1147
GO:0032753	11.5298
GO:0032754	13.1147
GO:0032755	8.4143
GO:0032757	8.2567
GO:0032760	8.7928
GO:0032761	13.1147
GO:0032774	3.9624
GO:0032777	11.1147
GO:0032780	10.7928
GO:0032781	9.3074
GO:0032782	12.1147
GO:0032784	7.8293
GO:0032785	10.5298
GO:0032786	8.0273
GO:0032787	5.5223
GO:0032790	9.2078
GO:0032791	13.1147
GO:0032794	11.5298
GO:0032797	11.1147
GO:0032801	10.7928
GO:0032803	13.1147
GO:0032804	13.1147
GO:0032806	8.7928
GO:0032807	13.1147
GO:0032808	13.1147
GO:0032809	12.1147
GO:0032813	9.9448
GO:0032814	10.3074
GO:0032815	13.1147
GO:0032816	11.1147
GO:0032817	11.1147
GO:0032819	11.5298
GO:0032823	13.1147
GO:0032825	13.1147
GO:0032829	13.1147
GO:0032831	13.1147
GO:0032835	13.1147
GO:0032837	13.1147
GO:0032839	13.1147
GO:0032841	13.1147
GO:0032865	12.1147
GO:0032868	9.0273
GO:0032869	9.2078
GO:0032870	7.2818
GO:0032872	9.9448
GO:0032873	12.1147
GO:0032874	11.1147
GO:0032875	12.1147
GO:0032876	13.1147
GO:0032877	13.1147
GO:0032878	11.5298
GO:0032879	4.2536
GO:0032880	5.5678
GO:0032881	9.3074
GO:0032885	9.7928
GO:0032886	7.0703
GO:0032887	12.1147
GO:0032888	12.1147
GO:0032889	11.5298
GO:0032890	10.5298
GO:0032891	11.5298
GO:0032892	11.5298
GO:0032897	10.5298
GO:0032898	13.1147
GO:0032902	13.1147
GO:0032908	12.1147
GO:0032909	13.1147
GO:0032911	13.1147
GO:0032914	13.1147
GO:0032922	11.1147
GO:0032924	10.3074
GO:0032925	9.9448
GO:0032926	10.7928
GO:0032927	11.1147
GO:0032928	10.7928
GO:0032930	10.7928
GO:0032931	13.1147
GO:0032933	13.1147
GO:0032934	8.5298
GO:0032935	13.1147
GO:0032940	6.7928
GO:0032941	11.5298
GO:0032943	11.1147
GO:0032944	7.7224
GO:0032945	9.5298
GO:0032946	8.2567
GO:0032950	13.1147
GO:0032951	13.1147
GO:0032953	13.1147
GO:0032954	10.5298
GO:0032955	12.1147
GO:0032956	6.8293
GO:0032958	11.5298
GO:0032963	10.1147
GO:0032965	10.7928
GO:0032966	13.1147
GO:0032967	11.1147
GO:0032968	8.3598
GO:0032970	6.6718
GO:0032974	12.1147
GO:0032977	9.2078
GO:0032979	10.5298
GO:0032981	9.0273
GO:0032982	13.1147
GO:0032984	6.8668
GO:0032986	9.6553
GO:0032988	10.1147
GO:0032989	7.4143
GO:0032991	1.9511
GO:0032993	6.9053
GO:0032994	9.7928
GO:0032996	13.1147
GO:0032997	12.1147
GO:0033001	12.1147
GO:0033002	12.1147
GO:0033003	10.7928
GO:0033004	12.1147
GO:0033005	11.5298
GO:0033007	13.1147
GO:0033011	13.1147
GO:0033013	9.0273
GO:0033014	9.7928
GO:0033015	11.1147
GO:0033017	11.1147
GO:0033028	12.1147
GO:0033032	13.1147
GO:0033033	13.1147
GO:0033036	3.9004
GO:0033038	9.4143
GO:0033039	13.1147
GO:0033041	10.3074
GO:0033043	4.7749
GO:0033044	6.8293
GO:0033045	8.1147
GO:0033046	9.5298
GO:0033047	8.7928
GO:0033048	9.5298
GO:0033058	13.1147
GO:0033059	9.2078
GO:0033060	10.3074
GO:0033061	11.5298
GO:0033063	12.1147
GO:0033065	13.1147
GO:0033077	13.1147
GO:0033081	13.1147
GO:0033100	12.1147
GO:0033101	12.1147
GO:0033106	12.1147
GO:0033108	7.4423
GO:0033116	9.0273
GO:0033119	11.1147
GO:0033120	10.1147
GO:0033121	10.5298
GO:0033122	13.1147
GO:0033123	12.1147
GO:0033130	12.1147
GO:0033134	13.1147
GO:0033135	8.3074
GO:0033137	10.1147
GO:0033138	8.7224
GO:0033143	9.3074
GO:0033144	10.7928
GO:0033145	13.1147
GO:0033146	10.5298
GO:0033147	12.1147
GO:0033149	12.1147
GO:0033151	11.5298
GO:0033157	8.1605
GO:0033162	11.1147
GO:0033164	13.1147
GO:0033173	12.1147
GO:0033176	8.7928
GO:0033177	11.1147
GO:0033178	10.3074
GO:0033179	11.1147
GO:0033180	10.3074
GO:0033181	11.1147
GO:0033185	13.1147
GO:0033186	12.1147
GO:0033188	13.1147
GO:0033192	10.5298
GO:0033198	10.3074
GO:0033202	11.5298
GO:0033204	10.7928
GO:0033206	9.1147
GO:0033209	8.7928
GO:0033211	12.1147
GO:0033212	11.5298
GO:0033227	9.6553
GO:0033229	12.1147
GO:0033233	10.5298
GO:0033234	11.5298
GO:0033235	11.5298
GO:0033238	11.1147
GO:0033239	13.1147
GO:0033240	12.1147
GO:0033254	11.5298
GO:0033255	12.1147
GO:0033256	12.1147
GO:0033257	13.1147
GO:0033260	9.6553
GO:0033262	11.1147
GO:0033263	10.7928
GO:0033265	13.1147
GO:0033273	10.1147
GO:0033275	13.1147
GO:0033276	11.5298
GO:0033278	13.1147
GO:0033280	11.1147
GO:0033284	13.1147
GO:0033290	10.7928
GO:0033293	8.6553
GO:0033300	11.1147
GO:0033301	11.5298
GO:0033313	11.1147
GO:0033314	12.1147
GO:0033319	13.1147
GO:0033320	13.1147
GO:0033344	10.3074
GO:0033353	12.1147
GO:0033363	10.3074
GO:0033365	5.2818
GO:0033383	13.1147
GO:0033385	13.1147
GO:0033499	11.5298
GO:0033500	8.6553
GO:0033503	13.1147
GO:0033530	13.1147
GO:0033539	11.1147
GO:0033540	10.5298
GO:0033549	11.1147
GO:0033550	13.1147
GO:0033551	13.1147
GO:0033553	9.7928
GO:0033554	4.0299
GO:0033555	11.5298
GO:0033557	12.1147
GO:0033558	8.9448
GO:0033559	7.8668
GO:0033560	13.1147
GO:0033565	13.1147
GO:0033566	11.5298
GO:0033567	12.1147
GO:0033572	12.1147
GO:0033574	13.1147
GO:0033588	10.5298
GO:0033592	13.1147
GO:0033596	13.1147
GO:0033597	11.1147
GO:0033604	13.1147
GO:0033609	13.1147
GO:0033611	13.1147
GO:0033612	9.5298
GO:0033615	10.5298
GO:0033617	8.9448
GO:0033619	9.0273
GO:0033622	11.1147
GO:0033623	10.5298
GO:0033624	13.1147
GO:0033625	10.7928
GO:0033626	13.1147
GO:0033627	9.6553
GO:0033628	9.4143
GO:0033629	13.1147
GO:0033630	11.1147
GO:0033632	11.1147
GO:0033634	13.1147
GO:0033673	7.5912
GO:0033674	7.0703
GO:0033677	11.1147
GO:0033678	13.1147
GO:0033688	12.1147
GO:0033689	13.1147
GO:0033690	13.1147
GO:0033691	10.7928
GO:0033693	13.1147
GO:0033695	11.1147
GO:0033696	13.1147
GO:0033698	12.1147
GO:0033699	13.1147
GO:0033700	12.1147
GO:0033719	12.1147
GO:0033721	13.1147
GO:0033743	12.1147
GO:0033750	8.7928
GO:0033762	13.1147
GO:0033764	9.3074
GO:0033765	12.1147
GO:0033787	13.1147
GO:0033791	13.1147
GO:0033823	13.1147
GO:0033833	13.1147
GO:0033842	13.1147
GO:0033845	13.1147
GO:0033859	13.1147
GO:0033862	13.1147
GO:0033864	13.1147
GO:0033865	10.1147
GO:0033866	13.1147
GO:0033869	13.1147
GO:0033875	10.1147
GO:0033883	13.1147
GO:0033889	13.1147
GO:0033906	13.1147
GO:0033919	13.1147
GO:0033934	13.1147
GO:0033962	12.1147
GO:0033967	10.7928
GO:0033979	13.1147
GO:0033981	13.1147
GO:0033993	6.5756
GO:0034030	13.1147
GO:0034031	13.1147
GO:0034032	10.1147
GO:0034033	13.1147
GO:0034034	13.1147
GO:0034035	10.1147
GO:0034036	13.1147
GO:0034037	13.1147
GO:0034038	13.1147
GO:0034039	13.1147
GO:0034040	11.5298
GO:0034041	12.1147
GO:0034044	12.1147
GO:0034045	11.5298
GO:0034046	12.1147
GO:0034058	9.4143
GO:0034061	8.9448
GO:0034062	9.3074
GO:0034063	11.1147
GO:0034066	12.1147
GO:0034067	9.3074
GO:0034080	12.1147
GO:0034085	10.3074
GO:0034086	11.5298
GO:0034087	10.3074
GO:0034088	12.1147
GO:0034089	13.1147
GO:0034090	13.1147
GO:0034091	10.7928
GO:0034092	12.1147
GO:0034093	11.5298
GO:0034097	6.1959
GO:0034098	11.5298
GO:0034099	12.1147
GO:0034101	9.6553
GO:0034103	10.3074
GO:0034105	13.1147
GO:0034109	9.1147
GO:0034110	10.3074
GO:0034112	10.3074
GO:0034113	9.9448
GO:0034114	10.5298
GO:0034115	13.1147
GO:0034116	10.7928
GO:0034121	11.5298
GO:0034122	12.1147
GO:0034124	13.1147
GO:0034125	13.1147
GO:0034134	12.1147
GO:0034135	13.1147
GO:0034137	13.1147
GO:0034138	11.5298
GO:0034139	11.5298
GO:0034141	12.1147
GO:0034142	11.5298
GO:0034143	12.1147
GO:0034144	13.1147
GO:0034145	13.1147
GO:0034154	13.1147
GO:0034155	12.1147
GO:0034157	12.1147
GO:0034158	13.1147
GO:0034159	13.1147
GO:0034161	13.1147
GO:0034162	13.1147
GO:0034163	12.1147
GO:0034165	13.1147
GO:0034182	10.7928
GO:0034183	12.1147
GO:0034184	11.5298
GO:0034185	11.1147
GO:0034186	12.1147
GO:0034189	12.1147
GO:0034190	13.1147
GO:0034191	13.1147
GO:0034196	12.1147
GO:0034197	12.1147
GO:0034198	8.9448
GO:0034201	13.1147
GO:0034204	10.1147
GO:0034205	10.3074
GO:0034212	8.7224
GO:0034214	11.5298
GO:0034219	8.4709
GO:0034220	5.8859
GO:0034227	12.1147
GO:0034228	13.1147
GO:0034229	13.1147
GO:0034235	12.1147
GO:0034236	11.1147
GO:0034237	13.1147
GO:0034243	8.1147
GO:0034244	11.1147
GO:0034245	13.1147
GO:0034246	12.1147
GO:0034257	12.1147
GO:0034258	12.1147
GO:0034260	11.1147
GO:0034270	13.1147
GO:0034271	11.1147
GO:0034272	12.1147
GO:0034274	11.1147
GO:0034284	10.5298
GO:0034285	11.1147
GO:0034293	7.9448
GO:0034306	11.1147
GO:0034307	11.5298
GO:0034308	8.0703
GO:0034309	10.3074
GO:0034310	10.7928
GO:0034311	9.6553
GO:0034312	9.7928
GO:0034314	10.7928
GO:0034315	9.7928
GO:0034316	11.1147
GO:0034329	7.0486
GO:0034330	6.3598
GO:0034331	10.3074
GO:0034332	9.9448
GO:0034333	10.7928
GO:0034334	13.1147
GO:0034338	11.1147
GO:0034340	10.1147
GO:0034341	8.6553
GO:0034342	13.1147
GO:0034344	12.1147
GO:0034345	13.1147
GO:0034349	13.1147
GO:0034350	11.5298
GO:0034351	11.5298
GO:0034353	13.1147
GO:0034354	13.1147
GO:0034358	10.3074
GO:0034361	11.5298
GO:0034362	13.1147
GO:0034364	10.3074
GO:0034366	13.1147
GO:0034367	9.3074
GO:0034368	9.5298
GO:0034369	9.6553
GO:0034370	11.5298
GO:0034371	13.1147
GO:0034372	11.5298
GO:0034373	13.1147
GO:0034374	10.5298
GO:0034375	10.7928
GO:0034377	10.5298
GO:0034378	13.1147
GO:0034379	11.1147
GO:0034380	12.1147
GO:0034381	10.1147
GO:0034382	12.1147
GO:0034383	11.1147
GO:0034384	13.1147
GO:0034385	11.5298
GO:0034388	11.5298
GO:0034389	9.1147
GO:0034391	12.1147
GO:0034393	12.1147
GO:0034394	11.1147
GO:0034397	13.1147
GO:0034398	13.1147
GO:0034399	8.1605
GO:0034404	10.5298
GO:0034405	10.5298
GO:0034406	13.1147
GO:0034410	13.1147
GO:0034418	13.1147
GO:0034421	13.1147
GO:0034424	13.1147
GO:0034436	11.5298
GO:0034440	7.8668
GO:0034441	13.1147
GO:0034446	9.6553
GO:0034447	12.1147
GO:0034450	10.7928
GO:0034451	8.0703
GO:0034452	11.5298
GO:0034453	11.5298
GO:0034454	13.1147
GO:0034455	10.3074
GO:0034456	11.5298
GO:0034457	12.1147
GO:0034458	11.5298
GO:0034462	13.1147
GO:0034464	11.1147
GO:0034472	9.2078
GO:0034473	11.5298
GO:0034475	10.5298
GO:0034476	10.7928
GO:0034477	13.1147
GO:0034478	13.1147
GO:0034481	12.1147
GO:0034483	9.9448
GO:0034484	13.1147
GO:0034486	10.7928
GO:0034487	13.1147
GO:0034488	13.1147
GO:0034496	13.1147
GO:0034497	9.6553
GO:0034498	10.1147
GO:0034499	11.5298
GO:0034501	9.7928
GO:0034502	8.3598
GO:0034503	12.1147
GO:0034504	7.5601
GO:0034505	12.1147
GO:0034506	12.1147
GO:0034511	9.9448
GO:0034512	13.1147
GO:0034513	11.5298
GO:0034514	13.1147
GO:0034515	9.7928
GO:0034516	13.1147
GO:0034517	12.1147
GO:0034518	10.5298
GO:0034551	10.3074
GO:0034552	11.5298
GO:0034553	11.5298
GO:0034584	11.5298
GO:0034587	10.5298
GO:0034593	9.6553
GO:0034594	13.1147
GO:0034595	10.7928
GO:0034596	11.5298
GO:0034599	6.9854
GO:0034605	8.4709
GO:0034612	7.9448
GO:0034614	8.4143
GO:0034616	11.5298
GO:0034617	13.1147
GO:0034618	12.1147
GO:0034620	8.4709
GO:0034625	12.1147
GO:0034626	12.1147
GO:0034634	13.1147
GO:0034635	12.1147
GO:0034638	10.5298
GO:0034642	13.1147
GO:0034643	10.5298
GO:0034644	8.7928
GO:0034650	11.5298
GO:0034651	12.1147
GO:0034653	11.5298
GO:0034654	3.6269
GO:0034655	5.9053
GO:0034656	9.9448
GO:0034657	10.7928
GO:0034663	11.5298
GO:0034667	13.1147
GO:0034673	13.1147
GO:0034674	13.1147
GO:0034681	13.1147
GO:0034683	12.1147
GO:0034684	13.1147
GO:0034685	13.1147
GO:0034686	13.1147
GO:0034687	13.1147
GO:0034689	13.1147
GO:0034694	11.1147
GO:0034695	11.5298
GO:0034698	13.1147
GO:0034702	7.1147
GO:0034703	7.5298
GO:0034704	9.2078
GO:0034705	8.5912
GO:0034706	10.7928
GO:0034707	10.7928
GO:0034708	7.7928
GO:0034709	10.5298
GO:0034713	10.7928
GO:0034714	13.1147
GO:0034715	11.1147
GO:0034719	10.3074
GO:0034727	9.4143
GO:0034728	8.1147
GO:0034736	13.1147
GO:0034737	13.1147
GO:0034751	13.1147
GO:0034755	10.3074
GO:0034756	11.5298
GO:0034762	6.7224
GO:0034763	8.4709
GO:0034764	7.9053
GO:0034765	7.1605
GO:0034766	8.7224
GO:0034767	8.4143
GO:0034769	12.1147
GO:0034774	6.0379
GO:0034775	12.1147
GO:0034776	11.5298
GO:0034875	11.1147
GO:0034963	10.7928
GO:0034964	13.1147
GO:0034965	10.7928
GO:0034967	12.1147
GO:0034975	9.9448
GO:0034976	7.3868
GO:0034979	10.3074
GO:0034982	12.1147
GO:0034983	11.1147
GO:0034986	11.1147
GO:0034987	12.1147
GO:0034988	13.1147
GO:0035001	12.1147
GO:0035002	10.7928
GO:0035003	13.1147
GO:0035006	9.3074
GO:0035007	11.1147
GO:0035008	11.5298
GO:0035009	13.1147
GO:0035010	9.3074
GO:0035011	9.6553
GO:0035014	13.1147
GO:0035017	9.9448
GO:0035019	10.5298
GO:0035020	12.1147
GO:0035023	9.3074
GO:0035024	10.3074
GO:0035025	10.5298
GO:0035032	10.1147
GO:0035033	13.1147
GO:0035035	11.1147
GO:0035036	13.1147
GO:0035039	12.1147
GO:0035041	12.1147
GO:0035045	13.1147
GO:0035050	10.5298
GO:0035051	9.9448
GO:0035059	12.1147
GO:0035060	11.5298
GO:0035061	12.1147
GO:0035063	11.5298
GO:0035069	10.5298
GO:0035070	11.5298
GO:0035073	11.1147
GO:0035074	13.1147
GO:0035075	10.5298
GO:0035076	12.1147
GO:0035077	13.1147
GO:0035079	11.5298
GO:0035080	12.1147
GO:0035082	8.5912
GO:0035088	9.4143
GO:0035089	11.1147
GO:0035090	11.5298
GO:0035091	8.5298
GO:0035092	11.5298
GO:0035094	9.7928
GO:0035095	12.1147
GO:0035096	10.5298
GO:0035097	8.5912
GO:0035098	10.1147
GO:0035099	10.5298
GO:0035100	12.1147
GO:0035101	11.5298
GO:0035102	11.5298
GO:0035107	7.2078
GO:0035108	12.1147
GO:0035112	10.7928
GO:0035113	13.1147
GO:0035114	7.2567
GO:0035120	7.2567
GO:0035126	11.1147
GO:0035145	10.5298
GO:0035146	11.1147
GO:0035147	11.1147
GO:0035148	9.5298
GO:0035149	9.7928
GO:0035150	8.5912
GO:0035151	9.1147
GO:0035152	8.3074
GO:0035153	12.1147
GO:0035154	13.1147
GO:0035158	11.1147
GO:0035159	10.1147
GO:0035160	11.5298
GO:0035162	10.3074
GO:0035166	10.3074
GO:0035167	10.3074
GO:0035168	12.1147
GO:0035169	13.1147
GO:0035170	12.1147
GO:0035173	10.7928
GO:0035175	13.1147
GO:0035176	11.1147
GO:0035185	13.1147
GO:0035186	12.1147
GO:0035189	13.1147
GO:0035193	12.1147
GO:0035194	8.9448
GO:0035195	9.4143
GO:0035196	9.7928
GO:0035197	11.1147
GO:0035198	10.7928
GO:0035199	13.1147
GO:0035202	13.1147
GO:0035203	12.1147
GO:0035204	12.1147
GO:0035206	9.4143
GO:0035207	11.1147
GO:0035208	12.1147
GO:0035209	12.1147
GO:0035210	11.1147
GO:0035212	11.5298
GO:0035213	13.1147
GO:0035214	11.5298
GO:0035215	10.5298
GO:0035216	13.1147
GO:0035217	13.1147
GO:0035218	9.5298
GO:0035220	6.7928
GO:0035221	13.1147
GO:0035222	9.3074
GO:0035223	13.1147
GO:0035224	13.1147
GO:0035225	13.1147
GO:0035226	12.1147
GO:0035230	10.5298
GO:0035232	13.1147
GO:0035234	11.1147
GO:0035239	7.1374
GO:0035240	13.1147
GO:0035241	10.5298
GO:0035242	10.7928
GO:0035243	10.7928
GO:0035246	12.1147
GO:0035247	13.1147
GO:0035248	13.1147
GO:0035249	11.1147
GO:0035250	9.5298
GO:0035251	9.9448
GO:0035252	10.3074
GO:0035253	13.1147
GO:0035254	11.5298
GO:0035255	12.1147
GO:0035256	13.1147
GO:0035259	12.1147
GO:0035263	12.1147
GO:0035264	11.1147
GO:0035265	12.1147
GO:0035267	9.2078
GO:0035269	9.7928
GO:0035270	11.5298
GO:0035272	8.6553
GO:0035276	13.1147
GO:0035277	13.1147
GO:0035278	10.3074
GO:0035279	12.1147
GO:0035281	12.1147
GO:0035282	7.7224
GO:0035285	12.1147
GO:0035290	12.1147
GO:0035292	13.1147
GO:0035293	10.7928
GO:0035295	6.8109
GO:0035296	9.6553
GO:0035303	10.1147
GO:0035305	13.1147
GO:0035306	12.1147
GO:0035309	11.5298
GO:0035311	12.1147
GO:0035312	11.1147
GO:0035313	10.3074
GO:0035315	9.7928
GO:0035316	10.1147
GO:0035317	10.1147
GO:0035318	13.1147
GO:0035324	11.1147
GO:0035325	11.1147
GO:0035329	11.1147
GO:0035330	8.7928
GO:0035331	10.3074
GO:0035332	9.5298
GO:0035333	12.1147
GO:0035335	9.5298
GO:0035336	9.5298
GO:0035337	9.0273
GO:0035338	9.9448
GO:0035340	13.1147
GO:0035350	13.1147
GO:0035351	13.1147
GO:0035354	12.1147
GO:0035355	13.1147
GO:0035356	13.1147
GO:0035358	12.1147
GO:0035360	12.1147
GO:0035361	13.1147
GO:0035363	10.7928
GO:0035371	11.5298
GO:0035372	11.1147
GO:0035374	13.1147
GO:0035376	12.1147
GO:0035379	12.1147
GO:0035381	13.1147
GO:0035401	13.1147
GO:0035402	13.1147
GO:0035418	13.1147
GO:0035425	12.1147
GO:0035434	11.1147
GO:0035435	10.1147
GO:0035437	10.3074
GO:0035438	13.1147
GO:0035442	12.1147
GO:0035443	12.1147
GO:0035455	12.1147
GO:0035456	9.7928
GO:0035457	13.1147
GO:0035458	10.3074
GO:0035459	10.5298
GO:0035461	10.1147
GO:0035469	13.1147
GO:0035473	12.1147
GO:0035490	13.1147
GO:0035491	13.1147
GO:0035493	11.5298
GO:0035494	12.1147
GO:0035498	12.1147
GO:0035500	13.1147
GO:0035502	13.1147
GO:0035513	13.1147
GO:0035514	11.1147
GO:0035515	11.1147
GO:0035516	11.1147
GO:0035519	12.1147
GO:0035520	12.1147
GO:0035523	12.1147
GO:0035524	13.1147
GO:0035525	13.1147
GO:0035529	13.1147
GO:0035539	13.1147
GO:0035542	11.5298
GO:0035543	13.1147
GO:0035556	4.8526
GO:0035563	13.1147
GO:0035567	11.1147
GO:0035572	13.1147
GO:0035573	13.1147
GO:0035577	8.4709
GO:0035578	7.6229
GO:0035579	7.9854
GO:0035580	8.6553
GO:0035591	9.3074
GO:0035592	8.5298
GO:0035594	11.5298
GO:0035601	9.9448
GO:0035606	13.1147
GO:0035613	11.5298
GO:0035614	13.1147
GO:0035615	10.5298
GO:0035617	11.1147
GO:0035621	11.5298
GO:0035626	13.1147
GO:0035627	10.5298
GO:0035632	13.1147
GO:0035633	11.1147
GO:0035635	13.1147
GO:0035639	5.9548
GO:0035640	13.1147
GO:0035641	13.1147
GO:0035646	10.3074
GO:0035649	13.1147
GO:0035652	13.1147
GO:0035655	12.1147
GO:0035657	13.1147
GO:0035658	12.1147
GO:0035662	13.1147
GO:0035663	13.1147
GO:0035666	11.5298
GO:0035671	12.1147
GO:0035672	10.7928
GO:0035673	10.5298
GO:0035674	11.5298
GO:0035683	12.1147
GO:0035686	13.1147
GO:0035694	13.1147
GO:0035700	13.1147
GO:0035701	13.1147
GO:0035710	10.5298
GO:0035711	13.1147
GO:0035717	13.1147
GO:0035719	13.1147
GO:0035720	13.1147
GO:0035721	13.1147
GO:0035722	10.5298
GO:0035723	11.5298
GO:0035725	8.8668
GO:0035727	11.5298
GO:0035735	12.1147
GO:0035752	12.1147
GO:0035753	10.3074
GO:0035754	13.1147
GO:0035759	13.1147
GO:0035767	13.1147
GO:0035770	5.5000
GO:0035771	12.1147
GO:0035774	11.5298
GO:0035790	13.1147
GO:0035791	13.1147
GO:0035794	11.5298
GO:0035795	11.1147
GO:0035798	13.1147
GO:0035800	11.5298
GO:0035804	13.1147
GO:0035805	12.1147
GO:0035809	13.1147
GO:0035810	13.1147
GO:0035813	13.1147
GO:0035815	13.1147
GO:0035821	8.2567
GO:0035822	12.1147
GO:0035825	8.1605
GO:0035845	13.1147
GO:0035850	13.1147
GO:0035859	9.7928
GO:0035860	13.1147
GO:0035861	8.3598
GO:0035863	13.1147
GO:0035864	11.5298
GO:0035865	11.5298
GO:0035866	13.1147
GO:0035867	12.1147
GO:0035868	11.5298
GO:0035869	9.7928
GO:0035870	13.1147
GO:0035871	11.5298
GO:0035872	12.1147
GO:0035874	13.1147
GO:0035877	12.1147
GO:0035878	13.1147
GO:0035883	11.5298
GO:0035891	8.9448
GO:0035904	13.1147
GO:0035914	12.1147
GO:0035924	9.7928
GO:0035925	10.5298
GO:0035927	12.1147
GO:0035928	13.1147
GO:0035929	13.1147
GO:0035945	13.1147
GO:0035946	13.1147
GO:0035962	13.1147
GO:0035963	13.1147
GO:0035964	13.1147
GO:0035965	11.5298
GO:0035966	7.5912
GO:0035967	7.9448
GO:0035970	10.7928
GO:0035971	13.1147
GO:0035973	12.1147
GO:0035974	13.1147
GO:0035977	12.1147
GO:0035987	10.3074
GO:0035988	11.5298
GO:0035994	11.5298
GO:0035995	13.1147
GO:0035996	13.1147
GO:0035999	11.5298
GO:0036002	10.1147
GO:0036005	13.1147
GO:0036006	13.1147
GO:0036009	11.5298
GO:0036010	10.7928
GO:0036011	12.1147
GO:0036019	9.3074
GO:0036020	9.6553
GO:0036021	13.1147
GO:0036037	13.1147
GO:0036038	13.1147
GO:0036041	10.5298
GO:0036042	12.1147
GO:0036055	13.1147
GO:0036063	11.1147
GO:0036064	8.0703
GO:0036066	11.5298
GO:0036075	13.1147
GO:0036080	13.1147
GO:0036081	13.1147
GO:0036082	13.1147
GO:0036085	13.1147
GO:0036089	11.5298
GO:0036090	10.3074
GO:0036092	11.5298
GO:0036094	3.7950
GO:0036098	10.1147
GO:0036099	9.9448
GO:0036100	12.1147
GO:0036101	13.1147
GO:0036102	13.1147
GO:0036109	10.7928
GO:0036112	13.1147
GO:0036114	13.1147
GO:0036115	12.1147
GO:0036116	13.1147
GO:0036117	13.1147
GO:0036119	12.1147
GO:0036120	12.1147
GO:0036121	13.1147
GO:0036122	10.3074
GO:0036125	12.1147
GO:0036126	8.4709
GO:0036130	13.1147
GO:0036131	13.1147
GO:0036139	13.1147
GO:0036143	13.1147
GO:0036148	12.1147
GO:0036149	12.1147
GO:0036150	10.5298
GO:0036151	10.5298
GO:0036152	10.3074
GO:0036155	13.1147
GO:0036157	11.5298
GO:0036158	10.5298
GO:0036159	11.1147
GO:0036205	13.1147
GO:0036211	3.8883
GO:0036213	10.7928
GO:0036228	11.5298
GO:0036230	9.7928
GO:0036257	9.6553
GO:0036258	9.9448
GO:0036260	10.5298
GO:0036261	13.1147
GO:0036265	11.5298
GO:0036267	9.7928
GO:0036289	13.1147
GO:0036293	7.7224
GO:0036294	8.7224
GO:0036295	11.1147
GO:0036296	10.3074
GO:0036297	9.7928
GO:0036298	13.1147
GO:0036302	13.1147
GO:0036303	13.1147
GO:0036310	11.5298
GO:0036312	13.1147
GO:0036314	9.5298
GO:0036315	10.3074
GO:0036317	13.1147
GO:0036324	12.1147
GO:0036331	13.1147
GO:0036335	10.3074
GO:0036336	11.5298
GO:0036343	13.1147
GO:0036345	13.1147
GO:0036375	13.1147
GO:0036376	10.5298
GO:0036379	9.5298
GO:0036381	12.1147
GO:0036384	13.1147
GO:0036387	10.7928
GO:0036388	10.1147
GO:0036393	13.1147
GO:0036396	11.5298
GO:0036402	13.1147
GO:0036408	12.1147
GO:0036409	13.1147
GO:0036415	13.1147
GO:0036416	13.1147
GO:0036424	13.1147
GO:0036435	11.5298
GO:0036436	12.1147
GO:0036437	12.1147
GO:0036438	13.1147
GO:0036440	13.1147
GO:0036444	10.7928
GO:0036446	13.1147
GO:0036452	9.0273
GO:0036454	12.1147
GO:0036462	11.5298
GO:0036463	13.1147
GO:0036464	6.5756
GO:0036465	9.0273
GO:0036466	11.5298
GO:0036467	13.1147
GO:0036468	13.1147
GO:0036470	13.1147
GO:0036471	13.1147
GO:0036477	6.9249
GO:0036478	13.1147
GO:0036481	13.1147
GO:0036490	12.1147
GO:0036493	13.1147
GO:0036498	11.1147
GO:0036499	13.1147
GO:0036500	12.1147
GO:0036502	13.1147
GO:0036503	9.3074
GO:0036507	13.1147
GO:0036508	13.1147
GO:0036513	11.5298
GO:0036524	13.1147
GO:0036525	13.1147
GO:0036528	13.1147
GO:0036529	13.1147
GO:0036530	13.1147
GO:0038001	11.1147
GO:0038003	13.1147
GO:0038004	11.1147
GO:0038009	13.1147
GO:0038010	13.1147
GO:0038023	4.8064
GO:0038024	9.0273
GO:0038027	12.1147
GO:0038033	13.1147
GO:0038034	13.1147
GO:0038036	12.1147
GO:0038037	11.5298
GO:0038038	13.1147
GO:0038039	13.1147
GO:0038041	13.1147
GO:0038043	12.1147
GO:0038048	13.1147
GO:0038060	12.1147
GO:0038061	10.5298
GO:0038062	13.1147
GO:0038063	13.1147
GO:0038064	11.5298
GO:0038065	11.5298
GO:0038066	10.7928
GO:0038083	10.1147
GO:0038084	11.1147
GO:0038085	12.1147
GO:0038086	13.1147
GO:0038089	13.1147
GO:0038091	13.1147
GO:0038093	8.7224
GO:0038094	9.6553
GO:0038095	9.6553
GO:0038096	9.9448
GO:0038110	13.1147
GO:0038113	12.1147
GO:0038124	13.1147
GO:0038127	8.6553
GO:0038128	10.3074
GO:0038130	13.1147
GO:0038131	13.1147
GO:0038132	11.5298
GO:0038134	11.5298
GO:0038138	13.1147
GO:0038143	13.1147
GO:0038146	12.1147
GO:0038154	12.1147
GO:0038155	13.1147
GO:0038156	13.1147
GO:0038157	12.1147
GO:0038158	13.1147
GO:0038159	13.1147
GO:0038172	13.1147
GO:0038173	13.1147
GO:0038177	12.1147
GO:0038179	12.1147
GO:0038180	13.1147
GO:0038182	13.1147
GO:0038183	12.1147
GO:0038184	13.1147
GO:0038186	13.1147
GO:0038187	9.3074
GO:0038188	13.1147
GO:0038192	13.1147
GO:0038201	11.5298
GO:0038202	11.5298
GO:0039529	12.1147
GO:0039530	13.1147
GO:0039531	8.5298
GO:0039532	9.9448
GO:0039533	11.5298
GO:0039534	11.5298
GO:0039535	10.5298
GO:0039536	12.1147
GO:0039552	13.1147
GO:0039663	11.5298
GO:0039702	9.7928
GO:0039706	11.1147
GO:0040001	9.2078
GO:0040003	9.9448
GO:0040007	6.8668
GO:0040008	6.1035
GO:0040009	13.1147
GO:0040011	6.4854
GO:0040012	5.4005
GO:0040013	7.0924
GO:0040014	9.6553
GO:0040015	11.5298
GO:0040016	12.1147
GO:0040017	6.1374
GO:0040018	10.7928
GO:0040019	11.1147
GO:0040020	10.1147
GO:0040029	6.8109
GO:0040031	11.5298
GO:0040034	13.1147
GO:0040036	11.5298
GO:0040037	12.1147
GO:0040040	10.5298
GO:0042007	12.1147
GO:0042008	12.1147
GO:0042023	11.1147
GO:0042026	9.2078
GO:0042030	11.5298
GO:0042043	13.1147
GO:0042044	9.6553
GO:0042045	10.5298
GO:0042048	9.1147
GO:0042051	9.2078
GO:0042052	9.6553
GO:0042053	11.1147
GO:0042054	9.0273
GO:0042056	10.1147
GO:0042058	8.6553
GO:0042059	9.4143
GO:0042060	6.6885
GO:0042063	8.8668
GO:0042065	13.1147
GO:0042067	10.3074
GO:0042069	11.1147
GO:0042073	10.5298
GO:0042074	10.3074
GO:0042078	9.4143
GO:0042083	12.1147
GO:0042088	11.1147
GO:0042092	13.1147
GO:0042093	10.7928
GO:0042098	12.1147
GO:0042100	11.5298
GO:0042101	10.7928
GO:0042102	8.6553
GO:0042104	13.1147
GO:0042105	10.7928
GO:0042110	7.9053
GO:0042113	10.1147
GO:0042116	11.1147
GO:0042117	12.1147
GO:0042118	12.1147
GO:0042119	10.1147
GO:0042123	11.1147
GO:0042124	11.1147
GO:0042126	13.1147
GO:0042127	4.7572
GO:0042129	8.2078
GO:0042130	10.3074
GO:0042134	10.7928
GO:0042138	10.5298
GO:0042139	13.1147
GO:0042140	13.1147
GO:0042144	9.5298
GO:0042147	7.7572
GO:0042148	13.1147
GO:0042149	9.7928
GO:0042150	13.1147
GO:0042157	8.5298
GO:0042158	8.6553
GO:0042159	12.1147
GO:0042162	9.2078
GO:0042166	12.1147
GO:0042167	11.1147
GO:0042168	9.3074
GO:0042169	11.1147
GO:0042171	9.6553
GO:0042173	10.7928
GO:0042174	12.1147
GO:0042175	4.5756
GO:0042176	6.3868
GO:0042177	8.1605
GO:0042178	10.1147
GO:0042180	7.9053
GO:0042181	8.9448
GO:0042182	11.1147
GO:0042214	12.1147
GO:0042219	9.9448
GO:0042220	10.7928
GO:0042221	3.5411
GO:0042244	8.7224
GO:0042245	12.1147
GO:0042246	9.7928
GO:0042254	5.4781
GO:0042255	7.9053
GO:0042256	10.3074
GO:0042262	12.1147
GO:0042267	10.3074
GO:0042269	8.7928
GO:0042270	11.1147
GO:0042271	11.5298
GO:0042272	10.7928
GO:0042273	7.3868
GO:0042274	6.7749
GO:0042275	13.1147
GO:0042276	11.5298
GO:0042277	8.3598
GO:0042278	10.3074
GO:0042283	13.1147
GO:0042285	10.3074
GO:0042287	10.7928
GO:0042288	11.1147
GO:0042292	13.1147
GO:0042297	13.1147
GO:0042301	11.1147
GO:0042302	10.1147
GO:0042303	8.0273
GO:0042304	10.3074
GO:0042306	9.3074
GO:0042307	10.3074
GO:0042308	10.7928
GO:0042310	11.5298
GO:0042321	13.1147
GO:0042325	5.3665
GO:0042326	6.9650
GO:0042327	6.0486
GO:0042330	6.5756
GO:0042331	10.5298
GO:0042332	9.9448
GO:0042335	8.5912
GO:0042337	9.5298
GO:0042339	9.5298
GO:0042340	13.1147
GO:0042350	10.7928
GO:0042351	11.5298
GO:0042352	13.1147
GO:0042356	13.1147
GO:0042357	12.1147
GO:0042359	10.3074
GO:0042360	13.1147
GO:0042361	12.1147
GO:0042363	10.3074
GO:0042364	8.6553
GO:0042365	12.1147
GO:0042369	12.1147
GO:0042373	10.7928
GO:0042376	12.1147
GO:0042377	12.1147
GO:0042379	8.9448
GO:0042381	12.1147
GO:0042382	13.1147
GO:0042383	9.6553
GO:0042386	11.1147
GO:0042387	13.1147
GO:0042391	7.0924
GO:0042392	11.5298
GO:0042393	8.0703
GO:0042398	8.5298
GO:0042401	9.0273
GO:0042402	9.7928
GO:0042403	10.7928
GO:0042406	13.1147
GO:0042407	10.3074
GO:0042412	11.5298
GO:0042414	13.1147
GO:0042415	12.1147
GO:0042416	11.1147
GO:0042417	9.5298
GO:0042418	13.1147
GO:0042420	10.7928
GO:0042421	12.1147
GO:0042423	10.7928
GO:0042424	10.7928
GO:0042426	12.1147
GO:0042430	9.4143
GO:0042435	10.3074
GO:0042436	10.7928
GO:0042438	11.1147
GO:0042440	7.4709
GO:0042441	9.2078
GO:0042445	7.2321
GO:0042446	9.5298
GO:0042447	13.1147
GO:0042448	13.1147
GO:0042451	12.1147
GO:0042454	10.7928
GO:0042455	11.5298
GO:0042461	9.0273
GO:0042462	9.2078
GO:0042470	10.3074
GO:0042471	11.5298
GO:0042472	12.1147
GO:0042474	13.1147
GO:0042475	11.5298
GO:0042476	9.7928
GO:0042492	13.1147
GO:0042494	12.1147
GO:0042495	12.1147
GO:0042496	13.1147
GO:0042497	13.1147
GO:0042500	11.5298
GO:0042509	8.9448
GO:0042531	9.2078
GO:0042532	12.1147
GO:0042537	13.1147
GO:0042541	13.1147
GO:0042542	8.7928
GO:0042546	8.1605
GO:0042551	10.1147
GO:0042552	11.1147
GO:0042554	11.1147
GO:0042555	9.5298
GO:0042558	8.8668
GO:0042559	9.4143
GO:0042560	12.1147
GO:0042562	8.5298
GO:0042564	11.1147
GO:0042565	12.1147
GO:0042567	12.1147
GO:0042571	12.1147
GO:0042572	9.9448
GO:0042573	9.5298
GO:0042574	9.7928
GO:0042575	9.1147
GO:0042577	10.3074
GO:0042578	5.8109
GO:0042579	6.8479
GO:0042581	7.1840
GO:0042582	6.9448
GO:0042583	12.1147
GO:0042584	12.1147
GO:0042585	12.1147
GO:0042590	12.1147
GO:0042592	4.7440
GO:0042593	8.8668
GO:0042594	6.9249
GO:0042595	13.1147
GO:0042597	11.5298
GO:0042599	10.3074
GO:0042600	11.1147
GO:0042605	10.7928
GO:0042608	11.1147
GO:0042609	13.1147
GO:0042610	12.1147
GO:0042611	10.5298
GO:0042612	11.5298
GO:0042613	11.5298
GO:0042622	13.1147
GO:0042625	9.1147
GO:0042626	7.4709
GO:0042627	12.1147
GO:0042631	11.5298
GO:0042632	9.1147
GO:0042633	9.9448
GO:0042634	11.5298
GO:0042636	13.1147
GO:0042641	10.1147
GO:0042645	7.7572
GO:0042654	13.1147
GO:0042659	11.1147
GO:0042660	13.1147
GO:0042661	13.1147
GO:0042665	13.1147
GO:0042666	13.1147
GO:0042675	11.5298
GO:0042676	13.1147
GO:0042684	13.1147
GO:0042685	13.1147
GO:0042688	12.1147
GO:0042689	11.5298
GO:0042690	13.1147
GO:0042691	12.1147
GO:0042692	8.0273
GO:0042693	13.1147
GO:0042698	12.1147
GO:0042699	13.1147
GO:0042701	13.1147
GO:0042706	9.7928
GO:0042709	13.1147
GO:0042714	13.1147
GO:0042719	10.5298
GO:0042720	13.1147
GO:0042721	10.5298
GO:0042723	9.6553
GO:0042724	10.5298
GO:0042726	9.6553
GO:0042727	10.7928
GO:0042728	13.1147
GO:0042729	12.1147
GO:0042730	12.1147
GO:0042732	13.1147
GO:0042733	13.1147
GO:0042734	10.3074
GO:0042736	13.1147
GO:0042742	6.2078
GO:0042743	9.9448
GO:0042744	10.7928
GO:0042745	12.1147
GO:0042749	9.7928
GO:0042752	8.3074
GO:0042753	10.7928
GO:0042754	13.1147
GO:0042756	13.1147
GO:0042758	11.1147
GO:0042759	9.6553
GO:0042760	11.1147
GO:0042761	9.7928
GO:0042762	11.1147
GO:0042763	9.0273
GO:0042764	9.0273
GO:0042765	10.7928
GO:0042770	7.8668
GO:0042771	10.5298
GO:0042773	7.5298
GO:0042774	13.1147
GO:0042775	7.5298
GO:0042776	9.7928
GO:0042780	10.3074
GO:0042781	13.1147
GO:0042789	10.3074
GO:0042790	9.2078
GO:0042791	13.1147
GO:0042795	13.1147
GO:0042797	10.1147
GO:0042799	13.1147
GO:0042800	12.1147
GO:0042802	3.7528
GO:0042803	5.2755
GO:0042805	10.5298
GO:0042809	12.1147
GO:0042813	10.5298
GO:0042816	10.3074
GO:0042819	10.5298
GO:0042820	13.1147
GO:0042822	11.1147
GO:0042823	11.5298
GO:0042824	11.5298
GO:0042825	13.1147
GO:0042826	8.6553
GO:0042827	9.9448
GO:0042832	10.7928
GO:0042834	9.9448
GO:0042853	13.1147
GO:0042867	13.1147
GO:0042868	11.5298
GO:0042883	11.5298
GO:0042903	12.1147
GO:0042906	13.1147
GO:0042907	13.1147
GO:0042908	9.4143
GO:0042910	9.6553
GO:0042921	13.1147
GO:0042923	12.1147
GO:0042924	12.1147
GO:0042937	13.1147
GO:0042938	12.1147
GO:0042939	12.1147
GO:0042940	11.5298
GO:0042943	13.1147
GO:0042946	12.1147
GO:0042947	11.5298
GO:0042953	11.1147
GO:0042973	12.1147
GO:0042974	12.1147
GO:0042976	13.1147
GO:0042979	12.1147
GO:0042981	5.0220
GO:0042982	9.9448
GO:0042984	13.1147
GO:0042985	13.1147
GO:0042987	9.9448
GO:0042995	4.5951
GO:0042996	12.1147
GO:0042997	13.1147
GO:0042998	13.1147
GO:0043001	9.5298
GO:0043005	6.3203
GO:0043007	11.1147
GO:0043008	11.1147
GO:0043009	9.9448
GO:0043010	10.1147
GO:0043011	12.1147
GO:0043014	11.1147
GO:0043015	10.3074
GO:0043020	11.5298
GO:0043021	6.9650
GO:0043022	7.5601
GO:0043023	11.1147
GO:0043024	10.3074
GO:0043025	7.6229
GO:0043027	9.6553
GO:0043028	9.1147
GO:0043030	10.3074
GO:0043031	13.1147
GO:0043032	11.1147
GO:0043034	12.1147
GO:0043035	13.1147
GO:0043038	7.6229
GO:0043039	7.6229
GO:0043043	10.3074
GO:0043045	12.1147
GO:0043047	10.1147
GO:0043048	13.1147
GO:0043052	9.5298
GO:0043059	13.1147
GO:0043060	12.1147
GO:0043062	7.7928
GO:0043063	11.5298
GO:0043065	6.5148
GO:0043066	5.7838
GO:0043067	4.9053
GO:0043068	6.3598
GO:0043069	5.6718
GO:0043073	10.5298
GO:0043085	5.9348
GO:0043086	6.7928
GO:0043087	7.7572
GO:0043094	9.2078
GO:0043096	13.1147
GO:0043097	13.1147
GO:0043101	11.1147
GO:0043103	13.1147
GO:0043110	13.1147
GO:0043111	13.1147
GO:0043112	9.9448
GO:0043113	10.7928
GO:0043114	9.7928
GO:0043116	10.7928
GO:0043117	12.1147
GO:0043120	12.1147
GO:0043121	11.5298
GO:0043122	7.1605
GO:0043123	7.5298
GO:0043124	9.6553
GO:0043125	13.1147
GO:0043129	13.1147
GO:0043130	8.5912
GO:0043137	11.5298
GO:0043138	10.3074
GO:0043139	10.5298
GO:0043144	9.0273
GO:0043149	11.1147
GO:0043150	12.1147
GO:0043152	12.1147
GO:0043153	11.1147
GO:0043159	12.1147
GO:0043161	6.1260
GO:0043162	8.3598
GO:0043163	13.1147
GO:0043167	3.9448
GO:0043168	4.6801
GO:0043169	4.9053
GO:0043170	1.9867
GO:0043171	11.5298
GO:0043173	9.9448
GO:0043174	12.1147
GO:0043175	8.3598
GO:0043176	11.1147
GO:0043177	7.3334
GO:0043178	8.5298
GO:0043184	12.1147
GO:0043185	13.1147
GO:0043186	9.6553
GO:0043189	9.2078
GO:0043190	10.7928
GO:0043195	8.9448
GO:0043197	10.7928
GO:0043199	12.1147
GO:0043200	8.4709
GO:0043201	10.7928
GO:0043202	8.1147
GO:0043204	13.1147
GO:0043207	4.8293
GO:0043208	11.1147
GO:0043209	13.1147
GO:0043210	13.1147
GO:0043217	13.1147
GO:0043218	13.1147
GO:0043224	13.1147
GO:0043226	0.6713
GO:0043227	0.7724
GO:0043228	2.3366
GO:0043229	0.7618
GO:0043230	3.4388
GO:0043231	0.8919
GO:0043232	2.3366
GO:0043233	2.1168
GO:0043235	6.3733
GO:0043236	11.1147
GO:0043240	10.7928
GO:0043242	9.6553
GO:0043243	9.4143
GO:0043244	8.0273
GO:0043247	11.5298
GO:0043248	8.7928
GO:0043252	10.7928
GO:0043254	6.3598
GO:0043255	8.8668
GO:0043262	12.1147
GO:0043266	9.0273
GO:0043267	10.1147
GO:0043268	10.7928
GO:0043269	6.6390
GO:0043270	7.9053
GO:0043271	8.3598
GO:0043273	12.1147
GO:0043274	10.5298
GO:0043276	13.1147
GO:0043277	9.5298
GO:0043279	9.5298
GO:0043291	12.1147
GO:0043292	7.7928
GO:0043293	12.1147
GO:0043295	10.7928
GO:0043296	8.4143
GO:0043297	8.9448
GO:0043299	10.7928
GO:0043300	9.7928
GO:0043301	11.1147
GO:0043302	10.5298
GO:0043304	10.7928
GO:0043305	11.5298
GO:0043306	12.1147
GO:0043307	12.1147
GO:0043308	12.1147
GO:0043309	13.1147
GO:0043311	13.1147
GO:0043312	12.1147
GO:0043313	13.1147
GO:0043315	13.1147
GO:0043317	13.1147
GO:0043318	13.1147
GO:0043320	11.5298
GO:0043321	12.1147
GO:0043323	12.1147
GO:0043324	9.2078
GO:0043325	9.6553
GO:0043328	11.5298
GO:0043330	9.9448
GO:0043331	9.7928
GO:0043332	8.4143
GO:0043337	13.1147
GO:0043367	10.7928
GO:0043368	11.1147
GO:0043369	11.1147
GO:0043370	11.5298
GO:0043371	12.1147
GO:0043372	12.1147
GO:0043373	11.5298
GO:0043380	11.5298
GO:0043381	13.1147
GO:0043382	12.1147
GO:0043385	10.7928
GO:0043387	13.1147
GO:0043388	9.4143
GO:0043392	9.6553
GO:0043393	7.8668
GO:0043394	9.6553
GO:0043395	10.7928
GO:0043398	13.1147
GO:0043401	9.5298
GO:0043403	12.1147
GO:0043405	7.9448
GO:0043406	8.9448
GO:0043407	9.1147
GO:0043408	5.9249
GO:0043409	7.6553
GO:0043410	6.4709
GO:0043412	3.6885
GO:0043414	7.0924
GO:0043418	13.1147
GO:0043422	13.1147
GO:0043425	13.1147
GO:0043434	8.4143
GO:0043436	4.6676
GO:0043455	10.5298
GO:0043456	12.1147
GO:0043457	9.6553
GO:0043461	10.5298
GO:0043462	8.7928
GO:0043467	8.3074
GO:0043470	9.9448
GO:0043473	7.7572
GO:0043474	9.2078
GO:0043476	10.3074
GO:0043482	10.3074
GO:0043484	8.0703
GO:0043485	10.3074
GO:0043487	7.5601
GO:0043488	7.6885
GO:0043489	9.3074
GO:0043490	12.1147
GO:0043491	9.6553
GO:0043495	10.1147
GO:0043500	12.1147
GO:0043502	10.7928
GO:0043504	12.1147
GO:0043505	13.1147
GO:0043506	10.1147
GO:0043507	11.1147
GO:0043508	11.5298
GO:0043509	13.1147
GO:0043511	13.1147
GO:0043512	13.1147
GO:0043515	12.1147
GO:0043516	11.1147
GO:0043517	12.1147
GO:0043518	12.1147
GO:0043519	11.5298
GO:0043523	8.5912
GO:0043524	8.7928
GO:0043525	13.1147
GO:0043527	10.1147
GO:0043528	13.1147
GO:0043529	11.5298
GO:0043530	12.1147
GO:0043531	10.3074
GO:0043532	13.1147
GO:0043535	8.5298
GO:0043536	9.3074
GO:0043537	9.6553
GO:0043539	9.5298
GO:0043541	11.5298
GO:0043542	9.9448
GO:0043543	7.9854
GO:0043545	11.5298
GO:0043546	11.5298
GO:0043547	8.0703
GO:0043548	11.1147
GO:0043549	6.1959
GO:0043550	11.5298
GO:0043555	10.5298
GO:0043558	12.1147
GO:0043560	12.1147
GO:0043562	11.5298
GO:0043564	12.1147
GO:0043565	5.7138
GO:0043567	10.5298
GO:0043568	12.1147
GO:0043569	11.1147
GO:0043570	9.5298
GO:0043574	9.3074
GO:0043576	13.1147
GO:0043577	12.1147
GO:0043583	10.7928
GO:0043586	13.1147
GO:0043588	8.7224
GO:0043589	12.1147
GO:0043596	7.9053
GO:0043601	9.1147
GO:0043614	10.7928
GO:0043615	13.1147
GO:0043616	11.5298
GO:0043625	10.7928
GO:0043626	13.1147
GO:0043627	10.1147
GO:0043632	5.5525
GO:0043633	13.1147
GO:0043647	10.3074
GO:0043648	7.7572
GO:0043649	9.5298
GO:0043650	10.5298
GO:0043651	10.3074
GO:0043652	13.1147
GO:0043653	12.1147
GO:0043654	12.1147
GO:0043679	8.7928
GO:0043687	5.3399
GO:0043691	10.7928
GO:0043695	11.1147
GO:0043696	12.1147
GO:0043697	12.1147
GO:0043704	11.1147
GO:0043733	13.1147
GO:0043739	13.1147
GO:0043771	11.5298
GO:0043812	11.5298
GO:0043813	12.1147
GO:0043849	13.1147
GO:0043855	12.1147
GO:0043865	13.1147
GO:0043891	11.5298
GO:0043903	9.2078
GO:0043921	11.5298
GO:0043922	13.1147
GO:0043923	13.1147
GO:0043931	13.1147
GO:0043932	13.1147
GO:0043933	4.1722
GO:0043934	7.7928
GO:0043935	7.9448
GO:0043937	10.7928
GO:0043938	11.5298
GO:0043939	12.1147
GO:0043940	11.1147
GO:0043941	11.5298
GO:0043942	13.1147
GO:0043954	10.1147
GO:0043956	13.1147
GO:0043992	12.1147
GO:0043994	13.1147
GO:0043995	13.1147
GO:0043996	13.1147
GO:0043997	13.1147
GO:0043998	12.1147
GO:0043999	13.1147
GO:0044017	13.1147
GO:0044020	11.5298
GO:0044022	13.1147
GO:0044036	11.5298
GO:0044038	11.5298
GO:0044042	8.6553
GO:0044057	6.9053
GO:0044058	10.7928
GO:0044060	10.7928
GO:0044062	11.5298
GO:0044065	13.1147
GO:0044070	10.7928
GO:0044085	3.1781
GO:0044087	5.0486
GO:0044088	8.3598
GO:0044089	5.9854
GO:0044090	9.3074
GO:0044091	8.5912
GO:0044092	6.1147
GO:0044093	5.4927
GO:0044182	9.2078
GO:0044183	9.3074
GO:0044194	13.1147
GO:0044206	12.1147
GO:0044208	12.1147
GO:0044211	12.1147
GO:0044217	13.1147
GO:0044224	13.1147
GO:0044232	8.5298
GO:0044233	10.1147
GO:0044238	1.5926
GO:0044241	11.1147
GO:0044245	13.1147
GO:0044269	12.1147
GO:0044272	7.2818
GO:0044273	9.4143
GO:0044278	13.1147
GO:0044281	3.7572
GO:0044282	5.9249
GO:0044283	5.3399
GO:0044284	12.1147
GO:0044291	9.7928
GO:0044292	13.1147
GO:0044295	11.5298
GO:0044297	7.5298
GO:0044298	12.1147
GO:0044304	12.1147
GO:0044306	8.6553
GO:0044309	10.7928
GO:0044313	13.1147
GO:0044319	9.9448
GO:0044320	13.1147
GO:0044321	12.1147
GO:0044325	8.4709
GO:0044327	13.1147
GO:0044338	13.1147
GO:0044341	12.1147
GO:0044344	8.9448
GO:0044352	13.1147
GO:0044354	13.1147
GO:0044355	11.5298
GO:0044380	9.6553
GO:0044387	12.1147
GO:0044388	11.1147
GO:0044389	6.4282
GO:0044390	9.9448
GO:0044391	5.2018
GO:0044395	13.1147
GO:0044396	10.5298
GO:0044403	7.4143
GO:0044406	10.7928
GO:0044409	8.3598
GO:0044419	4.5872
GO:0044458	9.9448
GO:0044508	13.1147
GO:0044524	13.1147
GO:0044528	11.5298
GO:0044539	10.7928
GO:0044540	13.1147
GO:0044545	13.1147
GO:0044546	12.1147
GO:0044547	12.1147
GO:0044548	10.7928
GO:0044550	9.5298
GO:0044571	10.7928
GO:0044572	12.1147
GO:0044594	12.1147
GO:0044597	10.7928
GO:0044598	10.5298
GO:0044612	13.1147
GO:0044614	13.1147
GO:0044615	12.1147
GO:0044650	11.1147
GO:0044665	9.9448
GO:0044666	10.7928
GO:0044691	13.1147
GO:0044695	12.1147
GO:0044703	9.1147
GO:0044706	9.2078
GO:0044715	11.5298
GO:0044719	13.1147
GO:0044721	13.1147
GO:0044725	12.1147
GO:0044743	8.7224
GO:0044753	10.1147
GO:0044754	9.7928
GO:0044769	9.1147
GO:0044770	7.2321
GO:0044771	11.5298
GO:0044772	7.3598
GO:0044773	9.1147
GO:0044774	8.7224
GO:0044778	13.1147
GO:0044779	13.1147
GO:0044782	6.9249
GO:0044784	11.1147
GO:0044785	13.1147
GO:0044786	9.3074
GO:0044788	8.9448
GO:0044790	10.7928
GO:0044793	11.5298
GO:0044794	10.5298
GO:0044796	13.1147
GO:0044804	9.2078
GO:0044818	9.4143
GO:0044819	10.7928
GO:0044827	13.1147
GO:0044828	11.1147
GO:0044829	13.1147
GO:0044830	12.1147
GO:0044837	9.5298
GO:0044839	8.6553
GO:0044843	8.2567
GO:0044853	8.5298
GO:0044854	12.1147
GO:0044857	12.1147
GO:0044860	13.1147
GO:0044861	13.1147
GO:0044870	12.1147
GO:0044871	12.1147
GO:0044872	10.7928
GO:0044873	13.1147
GO:0044877	5.0010
GO:0044878	12.1147
GO:0045002	13.1147
GO:0045003	9.9448
GO:0045004	11.5298
GO:0045005	9.1147
GO:0045006	11.1147
GO:0045007	11.5298
GO:0045008	11.5298
GO:0045009	11.1147
GO:0045010	10.5298
GO:0045016	11.5298
GO:0045017	6.7224
GO:0045019	13.1147
GO:0045022	9.9448
GO:0045023	13.1147
GO:0045025	11.5298
GO:0045027	11.5298
GO:0045028	11.5298
GO:0045031	13.1147
GO:0045033	13.1147
GO:0045035	12.1147
GO:0045039	9.7928
GO:0045040	9.6553
GO:0045041	12.1147
GO:0045046	11.5298
GO:0045047	8.5912
GO:0045048	9.0273
GO:0045050	10.7928
GO:0045053	12.1147
GO:0045054	11.5298
GO:0045055	9.5298
GO:0045056	10.7928
GO:0045058	11.1147
GO:0045063	12.1147
GO:0045066	13.1147
GO:0045069	8.5298
GO:0045070	9.2078
GO:0045071	9.6553
GO:0045087	6.2818
GO:0045088	5.7749
GO:0045089	6.5000
GO:0045091	11.5298
GO:0045092	12.1147
GO:0045095	10.7928
GO:0045103	10.1147
GO:0045104	10.1147
GO:0045109	10.5298
GO:0045110	12.1147
GO:0045111	8.6553
GO:0045113	13.1147
GO:0045116	10.1147
GO:0045117	10.3074
GO:0045121	7.1605
GO:0045123	10.1147
GO:0045124	11.5298
GO:0045125	12.1147
GO:0045128	13.1147
GO:0045130	13.1147
GO:0045132	7.8293
GO:0045134	11.5298
GO:0045137	8.5912
GO:0045142	13.1147
GO:0045143	9.2078
GO:0045144	11.5298
GO:0045145	12.1147
GO:0045159	12.1147
GO:0045160	12.1147
GO:0045165	7.3074
GO:0045167	10.7928
GO:0045168	12.1147
GO:0045169	9.5298
GO:0045171	8.2567
GO:0045172	10.7928
GO:0045174	12.1147
GO:0045175	13.1147
GO:0045176	10.7928
GO:0045177	6.6229
GO:0045178	7.1147
GO:0045179	10.5298
GO:0045180	12.1147
GO:0045182	8.7928
GO:0045184	4.9004
GO:0045185	8.8668
GO:0045187	9.7928
GO:0045190	13.1147
GO:0045191	13.1147
GO:0045196	10.7928
GO:0045197	9.5298
GO:0045198	11.1147
GO:0045199	11.5298
GO:0045200	13.1147
GO:0045201	13.1147
GO:0045202	6.0813
GO:0045211	9.9448
GO:0045214	10.1147
GO:0045216	7.9053
GO:0045217	11.5298
GO:0045229	6.6069
GO:0045236	10.7928
GO:0045239	12.1147
GO:0045240	11.5298
GO:0045244	13.1147
GO:0045251	12.1147
GO:0045252	13.1147
GO:0045254	12.1147
GO:0045259	13.1147
GO:0045277	12.1147
GO:0045290	13.1147
GO:0045292	10.1147
GO:0045293	12.1147
GO:0045294	13.1147
GO:0045295	11.5298
GO:0045296	6.6069
GO:0045309	8.6553
GO:0045313	12.1147
GO:0045317	13.1147
GO:0045321	7.0703
GO:0045322	13.1147
GO:0045324	8.8668
GO:0045332	10.1147
GO:0045333	6.2444
GO:0045334	7.8293
GO:0045335	7.9448
GO:0045337	13.1147
GO:0045338	12.1147
GO:0045339	13.1147
GO:0045340	12.1147
GO:0045343	11.1147
GO:0045344	13.1147
GO:0045345	11.5298
GO:0045346	11.1147
GO:0045347	11.1147
GO:0045352	13.1147
GO:0045353	13.1147
GO:0045428	10.3074
GO:0045429	10.5298
GO:0045433	11.5298
GO:0045434	11.1147
GO:0045437	13.1147
GO:0045444	11.1147
GO:0045445	11.5298
GO:0045446	9.5298
GO:0045448	10.7928
GO:0045450	11.5298
GO:0045451	10.3074
GO:0045453	11.5298
GO:0045454	9.4143
GO:0045455	10.7928
GO:0045456	11.5298
GO:0045462	13.1147
GO:0045463	12.1147
GO:0045464	11.1147
GO:0045465	10.1147
GO:0045466	12.1147
GO:0045467	13.1147
GO:0045470	13.1147
GO:0045471	8.4143
GO:0045472	13.1147
GO:0045475	9.6553
GO:0045476	11.5298
GO:0045477	11.5298
GO:0045478	13.1147
GO:0045485	13.1147
GO:0045488	13.1147
GO:0045490	13.1147
GO:0045494	9.9448
GO:0045498	12.1147
GO:0045499	11.5298
GO:0045501	11.5298
GO:0045503	12.1147
GO:0045505	11.5298
GO:0045517	13.1147
GO:0045540	11.1147
GO:0045541	12.1147
GO:0045545	11.5298
GO:0045547	13.1147
GO:0045570	11.5298
GO:0045571	13.1147
GO:0045572	13.1147
GO:0045575	12.1147
GO:0045576	13.1147
GO:0045577	11.1147
GO:0045578	13.1147
GO:0045579	12.1147
GO:0045580	9.5298
GO:0045581	10.7928
GO:0045582	10.7928
GO:0045589	11.1147
GO:0045590	13.1147
GO:0045591	11.5298
GO:0045595	5.4781
GO:0045596	7.0924
GO:0045597	6.2199
GO:0045598	10.1147
GO:0045599	11.1147
GO:0045600	11.5298
GO:0045601	10.5298
GO:0045603	13.1147
GO:0045604	10.5298
GO:0045605	13.1147
GO:0045606	10.7928
GO:0045610	10.7928
GO:0045611	11.1147
GO:0045612	12.1147
GO:0045613	13.1147
GO:0045614	13.1147
GO:0045616	10.7928
GO:0045617	13.1147
GO:0045618	11.1147
GO:0045619	9.0273
GO:0045620	10.5298
GO:0045621	10.1147
GO:0045622	12.1147
GO:0045623	13.1147
GO:0045624	13.1147
GO:0045625	13.1147
GO:0045627	13.1147
GO:0045628	13.1147
GO:0045629	13.1147
GO:0045637	8.4143
GO:0045638	9.6553
GO:0045639	9.2078
GO:0045646	10.3074
GO:0045647	13.1147
GO:0045648	10.5298
GO:0045649	11.1147
GO:0045650	13.1147
GO:0045651	11.5298
GO:0045652	10.5298
GO:0045653	13.1147
GO:0045654	11.1147
GO:0045655	13.1147
GO:0045656	13.1147
GO:0045661	11.1147
GO:0045662	13.1147
GO:0045663	11.5298
GO:0045664	8.7224
GO:0045665	10.3074
GO:0045666	9.9448
GO:0045667	8.8668
GO:0045668	10.7928
GO:0045669	9.5298
GO:0045670	10.1147
GO:0045671	11.1147
GO:0045672	11.5298
GO:0045676	11.5298
GO:0045677	13.1147
GO:0045678	13.1147
GO:0045682	10.5298
GO:0045683	13.1147
GO:0045684	10.7928
GO:0045685	10.7928
GO:0045686	13.1147
GO:0045687	11.5298
GO:0045703	12.1147
GO:0045704	13.1147
GO:0045705	13.1147
GO:0045717	12.1147
GO:0045719	13.1147
GO:0045721	10.7928
GO:0045722	12.1147
GO:0045723	10.7928
GO:0045724	11.5298
GO:0045725	11.5298
GO:0045726	13.1147
GO:0045727	7.5601
GO:0045728	13.1147
GO:0045730	11.1147
GO:0045732	7.2321
GO:0045736	10.5298
GO:0045737	10.3074
GO:0045738	10.3074
GO:0045739	8.4143
GO:0045740	9.6553
GO:0045742	10.3074
GO:0045743	13.1147
GO:0045744	9.2078
GO:0045745	10.1147
GO:0045746	9.6553
GO:0045747	8.8668
GO:0045751	10.5298
GO:0045752	10.7928
GO:0045759	13.1147
GO:0045760	12.1147
GO:0045761	9.5298
GO:0045762	10.1147
GO:0045765	7.4423
GO:0045766	8.2078
GO:0045772	13.1147
GO:0045773	12.1147
GO:0045776	13.1147
GO:0045777	13.1147
GO:0045778	9.6553
GO:0045780	13.1147
GO:0045785	6.4854
GO:0045786	6.3868
GO:0045787	6.5912
GO:0045792	10.3074
GO:0045793	10.5298
GO:0045794	13.1147
GO:0045796	13.1147
GO:0045806	9.2078
GO:0045807	7.6885
GO:0045814	7.2567
GO:0045815	9.4143
GO:0045819	13.1147
GO:0045820	13.1147
GO:0045821	12.1147
GO:0045822	12.1147
GO:0045823	12.1147
GO:0045824	7.7928
GO:0045827	12.1147
GO:0045830	13.1147
GO:0045833	8.7224
GO:0045834	8.0703
GO:0045835	10.7928
GO:0045836	13.1147
GO:0045837	12.1147
GO:0045838	11.5298
GO:0045839	9.2078
GO:0045840	9.4143
GO:0045841	9.5298
GO:0045842	10.3074
GO:0045843	11.5298
GO:0045844	13.1147
GO:0045850	13.1147
GO:0045851	13.1147
GO:0045859	6.2567
GO:0045860	7.1374
GO:0045861	8.7928
GO:0045862	8.4143
GO:0045869	11.5298
GO:0045873	13.1147
GO:0045874	12.1147
GO:0045875	11.5298
GO:0045876	11.5298
GO:0045879	8.8668
GO:0045880	9.1147
GO:0045881	11.5298
GO:0045886	9.7928
GO:0045887	9.5298
GO:0045892	5.5373
GO:0045893	5.0010
GO:0045898	10.1147
GO:0045899	10.5298
GO:0045900	13.1147
GO:0045901	11.5298
GO:0045903	11.1147
GO:0045905	12.1147
GO:0045910	9.2078
GO:0045911	9.3074
GO:0045912	9.7928
GO:0045913	9.6553
GO:0045916	10.7928
GO:0045917	13.1147
GO:0045920	9.9448
GO:0045921	9.2078
GO:0045922	11.5298
GO:0045923	10.1147
GO:0045924	10.1147
GO:0045926	7.5601
GO:0045927	7.3074
GO:0045928	13.1147
GO:0045930	7.2078
GO:0045931	7.9448
GO:0045932	13.1147
GO:0045933	13.1147
GO:0045934	5.1547
GO:0045936	6.9448
GO:0045937	6.0486
GO:0045938	11.1147
GO:0045939	10.5298
GO:0045940	10.5298
GO:0045943	8.5298
GO:0045944	5.5525
GO:0045945	11.5298
GO:0045947	10.3074
GO:0045948	10.7928
GO:0045950	11.1147
GO:0045951	13.1147
GO:0045953	10.1147
GO:0045954	9.9448
GO:0045955	13.1147
GO:0045957	13.1147
GO:0045959	12.1147
GO:0045963	13.1147
GO:0045964	12.1147
GO:0045967	13.1147
GO:0045977	13.1147
GO:0045980	11.1147
GO:0045981	10.5298
GO:0045987	13.1147
GO:0045990	11.1147
GO:0045991	11.1147
GO:0045995	9.1147
GO:0045998	12.1147
GO:0046006	10.7928
GO:0046007	11.5298
GO:0046008	10.7928
GO:0046015	12.1147
GO:0046027	13.1147
GO:0046029	12.1147
GO:0046030	13.1147
GO:0046031	8.9448
GO:0046032	8.9448
GO:0046033	11.1147
GO:0046034	7.6229
GO:0046036	10.7928
GO:0046037	10.5298
GO:0046038	13.1147
GO:0046039	10.3074
GO:0046040	9.7928
GO:0046048	12.1147
GO:0046049	11.1147
GO:0046051	13.1147
GO:0046052	13.1147
GO:0046053	12.1147
GO:0046054	13.1147
GO:0046055	13.1147
GO:0046058	12.1147
GO:0046059	12.1147
GO:0046066	13.1147
GO:0046068	11.5298
GO:0046070	13.1147
GO:0046072	13.1147
GO:0046073	12.1147
GO:0046080	13.1147
GO:0046081	13.1147
GO:0046085	12.1147
GO:0046087	12.1147
GO:0046090	13.1147
GO:0046094	13.1147
GO:0046098	13.1147
GO:0046099	13.1147
GO:0046100	13.1147
GO:0046101	13.1147
GO:0046102	11.5298
GO:0046103	13.1147
GO:0046104	12.1147
GO:0046105	12.1147
GO:0046108	12.1147
GO:0046112	9.6553
GO:0046113	12.1147
GO:0046115	13.1147
GO:0046120	12.1147
GO:0046121	13.1147
GO:0046122	13.1147
GO:0046124	13.1147
GO:0046125	12.1147
GO:0046126	12.1147
GO:0046128	10.3074
GO:0046129	12.1147
GO:0046130	11.5298
GO:0046131	11.1147
GO:0046132	13.1147
GO:0046133	12.1147
GO:0046134	11.1147
GO:0046135	12.1147
GO:0046136	13.1147
GO:0046137	12.1147
GO:0046146	11.5298
GO:0046148	8.2567
GO:0046149	11.1147
GO:0046152	10.3074
GO:0046154	10.3074
GO:0046158	10.3074
GO:0046164	9.6553
GO:0046165	7.6885
GO:0046166	13.1147
GO:0046167	12.1147
GO:0046173	9.3074
GO:0046174	12.1147
GO:0046184	10.5298
GO:0046185	10.5298
GO:0046189	9.7928
GO:0046204	13.1147
GO:0046208	13.1147
GO:0046209	10.5298
GO:0046219	10.7928
GO:0046222	11.1147
GO:0046247	12.1147
GO:0046295	13.1147
GO:0046305	11.5298
GO:0046320	10.7928
GO:0046321	11.5298
GO:0046324	10.3074
GO:0046325	12.1147
GO:0046326	10.7928
GO:0046328	7.8293
GO:0046329	9.2078
GO:0046330	8.5298
GO:0046331	12.1147
GO:0046332	8.5298
GO:0046333	13.1147
GO:0046337	9.3074
GO:0046339	10.7928
GO:0046348	11.5298
GO:0046349	10.5298
GO:0046351	10.7928
GO:0046352	9.9448
GO:0046356	12.1147
GO:0046364	8.7224
GO:0046365	9.3074
GO:0046368	10.7928
GO:0046380	13.1147
GO:0046385	10.5298
GO:0046386	10.1147
GO:0046390	7.4709
GO:0046391	11.5298
GO:0046394	6.1605
GO:0046395	6.3868
GO:0046403	13.1147
GO:0046404	11.5298
GO:0046415	11.1147
GO:0046417	12.1147
GO:0046421	13.1147
GO:0046425	8.4709
GO:0046426	9.6553
GO:0046427	9.4143
GO:0046434	7.2321
GO:0046443	12.1147
GO:0046444	13.1147
GO:0046452	12.1147
GO:0046456	8.9448
GO:0046457	9.9448
GO:0046459	12.1147
GO:0046460	10.3074
GO:0046461	9.6553
GO:0046462	10.5298
GO:0046463	10.3074
GO:0046464	9.7928
GO:0046469	12.1147
GO:0046470	8.2078
GO:0046471	9.4143
GO:0046473	8.7224
GO:0046474	6.8293
GO:0046475	9.6553
GO:0046477	13.1147
GO:0046479	10.7928
GO:0046485	11.1147
GO:0046486	5.9548
GO:0046487	11.1147
GO:0046488	8.3598
GO:0046490	13.1147
GO:0046495	12.1147
GO:0046496	7.4709
GO:0046500	10.5298
GO:0046502	13.1147
GO:0046503	8.8668
GO:0046504	12.1147
GO:0046508	12.1147
GO:0046512	10.3074
GO:0046513	9.2078
GO:0046514	10.3074
GO:0046519	10.1147
GO:0046520	10.3074
GO:0046523	13.1147
GO:0046525	13.1147
GO:0046527	9.4143
GO:0046528	9.9448
GO:0046529	9.9448
GO:0046530	8.2078
GO:0046532	11.5298
GO:0046533	13.1147
GO:0046534	13.1147
GO:0046539	13.1147
GO:0046540	8.7224
GO:0046545	9.9448
GO:0046546	9.9448
GO:0046552	9.7928
GO:0046574	11.5298
GO:0046578	9.4143
GO:0046579	9.7928
GO:0046580	11.5298
GO:0046592	12.1147
GO:0046595	13.1147
GO:0046596	9.9448
GO:0046597	9.9448
GO:0046598	10.3074
GO:0046599	10.5298
GO:0046600	12.1147
GO:0046601	13.1147
GO:0046602	11.5298
GO:0046605	9.0273
GO:0046606	11.1147
GO:0046618	11.1147
GO:0046620	10.5298
GO:0046621	11.1147
GO:0046622	12.1147
GO:0046623	13.1147
GO:0046624	11.5298
GO:0046625	9.9448
GO:0046626	9.4143
GO:0046627	9.9448
GO:0046628	11.5298
GO:0046629	11.5298
GO:0046631	10.3074
GO:0046632	10.7928
GO:0046634	9.2078
GO:0046635	9.7928
GO:0046636	10.5298
GO:0046637	11.1147
GO:0046638	11.5298
GO:0046639	12.1147
GO:0046640	10.3074
GO:0046641	10.5298
GO:0046642	12.1147
GO:0046649	7.5601
GO:0046651	11.1147
GO:0046653	9.9448
GO:0046654	10.5298
GO:0046655	10.1147
GO:0046656	12.1147
GO:0046657	13.1147
GO:0046660	9.7928
GO:0046661	9.5298
GO:0046662	11.5298
GO:0046664	11.5298
GO:0046668	10.5298
GO:0046669	10.5298
GO:0046670	11.5298
GO:0046671	12.1147
GO:0046672	11.5298
GO:0046673	12.1147
GO:0046676	13.1147
GO:0046677	10.3074
GO:0046680	13.1147
GO:0046683	9.2078
GO:0046685	9.6553
GO:0046686	9.0273
GO:0046688	10.5298
GO:0046689	12.1147
GO:0046692	10.5298
GO:0046693	12.1147
GO:0046695	10.7928
GO:0046696	13.1147
GO:0046697	12.1147
GO:0046701	13.1147
GO:0046703	12.1147
GO:0046710	12.1147
GO:0046711	13.1147
GO:0046712	13.1147
GO:0046716	10.1147
GO:0046717	11.5298
GO:0046718	8.4143
GO:0046719	11.1147
GO:0046725	13.1147
GO:0046726	12.1147
GO:0046745	13.1147
GO:0046753	9.9448
GO:0046755	9.6553
GO:0046761	9.9448
GO:0046777	7.5912
GO:0046782	10.3074
GO:0046784	10.7928
GO:0046785	10.1147
GO:0046789	13.1147
GO:0046790	11.1147
GO:0046794	11.5298
GO:0046812	13.1147
GO:0046813	12.1147
GO:0046814	13.1147
GO:0046817	13.1147
GO:0046820	13.1147
GO:0046822	8.1147
GO:0046823	10.1147
GO:0046824	9.3074
GO:0046825	10.5298
GO:0046826	13.1147
GO:0046827	11.1147
GO:0046828	13.1147
GO:0046830	13.1147
GO:0046831	10.7928
GO:0046833	12.1147
GO:0046834	10.5298
GO:0046835	10.7928
GO:0046836	12.1147
GO:0046839	8.9448
GO:0046843	9.7928
GO:0046844	13.1147
GO:0046847	10.7928
GO:0046849	11.1147
GO:0046850	11.5298
GO:0046854	9.3074
GO:0046856	9.4143
GO:0046857	13.1147
GO:0046864	13.1147
GO:0046865	13.1147
GO:0046866	13.1147
GO:0046867	13.1147
GO:0046872	5.0979
GO:0046873	5.8109
GO:0046874	12.1147
GO:0046875	10.5298
GO:0046877	13.1147
GO:0046879	11.5298
GO:0046880	12.1147
GO:0046881	12.1147
GO:0046882	13.1147
GO:0046883	8.0273
GO:0046885	10.1147
GO:0046886	12.1147
GO:0046887	8.9448
GO:0046888	10.7928
GO:0046889	8.5298
GO:0046890	7.5912
GO:0046900	13.1147
GO:0046901	13.1147
GO:0046902	10.1147
GO:0046903	6.5912
GO:0046906	8.3074
GO:0046907	4.2229
GO:0046912	10.3074
GO:0046914	6.0379
GO:0046915	8.7928
GO:0046920	10.7928
GO:0046921	13.1147
GO:0046922	12.1147
GO:0046923	13.1147
GO:0046928	9.4143
GO:0046929	11.5298
GO:0046930	11.5298
GO:0046931	10.7928
GO:0046933	9.3074
GO:0046934	13.1147
GO:0046936	13.1147
GO:0046942	6.5000
GO:0046943	6.6718
GO:0046949	9.4143
GO:0046951	11.5298
GO:0046952	13.1147
GO:0046956	13.1147
GO:0046957	12.1147
GO:0046958	10.7928
GO:0046959	10.7928
GO:0046961	9.1147
GO:0046963	13.1147
GO:0046964	13.1147
GO:0046965	13.1147
GO:0046966	9.9448
GO:0046967	11.1147
GO:0046969	13.1147
GO:0046970	12.1147
GO:0046972	13.1147
GO:0046974	12.1147
GO:0046975	13.1147
GO:0046976	13.1147
GO:0046977	11.5298
GO:0046979	13.1147
GO:0046982	6.7928
GO:0046983	4.9150
GO:0046984	13.1147
GO:0046985	13.1147
GO:0046992	13.1147
GO:0047015	13.1147
GO:0047020	13.1147
GO:0047022	13.1147
GO:0047023	11.1147
GO:0047024	12.1147
GO:0047035	12.1147
GO:0047044	12.1147
GO:0047045	13.1147
GO:0047066	12.1147
GO:0047086	13.1147
GO:0047127	13.1147
GO:0047130	13.1147
GO:0047131	13.1147
GO:0047134	10.7928
GO:0047144	11.1147
GO:0047166	13.1147
GO:0047173	13.1147
GO:0047184	10.7928
GO:0047186	13.1147
GO:0047192	13.1147
GO:0047196	13.1147
GO:0047220	13.1147
GO:0047223	13.1147
GO:0047238	13.1147
GO:0047280	13.1147
GO:0047288	12.1147
GO:0047290	13.1147
GO:0047341	13.1147
GO:0047349	13.1147
GO:0047369	13.1147
GO:0047372	10.7928
GO:0047395	13.1147
GO:0047402	13.1147
GO:0047408	13.1147
GO:0047429	12.1147
GO:0047433	13.1147
GO:0047444	12.1147
GO:0047464	13.1147
GO:0047484	11.1147
GO:0047493	13.1147
GO:0047496	11.5298
GO:0047497	10.5298
GO:0047507	13.1147
GO:0047522	13.1147
GO:0047536	13.1147
GO:0047555	10.7928
GO:0047560	13.1147
GO:0047598	13.1147
GO:0047613	13.1147
GO:0047617	10.5298
GO:0047620	13.1147
GO:0047623	13.1147
GO:0047631	13.1147
GO:0047635	10.7928
GO:0047676	13.1147
GO:0047696	13.1147
GO:0047704	13.1147
GO:0047708	12.1147
GO:0047710	13.1147
GO:0047714	13.1147
GO:0047718	13.1147
GO:0047724	13.1147
GO:0047743	13.1147
GO:0047751	13.1147
GO:0047756	12.1147
GO:0047757	13.1147
GO:0047770	13.1147
GO:0047787	13.1147
GO:0047801	13.1147
GO:0047804	12.1147
GO:0047809	12.1147
GO:0047822	12.1147
GO:0047894	13.1147
GO:0047918	13.1147
GO:0047933	13.1147
GO:0047938	13.1147
GO:0047939	13.1147
GO:0047941	13.1147
GO:0047946	13.1147
GO:0047952	11.5298
GO:0047961	13.1147
GO:0047971	13.1147
GO:0047972	13.1147
GO:0048002	9.2078
GO:0048008	11.5298
GO:0048010	8.9448
GO:0048011	12.1147
GO:0048012	12.1147
GO:0048013	9.9448
GO:0048014	11.5298
GO:0048018	6.7053
GO:0048019	10.7928
GO:0048020	10.1147
GO:0048021	12.1147
GO:0048023	12.1147
GO:0048024	8.7224
GO:0048025	12.1147
GO:0048026	11.5298
GO:0048027	9.5298
GO:0048029	9.3074
GO:0048030	12.1147
GO:0048036	10.7928
GO:0048038	11.1147
GO:0048039	13.1147
GO:0048040	13.1147
GO:0048041	10.5298
GO:0048047	12.1147
GO:0048060	12.1147
GO:0048065	11.5298
GO:0048066	8.0703
GO:0048067	10.5298
GO:0048069	8.9448
GO:0048070	9.6553
GO:0048072	10.7928
GO:0048073	11.5298
GO:0048075	13.1147
GO:0048076	11.5298
GO:0048078	13.1147
GO:0048079	10.5298
GO:0048081	13.1147
GO:0048082	10.7928
GO:0048085	11.5298
GO:0048087	11.1147
GO:0048100	11.5298
GO:0048102	12.1147
GO:0048104	13.1147
GO:0048132	10.3074
GO:0048133	13.1147
GO:0048134	10.3074
GO:0048135	10.5298
GO:0048137	10.7928
GO:0048138	10.7928
GO:0048139	13.1147
GO:0048140	11.1147
GO:0048142	11.1147
GO:0048143	13.1147
GO:0048145	9.6553
GO:0048146	10.3074
GO:0048147	11.1147
GO:0048148	11.5298
GO:0048149	9.5298
GO:0048156	11.5298
GO:0048167	9.4143
GO:0048168	12.1147
GO:0048179	13.1147
GO:0048180	13.1147
GO:0048185	11.5298
GO:0048188	10.5298
GO:0048190	10.1147
GO:0048193	5.7572
GO:0048194	12.1147
GO:0048200	13.1147
GO:0048205	13.1147
GO:0048208	10.7928
GO:0048210	12.1147
GO:0048214	13.1147
GO:0048215	13.1147
GO:0048219	12.1147
GO:0048227	9.7928
GO:0048232	6.4005
GO:0048237	13.1147
GO:0048240	12.1147
GO:0048244	13.1147
GO:0048245	11.5298
GO:0048246	11.5298
GO:0048247	11.1147
GO:0048248	12.1147
GO:0048250	12.1147
GO:0048252	13.1147
GO:0048254	11.1147
GO:0048255	9.6553
GO:0048256	11.1147
GO:0048259	8.2078
GO:0048260	8.8668
GO:0048261	10.1147
GO:0048265	12.1147
GO:0048266	12.1147
GO:0048268	12.1147
GO:0048280	11.1147
GO:0048284	7.1147
GO:0048285	5.8573
GO:0048291	13.1147
GO:0048296	13.1147
GO:0048298	13.1147
GO:0048306	8.9448
GO:0048308	8.8668
GO:0048309	11.5298
GO:0048311	9.9448
GO:0048312	13.1147
GO:0048313	11.5298
GO:0048332	10.1147
GO:0048333	11.5298
GO:0048337	13.1147
GO:0048382	13.1147
GO:0048383	11.5298
GO:0048384	13.1147
GO:0048385	10.7928
GO:0048387	11.1147
GO:0048388	12.1147
GO:0048406	11.5298
GO:0048407	13.1147
GO:0048468	4.4352
GO:0048469	7.7928
GO:0048471	6.1840
GO:0048475	7.7928
GO:0048477	6.3203
GO:0048483	13.1147
GO:0048485	13.1147
GO:0048487	10.1147
GO:0048488	9.7928
GO:0048489	11.1147
GO:0048491	13.1147
GO:0048495	13.1147
GO:0048499	12.1147
GO:0048500	11.5298
GO:0048511	8.5298
GO:0048512	9.4143
GO:0048513	4.4074
GO:0048514	8.2078
GO:0048515	7.7572
GO:0048518	2.4835
GO:0048519	2.8293
GO:0048520	10.5298
GO:0048521	12.1147
GO:0048522	2.5804
GO:0048523	2.9163
GO:0048524	8.2567
GO:0048525	8.7224
GO:0048526	13.1147
GO:0048531	10.5298
GO:0048534	9.6553
GO:0048539	12.1147
GO:0048542	9.9448
GO:0048545	8.4709
GO:0048546	9.6553
GO:0048548	11.5298
GO:0048549	13.1147
GO:0048550	12.1147
GO:0048557	12.1147
GO:0048562	9.9448
GO:0048565	8.7224
GO:0048566	11.5298
GO:0048567	11.5298
GO:0048568	8.5912
GO:0048580	13.1147
GO:0048581	13.1147
GO:0048583	3.1346
GO:0048584	3.9423
GO:0048585	4.4247
GO:0048588	8.8668
GO:0048589	7.3334
GO:0048592	7.4709
GO:0048593	12.1147
GO:0048598	7.1605
GO:0048599	8.0703
GO:0048601	13.1147
GO:0048608	8.2078
GO:0048609	4.9958
GO:0048611	13.1147
GO:0048613	13.1147
GO:0048615	13.1147
GO:0048619	10.7928
GO:0048625	13.1147
GO:0048626	13.1147
GO:0048634	9.7928
GO:0048635	10.7928
GO:0048636	11.5298
GO:0048638	7.3074
GO:0048639	8.3598
GO:0048640	8.8668
GO:0048641	11.5298
GO:0048642	13.1147
GO:0048643	13.1147
GO:0048644	10.3074
GO:0048645	9.9448
GO:0048646	5.5756
GO:0048659	13.1147
GO:0048660	8.6553
GO:0048661	9.3074
GO:0048662	9.9448
GO:0048663	9.5298
GO:0048665	10.7928
GO:0048666	6.1147
GO:0048667	6.8668
GO:0048668	12.1147
GO:0048670	13.1147
GO:0048672	13.1147
GO:0048674	13.1147
GO:0048675	9.6553
GO:0048678	11.1147
GO:0048679	11.5298
GO:0048680	11.5298
GO:0048682	12.1147
GO:0048686	13.1147
GO:0048687	13.1147
GO:0048691	13.1147
GO:0048699	5.7138
GO:0048704	13.1147
GO:0048705	9.9448
GO:0048706	11.5298
GO:0048707	6.6885
GO:0048708	12.1147
GO:0048709	11.1147
GO:0048710	11.5298
GO:0048711	13.1147
GO:0048712	13.1147
GO:0048713	12.1147
GO:0048714	12.1147
GO:0048728	13.1147
GO:0048729	6.5912
GO:0048730	11.5298
GO:0048731	4.0567
GO:0048732	7.8668
GO:0048733	13.1147
GO:0048736	7.1605
GO:0048737	7.2567
GO:0048738	9.5298
GO:0048741	13.1147
GO:0048745	11.5298
GO:0048749	7.1840
GO:0048753	9.7928
GO:0048754	9.2078
GO:0048757	10.3074
GO:0048762	9.5298
GO:0048763	11.1147
GO:0048769	13.1147
GO:0048770	9.9448
GO:0048771	10.7928
GO:0048786	9.9448
GO:0048788	13.1147
GO:0048789	13.1147
GO:0048790	13.1147
GO:0048799	11.5298
GO:0048800	13.1147
GO:0048803	11.5298
GO:0048804	13.1147
GO:0048805	11.1147
GO:0048806	10.3074
GO:0048807	13.1147
GO:0048808	11.5298
GO:0048812	6.8109
GO:0048813	8.6553
GO:0048814	10.7928
GO:0048819	13.1147
GO:0048821	11.5298
GO:0048839	11.1147
GO:0048841	13.1147
GO:0048844	13.1147
GO:0048846	13.1147
GO:0048854	13.1147
GO:0048856	3.1533
GO:0048857	9.0273
GO:0048858	6.7928
GO:0048859	10.1147
GO:0048863	9.9448
GO:0048864	12.1147
GO:0048869	4.0167
GO:0048870	5.6149
GO:0048871	6.8479
GO:0048872	8.4709
GO:0048873	12.1147
GO:0048878	5.2567
GO:0048880	6.8109
GO:0048934	12.1147
GO:0048935	12.1147
GO:0050000	7.9854
GO:0050018	11.5298
GO:0050023	13.1147
GO:0050051	12.1147
GO:0050080	13.1147
GO:0050115	13.1147
GO:0050119	13.1147
GO:0050124	13.1147
GO:0050145	9.9448
GO:0050152	13.1147
GO:0050178	12.1147
GO:0050185	13.1147
GO:0050201	13.1147
GO:0050203	13.1147
GO:0050211	12.1147
GO:0050220	13.1147
GO:0050221	13.1147
GO:0050253	13.1147
GO:0050254	13.1147
GO:0050262	12.1147
GO:0050263	13.1147
GO:0050265	13.1147
GO:0050278	13.1147
GO:0050290	13.1147
GO:0050291	12.1147
GO:0050294	13.1147
GO:0050295	12.1147
GO:0050308	10.7928
GO:0050309	12.1147
GO:0050321	11.5298
GO:0050333	13.1147
GO:0050337	13.1147
GO:0050421	12.1147
GO:0050427	10.3074
GO:0050428	13.1147
GO:0050431	10.5298
GO:0050432	13.1147
GO:0050433	12.1147
GO:0050435	10.1147
GO:0050436	13.1147
GO:0050440	13.1147
GO:0050473	12.1147
GO:0050482	12.1147
GO:0050501	12.1147
GO:0050509	12.1147
GO:0050510	13.1147
GO:0050542	11.1147
GO:0050543	11.1147
GO:0050544	11.1147
GO:0050567	10.7928
GO:0050568	13.1147
GO:0050577	12.1147
GO:0050613	13.1147
GO:0050614	13.1147
GO:0050649	13.1147
GO:0050650	10.5298
GO:0050651	12.1147
GO:0050654	10.5298
GO:0050655	12.1147
GO:0050656	12.1147
GO:0050657	7.1605
GO:0050658	7.1605
GO:0050660	9.0273
GO:0050661	9.5298
GO:0050664	10.5298
GO:0050665	13.1147
GO:0050667	10.1147
GO:0050670	7.7572
GO:0050671	8.2567
GO:0050672	9.6553
GO:0050673	9.6553
GO:0050678	7.4143
GO:0050679	8.0703
GO:0050680	8.9448
GO:0050681	10.7928
GO:0050684	8.4143
GO:0050685	10.3074
GO:0050686	12.1147
GO:0050687	10.1147
GO:0050688	8.3598
GO:0050689	12.1147
GO:0050691	9.0273
GO:0050694	12.1147
GO:0050698	9.5298
GO:0050699	11.5298
GO:0050700	11.1147
GO:0050708	7.5298
GO:0050709	10.7928
GO:0050714	8.2567
GO:0050727	6.8859
GO:0050728	8.1605
GO:0050729	7.9854
GO:0050730	7.5298
GO:0050731	8.0273
GO:0050732	9.6553
GO:0050746	10.3074
GO:0050747	12.1147
GO:0050748	11.5298
GO:0050750	10.3074
GO:0050764	8.5298
GO:0050765	11.1147
GO:0050766	9.2078
GO:0050767	8.1605
GO:0050768	9.6553
GO:0050769	8.6553
GO:0050770	9.9448
GO:0050771	12.1147
GO:0050772	11.1147
GO:0050773	9.4143
GO:0050775	11.1147
GO:0050776	5.1147
GO:0050777	7.1605
GO:0050778	5.6969
GO:0050779	8.3598
GO:0050786	10.5298
GO:0050787	13.1147
GO:0050789	1.5838
GO:0050790	5.2199
GO:0050792	7.5000
GO:0050793	4.5411
GO:0050794	1.6827
GO:0050795	8.5912
GO:0050796	8.6553
GO:0050801	5.8109
GO:0050803	7.3868
GO:0050804	7.7224
GO:0050805	11.1147
GO:0050806	10.3074
GO:0050807	7.4709
GO:0050808	7.0924
GO:0050810	9.0273
GO:0050811	12.1147
GO:0050812	13.1147
GO:0050815	10.1147
GO:0050817	7.6885
GO:0050818	9.9448
GO:0050819	10.5298
GO:0050820	11.5298
GO:0050821	6.9650
GO:0050829	7.3598
GO:0050830	7.6229
GO:0050831	13.1147
GO:0050832	8.9448
GO:0050833	12.1147
GO:0050839	6.0273
GO:0050840	9.7928
GO:0050843	13.1147
GO:0050847	13.1147
GO:0050848	9.0273
GO:0050849	10.7928
GO:0050850	10.1147
GO:0050851	8.3598
GO:0050852	8.9448
GO:0050853	9.9448
GO:0050854	9.2078
GO:0050855	11.1147
GO:0050856	9.5298
GO:0050857	10.3074
GO:0050858	10.1147
GO:0050859	11.5298
GO:0050860	10.7928
GO:0050861	13.1147
GO:0050862	10.5298
GO:0050863	7.1840
GO:0050864	9.3074
GO:0050865	6.5148
GO:0050866	8.4143
GO:0050867	7.0703
GO:0050868	9.3074
GO:0050869	11.1147
GO:0050870	7.6229
GO:0050871	9.6553
GO:0050877	5.3268
GO:0050878	7.0062
GO:0050879	10.7928
GO:0050881	10.7928
GO:0050882	13.1147
GO:0050885	12.1147
GO:0050886	10.5298
GO:0050890	7.1374
GO:0050891	9.6553
GO:0050892	10.7928
GO:0050896	2.1353
GO:0050898	12.1147
GO:0050900	7.6885
GO:0050901	11.1147
GO:0050905	9.6553
GO:0050906	7.1147
GO:0050907	7.3598
GO:0050908	11.5298
GO:0050909	8.0703
GO:0050911	8.3598
GO:0050912	8.7224
GO:0050913	8.6553
GO:0050914	13.1147
GO:0050915	12.1147
GO:0050916	10.1147
GO:0050917	13.1147
GO:0050918	10.3074
GO:0050919	10.3074
GO:0050920	7.3868
GO:0050921	7.9053
GO:0050922	10.1147
GO:0050926	10.5298
GO:0050927	10.7928
GO:0050928	13.1147
GO:0050930	13.1147
GO:0050931	10.1147
GO:0050932	12.1147
GO:0050942	12.1147
GO:0050951	10.7928
GO:0050953	8.5912
GO:0050954	7.9854
GO:0050955	11.1147
GO:0050957	13.1147
GO:0050958	13.1147
GO:0050960	11.1147
GO:0050961	10.7928
GO:0050962	10.7928
GO:0050965	11.1147
GO:0050966	12.1147
GO:0050968	12.1147
GO:0050974	12.1147
GO:0050975	12.1147
GO:0050980	13.1147
GO:0050982	11.5298
GO:0050993	13.1147
GO:0050994	9.4143
GO:0050995	11.5298
GO:0050996	10.3074
GO:0050997	9.7928
GO:0050998	12.1147
GO:0050999	10.7928
GO:0051000	11.5298
GO:0051005	11.5298
GO:0051006	12.1147
GO:0051010	11.1147
GO:0051011	12.1147
GO:0051012	12.1147
GO:0051014	11.1147
GO:0051015	8.5298
GO:0051016	13.1147
GO:0051017	8.9448
GO:0051018	10.7928
GO:0051019	11.1147
GO:0051020	7.0273
GO:0051028	7.7224
GO:0051029	13.1147
GO:0051030	12.1147
GO:0051031	10.5298
GO:0051036	13.1147
GO:0051040	13.1147
GO:0051042	13.1147
GO:0051043	10.3074
GO:0051044	11.1147
GO:0051045	11.5298
GO:0051046	6.3733
GO:0051047	7.3334
GO:0051048	8.3598
GO:0051049	4.5872
GO:0051050	5.5756
GO:0051051	6.5601
GO:0051052	6.1260
GO:0051053	7.7572
GO:0051054	7.3334
GO:0051055	9.1147
GO:0051056	7.4423
GO:0051057	8.9448
GO:0051058	9.6553
GO:0051059	10.1147
GO:0051066	13.1147
GO:0051078	13.1147
GO:0051081	11.1147
GO:0051083	12.1147
GO:0051087	8.0273
GO:0051093	6.1959
GO:0051094	5.4637
GO:0051096	12.1147
GO:0051097	13.1147
GO:0051098	7.0273
GO:0051099	7.9053
GO:0051100	8.2078
GO:0051101	8.4709
GO:0051117	8.5912
GO:0051119	8.7928
GO:0051123	9.1147
GO:0051124	9.7928
GO:0051125	9.4143
GO:0051126	10.7928
GO:0051127	10.3074
GO:0051128	3.8064
GO:0051129	5.7397
GO:0051130	4.9752
GO:0051131	9.5298
GO:0051133	11.1147
GO:0051134	13.1147
GO:0051135	11.5298
GO:0051139	9.9448
GO:0051140	12.1147
GO:0051142	12.1147
GO:0051146	8.3074
GO:0051147	9.3074
GO:0051148	11.1147
GO:0051149	9.9448
GO:0051150	11.5298
GO:0051151	13.1147
GO:0051152	12.1147
GO:0051153	9.9448
GO:0051154	11.5298
GO:0051155	10.5298
GO:0051156	9.4143
GO:0051168	7.0486
GO:0051169	6.5449
GO:0051170	8.0703
GO:0051174	7.9448
GO:0051177	11.1147
GO:0051179	2.5902
GO:0051180	8.3598
GO:0051189	11.5298
GO:0051204	9.0273
GO:0051205	7.9448
GO:0051209	9.9448
GO:0051213	7.9053
GO:0051216	9.5298
GO:0051219	8.1147
GO:0051222	7.5912
GO:0051223	6.6718
GO:0051224	8.7928
GO:0051225	7.6553
GO:0051228	13.1147
GO:0051229	11.5298
GO:0051230	11.1147
GO:0051231	9.7928
GO:0051233	9.5298
GO:0051234	2.7905
GO:0051235	8.6553
GO:0051236	7.1374
GO:0051237	11.5298
GO:0051239	4.0649
GO:0051240	4.9448
GO:0051241	5.7660
GO:0051246	4.1147
GO:0051247	4.9004
GO:0051248	5.6553
GO:0051249	6.8293
GO:0051250	8.8668
GO:0051251	7.2818
GO:0051252	4.0036
GO:0051253	5.3936
GO:0051254	4.8201
GO:0051255	10.1147
GO:0051256	10.5298
GO:0051257	13.1147
GO:0051258	8.6553
GO:0051259	7.4709
GO:0051260	7.8668
GO:0051261	9.6553
GO:0051262	8.7928
GO:0051264	13.1147
GO:0051265	13.1147
GO:0051268	13.1147
GO:0051269	13.1147
GO:0051273	11.1147
GO:0051274	11.5298
GO:0051276	5.5373
GO:0051278	13.1147
GO:0051279	9.0273
GO:0051280	11.1147
GO:0051281	10.1147
GO:0051286	8.4143
GO:0051287	10.1147
GO:0051289	9.1147
GO:0051290	11.5298
GO:0051291	11.5298
GO:0051292	10.7928
GO:0051293	9.0273
GO:0051294	9.4143
GO:0051295	13.1147
GO:0051296	13.1147
GO:0051298	10.5298
GO:0051299	11.1147
GO:0051300	10.7928
GO:0051301	6.3465
GO:0051302	7.9053
GO:0051304	10.1147
GO:0051305	12.1147
GO:0051306	11.5298
GO:0051307	12.1147
GO:0051310	8.2078
GO:0051311	12.1147
GO:0051315	11.1147
GO:0051316	13.1147
GO:0051321	5.9752
GO:0051336	6.9650
GO:0051338	5.9448
GO:0051341	9.0273
GO:0051345	7.5298
GO:0051346	9.0273
GO:0051349	9.7928
GO:0051353	9.6553
GO:0051354	11.5298
GO:0051371	13.1147
GO:0051373	13.1147
GO:0051377	12.1147
GO:0051378	11.1147
GO:0051379	11.5298
GO:0051380	12.1147
GO:0051382	10.3074
GO:0051383	9.7928
GO:0051384	10.1147
GO:0051386	13.1147
GO:0051393	11.5298
GO:0051403	10.7928
GO:0051409	13.1147
GO:0051410	13.1147
GO:0051424	13.1147
GO:0051427	12.1147
GO:0051438	9.2078
GO:0051443	10.1147
GO:0051444	10.3074
GO:0051445	9.1147
GO:0051446	10.5298
GO:0051447	10.1147
GO:0051451	12.1147
GO:0051452	8.4143
GO:0051453	7.9448
GO:0051454	11.5298
GO:0051455	13.1147
GO:0051457	11.1147
GO:0051459	13.1147
GO:0051460	13.1147
GO:0051462	13.1147
GO:0051464	13.1147
GO:0051480	9.6553
GO:0051481	11.5298
GO:0051489	9.4143
GO:0051491	10.3074
GO:0051492	9.2078
GO:0051493	6.1722
GO:0051494	8.2078
GO:0051495	7.5000
GO:0051496	10.1147
GO:0051497	10.5298
GO:0051503	9.0273
GO:0051510	13.1147
GO:0051512	13.1147
GO:0051513	13.1147
GO:0051515	13.1147
GO:0051536	9.1147
GO:0051537	10.5298
GO:0051539	10.5298
GO:0051540	9.1147
GO:0051541	13.1147
GO:0051546	13.1147
GO:0051547	13.1147
GO:0051548	13.1147
GO:0051552	12.1147
GO:0051560	10.3074
GO:0051561	10.7928
GO:0051575	10.7928
GO:0051580	11.1147
GO:0051582	12.1147
GO:0051584	11.5298
GO:0051586	12.1147
GO:0051588	9.0273
GO:0051589	11.5298
GO:0051590	11.1147
GO:0051591	10.7928
GO:0051592	8.7928
GO:0051593	13.1147
GO:0051595	12.1147
GO:0051596	13.1147
GO:0051597	13.1147
GO:0051598	12.1147
GO:0051599	13.1147
GO:0051601	12.1147
GO:0051602	13.1147
GO:0051604	5.5990
GO:0051606	6.2692
GO:0051607	7.2078
GO:0051608	11.5298
GO:0051610	10.5298
GO:0051615	11.5298
GO:0051620	12.1147
GO:0051621	13.1147
GO:0051623	13.1147
GO:0051625	13.1147
GO:0051630	13.1147
GO:0051640	6.1489
GO:0051641	3.7660
GO:0051642	10.5298
GO:0051645	12.1147
GO:0051646	9.0273
GO:0051647	9.3074
GO:0051648	9.1147
GO:0051649	4.0379
GO:0051650	9.2078
GO:0051651	9.2078
GO:0051653	9.0273
GO:0051654	10.1147
GO:0051656	6.9854
GO:0051660	13.1147
GO:0051663	12.1147
GO:0051664	11.1147
GO:0051665	13.1147
GO:0051666	10.5298
GO:0051668	5.6149
GO:0051670	13.1147
GO:0051683	13.1147
GO:0051693	13.1147
GO:0051697	11.1147
GO:0051701	7.5000
GO:0051702	12.1147
GO:0051703	10.7928
GO:0051707	4.8293
GO:0051709	11.5298
GO:0051712	11.5298
GO:0051715	13.1147
GO:0051716	2.6099
GO:0051717	13.1147
GO:0051721	11.5298
GO:0051723	13.1147
GO:0051726	4.8955
GO:0051728	13.1147
GO:0051729	13.1147
GO:0051730	13.1147
GO:0051731	11.1147
GO:0051734	11.5298
GO:0051735	13.1147
GO:0051736	13.1147
GO:0051747	13.1147
GO:0051748	12.1147
GO:0051765	13.1147
GO:0051766	13.1147
GO:0051775	11.5298
GO:0051780	13.1147
GO:0051781	9.2078
GO:0051782	11.1147
GO:0051783	7.5000
GO:0051784	8.7928
GO:0051785	9.3074
GO:0051787	10.3074
GO:0051788	9.6553
GO:0051791	10.3074
GO:0051792	10.7928
GO:0051793	11.5298
GO:0051797	13.1147
GO:0051800	13.1147
GO:0051851	8.4709
GO:0051861	10.1147
GO:0051864	11.5298
GO:0051865	9.1147
GO:0051875	11.1147
GO:0051879	9.5298
GO:0051880	11.1147
GO:0051881	9.1147
GO:0051884	13.1147
GO:0051893	9.6553
GO:0051894	10.1147
GO:0051895	12.1147
GO:0051896	7.6885
GO:0051897	8.0273
GO:0051898	10.3074
GO:0051899	10.7928
GO:0051900	10.5298
GO:0051901	11.5298
GO:0051902	13.1147
GO:0051904	11.5298
GO:0051905	11.5298
GO:0051917	12.1147
GO:0051918	12.1147
GO:0051920	10.5298
GO:0051923	10.3074
GO:0051924	7.6553
GO:0051926	9.2078
GO:0051928	8.9448
GO:0051930	12.1147
GO:0051931	12.1147
GO:0051933	13.1147
GO:0051936	13.1147
GO:0051938	10.1147
GO:0051939	13.1147
GO:0051952	11.1147
GO:0051953	12.1147
GO:0051954	13.1147
GO:0051955	12.1147
GO:0051956	13.1147
GO:0051957	13.1147
GO:0051958	13.1147
GO:0051959	13.1147
GO:0051960	7.4423
GO:0051961	8.7224
GO:0051962	8.0273
GO:0051963	7.9053
GO:0051964	9.7928
GO:0051965	9.3074
GO:0051966	11.1147
GO:0051968	12.1147
GO:0051969	11.1147
GO:0051970	13.1147
GO:0051971	12.1147
GO:0051977	13.1147
GO:0051983	7.7224
GO:0051984	9.7928
GO:0051985	9.4143
GO:0051987	10.1147
GO:0051988	9.9448
GO:0051990	12.1147
GO:0051996	13.1147
GO:0051998	12.1147
GO:0052008	13.1147
GO:0052111	13.1147
GO:0052128	13.1147
GO:0052129	12.1147
GO:0052372	9.5298
GO:0052381	12.1147
GO:0052547	8.8668
GO:0052548	9.4143
GO:0052597	13.1147
GO:0052629	11.1147
GO:0052642	11.1147
GO:0052646	11.5298
GO:0052650	10.7928
GO:0052651	13.1147
GO:0052652	10.5298
GO:0052657	13.1147
GO:0052658	13.1147
GO:0052659	13.1147
GO:0052689	7.5000
GO:0052723	13.1147
GO:0052724	13.1147
GO:0052735	12.1147
GO:0052742	10.1147
GO:0052743	12.1147
GO:0052744	9.9448
GO:0052745	11.1147
GO:0052767	13.1147
GO:0052803	9.9448
GO:0052805	11.1147
GO:0052815	13.1147
GO:0052834	12.1147
GO:0052836	13.1147
GO:0052839	13.1147
GO:0052840	13.1147
GO:0052842	12.1147
GO:0052843	13.1147
GO:0052845	13.1147
GO:0052851	13.1147
GO:0052866	9.4143
GO:0052869	12.1147
GO:0052871	13.1147
GO:0052890	10.7928
GO:0052901	13.1147
GO:0052927	13.1147
GO:0052929	13.1147
GO:0055001	8.9448
GO:0055002	9.3074
GO:0055003	13.1147
GO:0055006	12.1147
GO:0055007	10.7928
GO:0055008	10.5298
GO:0055010	11.1147
GO:0055013	12.1147
GO:0055021	13.1147
GO:0055023	13.1147
GO:0055024	13.1147
GO:0055026	13.1147
GO:0055028	13.1147
GO:0055029	7.2321
GO:0055037	7.4143
GO:0055038	8.5298
GO:0055056	10.1147
GO:0055057	9.7928
GO:0055059	9.9448
GO:0055062	10.7928
GO:0055064	12.1147
GO:0055070	9.7928
GO:0055071	12.1147
GO:0055074	7.3074
GO:0055075	10.3074
GO:0055078	9.6553
GO:0055080	5.8668
GO:0055081	12.1147
GO:0055082	5.8668
GO:0055085	4.7053
GO:0055086	5.2382
GO:0055087	13.1147
GO:0055088	7.6553
GO:0055090	9.1147
GO:0055091	10.5298
GO:0055092	9.0273
GO:0055093	10.7928
GO:0055094	11.1147
GO:0055095	12.1147
GO:0055096	12.1147
GO:0055100	13.1147
GO:0055102	10.7928
GO:0055103	13.1147
GO:0055105	11.1147
GO:0055106	10.5298
GO:0055117	9.2078
GO:0055119	12.1147
GO:0055123	8.7224
GO:0055131	13.1147
GO:0060003	12.1147
GO:0060004	13.1147
GO:0060012	13.1147
GO:0060021	10.7928
GO:0060025	12.1147
GO:0060026	11.1147
GO:0060027	11.5298
GO:0060031	13.1147
GO:0060033	9.9448
GO:0060041	12.1147
GO:0060043	13.1147
GO:0060045	13.1147
GO:0060046	13.1147
GO:0060047	9.0273
GO:0060048	9.2078
GO:0060054	12.1147
GO:0060055	11.5298
GO:0060061	13.1147
GO:0060070	8.9448
GO:0060071	11.5298
GO:0060074	13.1147
GO:0060075	13.1147
GO:0060076	11.5298
GO:0060077	11.1147
GO:0060078	13.1147
GO:0060081	13.1147
GO:0060089	4.8064
GO:0060090	5.6801
GO:0060097	13.1147
GO:0060099	12.1147
GO:0060100	13.1147
GO:0060101	13.1147
GO:0060135	11.5298
GO:0060142	13.1147
GO:0060143	13.1147
GO:0060147	9.6553
GO:0060148	11.1147
GO:0060149	10.5298
GO:0060155	13.1147
GO:0060159	13.1147
GO:0060161	13.1147
GO:0060167	11.5298
GO:0060168	12.1147
GO:0060169	13.1147
GO:0060170	9.5298
GO:0060173	11.1147
GO:0060179	8.7224
GO:0060180	10.1147
GO:0060184	13.1147
GO:0060187	8.3598
GO:0060188	12.1147
GO:0060189	13.1147
GO:0060192	11.5298
GO:0060193	10.7928
GO:0060198	10.3074
GO:0060199	12.1147
GO:0060200	13.1147
GO:0060201	13.1147
GO:0060203	12.1147
GO:0060205	6.0273
GO:0060211	13.1147
GO:0060213	13.1147
GO:0060216	13.1147
GO:0060228	13.1147
GO:0060229	9.7928
GO:0060230	13.1147
GO:0060231	13.1147
GO:0060232	13.1147
GO:0060236	9.1147
GO:0060237	11.1147
GO:0060242	13.1147
GO:0060245	13.1147
GO:0060249	7.8668
GO:0060250	12.1147
GO:0060251	10.3074
GO:0060252	10.7928
GO:0060253	13.1147
GO:0060255	2.7816
GO:0060256	13.1147
GO:0060259	11.1147
GO:0060260	8.3074
GO:0060261	8.5912
GO:0060263	10.7928
GO:0060264	12.1147
GO:0060265	13.1147
GO:0060266	12.1147
GO:0060267	11.5298
GO:0060268	12.1147
GO:0060271	7.0924
GO:0060272	13.1147
GO:0060284	6.5756
GO:0060285	8.7928
GO:0060287	13.1147
GO:0060291	13.1147
GO:0060292	13.1147
GO:0060293	9.6553
GO:0060294	8.8668
GO:0060295	10.5298
GO:0060297	12.1147
GO:0060298	12.1147
GO:0060300	12.1147
GO:0060302	12.1147
GO:0060304	11.1147
GO:0060305	13.1147
GO:0060306	10.5298
GO:0060307	11.5298
GO:0060308	13.1147
GO:0060309	13.1147
GO:0060312	13.1147
GO:0060314	10.3074
GO:0060315	11.1147
GO:0060317	13.1147
GO:0060322	6.8668
GO:0060323	10.1147
GO:0060324	10.3074
GO:0060325	10.5298
GO:0060326	7.9053
GO:0060327	13.1147
GO:0060330	11.5298
GO:0060331	13.1147
GO:0060332	13.1147
GO:0060333	11.1147
GO:0060334	11.5298
GO:0060335	13.1147
GO:0060336	13.1147
GO:0060337	10.7928
GO:0060338	9.4143
GO:0060339	10.7928
GO:0060340	10.7928
GO:0060341	6.4143
GO:0060342	13.1147
GO:0060348	8.9448
GO:0060349	10.5298
GO:0060350	12.1147
GO:0060351	13.1147
GO:0060352	12.1147
GO:0060353	12.1147
GO:0060355	13.1147
GO:0060359	11.5298
GO:0060368	13.1147
GO:0060369	13.1147
GO:0060370	12.1147
GO:0060371	13.1147
GO:0060372	13.1147
GO:0060373	12.1147
GO:0060382	11.1147
GO:0060390	9.1147
GO:0060391	9.5298
GO:0060392	11.1147
GO:0060395	11.1147
GO:0060396	10.5298
GO:0060397	11.5298
GO:0060398	13.1147
GO:0060400	13.1147
GO:0060411	13.1147
GO:0060413	13.1147
GO:0060415	10.3074
GO:0060416	10.5298
GO:0060420	13.1147
GO:0060421	13.1147
GO:0060426	13.1147
GO:0060429	5.7310
GO:0060438	11.5298
GO:0060439	12.1147
GO:0060446	9.6553
GO:0060456	13.1147
GO:0060457	12.1147
GO:0060470	13.1147
GO:0060473	13.1147
GO:0060474	13.1147
GO:0060485	9.2078
GO:0060491	7.7572
GO:0060536	13.1147
GO:0060537	8.5912
GO:0060538	9.3074
GO:0060541	7.3868
GO:0060542	13.1147
GO:0060543	13.1147
GO:0060544	10.5298
GO:0060545	13.1147
GO:0060546	11.5298
GO:0060556	12.1147
GO:0060557	13.1147
GO:0060560	8.5912
GO:0060562	8.4709
GO:0060563	11.5298
GO:0060567	12.1147
GO:0060571	13.1147
GO:0060572	13.1147
GO:0060573	12.1147
GO:0060575	13.1147
GO:0060576	13.1147
GO:0060579	13.1147
GO:0060581	10.1147
GO:0060582	11.1147
GO:0060586	11.5298
GO:0060589	6.2945
GO:0060590	10.3074
GO:0060591	13.1147
GO:0060612	13.1147
GO:0060623	11.5298
GO:0060625	13.1147
GO:0060627	6.6718
GO:0060628	11.1147
GO:0060631	12.1147
GO:0060632	9.6553
GO:0060633	11.5298
GO:0060644	13.1147
GO:0060675	13.1147
GO:0060684	13.1147
GO:0060688	12.1147
GO:0060696	13.1147
GO:0060698	13.1147
GO:0060699	13.1147
GO:0060700	13.1147
GO:0060702	13.1147
GO:0060706	13.1147
GO:0060711	13.1147
GO:0060712	13.1147
GO:0060715	13.1147
GO:0060730	13.1147
GO:0060731	13.1147
GO:0060732	13.1147
GO:0060738	13.1147
GO:0060753	13.1147
GO:0060754	13.1147
GO:0060759	7.7224
GO:0060760	8.7928
GO:0060761	9.3074
GO:0060765	10.3074
GO:0060766	11.5298
GO:0060786	12.1147
GO:0060795	13.1147
GO:0060810	9.3074
GO:0060811	9.5298
GO:0060828	7.3598
GO:0060836	12.1147
GO:0060838	13.1147
GO:0060839	12.1147
GO:0060840	12.1147
GO:0060856	10.1147
GO:0060857	10.3074
GO:0060903	13.1147
GO:0060904	13.1147
GO:0060907	13.1147
GO:0060911	11.5298
GO:0060912	13.1147
GO:0060913	13.1147
GO:0060914	12.1147
GO:0060923	13.1147
GO:0060956	13.1147
GO:0060957	13.1147
GO:0060962	11.1147
GO:0060964	9.9448
GO:0060965	10.7928
GO:0060966	9.7928
GO:0060967	10.5298
GO:0060972	9.6553
GO:0060988	11.1147
GO:0060993	12.1147
GO:0060996	11.1147
GO:0060997	13.1147
GO:0060998	13.1147
GO:0060999	13.1147
GO:0061005	13.1147
GO:0061008	11.5298
GO:0061013	7.5298
GO:0061014	8.2078
GO:0061015	12.1147
GO:0061024	5.3009
GO:0061025	7.5298
GO:0061028	10.7928
GO:0061035	11.5298
GO:0061036	11.5298
GO:0061041	8.7928
GO:0061042	12.1147
GO:0061043	12.1147
GO:0061044	12.1147
GO:0061045	9.9448
GO:0061046	13.1147
GO:0061048	13.1147
GO:0061057	10.5298
GO:0061058	9.4143
GO:0061059	11.5298
GO:0061060	9.7928
GO:0061061	7.0062
GO:0061081	13.1147
GO:0061091	11.1147
GO:0061092	13.1147
GO:0061093	13.1147
GO:0061097	9.5298
GO:0061098	11.1147
GO:0061099	10.3074
GO:0061101	13.1147
GO:0061133	9.3074
GO:0061134	7.4423
GO:0061135	7.7224
GO:0061136	7.6229
GO:0061138	9.2078
GO:0061154	13.1147
GO:0061157	8.4143
GO:0061158	12.1147
GO:0061162	11.1147
GO:0061163	13.1147
GO:0061174	10.3074
GO:0061176	11.5298
GO:0061177	13.1147
GO:0061178	11.1147
GO:0061180	13.1147
GO:0061183	12.1147
GO:0061184	12.1147
GO:0061186	13.1147
GO:0061187	12.1147
GO:0061188	13.1147
GO:0061189	13.1147
GO:0061190	13.1147
GO:0061200	11.1147
GO:0061202	11.1147
GO:0061245	9.4143
GO:0061303	13.1147
GO:0061311	11.5298
GO:0061314	13.1147
GO:0061316	12.1147
GO:0061318	12.1147
GO:0061319	12.1147
GO:0061320	12.1147
GO:0061326	10.3074
GO:0061327	13.1147
GO:0061328	13.1147
GO:0061331	12.1147
GO:0061332	13.1147
GO:0061333	10.5298
GO:0061337	8.9448
GO:0061339	11.1147
GO:0061343	11.1147
GO:0061351	9.5298
GO:0061355	12.1147
GO:0061356	10.7928
GO:0061357	11.1147
GO:0061358	13.1147
GO:0061365	12.1147
GO:0061370	13.1147
GO:0061371	12.1147
GO:0061382	12.1147
GO:0061387	10.7928
GO:0061431	13.1147
GO:0061436	11.5298
GO:0061437	12.1147
GO:0061438	13.1147
GO:0061439	13.1147
GO:0061440	12.1147
GO:0061441	13.1147
GO:0061443	13.1147
GO:0061445	13.1147
GO:0061448	9.3074
GO:0061458	8.2078
GO:0061459	10.3074
GO:0061462	9.5298
GO:0061484	12.1147
GO:0061501	12.1147
GO:0061503	12.1147
GO:0061504	12.1147
GO:0061507	12.1147
GO:0061512	10.1147
GO:0061513	12.1147
GO:0061515	11.5298
GO:0061517	13.1147
GO:0061518	13.1147
GO:0061523	12.1147
GO:0061525	10.5298
GO:0061526	13.1147
GO:0061542	13.1147
GO:0061564	7.0703
GO:0061572	8.9448
GO:0061575	12.1147
GO:0061578	10.3074
GO:0061580	13.1147
GO:0061582	13.1147
GO:0061606	13.1147
GO:0061608	10.7928
GO:0061609	13.1147
GO:0061615	10.5298
GO:0061617	10.7928
GO:0061620	10.5298
GO:0061621	10.5298
GO:0061628	13.1147
GO:0061629	7.0486
GO:0061630	7.2321
GO:0061631	10.3074
GO:0061635	11.1147
GO:0061638	13.1147
GO:0061640	7.0703
GO:0061643	13.1147
GO:0061645	8.7224
GO:0061649	13.1147
GO:0061650	10.1147
GO:0061656	13.1147
GO:0061659	7.0273
GO:0061663	13.1147
GO:0061665	10.7928
GO:0061668	12.1147
GO:0061670	12.1147
GO:0061673	12.1147
GO:0061676	13.1147
GO:0061684	11.5298
GO:0061685	13.1147
GO:0061687	10.1147
GO:0061689	12.1147
GO:0061691	11.5298
GO:0061692	12.1147
GO:0061695	5.8018
GO:0061696	12.1147
GO:0061697	13.1147
GO:0061698	13.1147
GO:0061700	10.5298
GO:0061702	10.5298
GO:0061709	10.3074
GO:0061710	13.1147
GO:0061711	13.1147
GO:0061714	12.1147
GO:0061723	11.5298
GO:0061724	12.1147
GO:0061731	11.5298
GO:0061733	9.2078
GO:0061734	11.5298
GO:0061736	13.1147
GO:0061738	13.1147
GO:0061739	13.1147
GO:0061740	12.1147
GO:0061744	13.1147
GO:0061753	12.1147
GO:0061756	11.1147
GO:0061760	12.1147
GO:0061763	12.1147
GO:0061769	13.1147
GO:0061770	11.5298
GO:0061771	13.1147
GO:0061773	12.1147
GO:0061783	11.1147
GO:0061792	13.1147
GO:0061793	13.1147
GO:0061802	13.1147
GO:0061803	12.1147
GO:0061815	13.1147
GO:0061819	12.1147
GO:0061820	12.1147
GO:0061827	10.7928
GO:0061842	10.5298
GO:0061844	8.6553
GO:0061851	13.1147
GO:0061852	11.5298
GO:0061857	13.1147
GO:0061864	12.1147
GO:0061865	12.1147
GO:0061867	13.1147
GO:0061883	12.1147
GO:0061888	13.1147
GO:0061896	13.1147
GO:0061897	13.1147
GO:0061898	13.1147
GO:0061899	13.1147
GO:0061900	12.1147
GO:0061908	12.1147
GO:0061909	11.1147
GO:0061919	5.8859
GO:0061928	12.1147
GO:0061929	13.1147
GO:0061944	12.1147
GO:0061945	11.5298
GO:0061951	9.1147
GO:0061952	9.5298
GO:0061953	12.1147
GO:0061966	11.5298
GO:0061980	9.6553
GO:0061982	7.3598
GO:0061983	10.1147
GO:0061988	10.7928
GO:0062009	11.5298
GO:0062012	7.3074
GO:0062013	8.5298
GO:0062014	8.7928
GO:0062033	12.1147
GO:0062035	12.1147
GO:0062037	13.1147
GO:0062054	13.1147
GO:0062061	13.1147
GO:0062064	13.1147
GO:0062072	13.1147
GO:0062073	13.1147
GO:0062076	13.1147
GO:0062080	13.1147
GO:0062082	13.1147
GO:0062092	13.1147
GO:0062098	10.5298
GO:0062099	11.5298
GO:0062100	13.1147
GO:0062105	11.5298
GO:0062111	13.1147
GO:0062124	13.1147
GO:0062125	9.1147
GO:0062128	13.1147
GO:0062129	10.1147
GO:0062137	11.1147
GO:0062151	13.1147
GO:0062152	13.1147
GO:0062157	13.1147
GO:0062173	12.1147
GO:0062175	13.1147
GO:0062176	11.5298
GO:0062179	12.1147
GO:0062180	13.1147
GO:0062181	12.1147
GO:0062183	13.1147
GO:0062197	6.7928
GO:0062207	7.7224
GO:0062208	9.1147
GO:0062232	12.1147
GO:0062234	12.1147
GO:0065001	11.1147
GO:0065002	8.1147
GO:0065003	4.4494
GO:0065004	7.4423
GO:0065005	9.7928
GO:0065007	1.4881
GO:0065008	3.7771
GO:0065009	4.6759
GO:0065010	3.4388
GO:0070001	10.1147
GO:0070003	13.1147
GO:0070004	13.1147
GO:0070005	13.1147
GO:0070006	10.3074
GO:0070008	12.1147
GO:0070013	2.1175
GO:0070021	13.1147
GO:0070025	13.1147
GO:0070026	13.1147
GO:0070034	10.7928
GO:0070037	12.1147
GO:0070039	13.1147
GO:0070050	9.4143
GO:0070051	13.1147
GO:0070053	12.1147
GO:0070058	13.1147
GO:0070059	11.1147
GO:0070061	11.5298
GO:0070062	3.4458
GO:0070063	8.2567
GO:0070064	12.1147
GO:0070069	12.1147
GO:0070070	9.9448
GO:0070071	9.2078
GO:0070072	9.9448
GO:0070080	13.1147
GO:0070081	12.1147
GO:0070083	12.1147
GO:0070086	13.1147
GO:0070089	13.1147
GO:0070092	13.1147
GO:0070095	13.1147
GO:0070096	11.1147
GO:0070097	11.5298
GO:0070098	10.1147
GO:0070102	10.7928
GO:0070106	11.5298
GO:0070110	12.1147
GO:0070119	13.1147
GO:0070120	12.1147
GO:0070124	12.1147
GO:0070126	11.1147
GO:0070127	10.7928
GO:0070129	9.2078
GO:0070130	13.1147
GO:0070131	9.7928
GO:0070141	10.7928
GO:0070144	13.1147
GO:0070156	13.1147
GO:0070159	13.1147
GO:0070160	8.5912
GO:0070161	5.5000
GO:0070163	13.1147
GO:0070165	13.1147
GO:0070166	13.1147
GO:0070167	9.1147
GO:0070168	11.5298
GO:0070169	9.7928
GO:0070180	11.5298
GO:0070181	12.1147
GO:0070182	10.5298
GO:0070184	12.1147
GO:0070187	13.1147
GO:0070192	8.7224
GO:0070193	9.5298
GO:0070194	13.1147
GO:0070195	13.1147
GO:0070198	11.1147
GO:0070199	12.1147
GO:0070201	6.4282
GO:0070202	10.7928
GO:0070203	10.7928
GO:0070206	10.1147
GO:0070207	10.1147
GO:0070210	11.5298
GO:0070211	13.1147
GO:0070212	11.1147
GO:0070213	10.3074
GO:0070224	13.1147
GO:0070227	12.1147
GO:0070228	9.6553
GO:0070229	11.5298
GO:0070230	10.5298
GO:0070231	12.1147
GO:0070232	10.5298
GO:0070233	13.1147
GO:0070234	10.7928
GO:0070239	13.1147
GO:0070241	13.1147
GO:0070250	13.1147
GO:0070252	8.9448
GO:0070254	12.1147
GO:0070255	13.1147
GO:0070257	13.1147
GO:0070259	11.1147
GO:0070260	12.1147
GO:0070262	11.1147
GO:0070266	10.7928
GO:0070268	13.1147
GO:0070269	10.1147
GO:0070273	8.9448
GO:0070274	12.1147
GO:0070278	11.5298
GO:0070279	10.3074
GO:0070286	9.9448
GO:0070291	13.1147
GO:0070292	10.7928
GO:0070293	12.1147
GO:0070294	13.1147
GO:0070296	12.1147
GO:0070300	9.9448
GO:0070301	9.6553
GO:0070302	9.7928
GO:0070303	12.1147
GO:0070304	10.7928
GO:0070305	13.1147
GO:0070306	13.1147
GO:0070310	13.1147
GO:0070314	13.1147
GO:0070316	10.7928
GO:0070317	13.1147
GO:0070318	12.1147
GO:0070320	13.1147
GO:0070324	13.1147
GO:0070325	10.1147
GO:0070326	13.1147
GO:0070327	10.5298
GO:0070328	9.2078
GO:0070330	13.1147
GO:0070336	13.1147
GO:0070339	12.1147
GO:0070340	12.1147
GO:0070358	13.1147
GO:0070370	12.1147
GO:0070371	9.7928
GO:0070372	7.1147
GO:0070373	9.9448
GO:0070374	7.4143
GO:0070376	13.1147
GO:0070378	13.1147
GO:0070381	12.1147
GO:0070382	8.5912
GO:0070383	11.1147
GO:0070390	10.7928
GO:0070391	12.1147
GO:0070401	12.1147
GO:0070402	11.1147
GO:0070403	10.7928
GO:0070404	13.1147
GO:0070407	13.1147
GO:0070410	12.1147
GO:0070411	10.1147
GO:0070412	10.1147
GO:0070417	12.1147
GO:0070418	12.1147
GO:0070419	11.5298
GO:0070424	12.1147
GO:0070426	13.1147
GO:0070427	13.1147
GO:0070431	12.1147
GO:0070432	13.1147
GO:0070434	13.1147
GO:0070436	13.1147
GO:0070443	13.1147
GO:0070449	11.5298
GO:0070453	13.1147
GO:0070455	13.1147
GO:0070458	13.1147
GO:0070461	8.8668
GO:0070462	12.1147
GO:0070463	13.1147
GO:0070475	11.1147
GO:0070476	13.1147
GO:0070478	11.5298
GO:0070481	11.1147
GO:0070482	7.5000
GO:0070485	12.1147
GO:0070486	11.5298
GO:0070487	13.1147
GO:0070488	13.1147
GO:0070489	13.1147
GO:0070492	9.9448
GO:0070493	12.1147
GO:0070494	12.1147
GO:0070495	12.1147
GO:0070498	10.1147
GO:0070506	13.1147
GO:0070507	7.7928
GO:0070508	11.5298
GO:0070509	10.3074
GO:0070513	12.1147
GO:0070516	11.1147
GO:0070522	12.1147
GO:0070523	13.1147
GO:0070527	9.5298
GO:0070528	10.5298
GO:0070530	11.1147
GO:0070531	13.1147
GO:0070534	9.7928
GO:0070536	10.1147
GO:0070539	13.1147
GO:0070542	10.7928
GO:0070550	11.1147
GO:0070551	13.1147
GO:0070552	12.1147
GO:0070555	8.7224
GO:0070561	12.1147
GO:0070562	13.1147
GO:0070564	13.1147
GO:0070566	8.8668
GO:0070567	10.3074
GO:0070568	11.5298
GO:0070569	10.5298
GO:0070570	11.5298
GO:0070572	11.5298
GO:0070573	11.5298
GO:0070574	12.1147
GO:0070576	11.5298
GO:0070578	11.1147
GO:0070579	13.1147
GO:0070583	13.1147
GO:0070585	8.3074
GO:0070587	13.1147
GO:0070588	7.9053
GO:0070590	8.7224
GO:0070591	8.7224
GO:0070592	13.1147
GO:0070594	13.1147
GO:0070602	12.1147
GO:0070603	7.6229
GO:0070611	13.1147
GO:0070612	13.1147
GO:0070613	9.7928
GO:0070622	13.1147
GO:0070623	13.1147
GO:0070626	13.1147
GO:0070628	10.5298
GO:0070633	9.6553
GO:0070634	12.1147
GO:0070635	12.1147
GO:0070636	13.1147
GO:0070637	12.1147
GO:0070638	13.1147
GO:0070640	12.1147
GO:0070644	13.1147
GO:0070646	7.8293
GO:0070647	5.5074
GO:0070649	13.1147
GO:0070651	11.5298
GO:0070652	11.5298
GO:0070661	10.7928
GO:0070663	7.5912
GO:0070664	9.5298
GO:0070665	8.0703
GO:0070666	13.1147
GO:0070668	13.1147
GO:0070669	13.1147
GO:0070670	12.1147
GO:0070671	10.3074
GO:0070672	11.5298
GO:0070673	12.1147
GO:0070676	11.1147
GO:0070679	13.1147
GO:0070681	10.7928
GO:0070682	10.3074
GO:0070692	12.1147
GO:0070695	12.1147
GO:0070696	9.6553
GO:0070697	10.5298
GO:0070698	12.1147
GO:0070699	13.1147
GO:0070700	10.7928
GO:0070704	11.5298
GO:0070715	13.1147
GO:0070717	9.9448
GO:0070721	13.1147
GO:0070723	11.1147
GO:0070724	12.1147
GO:0070725	11.5298
GO:0070726	8.7224
GO:0070728	12.1147
GO:0070729	11.5298
GO:0070731	13.1147
GO:0070732	11.5298
GO:0070733	13.1147
GO:0070735	13.1147
GO:0070736	13.1147
GO:0070737	13.1147
GO:0070739	12.1147
GO:0070740	12.1147
GO:0070741	9.7928
GO:0070757	13.1147
GO:0070761	12.1147
GO:0070762	12.1147
GO:0070765	10.3074
GO:0070772	12.1147
GO:0070775	10.3074
GO:0070776	12.1147
GO:0070777	11.5298
GO:0070778	11.1147
GO:0070779	11.5298
GO:0070781	13.1147
GO:0070783	9.2078
GO:0070784	12.1147
GO:0070813	11.5298
GO:0070814	11.5298
GO:0070820	7.0486
GO:0070821	8.2078
GO:0070822	11.1147
GO:0070823	13.1147
GO:0070828	7.3598
GO:0070830	12.1147
GO:0070831	13.1147
GO:0070836	13.1147
GO:0070837	11.5298
GO:0070840	11.5298
GO:0070841	12.1147
GO:0070842	12.1147
GO:0070843	11.5298
GO:0070844	13.1147
GO:0070845	13.1147
GO:0070847	9.0273
GO:0070848	6.7572
GO:0070849	10.3074
GO:0070851	8.2078
GO:0070853	12.1147
GO:0070854	13.1147
GO:0070855	13.1147
GO:0070857	12.1147
GO:0070859	12.1147
GO:0070860	12.1147
GO:0070864	12.1147
GO:0070865	12.1147
GO:0070873	9.9448
GO:0070874	13.1147
GO:0070875	11.1147
GO:0070876	13.1147
GO:0070877	13.1147
GO:0070878	12.1147
GO:0070879	13.1147
GO:0070880	13.1147
GO:0070883	10.5298
GO:0070884	9.7928
GO:0070885	10.7928
GO:0070886	11.1147
GO:0070887	4.4709
GO:0070888	12.1147
GO:0070889	13.1147
GO:0070891	13.1147
GO:0070897	8.9448
GO:0070898	12.1147
GO:0070900	11.1147
GO:0070901	11.5298
GO:0070905	13.1147
GO:0070911	10.7928
GO:0070914	12.1147
GO:0070918	9.1147
GO:0070920	10.5298
GO:0070922	10.1147
GO:0070925	5.2321
GO:0070934	10.5298
GO:0070935	11.1147
GO:0070936	8.8668
GO:0070937	11.5298
GO:0070938	9.9448
GO:0070939	12.1147
GO:0070941	11.5298
GO:0070942	13.1147
GO:0070943	13.1147
GO:0070944	13.1147
GO:0070945	13.1147
GO:0070948	13.1147
GO:0070949	13.1147
GO:0070953	13.1147
GO:0070960	13.1147
GO:0070961	13.1147
GO:0070965	13.1147
GO:0070966	11.1147
GO:0070971	10.1147
GO:0070972	9.9448
GO:0070976	13.1147
GO:0070977	11.5298
GO:0070979	10.1147
GO:0070983	11.5298
GO:0070984	13.1147
GO:0070985	10.7928
GO:0070987	10.5298
GO:0070988	9.7928
GO:0070989	10.3074
GO:0070990	12.1147
GO:0070991	12.1147
GO:0070993	10.5298
GO:0071000	12.1147
GO:0071001	11.5298
GO:0071004	9.6553
GO:0071005	9.5298
GO:0071006	10.1147
GO:0071007	9.3074
GO:0071008	11.1147
GO:0071010	9.6553
GO:0071011	7.4709
GO:0071012	10.1147
GO:0071013	7.2818
GO:0071014	10.5298
GO:0071025	9.2078
GO:0071026	13.1147
GO:0071027	9.4143
GO:0071028	10.3074
GO:0071031	13.1147
GO:0071034	10.5298
GO:0071035	10.1147
GO:0071036	12.1147
GO:0071037	12.1147
GO:0071038	10.1147
GO:0071039	10.7928
GO:0071040	12.1147
GO:0071041	11.5298
GO:0071042	11.1147
GO:0071044	11.5298
GO:0071047	11.1147
GO:0071051	10.7928
GO:0071062	12.1147
GO:0071071	9.4143
GO:0071072	10.5298
GO:0071073	10.3074
GO:0071074	13.1147
GO:0071103	9.6553
GO:0071104	12.1147
GO:0071107	13.1147
GO:0071108	12.1147
GO:0071109	12.1147
GO:0071139	11.5298
GO:0071140	13.1147
GO:0071141	12.1147
GO:0071144	12.1147
GO:0071159	13.1147
GO:0071162	9.0273
GO:0071163	13.1147
GO:0071168	10.1147
GO:0071169	12.1147
GO:0071173	9.5298
GO:0071174	9.0273
GO:0071203	10.3074
GO:0071204	13.1147
GO:0071209	13.1147
GO:0071211	11.5298
GO:0071212	11.1147
GO:0071214	6.9650
GO:0071216	8.3598
GO:0071218	9.9448
GO:0071219	8.7224
GO:0071220	12.1147
GO:0071221	12.1147
GO:0071222	9.0273
GO:0071223	12.1147
GO:0071224	11.5298
GO:0071225	13.1147
GO:0071226	13.1147
GO:0071229	8.6553
GO:0071230	8.9448
GO:0071231	13.1147
GO:0071233	10.7928
GO:0071236	13.1147
GO:0071242	11.5298
GO:0071243	10.1147
GO:0071244	11.5298
GO:0071248	7.9448
GO:0071254	11.5298
GO:0071255	13.1147
GO:0071256	10.7928
GO:0071257	13.1147
GO:0071260	9.0273
GO:0071261	12.1147
GO:0071276	9.2078
GO:0071277	9.9448
GO:0071280	12.1147
GO:0071281	11.5298
GO:0071285	11.5298
GO:0071294	10.7928
GO:0071295	11.1147
GO:0071300	9.6553
GO:0071305	12.1147
GO:0071307	13.1147
GO:0071311	13.1147
GO:0071312	10.7928
GO:0071313	12.1147
GO:0071314	13.1147
GO:0071316	11.1147
GO:0071318	11.1147
GO:0071320	11.1147
GO:0071322	10.5298
GO:0071324	12.1147
GO:0071326	12.1147
GO:0071329	12.1147
GO:0071331	12.1147
GO:0071332	13.1147
GO:0071333	13.1147
GO:0071339	9.9448
GO:0071344	13.1147
GO:0071345	6.4005
GO:0071346	9.1147
GO:0071347	9.0273
GO:0071349	10.3074
GO:0071350	11.5298
GO:0071351	12.1147
GO:0071352	13.1147
GO:0071353	12.1147
GO:0071354	9.7928
GO:0071355	12.1147
GO:0071356	8.1605
GO:0071357	10.5298
GO:0071359	10.3074
GO:0071360	10.5298
GO:0071361	11.1147
GO:0071363	6.7928
GO:0071364	10.5298
GO:0071371	13.1147
GO:0071372	13.1147
GO:0071374	13.1147
GO:0071375	8.5298
GO:0071377	13.1147
GO:0071378	10.5298
GO:0071379	11.5298
GO:0071380	12.1147
GO:0071383	9.0273
GO:0071384	11.5298
GO:0071385	12.1147
GO:0071390	11.1147
GO:0071391	12.1147
GO:0071392	11.1147
GO:0071394	13.1147
GO:0071395	12.1147
GO:0071396	7.0924
GO:0071397	13.1147
GO:0071398	10.7928
GO:0071400	13.1147
GO:0071402	10.7928
GO:0071403	13.1147
GO:0071404	11.1147
GO:0071406	13.1147
GO:0071415	11.5298
GO:0071418	13.1147
GO:0071420	12.1147
GO:0071421	11.5298
GO:0071422	11.5298
GO:0071423	13.1147
GO:0071425	12.1147
GO:0071439	13.1147
GO:0071444	12.1147
GO:0071450	11.5298
GO:0071451	11.5298
GO:0071453	8.4709
GO:0071455	12.1147
GO:0071456	8.7224
GO:0071459	9.6553
GO:0071462	11.1147
GO:0071464	13.1147
GO:0071465	11.5298
GO:0071466	7.2567
GO:0071467	10.5298
GO:0071468	10.7928
GO:0071470	10.5298
GO:0071472	13.1147
GO:0071474	12.1147
GO:0071476	13.1147
GO:0071478	7.8293
GO:0071479	9.5298
GO:0071480	10.3074
GO:0071481	13.1147
GO:0071482	8.3074
GO:0071483	13.1147
GO:0071492	11.5298
GO:0071493	12.1147
GO:0071495	6.0486
GO:0071496	9.0273
GO:0071498	11.5298
GO:0071499	13.1147
GO:0071501	13.1147
GO:0071503	13.1147
GO:0071504	13.1147
GO:0071526	11.1147
GO:0071532	13.1147
GO:0071535	12.1147
GO:0071539	10.7928
GO:0071542	12.1147
GO:0071543	13.1147
GO:0071544	13.1147
GO:0071545	12.1147
GO:0071550	13.1147
GO:0071554	7.4709
GO:0071555	7.7928
GO:0071558	13.1147
GO:0071559	8.4143
GO:0071560	8.4143
GO:0071561	12.1147
GO:0071564	12.1147
GO:0071566	13.1147
GO:0071567	13.1147
GO:0071569	10.7928
GO:0071577	10.5298
GO:0071578	11.5298
GO:0071585	11.1147
GO:0071588	12.1147
GO:0071593	13.1147
GO:0071595	11.5298
GO:0071596	13.1147
GO:0071597	13.1147
GO:0071598	12.1147
GO:0071603	12.1147
GO:0071614	13.1147
GO:0071616	8.7224
GO:0071617	9.4143
GO:0071618	13.1147
GO:0071621	9.6553
GO:0071622	9.2078
GO:0071623	11.5298
GO:0071624	10.3074
GO:0071625	10.7928
GO:0071626	13.1147
GO:0071629	11.5298
GO:0071630	11.1147
GO:0071632	12.1147
GO:0071634	10.5298
GO:0071635	13.1147
GO:0071636	11.1147
GO:0071637	11.5298
GO:0071638	13.1147
GO:0071639	12.1147
GO:0071640	13.1147
GO:0071641	13.1147
GO:0071649	13.1147
GO:0071650	13.1147
GO:0071652	13.1147
GO:0071654	13.1147
GO:0071655	13.1147
GO:0071657	13.1147
GO:0071661	13.1147
GO:0071663	13.1147
GO:0071667	12.1147
GO:0071671	12.1147
GO:0071672	13.1147
GO:0071673	12.1147
GO:0071674	8.8668
GO:0071675	8.3074
GO:0071676	11.5298
GO:0071677	8.5912
GO:0071679	12.1147
GO:0071680	12.1147
GO:0071681	12.1147
GO:0071682	10.7928
GO:0071683	10.1147
GO:0071684	11.5298
GO:0071688	12.1147
GO:0071689	13.1147
GO:0071692	8.4709
GO:0071693	13.1147
GO:0071694	13.1147
GO:0071695	7.5601
GO:0071705	5.3665
GO:0071709	8.8668
GO:0071711	10.5298
GO:0071714	9.9448
GO:0071715	9.6553
GO:0071716	13.1147
GO:0071722	13.1147
GO:0071723	13.1147
GO:0071724	13.1147
GO:0071725	12.1147
GO:0071726	13.1147
GO:0071727	12.1147
GO:0071731	11.5298
GO:0071732	13.1147
GO:0071735	13.1147
GO:0071745	12.1147
GO:0071746	12.1147
GO:0071748	13.1147
GO:0071749	12.1147
GO:0071751	12.1147
GO:0071753	13.1147
GO:0071754	13.1147
GO:0071756	13.1147
GO:0071763	8.8668
GO:0071772	8.6553
GO:0071773	8.6553
GO:0071774	8.9448
GO:0071781	12.1147
GO:0071782	9.6553
GO:0071786	11.1147
GO:0071791	13.1147
GO:0071795	13.1147
GO:0071796	13.1147
GO:0071797	11.5298
GO:0071798	13.1147
GO:0071799	13.1147
GO:0071801	11.1147
GO:0071803	11.5298
GO:0071805	8.4143
GO:0071806	8.1147
GO:0071813	10.1147
GO:0071814	10.1147
GO:0071816	9.9448
GO:0071817	11.1147
GO:0071818	13.1147
GO:0071819	13.1147
GO:0071821	12.1147
GO:0071824	7.0924
GO:0071825	8.7224
GO:0071826	6.6069
GO:0071827	9.1147
GO:0071830	12.1147
GO:0071834	13.1147
GO:0071837	13.1147
GO:0071840	2.2716
GO:0071846	13.1147
GO:0071852	7.5298
GO:0071855	12.1147
GO:0071867	10.5298
GO:0071868	10.5298
GO:0071869	10.5298
GO:0071870	10.5298
GO:0071871	13.1147
GO:0071872	13.1147
GO:0071875	11.1147
GO:0071880	13.1147
GO:0071885	12.1147
GO:0071886	13.1147
GO:0071887	11.1147
GO:0071888	13.1147
GO:0071889	11.5298
GO:0071895	13.1147
GO:0071896	12.1147
GO:0071897	8.0273
GO:0071900	6.9854
GO:0071901	8.4143
GO:0071902	8.0703
GO:0071906	13.1147
GO:0071907	11.5298
GO:0071910	12.1147
GO:0071913	13.1147
GO:0071916	13.1147
GO:0071918	12.1147
GO:0071919	13.1147
GO:0071920	13.1147
GO:0071927	13.1147
GO:0071929	13.1147
GO:0071932	12.1147
GO:0071933	11.1147
GO:0071934	12.1147
GO:0071940	8.7224
GO:0071941	10.7928
GO:0071943	13.1147
GO:0071944	2.3590
GO:0071947	12.1147
GO:0071949	9.7928
GO:0071951	12.1147
GO:0071953	11.5298
GO:0071963	13.1147
GO:0071966	13.1147
GO:0071985	8.1605
GO:0071986	10.3074
GO:0071987	11.5298
GO:0071988	13.1147
GO:0072001	9.0273
GO:0072002	10.7928
GO:0072006	10.7928
GO:0072007	13.1147
GO:0072008	13.1147
GO:0072009	13.1147
GO:0072012	13.1147
GO:0072017	13.1147
GO:0072021	13.1147
GO:0072028	13.1147
GO:0072044	13.1147
GO:0072050	13.1147
GO:0072055	13.1147
GO:0072059	13.1147
GO:0072070	13.1147
GO:0072073	13.1147
GO:0072074	13.1147
GO:0072075	13.1147
GO:0072078	13.1147
GO:0072080	13.1147
GO:0072088	13.1147
GO:0072089	11.1147
GO:0072091	9.9448
GO:0072109	13.1147
GO:0072124	12.1147
GO:0072125	13.1147
GO:0072126	13.1147
GO:0072143	13.1147
GO:0072144	13.1147
GO:0072148	12.1147
GO:0072163	13.1147
GO:0072164	13.1147
GO:0072170	13.1147
GO:0072171	13.1147
GO:0072175	11.5298
GO:0072176	13.1147
GO:0072177	13.1147
GO:0072194	13.1147
GO:0072201	13.1147
GO:0072205	13.1147
GO:0072207	13.1147
GO:0072208	13.1147
GO:0072210	13.1147
GO:0072214	13.1147
GO:0072218	13.1147
GO:0072219	13.1147
GO:0072234	13.1147
GO:0072235	13.1147
GO:0072236	13.1147
GO:0072243	13.1147
GO:0072273	13.1147
GO:0072284	13.1147
GO:0072318	13.1147
GO:0072319	12.1147
GO:0072320	12.1147
GO:0072329	7.3868
GO:0072330	6.8859
GO:0072331	9.4143
GO:0072332	9.5298
GO:0072334	11.5298
GO:0072337	9.4143
GO:0072338	13.1147
GO:0072340	13.1147
GO:0072341	8.4709
GO:0072344	9.4143
GO:0072345	13.1147
GO:0072347	11.5298
GO:0072348	8.4709
GO:0072349	9.5298
GO:0072350	10.1147
GO:0072354	13.1147
GO:0072356	13.1147
GO:0072357	12.1147
GO:0072359	6.7572
GO:0072375	11.1147
GO:0072376	9.6553
GO:0072378	11.5298
GO:0072379	10.7928
GO:0072383	12.1147
GO:0072384	9.0273
GO:0072385	13.1147
GO:0072386	12.1147
GO:0072387	11.5298
GO:0072388	13.1147
GO:0072389	13.1147
GO:0072393	13.1147
GO:0072396	11.5298
GO:0072402	12.1147
GO:0072414	13.1147
GO:0072417	13.1147
GO:0072423	12.1147
GO:0072476	13.1147
GO:0072479	13.1147
GO:0072485	13.1147
GO:0072487	12.1147
GO:0072488	10.7928
GO:0072497	13.1147
GO:0072498	12.1147
GO:0072499	12.1147
GO:0072521	5.7138
GO:0072522	6.8293
GO:0072523	8.0273
GO:0072524	7.1605
GO:0072525	9.2078
GO:0072526	8.7224
GO:0072527	7.6885
GO:0072528	8.4143
GO:0072529	9.6553
GO:0072530	10.3074
GO:0072531	11.1147
GO:0072538	11.1147
GO:0072539	11.5298
GO:0072540	11.5298
GO:0072542	11.1147
GO:0072545	12.1147
GO:0072546	10.1147
GO:0072553	12.1147
GO:0072558	12.1147
GO:0072559	11.1147
GO:0072562	7.2818
GO:0072572	12.1147
GO:0072573	13.1147
GO:0072578	12.1147
GO:0072582	12.1147
GO:0072583	9.6553
GO:0072584	12.1147
GO:0072588	11.1147
GO:0072589	11.5298
GO:0072590	13.1147
GO:0072592	13.1147
GO:0072593	8.7928
GO:0072594	5.9053
GO:0072595	9.6553
GO:0072599	8.4709
GO:0072657	6.9650
GO:0072659	7.6229
GO:0072662	9.6553
GO:0072663	9.4143
GO:0072665	7.2818
GO:0072666	7.4709
GO:0072669	10.7928
GO:0072671	10.5298
GO:0072672	12.1147
GO:0072676	10.3074
GO:0072677	11.5298
GO:0072678	10.7928
GO:0072683	12.1147
GO:0072686	7.3868
GO:0072687	10.1147
GO:0072697	11.5298
GO:0072698	9.7928
GO:0072702	13.1147
GO:0072708	13.1147
GO:0072709	13.1147
GO:0072710	11.1147
GO:0072711	11.1147
GO:0072716	13.1147
GO:0072717	13.1147
GO:0072718	13.1147
GO:0072719	13.1147
GO:0072733	13.1147
GO:0072734	13.1147
GO:0072739	13.1147
GO:0072740	13.1147
GO:0072741	12.1147
GO:0072742	13.1147
GO:0072749	13.1147
GO:0072757	13.1147
GO:0072765	12.1147
GO:0075294	10.3074
GO:0075296	11.5298
GO:0075342	13.1147
GO:0075506	13.1147
GO:0075509	12.1147
GO:0075522	11.5298
GO:0075523	13.1147
GO:0075525	13.1147
GO:0075713	13.1147
GO:0075732	13.1147
GO:0075733	11.5298
GO:0080008	9.6553
GO:0080019	13.1147
GO:0080025	9.9448
GO:0080058	13.1147
GO:0080084	13.1147
GO:0080090	2.9932
GO:0080129	12.1147
GO:0080132	12.1147
GO:0080134	4.5487
GO:0080135	6.2692
GO:0080164	10.3074
GO:0080171	9.1147
GO:0080188	13.1147
GO:0085020	12.1147
GO:0085029	11.1147
GO:0086001	9.6553
GO:0086002	10.5298
GO:0086003	10.5298
GO:0086004	10.3074
GO:0086005	12.1147
GO:0086006	12.1147
GO:0086008	11.1147
GO:0086009	9.9448
GO:0086010	10.7928
GO:0086011	10.5298
GO:0086012	11.1147
GO:0086013	10.5298
GO:0086014	12.1147
GO:0086015	13.1147
GO:0086016	13.1147
GO:0086018	13.1147
GO:0086026	12.1147
GO:0086027	13.1147
GO:0086028	13.1147
GO:0086036	13.1147
GO:0086039	13.1147
GO:0086042	12.1147
GO:0086043	13.1147
GO:0086050	13.1147
GO:0086052	13.1147
GO:0086064	10.5298
GO:0086065	9.5298
GO:0086066	12.1147
GO:0086067	13.1147
GO:0086069	11.1147
GO:0086070	13.1147
GO:0086073	12.1147
GO:0086080	13.1147
GO:0086083	13.1147
GO:0086087	13.1147
GO:0086089	12.1147
GO:0086090	13.1147
GO:0086091	9.6553
GO:0086100	13.1147
GO:0089701	12.1147
GO:0089709	11.5298
GO:0089718	8.7928
GO:0089720	10.5298
GO:0090022	9.7928
GO:0090023	10.3074
GO:0090024	11.5298
GO:0090025	9.6553
GO:0090026	9.9448
GO:0090027	13.1147
GO:0090030	10.3074
GO:0090031	12.1147
GO:0090032	11.5298
GO:0090036	11.1147
GO:0090037	12.1147
GO:0090038	12.1147
GO:0090042	12.1147
GO:0090043	12.1147
GO:0090049	10.3074
GO:0090050	11.1147
GO:0090051	11.5298
GO:0090054	13.1147
GO:0090062	13.1147
GO:0090063	11.5298
GO:0090066	6.5912
GO:0090067	13.1147
GO:0090068	6.8859
GO:0090069	10.7928
GO:0090070	12.1147
GO:0090071	12.1147
GO:0090075	12.1147
GO:0090077	11.5298
GO:0090083	10.7928
GO:0090084	11.5298
GO:0090085	10.3074
GO:0090086	11.5298
GO:0090087	8.4143
GO:0090088	13.1147
GO:0090089	13.1147
GO:0090090	8.6553
GO:0090091	12.1147
GO:0090092	7.0486
GO:0090100	8.1605
GO:0090101	7.8668
GO:0090102	12.1147
GO:0090103	13.1147
GO:0090109	9.6553
GO:0090110	11.1147
GO:0090114	9.5298
GO:0090118	13.1147
GO:0090119	13.1147
GO:0090130	8.2078
GO:0090132	8.3598
GO:0090136	11.1147
GO:0090140	9.5298
GO:0090141	9.6553
GO:0090148	11.5298
GO:0090150	6.6069
GO:0090153	11.1147
GO:0090154	13.1147
GO:0090155	12.1147
GO:0090156	11.1147
GO:0090158	10.5298
GO:0090160	10.7928
GO:0090161	11.1147
GO:0090162	10.5298
GO:0090163	13.1147
GO:0090166	13.1147
GO:0090168	13.1147
GO:0090169	9.3074
GO:0090170	11.5298
GO:0090174	7.6885
GO:0090175	12.1147
GO:0090181	10.5298
GO:0090199	9.4143
GO:0090200	11.1147
GO:0090201	10.1147
GO:0090205	13.1147
GO:0090206	12.1147
GO:0090207	9.6553
GO:0090208	9.9448
GO:0090209	13.1147
GO:0090218	12.1147
GO:0090224	9.0273
GO:0090231	10.7928
GO:0090232	11.5298
GO:0090234	13.1147
GO:0090235	10.7928
GO:0090251	13.1147
GO:0090254	13.1147
GO:0090255	13.1147
GO:0090257	8.3598
GO:0090261	13.1147
GO:0090262	11.5298
GO:0090263	8.1147
GO:0090266	10.7928
GO:0090267	11.5298
GO:0090268	13.1147
GO:0090270	12.1147
GO:0090271	13.1147
GO:0090272	13.1147
GO:0090276	8.4709
GO:0090277	9.5298
GO:0090278	11.5298
GO:0090279	9.7928
GO:0090280	11.1147
GO:0090281	12.1147
GO:0090287	7.0924
GO:0090288	8.4143
GO:0090296	10.7928
GO:0090297	11.1147
GO:0090303	9.6553
GO:0090304	3.2367
GO:0090306	9.6553
GO:0090307	8.6553
GO:0090310	12.1147
GO:0090311	11.5298
GO:0090312	13.1147
GO:0090313	10.3074
GO:0090314	10.5298
GO:0090315	13.1147
GO:0090316	9.1147
GO:0090317	10.3074
GO:0090322	10.7928
GO:0090328	12.1147
GO:0090329	8.8668
GO:0090330	11.5298
GO:0090334	13.1147
GO:0090335	12.1147
GO:0090336	13.1147
GO:0090337	11.1147
GO:0090338	12.1147
GO:0090345	13.1147
GO:0090346	13.1147
GO:0090364	13.1147
GO:0090369	13.1147
GO:0090374	13.1147
GO:0090382	10.5298
GO:0090383	12.1147
GO:0090385	11.1147
GO:0090394	12.1147
GO:0090398	9.3074
GO:0090399	13.1147
GO:0090400	13.1147
GO:0090407	5.3074
GO:0090409	13.1147
GO:0090410	13.1147
GO:0090422	13.1147
GO:0090433	13.1147
GO:0090435	11.1147
GO:0090443	12.1147
GO:0090472	13.1147
GO:0090480	13.1147
GO:0090481	10.3074
GO:0090482	8.9448
GO:0090486	12.1147
GO:0090493	12.1147
GO:0090494	12.1147
GO:0090504	9.9448
GO:0090505	9.9448
GO:0090520	12.1147
GO:0090521	13.1147
GO:0090528	13.1147
GO:0090529	13.1147
GO:0090533	8.3074
GO:0090541	11.5298
GO:0090543	10.1147
GO:0090545	10.7928
GO:0090549	13.1147
GO:0090554	12.1147
GO:0090555	11.1147
GO:0090557	12.1147
GO:0090559	9.7928
GO:0090560	11.5298
GO:0090571	11.5298
GO:0090575	6.8859
GO:0090576	13.1147
GO:0090592	9.7928
GO:0090594	10.5298
GO:0090596	7.3868
GO:0090598	11.5298
GO:0090599	10.3074
GO:0090615	11.1147
GO:0090619	13.1147
GO:0090624	12.1147
GO:0090625	13.1147
GO:0090630	10.3074
GO:0090646	9.5298
GO:0090656	11.5298
GO:0090657	11.5298
GO:0090659	13.1147
GO:0090661	11.5298
GO:0090663	13.1147
GO:0090665	11.1147
GO:0090666	12.1147
GO:0090669	12.1147
GO:0090670	12.1147
GO:0090685	12.1147
GO:0090722	13.1147
GO:0090734	7.7928
GO:0090735	10.7928
GO:0090737	11.5298
GO:0090741	10.5298
GO:0095500	12.1147
GO:0097001	10.3074
GO:0097002	12.1147
GO:0097003	12.1147
GO:0097004	13.1147
GO:0097006	8.6553
GO:0097009	11.1147
GO:0097011	12.1147
GO:0097012	12.1147
GO:0097013	12.1147
GO:0097014	8.1147
GO:0097017	13.1147
GO:0097020	13.1147
GO:0097025	13.1147
GO:0097027	12.1147
GO:0097028	11.1147
GO:0097029	13.1147
GO:0097035	9.2078
GO:0097036	13.1147
GO:0097037	13.1147
GO:0097038	10.1147
GO:0097039	11.5298
GO:0097051	12.1147
GO:0097055	13.1147
GO:0097058	13.1147
GO:0097059	13.1147
GO:0097060	9.3074
GO:0097061	12.1147
GO:0097062	13.1147
GO:0097080	12.1147
GO:0097089	12.1147
GO:0097090	12.1147
GO:0097094	12.1147
GO:0097100	13.1147
GO:0097105	13.1147
GO:0097108	11.5298
GO:0097110	8.6553
GO:0097112	13.1147
GO:0097124	13.1147
GO:0097128	12.1147
GO:0097129	12.1147
GO:0097130	13.1147
GO:0097136	13.1147
GO:0097149	13.1147
GO:0097150	11.5298
GO:0097154	13.1147
GO:0097156	13.1147
GO:0097157	11.5298
GO:0097158	12.1147
GO:0097163	13.1147
GO:0097165	12.1147
GO:0097169	11.5298
GO:0097176	11.1147
GO:0097177	11.5298
GO:0097178	12.1147
GO:0097179	11.5298
GO:0097180	12.1147
GO:0097184	13.1147
GO:0097185	13.1147
GO:0097186	12.1147
GO:0097187	13.1147
GO:0097190	7.1147
GO:0097191	8.7224
GO:0097192	13.1147
GO:0097193	8.2567
GO:0097194	10.1147
GO:0097196	11.1147
GO:0097205	10.5298
GO:0097206	12.1147
GO:0097208	13.1147
GO:0097209	11.5298
GO:0097212	12.1147
GO:0097222	12.1147
GO:0097225	10.3074
GO:0097227	10.7928
GO:0097228	12.1147
GO:0097237	8.8668
GO:0097238	12.1147
GO:0097240	13.1147
GO:0097241	13.1147
GO:0097242	11.5298
GO:0097243	13.1147
GO:0097250	12.1147
GO:0097254	10.7928
GO:0097255	10.3074
GO:0097258	12.1147
GO:0097259	12.1147
GO:0097264	11.5298
GO:0097267	10.1147
GO:0097268	13.1147
GO:0097269	13.1147
GO:0097271	10.5298
GO:0097272	13.1147
GO:0097278	13.1147
GO:0097284	13.1147
GO:0097292	12.1147
GO:0097293	12.1147
GO:0097294	12.1147
GO:0097300	10.3074
GO:0097305	7.5912
GO:0097306	9.0273
GO:0097320	9.9448
GO:0097322	12.1147
GO:0097325	13.1147
GO:0097342	12.1147
GO:0097345	13.1147
GO:0097346	8.8668
GO:0097350	12.1147
GO:0097352	8.2567
GO:0097354	10.5298
GO:0097356	13.1147
GO:0097361	11.5298
GO:0097362	13.1147
GO:0097363	13.1147
GO:0097367	5.2199
GO:0097371	11.5298
GO:0097372	13.1147
GO:0097373	13.1147
GO:0097374	13.1147
GO:0097381	11.1147
GO:0097386	13.1147
GO:0097396	13.1147
GO:0097398	13.1147
GO:0097400	13.1147
GO:0097418	13.1147
GO:0097421	13.1147
GO:0097422	13.1147
GO:0097431	9.3074
GO:0097435	6.6390
GO:0097440	13.1147
GO:0097447	7.6229
GO:0097449	13.1147
GO:0097452	11.5298
GO:0097466	13.1147
GO:0097468	13.1147
GO:0097472	10.5298
GO:0097479	11.1147
GO:0097482	11.5298
GO:0097484	13.1147
GO:0097485	7.7224
GO:0097486	11.5298
GO:0097487	12.1147
GO:0097489	13.1147
GO:0097494	12.1147
GO:0097499	13.1147
GO:0097501	10.5298
GO:0097503	11.1147
GO:0097504	12.1147
GO:0097505	13.1147
GO:0097506	11.5298
GO:0097510	13.1147
GO:0097512	11.5298
GO:0097517	10.1147
GO:0097524	11.5298
GO:0097525	8.0703
GO:0097526	8.7224
GO:0097527	11.1147
GO:0097529	8.7224
GO:0097530	9.3074
GO:0097539	12.1147
GO:0097542	9.1147
GO:0097546	10.1147
GO:0097551	13.1147
GO:0097552	13.1147
GO:0097553	9.5298
GO:0097574	13.1147
GO:0097576	9.5298
GO:0097581	9.7928
GO:0097582	13.1147
GO:0097583	13.1147
GO:0097584	13.1147
GO:0097585	13.1147
GO:0097586	13.1147
GO:0097587	13.1147
GO:0097602	9.9448
GO:0097603	12.1147
GO:0097604	12.1147
GO:0097621	10.5298
GO:0097623	11.1147
GO:0097629	13.1147
GO:0097632	13.1147
GO:0097638	12.1147
GO:0097639	13.1147
GO:0097640	13.1147
GO:0097642	12.1147
GO:0097643	12.1147
GO:0097644	12.1147
GO:0097646	12.1147
GO:0097647	12.1147
GO:0097648	11.1147
GO:0097651	11.1147
GO:0097677	12.1147
GO:0097680	12.1147
GO:0097682	13.1147
GO:0097688	13.1147
GO:0097696	9.4143
GO:0097708	3.5167
GO:0097709	13.1147
GO:0097712	13.1147
GO:0097718	9.9448
GO:0097720	12.1147
GO:0097722	8.9448
GO:0097729	8.2567
GO:0097730	9.3074
GO:0097731	9.7928
GO:0097733	10.3074
GO:0097734	11.1147
GO:0097745	11.5298
GO:0097746	10.3074
GO:0097747	9.3074
GO:0097749	13.1147
GO:0097750	13.1147
GO:0097752	11.5298
GO:0097753	11.5298
GO:0098505	12.1147
GO:0098527	13.1147
GO:0098531	9.5298
GO:0098533	8.0703
GO:0098534	10.5298
GO:0098542	5.9053
GO:0098543	9.7928
GO:0098548	12.1147
GO:0098552	6.2945
GO:0098553	9.5298
GO:0098554	10.5298
GO:0098559	12.1147
GO:0098562	7.1840
GO:0098574	12.1147
GO:0098575	13.1147
GO:0098576	9.0273
GO:0098581	9.5298
GO:0098583	13.1147
GO:0098586	9.7928
GO:0098588	3.5659
GO:0098590	5.4637
GO:0098592	11.5298
GO:0098594	13.1147
GO:0098595	12.1147
GO:0098596	13.1147
GO:0098597	13.1147
GO:0098598	12.1147
GO:0098599	12.1147
GO:0098609	6.9650
GO:0098619	13.1147
GO:0098624	13.1147
GO:0098627	13.1147
GO:0098628	13.1147
GO:0098631	10.3074
GO:0098632	11.1147
GO:0098634	13.1147
GO:0098635	13.1147
GO:0098636	9.4143
GO:0098637	13.1147
GO:0098639	13.1147
GO:0098641	12.1147
GO:0098653	12.1147
GO:0098655	6.2444
GO:0098656	9.0273
GO:0098657	5.6471
GO:0098658	13.1147
GO:0098659	9.0273
GO:0098664	12.1147
GO:0098665	12.1147
GO:0098666	12.1147
GO:0098687	5.7484
GO:0098691	11.5298
GO:0098693	10.7928
GO:0098700	11.1147
GO:0098703	12.1147
GO:0098704	11.1147
GO:0098708	11.5298
GO:0098711	13.1147
GO:0098712	11.1147
GO:0098718	13.1147
GO:0098719	10.5298
GO:0098722	10.1147
GO:0098724	12.1147
GO:0098725	12.1147
GO:0098727	8.0703
GO:0098728	10.1147
GO:0098729	12.1147
GO:0098730	12.1147
GO:0098732	9.9448
GO:0098734	12.1147
GO:0098735	13.1147
GO:0098739	7.6553
GO:0098743	13.1147
GO:0098754	8.2567
GO:0098770	13.1147
GO:0098771	6.1489
GO:0098772	4.1929
GO:0098773	10.1147
GO:0098780	11.5298
GO:0098782	13.1147
GO:0098791	6.1959
GO:0098792	13.1147
GO:0098793	7.3074
GO:0098794	7.9448
GO:0098795	12.1147
GO:0098796	4.3665
GO:0098797	5.8201
GO:0098798	5.6801
GO:0098799	9.0273
GO:0098800	8.0273
GO:0098801	12.1147
GO:0098802	7.4423
GO:0098803	11.5298
GO:0098808	12.1147
GO:0098809	11.5298
GO:0098810	10.3074
GO:0098813	6.4854
GO:0098815	12.1147
GO:0098821	12.1147
GO:0098826	13.1147
GO:0098827	4.5640
GO:0098831	13.1147
GO:0098833	13.1147
GO:0098837	13.1147
GO:0098838	12.1147
GO:0098839	13.1147
GO:0098840	13.1147
GO:0098845	13.1147
GO:0098846	13.1147
GO:0098847	10.1147
GO:0098849	11.1147
GO:0098852	5.4352
GO:0098856	11.5298
GO:0098857	7.1374
GO:0098858	8.2567
GO:0098862	10.5298
GO:0098866	13.1147
GO:0098868	12.1147
GO:0098869	10.3074
GO:0098871	13.1147
GO:0098876	7.4143
GO:0098878	10.3074
GO:0098900	9.7928
GO:0098901	10.7928
GO:0098902	12.1147
GO:0098903	12.1147
GO:0098905	13.1147
GO:0098908	11.5298
GO:0098909	11.5298
GO:0098911	12.1147
GO:0098914	12.1147
GO:0098915	13.1147
GO:0098916	6.8668
GO:0098917	12.1147
GO:0098918	13.1147
GO:0098926	11.5298
GO:0098927	9.9448
GO:0098930	9.3074
GO:0098960	10.3074
GO:0098973	13.1147
GO:0098974	13.1147
GO:0098975	10.5298
GO:0098978	8.8668
GO:0098981	13.1147
GO:0098982	10.7928
GO:0098983	11.1147
GO:0098984	9.2078
GO:0098985	11.5298
GO:0099003	8.4143
GO:0099020	13.1147
GO:0099023	7.1374
GO:0099024	9.1147
GO:0099038	13.1147
GO:0099039	13.1147
GO:0099040	13.1147
GO:0099046	11.5298
GO:0099050	13.1147
GO:0099054	10.1147
GO:0099068	13.1147
GO:0099078	11.1147
GO:0099080	4.4352
GO:0099081	5.7572
GO:0099086	10.5298
GO:0099093	13.1147
GO:0099094	7.7928
GO:0099095	9.1147
GO:0099103	12.1147
GO:0099104	12.1147
GO:0099106	8.0273
GO:0099111	7.8293
GO:0099116	9.5298
GO:0099118	13.1147
GO:0099122	11.1147
GO:0099128	11.5298
GO:0099149	12.1147
GO:0099156	13.1147
GO:0099157	13.1147
GO:0099171	11.5298
GO:0099172	9.7928
GO:0099173	10.3074
GO:0099174	9.9448
GO:0099175	12.1147
GO:0099177	7.7224
GO:0099182	13.1147
GO:0099186	13.1147
GO:0099188	13.1147
GO:0099500	12.1147
GO:0099501	9.6553
GO:0099503	4.9004
GO:0099504	8.4709
GO:0099507	11.5298
GO:0099508	13.1147
GO:0099509	13.1147
GO:0099512	5.7572
GO:0099513	6.1722
GO:0099514	13.1147
GO:0099515	13.1147
GO:0099517	13.1147
GO:0099518	11.5298
GO:0099519	13.1147
GO:0099523	13.1147
GO:0099524	13.1147
GO:0099527	13.1147
GO:0099532	10.7928
GO:0099536	6.7572
GO:0099537	6.8293
GO:0099547	13.1147
GO:0099558	11.1147
GO:0099566	13.1147
GO:0099568	9.5298
GO:0099569	12.1147
GO:0099571	13.1147
GO:0099572	9.2078
GO:0099577	13.1147
GO:0099587	9.0273
GO:0099589	12.1147
GO:0099601	10.3074
GO:0099602	10.3074
GO:0099604	9.5298
GO:0099617	11.1147
GO:0099622	10.5298
GO:0099623	11.1147
GO:0099624	12.1147
GO:0099625	11.5298
GO:0099634	12.1147
GO:0099638	11.5298
GO:0099643	9.5298
GO:0099738	9.5298
GO:0101002	6.7224
GO:0101003	8.5298
GO:0101004	13.1147
GO:0101005	8.1147
GO:0101006	13.1147
GO:0101020	10.7928
GO:0101021	11.5298
GO:0101024	10.7928
GO:0101025	13.1147
GO:0101031	8.9448
GO:0102009	13.1147
GO:0102033	11.5298
GO:0102140	12.1147
GO:0102264	13.1147
GO:0102266	13.1147
GO:0102267	13.1147
GO:0102294	13.1147
GO:0102389	13.1147
GO:0102391	13.1147
GO:0102443	11.5298
GO:0102524	13.1147
GO:0102531	13.1147
GO:0102559	13.1147
GO:0102758	13.1147
GO:0103064	12.1147
GO:0104004	6.9650
GO:0106002	11.1147
GO:0106004	12.1147
GO:0106014	11.5298
GO:0106015	12.1147
GO:0106016	13.1147
GO:0106017	13.1147
GO:0106018	10.5298
GO:0106019	10.7928
GO:0106023	13.1147
GO:0106024	13.1147
GO:0106027	11.1147
GO:0106030	10.7928
GO:0106036	13.1147
GO:0106037	13.1147
GO:0106044	13.1147
GO:0106046	13.1147
GO:0106049	12.1147
GO:0106055	13.1147
GO:0106056	9.7928
GO:0106057	10.7928
GO:0106058	11.1147
GO:0106068	11.1147
GO:0106075	13.1147
GO:0106078	13.1147
GO:0106083	13.1147
GO:0106091	13.1147
GO:0106118	11.1147
GO:0106119	12.1147
GO:0106130	11.5298
GO:0106139	13.1147
GO:0106140	13.1147
GO:0106143	12.1147
GO:0106155	13.1147
GO:0106162	13.1147
GO:0106214	13.1147
GO:0106217	13.1147
GO:0106219	13.1147
GO:0106222	12.1147
GO:0106227	13.1147
GO:0106228	13.1147
GO:0106229	13.1147
GO:0106235	13.1147
GO:0106245	13.1147
GO:0106254	13.1147
GO:0106258	13.1147
GO:0106262	12.1147
GO:0106263	11.5298
GO:0106274	12.1147
GO:0106278	13.1147
GO:0106279	13.1147
GO:0106281	13.1147
GO:0106282	13.1147
GO:0106283	13.1147
GO:0106300	13.1147
GO:0106310	11.5298
GO:0106333	12.1147
GO:0106339	13.1147
GO:0106346	13.1147
GO:0106354	9.9448
GO:0106359	13.1147
GO:0106370	13.1147
GO:0106373	13.1147
GO:0106380	12.1147
GO:0106389	8.7928
GO:0106405	13.1147
GO:0106413	12.1147
GO:0106417	12.1147
GO:0106421	12.1147
GO:0106435	12.1147
GO:0106436	13.1147
GO:0106439	13.1147
GO:0110009	13.1147
GO:0110011	13.1147
GO:0110016	13.1147
GO:0110020	8.7224
GO:0110050	13.1147
GO:0110053	7.2321
GO:0110061	13.1147
GO:0110062	13.1147
GO:0110064	13.1147
GO:0110070	13.1147
GO:0110073	12.1147
GO:0110074	12.1147
GO:0110075	13.1147
GO:0110076	13.1147
GO:0110078	11.1147
GO:0110082	13.1147
GO:0110083	13.1147
GO:0110085	11.1147
GO:0110095	10.7928
GO:0110096	10.7928
GO:0110097	13.1147
GO:0110099	13.1147
GO:0110107	13.1147
GO:0110110	13.1147
GO:0110116	11.5298
GO:0110117	13.1147
GO:0110118	13.1147
GO:0110120	13.1147
GO:0110122	13.1147
GO:0110131	13.1147
GO:0110136	13.1147
GO:0110142	12.1147
GO:0110154	9.6553
GO:0110155	13.1147
GO:0110156	9.7928
GO:0110158	13.1147
GO:0110165	0.2743
GO:0120009	13.1147
GO:0120013	8.5298
GO:0120014	9.6553
GO:0120015	9.7928
GO:0120016	11.5298
GO:0120017	11.5298
GO:0120019	11.1147
GO:0120020	10.5298
GO:0120022	13.1147
GO:0120025	4.6109
GO:0120031	6.7397
GO:0120032	7.7572
GO:0120033	10.5298
GO:0120034	8.5912
GO:0120035	6.6229
GO:0120036	5.4781
GO:0120039	6.8109
GO:0120040	13.1147
GO:0120041	13.1147
GO:0120048	13.1147
GO:0120049	12.1147
GO:0120082	12.1147
GO:0120095	11.5298
GO:0120097	13.1147
GO:0120103	13.1147
GO:0120111	11.1147
GO:0120114	7.6229
GO:0120116	13.1147
GO:0120123	13.1147
GO:0120126	13.1147
GO:0120141	13.1147
GO:0120142	13.1147
GO:0120146	12.1147
GO:0120154	13.1147
GO:0120157	11.5298
GO:0120160	13.1147
GO:0120169	12.1147
GO:0120171	11.5298
GO:0120174	13.1147
GO:0120175	10.7928
GO:0120177	10.7928
GO:0120178	10.3074
GO:0120186	12.1147
GO:0120187	13.1147
GO:0120192	9.2078
GO:0120193	9.2078
GO:0120219	12.1147
GO:0120227	11.5298
GO:0120235	13.1147
GO:0120236	13.1147
GO:0120250	11.1147
GO:0120252	11.5298
GO:0120253	12.1147
GO:0120254	7.7928
GO:0120255	11.5298
GO:0120261	9.7928
GO:0120262	10.7928
GO:0120263	10.7928
GO:0120281	13.1147
GO:0120283	13.1147
GO:0120284	13.1147
GO:0120294	13.1147
GO:0120295	13.1147
GO:0120296	13.1147
GO:0120297	13.1147
GO:0120299	13.1147
GO:0120305	9.6553
GO:0120316	10.5298
GO:0120319	13.1147
GO:0120502	13.1147
GO:0120515	9.3074
GO:0120531	11.5298
GO:0120534	12.1147
GO:0120543	6.9249
GO:0120544	9.6553
GO:0120545	7.1605
GO:0120558	10.5298
GO:0120562	13.1147
GO:0120569	7.8668
GO:0120570	12.1147
GO:0140006	12.1147
GO:0140009	11.1147
GO:0140010	13.1147
GO:0140013	6.8109
GO:0140014	6.8479
GO:0140021	13.1147
GO:0140024	13.1147
GO:0140029	12.1147
GO:0140030	8.6553
GO:0140031	12.1147
GO:0140032	13.1147
GO:0140034	13.1147
GO:0140035	10.7928
GO:0140036	10.7928
GO:0140039	13.1147
GO:0140041	12.1147
GO:0140042	10.7928
GO:0140047	9.7928
GO:0140053	6.2078
GO:0140056	11.1147
GO:0140058	13.1147
GO:0140059	13.1147
GO:0140064	11.5298
GO:0140065	13.1147
GO:0140068	12.1147
GO:0140078	11.5298
GO:0140081	12.1147
GO:0140082	13.1147
GO:0140085	11.1147
GO:0140090	13.1147
GO:0140096	3.4143
GO:0140097	6.2321
GO:0140098	5.3800
GO:0140101	6.5756
GO:0140102	9.6553
GO:0140103	9.9448
GO:0140104	6.7749
GO:0140110	5.8668
GO:0140112	11.1147
GO:0140115	8.9448
GO:0140131	11.1147
GO:0140135	13.1147
GO:0140138	13.1147
GO:0140141	12.1147
GO:0140142	10.3074
GO:0140149	11.5298
GO:0140151	11.5298
GO:0140164	13.1147
GO:0140168	6.3598
GO:0140171	11.1147
GO:0140186	8.7224
GO:0140205	13.1147
GO:0140206	13.1147
GO:0140208	13.1147
GO:0140212	13.1147
GO:0140213	13.1147
GO:0140223	8.7928
GO:0140225	13.1147
GO:0140238	9.7928
GO:0140243	13.1147
GO:0140244	13.1147
GO:0140253	9.6553
GO:0140255	13.1147
GO:0140260	13.1147
GO:0140268	11.5298
GO:0140271	11.1147
GO:0140272	9.7928
GO:0140274	13.1147
GO:0140275	10.5298
GO:0140284	12.1147
GO:0140292	13.1147
GO:0140294	11.5298
GO:0140296	8.8668
GO:0140297	6.4565
GO:0140298	13.1147
GO:0140299	10.5298
GO:0140300	13.1147
GO:0140303	8.7224
GO:0140311	10.3074
GO:0140312	10.5298
GO:0140313	9.5298
GO:0140315	13.1147
GO:0140318	8.7928
GO:0140322	9.3074
GO:0140326	9.9448
GO:0140327	10.1147
GO:0140328	12.1147
GO:0140331	13.1147
GO:0140333	10.5298
GO:0140337	13.1147
GO:0140338	13.1147
GO:0140339	13.1147
GO:0140340	13.1147
GO:0140343	13.1147
GO:0140344	13.1147
GO:0140345	12.1147
GO:0140346	11.1147
GO:0140352	6.5000
GO:0140353	11.5298
GO:0140354	10.7928
GO:0140358	9.4143
GO:0140359	9.5298
GO:0140360	12.1147
GO:0140361	12.1147
GO:0140367	13.1147
GO:0140374	9.3074
GO:0140375	8.2078
GO:0140378	10.3074
GO:0140379	10.7928
GO:0140385	9.0273
GO:0140392	8.8668
GO:0140410	10.7928
GO:0140416	10.7928
GO:0140445	10.1147
GO:0140447	11.5298
GO:0140448	9.2078
GO:0140450	13.1147
GO:0140455	11.5298
GO:0140457	10.3074
GO:0140463	10.3074
GO:0140466	13.1147
GO:0140467	11.5298
GO:0140468	13.1147
GO:0140469	13.1147
GO:0140481	13.1147
GO:0140486	13.1147
GO:0140487	12.1147
GO:0140492	12.1147
GO:0140496	13.1147
GO:0140507	11.5298
GO:0140513	3.8178
GO:0140517	11.5298
GO:0140522	9.2078
GO:0140527	8.3074
GO:0140534	6.7928
GO:0140535	4.1547
GO:0140539	13.1147
GO:0140540	13.1147
GO:0140545	13.1147
GO:0140546	5.9249
GO:0140552	13.1147
GO:0140560	13.1147
GO:0140561	13.1147
GO:0140562	13.1147
GO:0140566	10.3074
GO:0140567	12.1147
GO:0140568	12.1147
GO:0140569	13.1147
GO:0140570	13.1147
GO:0140571	13.1147
GO:0140588	13.1147
GO:0140591	11.5298
GO:0140597	8.7928
GO:0140608	11.5298
GO:0140613	12.1147
GO:0140616	13.1147
GO:0140627	10.1147
GO:0140632	12.1147
GO:0140639	13.1147
GO:0140640	4.7484
GO:0140657	5.3936
GO:0140658	10.7928
GO:0140662	13.1147
GO:0140666	10.7928
GO:0140671	12.1147
GO:0140672	10.1147
GO:0140673	11.5298
GO:0140677	5.1722
GO:0140678	6.3465
GO:0140683	13.1147
GO:0140684	11.5298
GO:0140693	10.5298
GO:0140694	6.1722
GO:0140699	12.1147
GO:0140700	13.1147
GO:0140702	12.1147
GO:0140708	13.1147
GO:0140713	12.1147
GO:0140718	9.6553
GO:0140719	8.1605
GO:0140721	12.1147
GO:0140738	13.1147
GO:0140743	13.1147
GO:0140744	13.1147
GO:0140750	13.1147
GO:0140751	13.1147
GO:0140766	13.1147
GO:0140767	8.4709
GO:0140768	12.1147
GO:0140773	13.1147
GO:0140774	13.1147
GO:0140776	12.1147
GO:0140784	13.1147
GO:0140788	13.1147
GO:0140794	13.1147
GO:0140795	13.1147
GO:0140796	13.1147
GO:0140797	13.1147
GO:0140798	13.1147
GO:0140803	13.1147
GO:0140804	13.1147
GO:0140805	11.5298
GO:0140806	11.1147
GO:0140807	11.5298
GO:0140808	13.1147
GO:0140815	13.1147
GO:0140816	13.1147
GO:0140817	13.1147
GO:0140820	13.1147
GO:0140824	10.7928
GO:0140826	13.1147
GO:0140828	9.4143
GO:0140829	12.1147
GO:0140848	12.1147
GO:0140850	13.1147
GO:0140852	13.1147
GO:0140861	9.4143
GO:0140870	13.1147
GO:0140888	10.5298
GO:0140889	13.1147
GO:0140893	13.1147
GO:0140894	11.1147
GO:0140895	10.7928
GO:0140896	12.1147
GO:0140900	12.1147
GO:0140901	13.1147
GO:0140902	13.1147
GO:0140916	13.1147
GO:0140932	12.1147
GO:0140933	13.1147
GO:0140934	12.1147
GO:0140936	12.1147
GO:0140938	10.1147
GO:0140939	10.5298
GO:0140940	12.1147
GO:0140949	13.1147
GO:0140958	13.1147
GO:0140961	11.1147
GO:0140962	9.2078
GO:0140965	13.1147
GO:0140968	13.1147
GO:0140970	12.1147
GO:0140981	13.1147
GO:0140984	13.1147
GO:0140987	13.1147
GO:0140988	13.1147
GO:0140990	11.5298
GO:0140991	13.1147
GO:0140993	7.1147
GO:0140994	11.1147
GO:0140996	11.1147
GO:0141005	13.1147
GO:0141008	12.1147
GO:0141009	13.1147
GO:0141014	13.1147
GO:0141035	13.1147
GO:0141047	10.5298
GO:0141050	12.1147
GO:0141051	12.1147
GO:0141052	10.5298
GO:0141054	13.1147
GO:0141057	13.1147
GO:0141060	9.2078
GO:0141061	9.4143
GO:0141084	12.1147
GO:0141085	10.1147
GO:0141086	11.1147
GO:0141087	11.1147
GO:0141091	7.9448
GO:0141108	7.9854
GO:0141109	12.1147
GO:0141110	9.9448
GO:0141124	5.9752
GO:0141126	13.1147
GO:0141137	9.4143
GO:0141147	10.1147
GO:0141187	3.8859
GO:0141188	6.4709
GO:0141193	9.4143
GO:0141194	13.1147
GO:0141201	13.1147
GO:0141218	10.3074
GO:0150005	10.5298
GO:0150008	13.1147
GO:0150011	12.1147
GO:0150013	13.1147
GO:0150018	13.1147
GO:0150019	13.1147
GO:0150020	13.1147
GO:0150034	8.2078
GO:0150056	13.1147
GO:0150057	12.1147
GO:0150058	13.1147
GO:0150063	6.8293
GO:0150074	12.1147
GO:0150076	12.1147
GO:0150077	11.1147
GO:0150078	11.5298
GO:0150079	13.1147
GO:0150093	11.5298
GO:0150101	13.1147
GO:0150102	13.1147
GO:0150104	11.1147
GO:0150105	11.1147
GO:0150111	12.1147
GO:0150115	10.3074
GO:0150116	9.6553
GO:0150117	10.1147
GO:0150118	12.1147
GO:0150127	13.1147
GO:0150129	13.1147
GO:0150172	10.7928
GO:0160002	12.1147
GO:0160004	12.1147
GO:0160007	13.1147
GO:0160008	11.5298
GO:0160009	11.5298
GO:0160010	12.1147
GO:0160016	13.1147
GO:0160032	10.1147
GO:0160033	13.1147
GO:0160035	13.1147
GO:0160041	11.1147
GO:0160063	11.1147
GO:0160064	11.1147
GO:0160072	10.7928
GO:0160074	13.1147
GO:0160075	12.1147
GO:0160108	3.4781
GO:0160215	8.0703
GO:0160260	13.1147
GO:0160307	4.8109
GO:0160313	12.1147
GO:0160315	13.1147
GO:0170011	13.1147
GO:0170014	13.1147
GO:0170021	13.1147
GO:0170036	9.1147
GO:0170038	8.3074
GO:0170039	6.8293
GO:0170040	7.7224
GO:0170041	8.5912
GO:0170043	10.7928
GO:0170044	10.1147
GO:0170049	13.1147
GO:0170055	8.7224
GO:0170060	13.1147
GO:0170062	9.4143
GO:0180009	13.1147
GO:0180010	12.1147
GO:0180012	12.1147
GO:0180019	13.1147
GO:0180025	13.1147
GO:0180030	11.5298
GO:0180046	8.7928
GO:0180051	7.9448
GO:0180055	13.1147
GO:0180064	8.9448
GO:1900003	13.1147
GO:1900004	13.1147
GO:1900006	12.1147
GO:1900011	13.1147
GO:1900015	9.5298
GO:1900016	10.7928
GO:1900017	10.7928
GO:1900019	11.5298
GO:1900020	11.5298
GO:1900024	9.7928
GO:1900025	11.5298
GO:1900026	10.3074
GO:1900027	11.5298
GO:1900028	13.1147
GO:1900029	13.1147
GO:1900034	10.7928
GO:1900037	12.1147
GO:1900038	13.1147
GO:1900044	11.5298
GO:1900046	10.1147
GO:1900047	10.7928
GO:1900048	11.5298
GO:1900052	13.1147
GO:1900053	13.1147
GO:1900063	13.1147
GO:1900069	12.1147
GO:1900073	10.5298
GO:1900074	13.1147
GO:1900075	12.1147
GO:1900076	9.4143
GO:1900077	9.9448
GO:1900078	11.5298
GO:1900084	13.1147
GO:1900085	13.1147
GO:1900087	9.3074
GO:1900098	13.1147
GO:1900100	13.1147
GO:1900101	9.7928
GO:1900102	11.1147
GO:1900103	11.5298
GO:1900104	12.1147
GO:1900106	12.1147
GO:1900115	12.1147
GO:1900116	13.1147
GO:1900117	12.1147
GO:1900119	13.1147
GO:1900120	12.1147
GO:1900121	12.1147
GO:1900125	11.1147
GO:1900126	12.1147
GO:1900127	12.1147
GO:1900141	13.1147
GO:1900142	13.1147
GO:1900144	13.1147
GO:1900150	10.5298
GO:1900151	9.9448
GO:1900152	10.5298
GO:1900153	11.5298
GO:1900159	13.1147
GO:1900180	7.8293
GO:1900181	9.7928
GO:1900182	8.5298
GO:1900208	13.1147
GO:1900221	12.1147
GO:1900222	13.1147
GO:1900223	13.1147
GO:1900225	10.1147
GO:1900226	11.1147
GO:1900227	11.1147
GO:1900242	11.5298
GO:1900244	13.1147
GO:1900246	12.1147
GO:1900247	13.1147
GO:1900249	13.1147
GO:1900264	11.1147
GO:1900279	13.1147
GO:1900280	13.1147
GO:1900368	9.7928
GO:1900369	10.5298
GO:1900370	11.5298
GO:1900371	10.7928
GO:1900372	13.1147
GO:1900373	11.1147
GO:1900376	12.1147
GO:1900378	12.1147
GO:1900407	11.1147
GO:1900408	13.1147
GO:1900424	8.1605
GO:1900425	9.6553
GO:1900426	8.7928
GO:1900428	12.1147
GO:1900449	12.1147
GO:1900451	13.1147
GO:1900452	13.1147
GO:1900454	13.1147
GO:1900535	13.1147
GO:1900542	9.4143
GO:1900543	11.1147
GO:1900544	10.5298
GO:1900673	13.1147
GO:1900736	11.1147
GO:1900737	11.5298
GO:1900738	13.1147
GO:1900744	10.7928
GO:1900745	10.7928
GO:1900746	12.1147
GO:1900747	13.1147
GO:1900749	13.1147
GO:1900750	10.7928
GO:1900825	13.1147
GO:1900864	11.1147
GO:1901000	12.1147
GO:1901017	10.3074
GO:1901020	10.1147
GO:1901028	10.7928
GO:1901029	11.5298
GO:1901030	13.1147
GO:1901069	13.1147
GO:1901072	13.1147
GO:1901077	11.5298
GO:1901078	13.1147
GO:1901096	10.3074
GO:1901097	13.1147
GO:1901098	11.5298
GO:1901099	10.7928
GO:1901135	4.7011
GO:1901136	7.1605
GO:1901137	5.3334
GO:1901142	13.1147
GO:1901162	13.1147
GO:1901163	11.1147
GO:1901164	13.1147
GO:1901165	11.5298
GO:1901184	8.5298
GO:1901185	9.2078
GO:1901186	10.3074
GO:1901193	11.5298
GO:1901194	13.1147
GO:1901195	12.1147
GO:1901201	11.5298
GO:1901203	11.5298
GO:1901222	8.4143
GO:1901223	9.6553
GO:1901224	8.9448
GO:1901235	13.1147
GO:1901252	13.1147
GO:1901253	13.1147
GO:1901255	13.1147
GO:1901256	13.1147
GO:1901258	13.1147
GO:1901264	7.6553
GO:1901265	5.4005
GO:1901291	13.1147
GO:1901292	7.7224
GO:1901293	6.2567
GO:1901298	12.1147
GO:1901299	12.1147
GO:1901317	10.5298
GO:1901318	13.1147
GO:1901319	13.1147
GO:1901328	13.1147
GO:1901329	13.1147
GO:1901331	13.1147
GO:1901334	10.5298
GO:1901336	12.1147
GO:1901337	11.5298
GO:1901338	11.1147
GO:1901339	13.1147
GO:1901341	13.1147
GO:1901342	7.4143
GO:1901343	8.5912
GO:1901346	13.1147
GO:1901351	13.1147
GO:1901352	13.1147
GO:1901354	12.1147
GO:1901363	5.2567
GO:1901374	11.1147
GO:1901375	11.5298
GO:1901379	9.2078
GO:1901380	10.3074
GO:1901381	10.7928
GO:1901382	13.1147
GO:1901383	13.1147
GO:1901385	11.5298
GO:1901386	11.5298
GO:1901401	13.1147
GO:1901416	13.1147
GO:1901418	13.1147
GO:1901419	11.5298
GO:1901421	13.1147
GO:1901426	11.5298
GO:1901463	13.1147
GO:1901465	13.1147
GO:1901474	9.9448
GO:1901475	12.1147
GO:1901490	13.1147
GO:1901491	13.1147
GO:1901502	12.1147
GO:1901503	11.5298
GO:1901505	8.1147
GO:1901509	13.1147
GO:1901523	11.1147
GO:1901524	12.1147
GO:1901525	13.1147
GO:1901526	13.1147
GO:1901529	13.1147
GO:1901532	12.1147
GO:1901533	13.1147
GO:1901550	10.7928
GO:1901552	11.5298
GO:1901562	13.1147
GO:1901563	13.1147
GO:1901567	12.1147
GO:1901568	8.3598
GO:1901569	10.3074
GO:1901570	8.7928
GO:1901611	11.1147
GO:1901623	11.1147
GO:1901642	12.1147
GO:1901645	12.1147
GO:1901647	12.1147
GO:1901652	6.1959
GO:1901654	8.7928
GO:1901655	9.4143
GO:1901656	12.1147
GO:1901658	9.9448
GO:1901659	9.7928
GO:1901660	13.1147
GO:1901661	9.5298
GO:1901663	9.6553
GO:1901668	11.5298
GO:1901671	11.5298
GO:1901673	9.4143
GO:1901678	9.6553
GO:1901679	10.5298
GO:1901681	7.5000
GO:1901682	8.4143
GO:1901687	12.1147
GO:1901698	6.2692
GO:1901699	6.7572
GO:1901700	5.1605
GO:1901701	5.7838
GO:1901702	12.1147
GO:1901704	13.1147
GO:1901710	13.1147
GO:1901723	13.1147
GO:1901724	13.1147
GO:1901731	11.5298
GO:1901739	13.1147
GO:1901741	13.1147
GO:1901749	13.1147
GO:1901751	12.1147
GO:1901753	13.1147
GO:1901796	8.6553
GO:1901797	11.5298
GO:1901798	9.9448
GO:1901799	9.7928
GO:1901800	8.4143
GO:1901805	13.1147
GO:1901836	9.9448
GO:1901837	11.5298
GO:1901838	10.7928
GO:1901844	11.5298
GO:1901857	10.5298
GO:1901858	10.7928
GO:1901860	11.1147
GO:1901861	10.7928
GO:1901862	11.5298
GO:1901863	13.1147
GO:1901873	6.9448
GO:1901874	8.4143
GO:1901875	7.6885
GO:1901879	9.4143
GO:1901880	10.7928
GO:1901881	10.5298
GO:1901888	7.2567
GO:1901889	9.3074
GO:1901890	8.3598
GO:1901891	12.1147
GO:1901893	12.1147
GO:1901894	13.1147
GO:1901896	13.1147
GO:1901897	13.1147
GO:1901900	12.1147
GO:1901901	13.1147
GO:1901909	13.1147
GO:1901925	13.1147
GO:1901950	13.1147
GO:1901970	10.3074
GO:1901976	9.5298
GO:1901977	10.7928
GO:1901978	11.1147
GO:1901981	7.1840
GO:1901983	11.5298
GO:1901984	12.1147
GO:1901985	13.1147
GO:1901987	6.1147
GO:1901988	6.9053
GO:1901989	7.9448
GO:1901990	6.5148
GO:1901991	7.4423
GO:1901992	8.3074
GO:1901993	13.1147
GO:1901994	13.1147
GO:1902001	10.1147
GO:1902003	10.5298
GO:1902004	11.1147
GO:1902017	9.7928
GO:1902018	10.7928
GO:1902019	10.5298
GO:1902020	13.1147
GO:1902022	10.7928
GO:1902024	12.1147
GO:1902031	11.5298
GO:1902036	13.1147
GO:1902041	9.7928
GO:1902042	11.1147
GO:1902043	11.5298
GO:1902047	12.1147
GO:1902065	13.1147
GO:1902071	13.1147
GO:1902073	13.1147
GO:1902074	12.1147
GO:1902075	12.1147
GO:1902093	11.1147
GO:1902098	13.1147
GO:1902099	8.5298
GO:1902100	9.4143
GO:1902101	10.3074
GO:1902102	13.1147
GO:1902103	13.1147
GO:1902105	8.1605
GO:1902106	9.6553
GO:1902107	9.0273
GO:1902108	13.1147
GO:1902110	13.1147
GO:1902115	7.3334
GO:1902116	9.7928
GO:1902117	8.8668
GO:1902121	13.1147
GO:1902165	11.1147
GO:1902166	12.1147
GO:1902167	12.1147
GO:1902170	12.1147
GO:1902172	13.1147
GO:1902174	13.1147
GO:1902175	10.1147
GO:1902176	10.7928
GO:1902177	13.1147
GO:1902178	13.1147
GO:1902202	11.5298
GO:1902204	13.1147
GO:1902205	13.1147
GO:1902206	13.1147
GO:1902223	10.1147
GO:1902229	9.9448
GO:1902230	10.3074
GO:1902231	12.1147
GO:1902235	11.1147
GO:1902236	11.5298
GO:1902237	13.1147
GO:1902247	13.1147
GO:1902253	10.7928
GO:1902254	12.1147
GO:1902255	11.5298
GO:1902259	11.1147
GO:1902260	11.1147
GO:1902267	13.1147
GO:1902269	13.1147
GO:1902270	13.1147
GO:1902271	12.1147
GO:1902272	13.1147
GO:1902274	13.1147
GO:1902275	9.1147
GO:1902282	11.5298
GO:1902299	10.1147
GO:1902305	9.1147
GO:1902306	12.1147
GO:1902307	10.3074
GO:1902349	13.1147
GO:1902358	13.1147
GO:1902363	11.5298
GO:1902365	13.1147
GO:1902369	9.2078
GO:1902370	13.1147
GO:1902371	13.1147
GO:1902373	9.5298
GO:1902387	12.1147
GO:1902388	12.1147
GO:1902389	13.1147
GO:1902396	13.1147
GO:1902404	13.1147
GO:1902407	10.7928
GO:1902410	8.7224
GO:1902412	11.5298
GO:1902413	13.1147
GO:1902414	10.3074
GO:1902415	12.1147
GO:1902416	12.1147
GO:1902423	11.1147
GO:1902425	11.1147
GO:1902430	12.1147
GO:1902440	13.1147
GO:1902445	13.1147
GO:1902460	11.1147
GO:1902462	11.1147
GO:1902473	12.1147
GO:1902474	12.1147
GO:1902475	8.4709
GO:1902476	9.2078
GO:1902483	13.1147
GO:1902490	13.1147
GO:1902491	13.1147
GO:1902493	7.3074
GO:1902494	3.4673
GO:1902495	6.4854
GO:1902497	13.1147
GO:1902498	11.5298
GO:1902499	12.1147
GO:1902500	12.1147
GO:1902501	12.1147
GO:1902510	12.1147
GO:1902511	13.1147
GO:1902512	13.1147
GO:1902513	13.1147
GO:1902514	13.1147
GO:1902523	11.5298
GO:1902524	13.1147
GO:1902525	12.1147
GO:1902527	12.1147
GO:1902531	4.2599
GO:1902532	5.8386
GO:1902533	4.9906
GO:1902542	12.1147
GO:1902547	12.1147
GO:1902548	13.1147
GO:1902553	13.1147
GO:1902554	7.0703
GO:1902555	8.7928
GO:1902556	13.1147
GO:1902557	13.1147
GO:1902558	13.1147
GO:1902559	13.1147
GO:1902562	8.8668
GO:1902563	11.1147
GO:1902564	12.1147
GO:1902565	13.1147
GO:1902566	13.1147
GO:1902567	13.1147
GO:1902570	12.1147
GO:1902572	13.1147
GO:1902600	8.3074
GO:1902601	13.1147
GO:1902603	12.1147
GO:1902608	13.1147
GO:1902612	13.1147
GO:1902613	13.1147
GO:1902615	13.1147
GO:1902622	9.6553
GO:1902623	11.5298
GO:1902624	10.1147
GO:1902626	12.1147
GO:1902633	12.1147
GO:1902635	12.1147
GO:1902644	9.9448
GO:1902645	12.1147
GO:1902646	13.1147
GO:1902647	13.1147
GO:1902652	7.6553
GO:1902653	8.7224
GO:1902656	11.5298
GO:1902659	12.1147
GO:1902660	13.1147
GO:1902661	13.1147
GO:1902667	11.1147
GO:1902669	11.5298
GO:1902679	5.5148
GO:1902680	4.9958
GO:1902686	12.1147
GO:1902687	13.1147
GO:1902692	9.9448
GO:1902710	10.7928
GO:1902711	10.7928
GO:1902729	13.1147
GO:1902730	12.1147
GO:1902731	13.1147
GO:1902742	11.5298
GO:1902743	9.3074
GO:1902744	13.1147
GO:1902745	9.5298
GO:1902749	8.2567
GO:1902750	8.8668
GO:1902751	10.1147
GO:1902773	10.7928
GO:1902774	9.6553
GO:1902775	13.1147
GO:1902806	7.8293
GO:1902807	9.2078
GO:1902808	9.1147
GO:1902847	13.1147
GO:1902850	7.1147
GO:1902855	13.1147
GO:1902857	13.1147
GO:1902858	13.1147
GO:1902860	13.1147
GO:1902875	13.1147
GO:1902882	10.7928
GO:1902883	13.1147
GO:1902889	13.1147
GO:1902893	10.3074
GO:1902894	11.5298
GO:1902895	10.5298
GO:1902902	12.1147
GO:1902903	6.7053
GO:1902904	8.3074
GO:1902905	7.5601
GO:1902906	11.5298
GO:1902911	6.9448
GO:1902913	13.1147
GO:1902914	10.5298
GO:1902915	12.1147
GO:1902916	11.1147
GO:1902927	13.1147
GO:1902930	9.5298
GO:1902931	10.5298
GO:1902932	13.1147
GO:1902936	8.0703
GO:1902945	13.1147
GO:1902953	12.1147
GO:1902956	13.1147
GO:1902958	13.1147
GO:1902965	12.1147
GO:1902966	12.1147
GO:1902969	12.1147
GO:1902977	13.1147
GO:1902991	10.3074
GO:1902992	12.1147
GO:1902993	11.1147
GO:1902996	13.1147
GO:1902998	13.1147
GO:1903003	11.1147
GO:1903004	12.1147
GO:1903006	12.1147
GO:1903008	8.2567
GO:1903018	10.7928
GO:1903019	11.1147
GO:1903020	12.1147
GO:1903023	11.5298
GO:1903024	11.5298
GO:1903027	11.5298
GO:1903028	13.1147
GO:1903034	8.4143
GO:1903035	9.6553
GO:1903036	9.2078
GO:1903037	7.0924
GO:1903038	8.9448
GO:1903039	7.4709
GO:1903040	13.1147
GO:1903044	12.1147
GO:1903046	6.1260
GO:1903047	5.4282
GO:1903053	9.3074
GO:1903054	11.5298
GO:1903055	10.3074
GO:1903059	11.1147
GO:1903060	13.1147
GO:1903061	12.1147
GO:1903072	13.1147
GO:1903073	13.1147
GO:1903076	8.4143
GO:1903077	11.1147
GO:1903078	9.0273
GO:1903083	9.7928
GO:1903088	12.1147
GO:1903089	12.1147
GO:1903093	12.1147
GO:1903094	12.1147
GO:1903095	13.1147
GO:1903108	13.1147
GO:1903115	9.9448
GO:1903116	12.1147
GO:1903119	13.1147
GO:1903121	11.1147
GO:1903122	13.1147
GO:1903126	13.1147
GO:1903131	8.6553
GO:1903135	13.1147
GO:1903136	12.1147
GO:1903140	10.7928
GO:1903142	11.5298
GO:1903143	13.1147
GO:1903146	9.9448
GO:1903147	13.1147
GO:1903169	8.4709
GO:1903170	9.6553
GO:1903179	13.1147
GO:1903181	13.1147
GO:1903189	13.1147
GO:1903224	13.1147
GO:1903226	13.1147
GO:1903232	13.1147
GO:1903236	10.7928
GO:1903237	12.1147
GO:1903238	13.1147
GO:1903241	13.1147
GO:1903242	13.1147
GO:1903259	13.1147
GO:1903260	13.1147
GO:1903265	10.3074
GO:1903269	12.1147
GO:1903270	13.1147
GO:1903272	13.1147
GO:1903276	11.5298
GO:1903278	11.5298
GO:1903286	11.5298
GO:1903288	11.5298
GO:1903292	11.5298
GO:1903293	8.6553
GO:1903294	13.1147
GO:1903296	13.1147
GO:1903297	13.1147
GO:1903298	13.1147
GO:1903305	9.2078
GO:1903306	10.7928
GO:1903307	10.3074
GO:1903311	6.9854
GO:1903312	9.3074
GO:1903313	7.9448
GO:1903317	9.4143
GO:1903318	10.5298
GO:1903319	10.5298
GO:1903320	6.9650
GO:1903321	8.4709
GO:1903322	7.6885
GO:1903326	12.1147
GO:1903327	13.1147
GO:1903328	13.1147
GO:1903329	13.1147
GO:1903331	13.1147
GO:1903332	12.1147
GO:1903334	13.1147
GO:1903335	13.1147
GO:1903338	11.1147
GO:1903341	11.5298
GO:1903343	12.1147
GO:1903347	12.1147
GO:1903348	12.1147
GO:1903349	13.1147
GO:1903350	10.5298
GO:1903351	10.5298
GO:1903352	11.5298
GO:1903353	13.1147
GO:1903358	10.5298
GO:1903371	12.1147
GO:1903373	12.1147
GO:1903376	11.1147
GO:1903377	11.5298
GO:1903383	13.1147
GO:1903384	13.1147
GO:1903391	13.1147
GO:1903401	11.5298
GO:1903402	13.1147
GO:1903403	13.1147
GO:1903406	13.1147
GO:1903408	13.1147
GO:1903409	13.1147
GO:1903412	12.1147
GO:1903413	13.1147
GO:1903416	13.1147
GO:1903421	11.1147
GO:1903422	13.1147
GO:1903423	13.1147
GO:1903424	13.1147
GO:1903425	12.1147
GO:1903426	10.5298
GO:1903427	11.1147
GO:1903428	13.1147
GO:1903429	10.7928
GO:1903430	13.1147
GO:1903431	11.1147
GO:1903432	7.5601
GO:1903433	13.1147
GO:1903434	13.1147
GO:1903436	11.5298
GO:1903437	13.1147
GO:1903438	12.1147
GO:1903439	12.1147
GO:1903440	12.1147
GO:1903441	13.1147
GO:1903450	12.1147
GO:1903457	12.1147
GO:1903475	10.7928
GO:1903490	12.1147
GO:1903499	11.5298
GO:1903500	13.1147
GO:1903501	12.1147
GO:1903503	12.1147
GO:1903504	10.7928
GO:1903509	7.7224
GO:1903512	13.1147
GO:1903514	12.1147
GO:1903515	12.1147
GO:1903516	13.1147
GO:1903518	13.1147
GO:1903522	7.7224
GO:1903523	12.1147
GO:1903524	12.1147
GO:1903525	12.1147
GO:1903527	13.1147
GO:1903530	6.5000
GO:1903531	8.5298
GO:1903532	7.4423
GO:1903533	10.1147
GO:1903541	10.7928
GO:1903542	12.1147
GO:1903543	11.1147
GO:1903546	13.1147
GO:1903551	12.1147
GO:1903553	12.1147
GO:1903555	8.0273
GO:1903556	9.4143
GO:1903557	8.7224
GO:1903561	3.4388
GO:1903564	13.1147
GO:1903566	13.1147
GO:1903573	9.9448
GO:1903575	13.1147
GO:1903578	9.7928
GO:1903579	11.5298
GO:1903580	10.7928
GO:1903587	10.7928
GO:1903588	12.1147
GO:1903589	11.5298
GO:1903593	12.1147
GO:1903595	12.1147
GO:1903596	13.1147
GO:1903598	13.1147
GO:1903599	13.1147
GO:1903600	13.1147
GO:1903608	12.1147
GO:1903609	13.1147
GO:1903612	13.1147
GO:1903624	12.1147
GO:1903625	13.1147
GO:1903626	13.1147
GO:1903659	12.1147
GO:1903664	13.1147
GO:1903670	10.5298
GO:1903672	10.5298
GO:1903674	13.1147
GO:1903676	13.1147
GO:1903677	13.1147
GO:1903679	13.1147
GO:1903684	11.1147
GO:1903687	13.1147
GO:1903688	11.5298
GO:1903689	11.5298
GO:1903690	13.1147
GO:1903691	12.1147
GO:1903692	13.1147
GO:1903706	7.5912
GO:1903707	9.5298
GO:1903708	9.0273
GO:1903711	13.1147
GO:1903713	13.1147
GO:1903715	10.5298
GO:1903719	13.1147
GO:1903721	13.1147
GO:1903722	13.1147
GO:1903724	13.1147
GO:1903725	8.8668
GO:1903726	10.3074
GO:1903727	10.3074
GO:1903729	11.5298
GO:1903750	13.1147
GO:1903751	13.1147
GO:1903763	13.1147
GO:1903764	13.1147
GO:1903765	13.1147
GO:1903767	13.1147
GO:1903768	13.1147
GO:1903772	13.1147
GO:1903774	13.1147
GO:1903775	13.1147
GO:1903778	11.5298
GO:1903779	10.7928
GO:1903785	13.1147
GO:1903790	12.1147
GO:1903792	12.1147
GO:1903793	13.1147
GO:1903798	10.5298
GO:1903799	11.1147
GO:1903800	12.1147
GO:1903801	10.7928
GO:1903804	11.5298
GO:1903810	13.1147
GO:1903817	10.5298
GO:1903818	13.1147
GO:1903826	10.1147
GO:1903828	8.0703
GO:1903829	6.5601
GO:1903830	11.5298
GO:1903832	11.5298
GO:1903833	11.5298
GO:1903840	13.1147
GO:1903841	13.1147
GO:1903842	11.5298
GO:1903843	11.5298
GO:1903844	8.3598
GO:1903846	10.3074
GO:1903850	11.1147
GO:1903852	12.1147
GO:1903859	12.1147
GO:1903861	12.1147
GO:1903862	12.1147
GO:1903872	13.1147
GO:1903873	13.1147
GO:1903891	12.1147
GO:1903892	13.1147
GO:1903894	11.5298
GO:1903896	12.1147
GO:1903897	11.1147
GO:1903898	12.1147
GO:1903899	13.1147
GO:1903900	7.9448
GO:1903901	12.1147
GO:1903902	9.7928
GO:1903909	13.1147
GO:1903911	13.1147
GO:1903912	11.5298
GO:1903935	13.1147
GO:1903936	13.1147
GO:1903939	11.1147
GO:1903940	12.1147
GO:1903943	12.1147
GO:1903944	12.1147
GO:1903959	12.1147
GO:1903960	13.1147
GO:1903961	13.1147
GO:1903963	12.1147
GO:1903965	13.1147
GO:1903969	13.1147
GO:1903971	13.1147
GO:1903972	13.1147
GO:1903974	13.1147
GO:1903975	11.5298
GO:1903977	12.1147
GO:1903978	12.1147
GO:1903979	13.1147
GO:1903984	11.5298
GO:1903998	13.1147
GO:1904014	13.1147
GO:1904015	13.1147
GO:1904018	8.2078
GO:1904019	13.1147
GO:1904020	13.1147
GO:1904021	13.1147
GO:1904026	13.1147
GO:1904028	13.1147
GO:1904030	10.5298
GO:1904031	10.3074
GO:1904035	10.7928
GO:1904036	11.5298
GO:1904037	12.1147
GO:1904046	13.1147
GO:1904047	10.7928
GO:1904057	13.1147
GO:1904059	12.1147
GO:1904061	13.1147
GO:1904062	7.3074
GO:1904063	8.7928
GO:1904064	8.7928
GO:1904090	11.1147
GO:1904092	13.1147
GO:1904093	13.1147
GO:1904098	13.1147
GO:1904100	13.1147
GO:1904106	13.1147
GO:1904115	13.1147
GO:1904121	12.1147
GO:1904139	13.1147
GO:1904141	13.1147
GO:1904152	11.1147
GO:1904153	11.1147
GO:1904155	13.1147
GO:1904158	12.1147
GO:1904177	13.1147
GO:1904179	13.1147
GO:1904180	13.1147
GO:1904181	11.5298
GO:1904187	13.1147
GO:1904189	13.1147
GO:1904231	12.1147
GO:1904238	13.1147
GO:1904262	9.0273
GO:1904263	8.2078
GO:1904270	12.1147
GO:1904271	13.1147
GO:1904273	11.5298
GO:1904288	13.1147
GO:1904289	13.1147
GO:1904291	13.1147
GO:1904292	12.1147
GO:1904293	13.1147
GO:1904294	13.1147
GO:1904315	11.1147
GO:1904321	13.1147
GO:1904322	13.1147
GO:1904323	13.1147
GO:1904325	13.1147
GO:1904338	12.1147
GO:1904339	13.1147
GO:1904340	13.1147
GO:1904350	13.1147
GO:1904353	9.9448
GO:1904354	12.1147
GO:1904355	10.3074
GO:1904356	8.4709
GO:1904357	9.6553
GO:1904358	9.3074
GO:1904375	8.3598
GO:1904376	11.1147
GO:1904377	9.0273
GO:1904380	13.1147
GO:1904382	13.1147
GO:1904385	12.1147
GO:1904396	8.1605
GO:1904397	9.7928
GO:1904398	9.5298
GO:1904399	11.5298
GO:1904408	11.1147
GO:1904415	12.1147
GO:1904417	12.1147
GO:1904423	13.1147
GO:1904426	13.1147
GO:1904427	9.9448
GO:1904429	13.1147
GO:1904430	13.1147
GO:1904447	13.1147
GO:1904457	12.1147
GO:1904462	13.1147
GO:1904464	12.1147
GO:1904465	13.1147
GO:1904466	13.1147
GO:1904478	13.1147
GO:1904479	13.1147
GO:1904481	13.1147
GO:1904482	13.1147
GO:1904502	11.1147
GO:1904503	13.1147
GO:1904504	11.5298
GO:1904505	12.1147
GO:1904506	12.1147
GO:1904515	12.1147
GO:1904523	13.1147
GO:1904524	13.1147
GO:1904533	13.1147
GO:1904534	13.1147
GO:1904547	13.1147
GO:1904555	13.1147
GO:1904556	13.1147
GO:1904557	11.1147
GO:1904564	13.1147
GO:1904580	11.5298
GO:1904582	13.1147
GO:1904587	13.1147
GO:1904602	12.1147
GO:1904627	12.1147
GO:1904628	12.1147
GO:1904640	13.1147
GO:1904645	10.3074
GO:1904646	10.7928
GO:1904647	13.1147
GO:1904659	9.9448
GO:1904666	10.1147
GO:1904667	11.1147
GO:1904668	11.1147
GO:1904669	9.9448
GO:1904675	12.1147
GO:1904677	12.1147
GO:1904680	11.1147
GO:1904688	11.1147
GO:1904689	13.1147
GO:1904690	13.1147
GO:1904693	13.1147
GO:1904705	9.9448
GO:1904706	11.5298
GO:1904707	10.5298
GO:1904714	12.1147
GO:1904715	13.1147
GO:1904724	8.5912
GO:1904729	13.1147
GO:1904730	13.1147
GO:1904747	13.1147
GO:1904748	11.5298
GO:1904749	10.5298
GO:1904750	11.1147
GO:1904751	12.1147
GO:1904752	12.1147
GO:1904754	12.1147
GO:1904760	13.1147
GO:1904761	13.1147
GO:1904768	12.1147
GO:1904776	13.1147
GO:1904779	12.1147
GO:1904781	12.1147
GO:1904790	13.1147
GO:1904792	13.1147
GO:1904797	13.1147
GO:1904798	13.1147
GO:1904799	11.5298
GO:1904801	11.5298
GO:1904803	13.1147
GO:1904813	7.2078
GO:1904814	12.1147
GO:1904815	13.1147
GO:1904816	13.1147
GO:1904823	13.1147
GO:1904825	13.1147
GO:1904826	13.1147
GO:1904828	13.1147
GO:1904829	13.1147
GO:1904831	13.1147
GO:1904841	13.1147
GO:1904847	12.1147
GO:1904849	13.1147
GO:1904850	13.1147
GO:1904851	11.1147
GO:1904855	12.1147
GO:1904861	12.1147
GO:1904862	11.1147
GO:1904869	11.1147
GO:1904871	11.1147
GO:1904872	10.1147
GO:1904874	10.1147
GO:1904878	13.1147
GO:1904880	13.1147
GO:1904881	13.1147
GO:1904886	13.1147
GO:1904888	12.1147
GO:1904892	8.3074
GO:1904893	9.6553
GO:1904894	9.1147
GO:1904895	13.1147
GO:1904902	13.1147
GO:1904904	10.7928
GO:1904905	13.1147
GO:1904906	11.1147
GO:1904907	13.1147
GO:1904908	13.1147
GO:1904910	13.1147
GO:1904911	13.1147
GO:1904913	13.1147
GO:1904914	13.1147
GO:1904930	10.1147
GO:1904947	13.1147
GO:1904949	7.0486
GO:1904950	8.5912
GO:1904951	7.2078
GO:1904959	11.5298
GO:1904960	12.1147
GO:1904967	13.1147
GO:1904968	13.1147
GO:1904970	13.1147
GO:1904971	12.1147
GO:1904973	12.1147
GO:1904975	13.1147
GO:1904976	13.1147
GO:1904978	11.5298
GO:1904979	13.1147
GO:1904980	13.1147
GO:1904983	13.1147
GO:1904990	13.1147
GO:1904992	13.1147
GO:1904994	10.1147
GO:1904995	12.1147
GO:1904996	10.7928
GO:1904997	13.1147
GO:1904999	13.1147
GO:1905024	13.1147
GO:1905025	13.1147
GO:1905031	13.1147
GO:1905032	13.1147
GO:1905034	11.5298
GO:1905035	11.5298
GO:1905037	7.9854
GO:1905039	7.3334
GO:1905048	13.1147
GO:1905051	13.1147
GO:1905062	13.1147
GO:1905063	12.1147
GO:1905064	13.1147
GO:1905065	13.1147
GO:1905098	12.1147
GO:1905115	13.1147
GO:1905116	13.1147
GO:1905132	13.1147
GO:1905133	13.1147
GO:1905135	13.1147
GO:1905144	11.5298
GO:1905145	12.1147
GO:1905146	13.1147
GO:1905150	13.1147
GO:1905153	12.1147
GO:1905154	13.1147
GO:1905155	13.1147
GO:1905162	13.1147
GO:1905165	13.1147
GO:1905168	9.6553
GO:1905172	11.5298
GO:1905202	13.1147
GO:1905207	10.7928
GO:1905208	11.5298
GO:1905209	12.1147
GO:1905216	12.1147
GO:1905247	13.1147
GO:1905258	13.1147
GO:1905259	13.1147
GO:1905261	13.1147
GO:1905263	13.1147
GO:1905268	10.5298
GO:1905269	10.7928
GO:1905276	13.1147
GO:1905278	13.1147
GO:1905279	12.1147
GO:1905281	13.1147
GO:1905286	9.7928
GO:1905314	11.1147
GO:1905323	12.1147
GO:1905329	12.1147
GO:1905330	10.7928
GO:1905331	13.1147
GO:1905332	11.5298
GO:1905344	12.1147
GO:1905345	13.1147
GO:1905347	13.1147
GO:1905348	8.7224
GO:1905349	13.1147
GO:1905354	8.7928
GO:1905360	9.9448
GO:1905365	13.1147
GO:1905366	13.1147
GO:1905368	6.7053
GO:1905369	6.9650
GO:1905370	9.9448
GO:1905379	12.1147
GO:1905380	13.1147
GO:1905381	13.1147
GO:1905383	13.1147
GO:1905394	11.1147
GO:1905395	13.1147
GO:1905396	13.1147
GO:1905413	13.1147
GO:1905446	13.1147
GO:1905448	13.1147
GO:1905459	12.1147
GO:1905461	12.1147
GO:1905475	8.2078
GO:1905476	11.1147
GO:1905477	8.7928
GO:1905502	13.1147
GO:1905508	10.5298
GO:1905515	10.3074
GO:1905517	11.5298
GO:1905521	10.3074
GO:1905522	12.1147
GO:1905523	10.7928
GO:1905524	13.1147
GO:1905535	13.1147
GO:1905536	13.1147
GO:1905553	13.1147
GO:1905555	13.1147
GO:1905561	13.1147
GO:1905562	11.1147
GO:1905564	11.1147
GO:1905573	12.1147
GO:1905576	13.1147
GO:1905590	13.1147
GO:1905603	13.1147
GO:1905605	13.1147
GO:1905606	11.5298
GO:1905632	13.1147
GO:1905634	10.7928
GO:1905644	13.1147
GO:1905646	13.1147
GO:1905647	13.1147
GO:1905664	13.1147
GO:1905665	13.1147
GO:1905666	12.1147
GO:1905668	12.1147
GO:1905669	13.1147
GO:1905671	11.1147
GO:1905673	11.5298
GO:1905674	12.1147
GO:1905675	12.1147
GO:1905691	12.1147
GO:1905709	10.7928
GO:1905710	11.5298
GO:1905719	11.5298
GO:1905725	13.1147
GO:1905747	13.1147
GO:1905748	13.1147
GO:1905764	12.1147
GO:1905765	12.1147
GO:1905770	13.1147
GO:1905772	13.1147
GO:1905780	13.1147
GO:1905782	13.1147
GO:1905784	11.5298
GO:1905786	13.1147
GO:1905793	13.1147
GO:1905806	13.1147
GO:1905808	13.1147
GO:1905809	9.7928
GO:1905818	8.5298
GO:1905819	9.4143
GO:1905820	10.3074
GO:1905821	11.5298
GO:1905828	13.1147
GO:1905838	13.1147
GO:1905839	13.1147
GO:1905856	13.1147
GO:1905864	13.1147
GO:1905866	13.1147
GO:1905868	12.1147
GO:1905869	13.1147
GO:1905870	13.1147
GO:1905879	13.1147
GO:1905897	9.0273
GO:1905898	10.7928
GO:1905906	11.1147
GO:1905907	11.5298
GO:1905908	12.1147
GO:1905912	13.1147
GO:1905913	13.1147
GO:1905936	13.1147
GO:1905938	13.1147
GO:1905939	13.1147
GO:1905941	13.1147
GO:1905948	13.1147
GO:1905952	8.0703
GO:1905953	9.5298
GO:1905954	8.7928
GO:1905956	13.1147
GO:1905957	12.1147
GO:1905962	13.1147
GO:1990000	10.7928
GO:1990003	13.1147
GO:1990023	12.1147
GO:1990027	13.1147
GO:1990034	13.1147
GO:1990036	13.1147
GO:1990044	13.1147
GO:1990047	13.1147
GO:1990049	13.1147
GO:1990050	10.7928
GO:1990051	13.1147
GO:1990062	10.3074
GO:1990070	12.1147
GO:1990071	9.7928
GO:1990072	9.7928
GO:1990081	13.1147
GO:1990089	12.1147
GO:1990090	12.1147
GO:1990108	13.1147
GO:1990114	13.1147
GO:1990116	11.5298
GO:1990130	11.1147
GO:1990138	9.4143
GO:1990139	13.1147
GO:1990143	13.1147
GO:1990145	11.5298
GO:1990146	13.1147
GO:1990147	13.1147
GO:1990151	13.1147
GO:1990165	13.1147
GO:1990166	13.1147
GO:1990167	12.1147
GO:1990168	12.1147
GO:1990169	13.1147
GO:1990170	11.1147
GO:1990173	12.1147
GO:1990174	13.1147
GO:1990180	11.1147
GO:1990182	11.1147
GO:1990184	12.1147
GO:1990189	13.1147
GO:1990204	8.9448
GO:1990221	10.7928
GO:1990226	11.1147
GO:1990228	10.7928
GO:1990229	9.3074
GO:1990231	13.1147
GO:1990234	4.3632
GO:1990239	13.1147
GO:1990246	11.5298
GO:1990247	12.1147
GO:1990253	11.5298
GO:1990255	13.1147
GO:1990259	13.1147
GO:1990261	13.1147
GO:1990264	13.1147
GO:1990266	9.6553
GO:1990269	11.5298
GO:1990275	11.1147
GO:1990298	13.1147
GO:1990303	13.1147
GO:1990304	13.1147
GO:1990305	13.1147
GO:1990306	13.1147
GO:1990316	11.5298
GO:1990317	11.5298
GO:1990331	13.1147
GO:1990332	13.1147
GO:1990349	13.1147
GO:1990350	13.1147
GO:1990351	6.2818
GO:1990359	13.1147
GO:1990379	13.1147
GO:1990380	11.1147
GO:1990381	10.1147
GO:1990385	11.5298
GO:1990386	12.1147
GO:1990389	12.1147
GO:1990390	13.1147
GO:1990391	11.1147
GO:1990393	13.1147
GO:1990399	12.1147
GO:1990403	13.1147
GO:1990404	9.7928
GO:1990409	13.1147
GO:1990410	13.1147
GO:1990414	11.1147
GO:1990422	13.1147
GO:1990423	12.1147
GO:1990429	11.5298
GO:1990430	12.1147
GO:1990439	13.1147
GO:1990446	12.1147
GO:1990448	13.1147
GO:1990450	13.1147
GO:1990451	13.1147
GO:1990452	13.1147
GO:1990454	12.1147
GO:1990459	11.1147
GO:1990460	13.1147
GO:1990462	11.5298
GO:1990467	13.1147
GO:1990468	12.1147
GO:1990481	11.1147
GO:1990498	11.1147
GO:1990501	12.1147
GO:1990502	13.1147
GO:1990508	13.1147
GO:1990524	13.1147
GO:1990525	13.1147
GO:1990528	12.1147
GO:1990529	12.1147
GO:1990530	12.1147
GO:1990531	10.1147
GO:1990533	11.5298
GO:1990535	12.1147
GO:1990539	13.1147
GO:1990540	13.1147
GO:1990542	8.6553
GO:1990544	12.1147
GO:1990546	11.5298
GO:1990548	13.1147
GO:1990550	13.1147
GO:1990564	12.1147
GO:1990565	13.1147
GO:1990569	12.1147
GO:1990573	10.5298
GO:1990575	12.1147
GO:1990578	12.1147
GO:1990584	12.1147
GO:1990592	12.1147
GO:1990593	13.1147
GO:1990599	12.1147
GO:1990609	13.1147
GO:1990615	13.1147
GO:1990616	13.1147
GO:1990622	13.1147
GO:1990635	13.1147
GO:1990666	13.1147
GO:1990675	13.1147
GO:1990676	13.1147
GO:1990677	13.1147
GO:1990683	13.1147
GO:1990700	9.4143
GO:1990709	13.1147
GO:1990712	10.7928
GO:1990724	13.1147
GO:1990726	11.5298
GO:1990728	13.1147
GO:1990735	13.1147
GO:1990738	13.1147
GO:1990742	13.1147
GO:1990743	11.1147
GO:1990745	13.1147
GO:1990748	8.8668
GO:1990752	11.5298
GO:1990756	8.5912
GO:1990757	13.1147
GO:1990758	11.5298
GO:1990761	13.1147
GO:1990763	13.1147
GO:1990764	13.1147
GO:1990776	12.1147
GO:1990777	10.3074
GO:1990778	7.5000
GO:1990779	13.1147
GO:1990782	8.7224
GO:1990784	13.1147
GO:1990786	13.1147
GO:1990788	13.1147
GO:1990794	13.1147
GO:1990814	11.1147
GO:1990816	11.5298
GO:1990817	10.5298
GO:1990822	9.9448
GO:1990825	10.7928
GO:1990834	13.1147
GO:1990837	6.0813
GO:1990838	13.1147
GO:1990840	11.1147
GO:1990841	10.3074
GO:1990845	13.1147
GO:1990849	9.9448
GO:1990851	13.1147
GO:1990856	12.1147
GO:1990858	11.1147
GO:1990868	10.1147
GO:1990869	10.1147
GO:1990877	11.1147
GO:1990879	12.1147
GO:1990883	13.1147
GO:1990904	4.2169
GO:1990909	11.5298
GO:1990911	13.1147
GO:1990928	8.9448
GO:1990930	13.1147
GO:1990931	12.1147
GO:1990935	13.1147
GO:1990948	11.1147
GO:1990949	13.1147
GO:1990961	11.1147
GO:1990962	13.1147
GO:1990963	13.1147
GO:1990964	13.1147
GO:1990966	11.5298
GO:1990983	13.1147
GO:1990984	12.1147
GO:2000001	10.3074
GO:2000002	10.7928
GO:2000003	13.1147
GO:2000008	9.4143
GO:2000009	12.1147
GO:2000010	10.3074
GO:2000015	13.1147
GO:2000017	13.1147
GO:2000018	13.1147
GO:2000020	13.1147
GO:2000026	5.5756
GO:2000027	10.7928
GO:2000035	10.7928
GO:2000036	13.1147
GO:2000042	10.7928
GO:2000045	7.9448
GO:2000047	11.5298
GO:2000048	12.1147
GO:2000049	13.1147
GO:2000050	13.1147
GO:2000052	13.1147
GO:2000058	7.5298
GO:2000059	9.4143
GO:2000060	8.2078
GO:2000064	11.1147
GO:2000065	11.5298
GO:2000074	12.1147
GO:2000077	13.1147
GO:2000097	13.1147
GO:2000098	13.1147
GO:2000104	12.1147
GO:2000105	10.3074
GO:2000106	9.2078
GO:2000107	10.3074
GO:2000108	10.5298
GO:2000114	13.1147
GO:2000118	12.1147
GO:2000119	13.1147
GO:2000134	9.3074
GO:2000136	13.1147
GO:2000138	13.1147
GO:2000142	8.3074
GO:2000143	11.5298
GO:2000144	8.5912
GO:2000145	5.4352
GO:2000146	7.0924
GO:2000147	6.1374
GO:2000155	11.1147
GO:2000156	12.1147
GO:2000169	13.1147
GO:2000170	13.1147
GO:2000177	9.6553
GO:2000178	11.1147
GO:2000179	10.3074
GO:2000181	8.6553
GO:2000182	13.1147
GO:2000185	12.1147
GO:2000191	10.7928
GO:2000192	11.5298
GO:2000193	12.1147
GO:2000197	11.1147
GO:2000198	13.1147
GO:2000209	10.3074
GO:2000210	13.1147
GO:2000217	13.1147
GO:2000220	13.1147
GO:2000224	13.1147
GO:2000232	9.6553
GO:2000233	12.1147
GO:2000234	10.5298
GO:2000235	13.1147
GO:2000237	13.1147
GO:2000241	7.7928
GO:2000242	9.4143
GO:2000243	9.0273
GO:2000252	13.1147
GO:2000253	13.1147
GO:2000257	13.1147
GO:2000258	13.1147
GO:2000269	12.1147
GO:2000270	13.1147
GO:2000271	13.1147
GO:2000272	10.3074
GO:2000274	12.1147
GO:2000278	8.1147
GO:2000279	9.6553
GO:2000282	13.1147
GO:2000288	13.1147
GO:2000289	13.1147
GO:2000291	13.1147
GO:2000292	13.1147
GO:2000295	13.1147
GO:2000296	13.1147
GO:2000300	12.1147
GO:2000303	12.1147
GO:2000304	13.1147
GO:2000310	13.1147
GO:2000311	11.5298
GO:2000322	13.1147
GO:2000323	13.1147
GO:2000331	10.7928
GO:2000332	13.1147
GO:2000334	13.1147
GO:2000338	13.1147
GO:2000340	13.1147
GO:2000341	11.5298
GO:2000343	11.5298
GO:2000344	13.1147
GO:2000348	12.1147
GO:2000349	13.1147
GO:2000351	8.9448
GO:2000352	10.1147
GO:2000353	10.1147
GO:2000359	13.1147
GO:2000369	11.1147
GO:2000370	11.1147
GO:2000373	13.1147
GO:2000377	8.7224
GO:2000378	10.5298
GO:2000379	9.6553
GO:2000392	11.5298
GO:2000393	13.1147
GO:2000394	12.1147
GO:2000401	9.7928
GO:2000403	9.9448
GO:2000404	9.9448
GO:2000406	9.9448
GO:2000416	11.5298
GO:2000417	12.1147
GO:2000418	13.1147
GO:2000419	13.1147
GO:2000420	13.1147
GO:2000422	13.1147
GO:2000424	13.1147
GO:2000425	11.1147
GO:2000426	13.1147
GO:2000427	12.1147
GO:2000431	11.5298
GO:2000432	13.1147
GO:2000433	12.1147
GO:2000434	10.7928
GO:2000435	13.1147
GO:2000436	11.1147
GO:2000458	13.1147
GO:2000465	13.1147
GO:2000466	13.1147
GO:2000471	13.1147
GO:2000473	13.1147
GO:2000479	11.5298
GO:2000480	12.1147
GO:2000481	13.1147
GO:2000492	13.1147
GO:2000494	13.1147
GO:2000495	12.1147
GO:2000501	13.1147
GO:2000503	13.1147
GO:2000508	11.1147
GO:2000510	11.1147
GO:2000514	10.1147
GO:2000515	10.7928
GO:2000516	11.1147
GO:2000523	13.1147
GO:2000524	13.1147
GO:2000527	13.1147
GO:2000529	13.1147
GO:2000535	11.5298
GO:2000536	13.1147
GO:2000544	12.1147
GO:2000546	13.1147
GO:2000551	13.1147
GO:2000552	13.1147
GO:2000554	12.1147
GO:2000556	12.1147
GO:2000561	11.5298
GO:2000562	12.1147
GO:2000563	12.1147
GO:2000564	13.1147
GO:2000566	13.1147
GO:2000567	13.1147
GO:2000568	13.1147
GO:2000573	9.0273
GO:2000586	13.1147
GO:2000588	13.1147
GO:2000601	10.5298
GO:2000609	13.1147
GO:2000611	13.1147
GO:2000622	10.7928
GO:2000623	13.1147
GO:2000624	13.1147
GO:2000625	11.5298
GO:2000627	11.5298
GO:2000628	9.6553
GO:2000629	11.5298
GO:2000630	9.7928
GO:2000631	11.1147
GO:2000632	11.5298
GO:2000633	13.1147
GO:2000634	11.5298
GO:2000635	12.1147
GO:2000636	13.1147
GO:2000637	11.5298
GO:2000638	13.1147
GO:2000640	13.1147
GO:2000641	9.7928
GO:2000642	12.1147
GO:2000643	12.1147
GO:2000644	11.5298
GO:2000645	13.1147
GO:2000646	12.1147
GO:2000647	12.1147
GO:2000648	10.5298
GO:2000649	9.5298
GO:2000651	10.7928
GO:2000659	12.1147
GO:2000660	12.1147
GO:2000668	11.1147
GO:2000669	11.5298
GO:2000670	13.1147
GO:2000674	12.1147
GO:2000675	13.1147
GO:2000676	13.1147
GO:2000677	10.3074
GO:2000678	11.1147
GO:2000679	11.5298
GO:2000683	13.1147
GO:2000696	13.1147
GO:2000718	12.1147
GO:2000719	13.1147
GO:2000720	13.1147
GO:2000725	11.1147
GO:2000726	12.1147
GO:2000727	12.1147
GO:2000728	13.1147
GO:2000736	10.3074
GO:2000737	13.1147
GO:2000738	13.1147
GO:2000739	12.1147
GO:2000740	13.1147
GO:2000749	13.1147
GO:2000765	9.0273
GO:2000766	10.7928
GO:2000767	10.3074
GO:2000772	9.9448
GO:2000773	11.5298
GO:2000774	11.5298
GO:2000779	8.2567
GO:2000780	10.3074
GO:2000781	8.9448
GO:2000785	9.0273
GO:2000786	9.7928
GO:2000810	10.3074
GO:2000811	10.7928
GO:2000812	12.1147
GO:2000813	13.1147
GO:2000816	9.5298
GO:2000819	11.5298
GO:2000826	12.1147
GO:2000827	13.1147
GO:2000831	12.1147
GO:2000833	13.1147
GO:2000846	13.1147
GO:2000848	13.1147
GO:2000849	13.1147
GO:2000851	13.1147
GO:2000969	13.1147
GO:2000977	13.1147
GO:2000978	13.1147
GO:2001013	12.1147
GO:2001014	13.1147
GO:2001023	13.1147
GO:2001026	11.1147
GO:2001028	11.5298
GO:2001032	10.1147
GO:2001033	13.1147
GO:2001034	10.5298
GO:2001044	11.5298
GO:2001045	13.1147
GO:2001046	13.1147
GO:2001057	10.5298
GO:2001065	13.1147
GO:2001124	13.1147
GO:2001125	13.1147
GO:2001135	10.7928
GO:2001136	13.1147
GO:2001137	11.5298
GO:2001138	10.3074
GO:2001139	13.1147
GO:2001140	11.1147
GO:2001141	4.1959
GO:2001159	13.1147
GO:2001169	11.1147
GO:2001170	13.1147
GO:2001171	11.5298
GO:2001185	13.1147
GO:2001187	13.1147
GO:2001188	12.1147
GO:2001190	12.1147
GO:2001197	13.1147
GO:2001198	11.5298
GO:2001200	12.1147
GO:2001207	11.5298
GO:2001208	13.1147
GO:2001209	11.5298
GO:2001210	13.1147
GO:2001212	13.1147
GO:2001214	13.1147
GO:2001222	11.1147
GO:2001223	13.1147
GO:2001224	12.1147
GO:2001225	12.1147
GO:2001226	13.1147
GO:2001228	13.1147
GO:2001229	13.1147
GO:2001233	6.8859
GO:2001234	7.5912
GO:2001235	8.5912
GO:2001236	8.1147
GO:2001237	8.9448
GO:2001238	9.7928
GO:2001239	10.1147
GO:2001240	10.7928
GO:2001241	11.5298
GO:2001242	7.9854
GO:2001243	8.8668
GO:2001244	9.5298
GO:2001245	11.1147
GO:2001246	13.1147
GO:2001247	11.5298
GO:2001251	8.3598
GO:2001252	8.3074
GO:2001256	12.1147
GO:2001259	11.5298
GO:2001284	13.1147
GO:2001286	13.1147
GO:2001293	13.1147
GO:2001294	13.1147
GO:2001301	12.1147
GO:2001302	13.1147
GO:2001303	13.1147
GO:2001304	13.1147
GO:2001306	13.1147
GO:2001311	13.1147
GO:7770058	8.5912
GO:7770068	11.5298
GO:7770088	12.1147
