protein_a	protein_b	involves_dark	genetic_assays
Q91VM3	Q9CQY1	1	Negative Genetic
Q16222	Q3KQV9	1	Negative Genetic
P77308	Q47622	1	Positive Genetic
P77171	P77309	1	Negative Genetic
P53823	Q03144	1	Phenotypic Enhancement
P43544	P53823	1	Phenotypic Enhancement
P38150	P40361	1	Synthetic Growth Defect
P37682	P77700	1	Positive Genetic
P37682	P76250	1	Positive Genetic
P37682	P52044	1	Positive Genetic
P37641	P37671	1	Negative Genetic
P37313	P77268	1	Negative Genetic
P36646	P36678	1	Negative Genetic
P27243	P76372	1	Negative Genetic
P23917	P76586	1	Negative Genetic
P0AFH2	Q47622	1	Negative Genetic
P0ACQ7	P77309	1	Positive Genetic
P0ACI0	P77396	1	Positive Genetic
P0ACH5	P31449	1	Negative Genetic
P0AAG0	Q47622	1	Negative Genetic
P0AAA7	P76372	1	Negative Genetic
P09378	P31449	1	Positive Genetic
P09377	P77396	1	Positive Genetic
P07021	P0A910	1	Positive Genetic
Q9VTK2	Q9W5D4	0	Phenotypic Enhancement;Phenotypic Suppression
Q9VQ89	Q9VUB4	0	Phenotypic Suppression
Q9VMA2	Q9W0P5	0	Phenotypic Enhancement
Q9VIW3	Q9VZ23	0	Phenotypic Suppression
Q9VGP6	Q9VTE5	0	Phenotypic Enhancement
Q9VEU5	Q9VEU6	0	Phenotypic Enhancement;Phenotypic Suppression
Q9VDD3	Q9VNK9	0	Phenotypic Suppression
Q9VCE6	Q9VLP7	0	Phenotypic Enhancement
Q9VAY3	Q9W385	0	Phenotypic Enhancement;Phenotypic Suppression
Q9VA70	Q9VIP7	0	Phenotypic Suppression
Q9VA00	Q9VT70	0	Phenotypic Suppression
Q9V4K2	Q9W0M2	0	Phenotypic Enhancement
Q9V427	Q9VAS7	0	Phenotypic Enhancement
Q9V3S9	Q9V3U0	0	Phenotypic Enhancement
Q9V3B4	Q9VXN9	0	Phenotypic Suppression
Q9UFF9	Q9UIV1	0	Negative Genetic
Q9UBS0	Q9Y243	0	Negative Genetic
Q9SIL6	Q9ZNT7	0	Synthetic Growth Defect
Q9SAH7	Q9SK33	0	Phenotypic Enhancement
Q9P0J6	Q9Y6G3	0	Positive Genetic
Q9NZ32	Q9UJW0	0	Negative Genetic
Q9NY97	Q9Y2A9	0	Negative Genetic
Q9NWU5	Q9Y3D3	0	Positive Genetic
Q9NWU5	Q9P0J6	0	Positive Genetic
Q9NWA0	Q9ULK4	0	Negative Genetic
Q9NW82	Q9UNP9	0	Negative Genetic
Q9NW08	Q9Y5Q9	0	Negative Genetic
Q9NW08	Q9UHW5	0	Negative Genetic
Q9NVP2	Q9Y294	0	Negative Genetic;Synthetic Lethality
Q9NT62	Q9Y4P8	0	Phenotypic Enhancement
Q9NRF9	Q9NRG0	0	Positive Genetic
Q9NR31	Q9Y6B6	0	Negative Genetic
Q9NHX0	Q9W5E1	0	Phenotypic Suppression
Q9HAU4	Q9HCE7	0	Negative Genetic
Q9H9Q2	Q9UBW8	0	Synthetic Lethality
Q9H0Y0	Q9Y4P8	0	Phenotypic Enhancement
Q9GZS3	Q9Y450	0	Negative Genetic
Q9GYU8	Q9TVM2	0	Phenotypic Suppression
Q9GU68	Q9V9U4	0	Phenotypic Enhancement
Q9FVC1	Q9SXZ2	0	Phenotypic Enhancement
Q9EPK6	Q9JKR6	0	Dosage Rescue;Synthetic Haploinsufficiency
Q9D906	Q9Z2X8	0	Phenotypic Enhancement
Q9CQY1	Q9D906	0	Positive Genetic
Q9CQY1	Q9D8Z6	0	Positive Genetic
Q9CPX6	Q9CQY1	0	Positive Genetic
Q9CAP8	Q9T0A0	0	Phenotypic Enhancement
Q9C9U2	Q9LMT0	0	Synthetic Lethality
Q9C5X3	Q9SVC2	0	Dosage Growth Defect
Q9C5U1	Q9C5U2	0	Phenotypic Enhancement;Synthetic Growth Defect
Q9C5U0	Q9C5U2	0	Synthetic Growth Defect
Q9C5U0	Q9C5U1	0	Synthetic Growth Defect
Q9BZQ4	Q9HAN9	0	Negative Genetic
Q9BZE1	Q9Y2Q9	0	Positive Genetic
Q9BY41	Q9BZK7	0	Positive Genetic
Q9BVP2	Q9NVN8	0	Negative Genetic
Q9BUZ4	Q9HCE7	0	Phenotypic Suppression
Q9BSM1	Q9BYE7	0	Negative Genetic;Phenotypic Enhancement
Q9BSB4	Q9NT62	0	Phenotypic Enhancement
Q9BSB4	Q9H0Y0	0	Phenotypic Enhancement
Q9BS18	Q9UJX2	0	Negative Genetic
Q9BS16	Q9NSP4	0	Negative Genetic
Q9BRY0	Q9NUM3	0	Positive Genetic
Q9BQC6	Q9P0M9	0	Positive Genetic
Q99J83	Q9CQY1	0	Positive Genetic
Q99836	Q9Y4K3	0	Phenotypic Suppression
Q99836	Q9NPH3	0	Phenotypic Suppression
Q99570	Q9NT62	0	Phenotypic Enhancement
Q99570	Q9H0Y0	0	Phenotypic Enhancement
Q99547	Q9NPD3	0	Negative Genetic
Q96QG7	Q9Y217	0	Negative Genetic
Q96QG7	Q9Y216	0	Negative Genetic
Q96Q05	Q9UL33	0	Negative Genetic
Q96FW1	Q9HBL8	0	Phenotypic Suppression
Q96CJ1	Q96JC9	0	Negative Genetic
Q96BR1	Q9HBY8	0	Negative Genetic
Q96BP3	Q9Y3C6	0	Negative Genetic
Q95RA8	Q9NBK5	0	Phenotypic Enhancement;Phenotypic Suppression
Q94JQ6	Q9SNC3	0	Synthetic Growth Defect
Q94F62	Q9FL28	0	Phenotypic Suppression
Q94F62	Q9ASS4	0	Synthetic Rescue
Q94AH6	Q9SKK0	0	Phenotypic Enhancement
Q940H6	Q9FNB0	0	Phenotypic Suppression
Q93050	Q9Y487	0	Negative Genetic
Q92993	Q9H7Z6	0	Negative Genetic
Q92979	Q9NPD3	0	Negative Genetic
Q92830	Q92831	0	Negative Genetic
Q92759	Q9NVC6	0	Negative Genetic
Q91YW3	Q9EPK6	0	Synthetic Rescue
Q8WZ19	Q9H3F6	0	Negative Genetic
Q8WYA6	Q9UNP9	0	Positive Genetic
Q8WYA6	Q9NW64	0	Positive Genetic
Q8WTR2	Q99683	0	Phenotypic Enhancement
Q8TBC4	Q92905	0	Positive Genetic
Q8T045	Q9V6X7	0	Phenotypic Enhancement
Q8R1P4	Q9CQY1	0	Positive Genetic
Q8NHZ8	Q9BS18	0	Negative Genetic
Q8NFH3	Q9BW27	0	Negative Genetic
Q8NFH3	Q96EE3	0	Negative Genetic
Q8NEB9	Q9NT62	0	Phenotypic Enhancement
Q8NEB9	Q9H0Y0	0	Phenotypic Enhancement
Q8NBT0	Q8TC44	0	Negative Genetic
Q8N983	Q9Y3D9	0	Positive Genetic
Q8N5L8	Q9BUL9	0	Negative Genetic
Q8N0V5	Q9NY97	0	Positive Genetic
Q8IUR0	Q9UL33	0	Positive Genetic
Q8IUR0	Q9H0U4	0	Positive Genetic
Q8IQF1	Q9VRA2	0	Phenotypic Enhancement
Q8CDJ3	Q9CQY1	0	Positive Genetic
Q8C0J2	Q9CQY1	0	Positive Genetic
Q86Y38	Q9H1B5	0	Negative Genetic
Q86X55	Q99873	0	Negative Genetic;Phenotypic Enhancement
Q86VP6	Q969H0	0	Negative Genetic
Q86VP6	Q93034	0	Positive Genetic
Q86UE8	Q9UKI8	0	Negative Genetic
Q86TM6	Q9UKV5	0	Phenotypic Suppression
Q86SE9	Q9BYE7	0	Phenotypic Enhancement
Q86SE9	Q9BSM1	0	Negative Genetic
Q80W47	Q9CQY1	0	Positive Genetic
Q7Z7H8	Q9Y6G3	0	Positive Genetic
Q7Z7H8	Q9P0J6	0	Positive Genetic
Q7Z7H8	Q9NX20	0	Positive Genetic
Q7Z7H8	Q9NWU5	0	Positive Genetic
Q7Z7E8	Q8WVN8	0	Negative Genetic
Q7Z3C6	Q9NT62	0	Phenotypic Enhancement
Q7Z3B4	Q8NFH3	0	Negative Genetic
Q7Z392	Q9UL33	0	Positive Genetic
Q7Z020	Q9VM08	0	Phenotypic Enhancement;Phenotypic Suppression
Q7YU24	Q94920	0	Phenotypic Suppression
Q7XJ98	Q9CA75	0	Phenotypic Suppression
Q7LBR1	Q9HD42	0	Negative Genetic
Q7KU86	Q9VLJ8	0	Phenotypic Enhancement
Q7KRW1	Q9XZ58	0	Phenotypic Suppression;Synthetic Rescue
Q7KNS3	Q9VT70	0	Phenotypic Suppression
Q7KN62	Q9VQ57	0	Phenotypic Enhancement;Phenotypic Suppression
Q7KN62	Q95SP2	0	Phenotypic Enhancement
Q708Y0	Q94AH6	0	Phenotypic Enhancement
Q6ZNE5	Q9NT62	0	Phenotypic Enhancement
Q6ZNE5	Q9H0Y0	0	Phenotypic Enhancement
Q6WNK7	Q99257	0	Negative Genetic;Phenotypic Suppression;Synthetic Lethality
Q62226	Q9Z0P7	0	Phenotypic Suppression
Q61160	Q99J83	0	Positive Genetic
Q5XEM9	Q8S8M9	0	Synthetic Growth Defect
Q5W9E7	Q5XVJ4	0	Phenotypic Enhancement
Q5VIR6	Q9UID3	0	Positive Genetic
Q5MY95	Q9Y5L3	0	Negative Genetic
Q53HC9	Q9P1Q0	0	Synthetic Lethality
Q53G59	Q9Y2M5	0	Negative Genetic
Q53G59	Q9P2G9	0	Negative Genetic
Q47141	Q57083	0	Negative Genetic
Q47129	Q47141	0	Negative Genetic
Q46865	Q47156	0	Negative Genetic
Q46800	Q46814	0	Negative Genetic
Q3KNV8	Q9BYE7	0	Phenotypic Enhancement
Q3KNV8	Q9BSM1	0	Negative Genetic
Q3KNV8	Q86SE9	0	Negative Genetic
Q39026	Q9S7U9	0	Synthetic Rescue
Q39024	Q9S7U9	0	Synthetic Rescue
Q27324	Q9V422	0	Phenotypic Suppression
Q24592	Q9W0G1	0	Phenotypic Suppression
Q24475	Q9XYF4	0	Phenotypic Suppression
Q24368	Q94517	0	Phenotypic Enhancement
Q24324	Q9V9J3	0	Phenotypic Suppression
Q24324	Q24592	0	Phenotypic Suppression
Q24322	Q6AWJ9	0	Phenotypic Enhancement;Phenotypic Suppression
Q24307	Q9XYF4	0	Phenotypic Suppression
Q24307	Q24475	0	Phenotypic Suppression
Q24306	Q9XYF4	0	Phenotypic Enhancement;Phenotypic Suppression
Q24306	Q9VFJ3	0	Phenotypic Suppression
Q24306	Q8IRY7	0	Phenotypic Enhancement
Q24306	Q24475	0	Phenotypic Enhancement;Phenotypic Suppression
Q24306	Q24307	0	Phenotypic Suppression
Q24214	Q27889	0	Phenotypic Suppression
Q24186	Q9VFE4	0	Phenotypic Enhancement;Phenotypic Suppression
Q24151	Q9W0G1	0	Phenotypic Suppression
Q24151	Q24592	0	Phenotypic Enhancement;Phenotypic Suppression
Q24117	Q24246	0	Phenotypic Enhancement
Q24114	Q9VVX3	0	Phenotypic Enhancement;Phenotypic Suppression
Q24114	Q9V3L1	0	Phenotypic Enhancement
Q23983	Q24547	0	Phenotypic Enhancement
Q16795	Q99643	0	Positive Genetic
Q16706	Q9BYC5	0	Negative Genetic
Q15910	Q9BY41	0	Negative Genetic
Q15910	Q86X55	0	Positive Genetic
Q15437	Q9NR31	0	Positive Genetic
Q15436	Q15437	0	Negative Genetic
Q15334	Q6P1M3	0	Negative Genetic
Q15208	Q9Y2H1	0	Negative Genetic
Q15181	Q9H2U2	0	Negative Genetic
Q14703	Q9H741	0	Negative Genetic
Q14681	Q9NXV2	0	Negative Genetic
Q14457	Q9NT62	0	Phenotypic Enhancement
Q14457	Q9H0Y0	0	Phenotypic Enhancement
Q14145	Q9UH77	0	Negative Genetic
Q14145	Q53G59	0	Negative Genetic
Q13868	Q99547	0	Negative Genetic
Q13868	Q969X6	0	Negative Genetic
Q13868	Q92979	0	Negative Genetic
Q13829	Q9H3F6	0	Negative Genetic
Q13724	Q9UKM7	0	Negative Genetic
Q13619	Q13620	0	Negative Genetic
Q13616	Q13618	0	Negative Genetic
Q13573	Q15796	0	Phenotypic Enhancement
Q13554	Q13555	0	Negative Genetic
Q13547	Q92769	0	Negative Genetic
Q13363	Q9BZK7	0	Positive Genetic
Q13362	Q16537	0	Negative Genetic
Q13356	Q9Y3C6	0	Negative Genetic
Q13153	Q13177	0	Negative Genetic
Q13107	Q9Y4E8	0	Negative Genetic
Q13043	Q13188	0	Negative Genetic
Q13042	Q9BS18	0	Negative Genetic
Q12981	Q6NUQ1	0	Negative Genetic
Q12974	Q93096	0	Negative Genetic
Q12933	Q13114	0	Negative Genetic
Q12509	Q12692	0	Phenotypic Suppression;Positive Genetic;Synthetic Rescue
Q12466	Q6Q595	0	Phenotypic Suppression
Q12464	Q12499	0	Synthetic Growth Defect
Q12460	Q12499	0	Negative Genetic
Q12432	Q12692	0	Negative Genetic;Synthetic Growth Defect
Q12432	Q12464	0	Negative Genetic
Q12402	Q99287	0	Negative Genetic;Phenotypic Enhancement
Q12400	Q12463	0	Negative Genetic
Q12395	Q92325	0	Dosage Growth Defect;Synthetic Growth Defect
Q12386	Q12692	0	Dosage Rescue;Negative Genetic;Phenotypic Suppression
Q12386	Q12509	0	Positive Genetic
Q12382	Q99287	0	Negative Genetic
Q12368	Q99181	0	Negative Genetic
Q12368	Q6Q546	0	Negative Genetic
Q12368	Q12417	0	Negative Genetic
Q12341	Q12373	0	Phenotypic Enhancement;Phenotypic Suppression
Q12330	Q99177	0	Negative Genetic;Synthetic Growth Defect;Synthetic Lethality
Q12330	Q12368	0	Negative Genetic
Q12311	Q12432	0	Phenotypic Enhancement
Q12309	Q99181	0	Negative Genetic
Q12309	Q12417	0	Negative Genetic
Q12309	Q12330	0	Negative Genetic
Q12306	Q12749	0	Negative Genetic;Synthetic Growth Defect
Q12306	Q12499	0	Negative Genetic
Q12211	Q12400	0	Negative Genetic;Synthetic Growth Defect
Q12196	Q99216	0	Phenotypic Suppression
Q12167	Q12393	0	Synthetic Growth Defect
Q12164	Q99287	0	Negative Genetic
Q12159	Q99257	0	Dosage Rescue;Negative Genetic;Synthetic Rescue
Q12159	Q6WNK7	0	Synthetic Lethality
Q12159	Q12315	0	Negative Genetic
Q12154	Q99382	0	Negative Genetic;Synthetic Lethality
Q12154	Q12431	0	Negative Genetic
Q12149	Q99257	0	Phenotypic Enhancement;Phenotypic Suppression
Q12149	Q12460	0	Negative Genetic
Q12149	Q12277	0	Negative Genetic
Q12149	Q12159	0	Negative Genetic;Synthetic Lethality
Q12146	Q12488	0	Dosage Rescue;Negative Genetic
Q12144	Q99287	0	Synthetic Growth Defect
Q12143	Q12748	0	Negative Genetic
Q12143	Q12262	0	Negative Genetic
Q12125	Q99382	0	Negative Genetic
Q12125	Q12154	0	Positive Genetic
Q12118	Q12285	0	Phenotypic Enhancement;Phenotypic Suppression;Synthetic Growth Defect
Q12118	Q12154	0	Dosage Growth Defect;Negative Genetic;Phenotypic Suppression
Q12118	Q12125	0	Phenotypic Suppression
Q12106	Q92328	0	Dosage Rescue;Negative Genetic
Q12099	Q99257	0	Negative Genetic
Q12099	Q12159	0	Negative Genetic
Q12090	Q12149	0	Dosage Rescue
Q12083	Q12175	0	Phenotypic Enhancement
Q12071	Q99260	0	Negative Genetic
Q12052	Q99177	0	Negative Genetic;Synthetic Growth Defect
Q12052	Q12330	0	Negative Genetic;Synthetic Growth Defect;Synthetic Lethality
Q12046	Q12417	0	Negative Genetic
Q12046	Q12309	0	Synthetic Growth Defect
Q12035	Q99207	0	Negative Genetic
Q12035	Q12149	0	Negative Genetic
Q12024	Q12460	0	Negative Genetic
Q12018	Q92325	0	Synthetic Growth Defect
Q12018	Q12395	0	Dosage Lethality;Synthetic Lethality
Q12018	Q12059	0	Negative Genetic;Synthetic Growth Defect
Q12009	Q12400	0	Synthetic Growth Defect
Q12009	Q12211	0	Negative Genetic;Synthetic Growth Defect
Q12008	Q12326	0	Synthetic Growth Defect;Synthetic Lethality
Q12001	Q92316	0	Negative Genetic;Synthetic Lethality
Q09028	Q16576	0	Negative Genetic
Q08985	Q12525	0	Phenotypic Enhancement
Q08972	Q12386	0	Negative Genetic
Q08965	Q99207	0	Negative Genetic
Q08963	Q99181	0	Negative Genetic
Q08963	Q99177	0	Negative Genetic
Q08963	Q12330	0	Negative Genetic;Synthetic Growth Defect;Synthetic Lethality
Q08963	Q12309	0	Negative Genetic
Q08963	Q12052	0	Negative Genetic;Synthetic Growth Defect
Q08962	Q12522	0	Negative Genetic
Q08962	Q12460	0	Negative Genetic
Q08962	Q12024	0	Negative Genetic
Q08924	Q12463	0	Negative Genetic
Q08920	Q99181	0	Negative Genetic
Q08920	Q99177	0	Negative Genetic;Synthetic Growth Defect
Q08920	Q12330	0	Negative Genetic;Synthetic Growth Defect
Q08920	Q12309	0	Negative Genetic
Q08920	Q12052	0	Synthetic Rescue
Q08920	Q08963	0	Negative Genetic
Q08773	Q12692	0	Synthetic Growth Defect
Q08749	Q12328	0	Dosage Rescue;Synthetic Lethality
Q08723	Q12377	0	Negative Genetic;Positive Genetic
Q08723	Q12250	0	Negative Genetic
Q08686	Q12305	0	Phenotypic Enhancement
Q08686	Q08742	0	Phenotypic Enhancement
Q08685	Q12102	0	Negative Genetic
Q08650	Q12382	0	Negative Genetic;Phenotypic Enhancement;Phenotypic Suppression
Q08650	Q12043	0	Phenotypic Enhancement;Phenotypic Suppression;Synthetic Growth Defect
Q08649	Q99314	0	Synthetic Growth Defect
Q08649	Q12692	0	Synthetic Growth Defect;Synthetic Lethality
Q08649	Q12432	0	Negative Genetic;Synthetic Growth Defect
Q08647	Q12009	0	Negative Genetic;Phenotypic Enhancement;Synthetic Growth Defect;Synthetic Lethality
Q08647	Q08972	0	Negative Genetic
Q08496	Q12488	0	Negative Genetic
Q08492	Q12499	0	Negative Genetic
Q08492	Q12460	0	Negative Genetic
Q08492	Q12220	0	Negative Genetic
Q08492	Q12035	0	Negative Genetic
Q08492	Q08965	0	Negative Genetic
Q08491	Q12517	0	Negative Genetic;Synthetic Growth Defect;Synthetic Lethality
Q08446	Q12449	0	Dosage Growth Defect
Q08444	Q3E754	0	Negative Genetic
Q08444	Q12196	0	Dosage Rescue
Q08444	Q12099	0	Negative Genetic
Q08444	Q08745	0	Negative Genetic;Positive Genetic
Q08278	Q12030	0	Negative Genetic
Q08273	Q12018	0	Synthetic Lethality
Q08235	Q12460	0	Negative Genetic
Q08235	Q12153	0	Negative Genetic
Q08235	Q08962	0	Negative Genetic
Q08231	Q6WNK7	0	Phenotypic Enhancement
Q08224	Q08975	0	Phenotypic Enhancement
Q08208	Q12499	0	Negative Genetic
Q08208	Q12460	0	Negative Genetic
Q08208	Q12024	0	Negative Genetic
Q08208	Q08962	0	Negative Genetic
Q08208	Q08237	0	Negative Genetic
Q08204	Q12749	0	Negative Genetic;Synthetic Lethality
Q08204	Q12306	0	Negative Genetic
Q08199	Q12404	0	Phenotypic Enhancement
Q08199	Q08745	0	Negative Genetic
Q08162	Q12517	0	Synthetic Growth Defect;Synthetic Lethality
Q08162	Q12460	0	Negative Genetic
Q08162	Q12277	0	Negative Genetic
Q08162	Q12149	0	Dosage Rescue;Phenotypic Enhancement;Synthetic Growth Defect;Synthetic Lethality
Q08096	Q99207	0	Negative Genetic
Q08032	Q12488	0	Negative Genetic
Q08032	Q08496	0	Negative Genetic
Q08032	Q08457	0	Dosage Growth Defect;Dosage Rescue
Q08004	Q99257	0	Synthetic Lethality
Q08004	Q12024	0	Negative Genetic
Q07953	Q12522	0	Negative Genetic;Synthetic Rescue
Q07930	Q99181	0	Negative Genetic
Q07930	Q6Q546	0	Synthetic Growth Defect
Q07930	Q12417	0	Negative Genetic
Q07930	Q12309	0	Negative Genetic
Q07930	Q08963	0	Negative Genetic
Q07915	Q12522	0	Negative Genetic
Q07915	Q12460	0	Negative Genetic
Q07915	Q12213	0	Negative Genetic
Q07915	Q12153	0	Negative Genetic
Q07915	Q12149	0	Negative Genetic
Q07915	Q12024	0	Negative Genetic
Q07915	Q08962	0	Negative Genetic
Q07915	Q08235	0	Negative Genetic
Q07915	Q08208	0	Negative Genetic
Q07913	Q12749	0	Negative Genetic
Q07913	Q08204	0	Negative Genetic
Q07897	Q12460	0	Negative Genetic
Q07897	Q08965	0	Negative Genetic
Q07897	Q08096	0	Synthetic Rescue
Q07896	Q12460	0	Negative Genetic
Q07896	Q12024	0	Negative Genetic
Q07896	Q08962	0	Negative Genetic
Q07844	Q08962	0	Synthetic Growth Defect
Q07817	Q92843	0	Negative Genetic
Q07817	Q14790	0	Phenotypic Suppression
Q07812	Q16611	0	Negative Genetic
Q07812	Q07817	0	Dosage Rescue
Q07794	Q12692	0	Negative Genetic;Synthetic Growth Defect
Q07794	Q08032	0	Synthetic Lethality
Q07623	Q12460	0	Negative Genetic
Q07623	Q12247	0	Negative Genetic
Q07623	Q12220	0	Negative Genetic
Q07623	Q12035	0	Negative Genetic
Q07623	Q08965	0	Negative Genetic
Q07623	Q08492	0	Negative Genetic
Q07623	Q07897	0	Negative Genetic
Q07560	Q92328	0	Negative Genetic;Synthetic Growth Defect;Synthetic Lethality
Q07540	Q12056	0	Synthetic Rescue
Q07508	Q99181	0	Negative Genetic
Q07508	Q12330	0	Negative Genetic
Q07508	Q08920	0	Negative Genetic;Synthetic Lethality
Q07478	Q99257	0	Dosage Growth Defect;Negative Genetic
Q07478	Q6WNK7	0	Dosage Growth Defect;Negative Genetic;Synthetic Lethality
Q07478	Q12315	0	Dosage Growth Defect
Q07478	Q12159	0	Dosage Growth Defect;Dosage Rescue;Negative Genetic
Q07478	Q12149	0	Dosage Growth Defect;Negative Genetic;Synthetic Growth Defect;Synthetic Lethality;Synthetic Rescue
Q07478	Q12104	0	Synthetic Lethality
Q07468	Q99260	0	Negative Genetic;Synthetic Growth Defect
Q07468	Q92328	0	Negative Genetic;Synthetic Lethality
Q07468	Q12106	0	Dosage Rescue;Phenotypic Suppression
Q07457	Q12692	0	Negative Genetic;Synthetic Growth Defect;Synthetic Lethality
Q07457	Q12509	0	Negative Genetic;Synthetic Growth Defect;Synthetic Lethality
Q07407	Q09147	0	Phenotypic Suppression
Q07381	Q08208	0	Negative Genetic
Q07350	Q99181	0	Negative Genetic
Q07350	Q12330	0	Negative Genetic
Q07350	Q12309	0	Negative Genetic
Q07350	Q08963	0	Negative Genetic
Q07350	Q07930	0	Negative Genetic
Q06835	Q99181	0	Negative Genetic
Q06835	Q6Q546	0	Negative Genetic
Q06835	Q12417	0	Negative Genetic
Q06835	Q12368	0	Negative Genetic
Q06835	Q12330	0	Negative Genetic
Q06835	Q12309	0	Negative Genetic;Synthetic Growth Defect
Q06835	Q12046	0	Negative Genetic
Q06835	Q07930	0	Negative Genetic
Q06835	Q07508	0	Negative Genetic
Q06835	Q07350	0	Negative Genetic
Q06704	Q99260	0	Dosage Rescue;Phenotypic Enhancement;Synthetic Growth Defect;Synthetic Lethality
Q06697	Q12692	0	Negative Genetic;Synthetic Growth Defect;Synthetic Lethality
Q06697	Q08496	0	Synthetic Growth Defect;Synthetic Lethality
Q06697	Q07457	0	Positive Genetic
Q06679	Q12024	0	Negative Genetic
Q06679	Q08492	0	Positive Genetic
Q06675	Q12143	0	Negative Genetic
Q06675	Q12045	0	Negative Genetic
Q06672	Q12055	0	Dosage Rescue
Q06672	Q08235	0	Positive Genetic
Q06672	Q07915	0	Positive Genetic
Q06671	Q12380	0	Positive Genetic
Q06671	Q07879	0	Positive Genetic
Q06667	Q12315	0	Negative Genetic;Synthetic Growth Defect;Synthetic Lethality
Q06667	Q06685	0	Positive Genetic
Q06639	Q9URQ5	0	Dosage Rescue;Synthetic Lethality
Q06639	Q12406	0	Negative Genetic
Q06636	Q07830	0	Negative Genetic
Q06632	Q12102	0	Negative Genetic
Q06632	Q08685	0	Negative Genetic
Q06624	Q12306	0	Negative Genetic
Q06623	Q06629	0	Positive Genetic
Q06597	Q06598	0	Phenotypic Enhancement
Q06567	Q92328	0	Dosage Rescue;Negative Genetic;Synthetic Growth Defect
Q06543	Q08726	0	Dosage Rescue;Negative Genetic
Q06525	Q6Q546	0	Negative Genetic;Synthetic Growth Defect
Q06525	Q12309	0	Negative Genetic
Q06525	Q08963	0	Negative Genetic
Q06525	Q07930	0	Negative Genetic;Synthetic Growth Defect
Q06512	Q12149	0	Positive Genetic
Q06512	Q07623	0	Synthetic Rescue
Q06506	Q12460	0	Negative Genetic
Q06506	Q08492	0	Negative Genetic
Q06505	Q06697	0	Negative Genetic
Q06504	Q12387	0	Phenotypic Enhancement
Q06440	Q12156	0	Phenotypic Enhancement;Synthetic Growth Defect
Q06410	Q06671	0	Positive Genetic
Q06406	Q12517	0	Negative Genetic
Q06406	Q12309	0	Negative Genetic
Q06406	Q12096	0	Negative Genetic
Q06406	Q08963	0	Negative Genetic
Q06406	Q07930	0	Negative Genetic
Q06406	Q06835	0	Negative Genetic
Q06344	Q08972	0	Negative Genetic;Positive Genetic
Q06344	Q08492	0	Negative Genetic
Q06339	Q12308	0	Negative Genetic
Q06338	Q12522	0	Negative Genetic
Q06338	Q08961	0	Negative Genetic;Phenotypic Enhancement;Synthetic Growth Defect
Q06287	Q99207	0	Negative Genetic
Q06287	Q12339	0	Negative Genetic
Q06287	Q08096	0	Negative Genetic
Q06287	Q07623	0	Synthetic Rescue
Q06287	Q06506	0	Negative Genetic
Q06265	Q99547	0	Negative Genetic
Q06224	Q08553	0	Synthetic Rescue
Q06218	Q12099	0	Negative Genetic
Q06218	Q08237	0	Negative Genetic
Q06218	Q08235	0	Negative Genetic
Q06218	Q08208	0	Negative Genetic
Q06218	Q08004	0	Negative Genetic
Q06218	Q07915	0	Negative Genetic
Q06218	Q06344	0	Negative Genetic
Q06217	Q99177	0	Negative Genetic;Synthetic Growth Defect;Synthetic Lethality
Q06217	Q12368	0	Negative Genetic
Q06217	Q12330	0	Synthetic Growth Defect;Synthetic Lethality
Q06217	Q12309	0	Negative Genetic
Q06217	Q12052	0	Negative Genetic;Synthetic Growth Defect;Synthetic Lethality
Q06217	Q12046	0	Negative Genetic
Q06217	Q08963	0	Synthetic Growth Defect;Synthetic Lethality
Q06217	Q08920	0	Negative Genetic;Synthetic Growth Defect;Synthetic Lethality
Q06217	Q07930	0	Negative Genetic
Q06217	Q07508	0	Negative Genetic
Q06217	Q06525	0	Negative Genetic
Q06217	Q06406	0	Positive Genetic
Q06213	Q99278	0	Negative Genetic
Q06213	Q12030	0	Negative Genetic
Q06213	Q08278	0	Negative Genetic
Q06188	Q08465	0	Phenotypic Enhancement
Q06162	Q12748	0	Phenotypic Suppression
Q06162	Q12493	0	Phenotypic Enhancement
Q06162	Q12262	0	Phenotypic Suppression
Q06162	Q06675	0	Phenotypic Suppression
Q06156	Q06680	0	Negative Genetic
Q06150	Q12285	0	Phenotypic Enhancement
Q06147	Q12246	0	Phenotypic Enhancement;Positive Genetic;Synthetic Growth Defect
Q06144	Q3E790	0	Phenotypic Suppression;Synthetic Lethality;Synthetic Rescue
Q06142	Q99257	0	Negative Genetic
Q06132	Q12099	0	Phenotypic Suppression;Synthetic Growth Defect;Synthetic Rescue
Q06109	Q12393	0	Synthetic Growth Defect
Q06109	Q12167	0	Synthetic Growth Defect
Q06107	Q12346	0	Negative Genetic
Q06106	Q12460	0	Negative Genetic
Q06106	Q08492	0	Negative Genetic
Q06106	Q08235	0	Positive Genetic
Q06106	Q08208	0	Positive Genetic
Q06106	Q07897	0	Negative Genetic
Q06106	Q07623	0	Negative Genetic
Q06106	Q06679	0	Synthetic Growth Defect
Q06106	Q06287	0	Negative Genetic
Q06103	Q12377	0	Negative Genetic
Q06103	Q12250	0	Negative Genetic
Q06103	Q08723	0	Negative Genetic
Q06102	Q12102	0	Negative Genetic
Q06102	Q08685	0	Negative Genetic;Positive Genetic
Q06096	Q12071	0	Negative Genetic
Q06091	Q12309	0	Negative Genetic
Q06091	Q12046	0	Negative Genetic
Q06091	Q08963	0	Negative Genetic
Q06091	Q08920	0	Negative Genetic
Q06091	Q07930	0	Negative Genetic
Q06091	Q07350	0	Negative Genetic
Q06078	Q99207	0	Negative Genetic
Q06078	Q12277	0	Negative Genetic
Q06078	Q12149	0	Negative Genetic
Q06078	Q08972	0	Negative Genetic
Q06078	Q08492	0	Negative Genetic
Q06063	Q12009	0	Synthetic Growth Defect
Q06058	Q08650	0	Synthetic Rescue
Q06058	Q06676	0	Phenotypic Enhancement
Q06058	Q06169	0	Phenotypic Enhancement;Synthetic Growth Defect
Q06053	Q12211	0	Negative Genetic
Q06053	Q12009	0	Phenotypic Enhancement;Synthetic Growth Defect;Synthetic Lethality
Q06053	Q08647	0	Phenotypic Enhancement
Q05949	Q06697	0	Synthetic Growth Defect
Q05946	Q99207	0	Negative Genetic
Q05946	Q12277	0	Negative Genetic
Q05946	Q12149	0	Negative Genetic
Q05946	Q12035	0	Negative Genetic
Q05946	Q08492	0	Negative Genetic
Q05946	Q08162	0	Negative Genetic
Q05946	Q07623	0	Negative Genetic
Q05871	Q08558	0	Dosage Rescue
Q05863	Q12322	0	Synthetic Lethality
Q05787	Q08109	0	Dosage Rescue;Phenotypic Enhancement;Phenotypic Suppression
Q05776	Q92328	0	Negative Genetic
Q05776	Q07560	0	Negative Genetic;Synthetic Lethality
Q05636	Q12277	0	Negative Genetic
Q05636	Q12149	0	Negative Genetic
Q05636	Q08162	0	Negative Genetic;Synthetic Rescue
Q05584	Q12320	0	Synthetic Growth Defect
Q05567	Q12246	0	Dosage Growth Defect;Synthetic Rescue
Q05567	Q06147	0	Negative Genetic
Q05567	Q06144	0	Negative Genetic;Synthetic Lethality
Q05541	Q12749	0	Negative Genetic;Phenotypic Enhancement
Q05541	Q08204	0	Negative Genetic
Q05541	Q07913	0	Dosage Rescue;Negative Genetic
Q05513	Q05655	0	Negative Genetic
Q05498	Q12499	0	Negative Genetic
Q05498	Q12460	0	Negative Genetic
Q05498	Q12220	0	Negative Genetic
Q05498	Q12149	0	Negative Genetic
Q05498	Q12035	0	Negative Genetic
Q05498	Q08965	0	Negative Genetic
Q05498	Q07623	0	Negative Genetic
Q05498	Q06506	0	Negative Genetic
Q05498	Q06078	0	Negative Genetic
Q05498	Q05946	0	Negative Genetic
Q05468	Q12532	0	Phenotypic Suppression
Q05397	Q14289	0	Negative Genetic
Q05123	Q12406	0	Dosage Rescue;Negative Genetic
Q05123	Q06639	0	Negative Genetic
Q05080	Q07657	0	Phenotypic Enhancement;Synthetic Growth Defect;Synthetic Lethality
Q05080	Q07533	0	Dosage Rescue;Phenotypic Enhancement;Phenotypic Suppression;Positive Genetic;Synthetic Lethality
Q05031	Q08967	0	Negative Genetic
Q05029	Q08754	0	Phenotypic Enhancement;Synthetic Growth Defect
Q05027	Q12030	0	Negative Genetic
Q05027	Q08278	0	Negative Genetic
Q05027	Q06822	0	Positive Genetic
Q05027	Q05029	0	Dosage Rescue
Q04969	Q12133	0	Negative Genetic;Synthetic Lethality
Q04947	Q99287	0	Phenotypic Enhancement;Synthetic Growth Defect
Q04947	Q12402	0	Phenotypic Enhancement;Synthetic Growth Defect;Synthetic Rescue
Q04868	Q06706	0	Positive Genetic
Q04740	Q12149	0	Phenotypic Suppression
Q04740	Q05635	0	Synthetic Growth Defect;Synthetic Lethality
Q04734	Q12033	0	Positive Genetic
Q04697	Q12672	0	Negative Genetic
Q04693	Q99181	0	Negative Genetic
Q04693	Q12417	0	Negative Genetic
Q04693	Q12368	0	Negative Genetic
Q04693	Q12330	0	Negative Genetic
Q04693	Q12309	0	Negative Genetic
Q04693	Q12046	0	Negative Genetic
Q04693	Q08963	0	Negative Genetic
Q04693	Q08920	0	Negative Genetic
Q04693	Q07930	0	Negative Genetic
Q04693	Q07508	0	Negative Genetic
Q04693	Q07350	0	Negative Genetic
Q04693	Q06835	0	Negative Genetic
Q04693	Q06525	0	Negative Genetic
Q04693	Q06406	0	Negative Genetic
Q04693	Q06091	0	Negative Genetic
Q04673	Q12030	0	Negative Genetic
Q04673	Q12004	0	Negative Genetic
Q04673	Q06213	0	Negative Genetic
Q04673	Q05027	0	Negative Genetic
Q04660	Q12460	0	Negative Genetic
Q04660	Q12024	0	Negative Genetic
Q04660	Q08962	0	Negative Genetic
Q04660	Q08004	0	Negative Genetic
Q04660	Q07915	0	Negative Genetic
Q04660	Q07896	0	Negative Genetic
Q04660	Q07381	0	Negative Genetic
Q04660	Q06287	0	Negative Genetic
Q04660	Q06106	0	Positive Genetic
Q04651	Q05787	0	Phenotypic Suppression
Q04636	Q12488	0	Negative Genetic
Q04636	Q06697	0	Negative Genetic;Synthetic Lethality
Q04636	Q06685	0	Positive Genetic
Q04636	Q06505	0	Negative Genetic;Synthetic Rescue
Q04603	Q92317	0	Negative Genetic
Q04603	Q12692	0	Negative Genetic;Synthetic Growth Defect
Q04603	Q08773	0	Phenotypic Enhancement;Synthetic Growth Defect
Q04603	Q08032	0	Synthetic Lethality
Q04599	Q3E757	0	Negative Genetic
Q04599	Q05863	0	Positive Genetic
Q04598	Q08199	0	Negative Genetic
Q04511	Q12018	0	Phenotypic Suppression
Q04493	Q04773	0	Negative Genetic
Q04477	Q12748	0	Negative Genetic;Synthetic Growth Defect
Q04477	Q12143	0	Negative Genetic
Q04477	Q06675	0	Negative Genetic;Synthetic Lethality
Q04472	Q06510	0	Negative Genetic
Q04439	Q05933	0	Negative Genetic
Q04437	Q12223	0	Phenotypic Enhancement
Q04437	Q08204	0	Phenotypic Enhancement
Q04437	Q06163	0	Dosage Rescue;Phenotypic Suppression;Synthetic Lethality;Synthetic Rescue
Q04418	Q08726	0	Dosage Rescue;Negative Genetic;Synthetic Growth Defect
Q04410	Q04491	0	Negative Genetic
Q04401	Q3E785	0	Dosage Rescue;Phenotypic Enhancement;Synthetic Growth Defect
Q04373	Q12460	0	Negative Genetic;Positive Genetic
Q04373	Q08962	0	Negative Genetic
Q04373	Q06106	0	Positive Genetic
Q04372	Q12461	0	Negative Genetic
Q04372	Q12199	0	Phenotypic Suppression;Synthetic Growth Defect;Synthetic Rescue
Q04370	Q05568	0	Positive Genetic
Q04347	Q3E705	0	Synthetic Lethality
Q04311	Q12532	0	Positive Genetic;Synthetic Rescue
Q04311	Q05468	0	Synthetic Rescue
Q04307	Q06339	0	Negative Genetic
Q04305	Q99207	0	Negative Genetic
Q04305	Q12220	0	Negative Genetic
Q04305	Q12035	0	Negative Genetic
Q04305	Q08492	0	Negative Genetic
Q04305	Q07623	0	Negative Genetic
Q04305	Q06679	0	Negative Genetic
Q04305	Q06287	0	Negative Genetic
Q04305	Q06106	0	Negative Genetic
Q04305	Q06078	0	Negative Genetic
Q04305	Q05498	0	Negative Genetic
Q04264	Q12214	0	Phenotypic Suppression;Positive Genetic
Q04264	Q06680	0	Negative Genetic
Q04228	Q08109	0	Phenotypic Suppression;Synthetic Growth Defect
Q04228	Q06682	0	Negative Genetic
Q04228	Q04311	0	Phenotypic Enhancement;Synthetic Growth Defect
Q04226	Q12030	0	Dosage Rescue;Negative Genetic
Q04226	Q12004	0	Negative Genetic
Q04226	Q08278	0	Negative Genetic
Q04226	Q05027	0	Negative Genetic
Q04226	Q04673	0	Negative Genetic
Q04225	Q12460	0	Negative Genetic
Q04225	Q06218	0	Negative Genetic
Q04225	Q04660	0	Dosage Rescue
Q04183	Q99394	0	Dosage Lethality
Q04179	Q05788	0	Synthetic Lethality
Q04178	Q05911	0	Negative Genetic
Q04177	Q12339	0	Negative Genetic
Q04177	Q12220	0	Negative Genetic
Q04177	Q12035	0	Negative Genetic
Q04177	Q07395	0	Negative Genetic
Q04177	Q06078	0	Negative Genetic
Q04177	Q05946	0	Negative Genetic
Q04177	Q04305	0	Negative Genetic
Q04175	Q99189	0	Negative Genetic
Q04174	Q12001	0	Negative Genetic
Q04174	Q07830	0	Negative Genetic
Q04174	Q06636	0	Negative Genetic
Q04149	Q12749	0	Negative Genetic;Phenotypic Enhancement;Synthetic Growth Defect
Q04149	Q12306	0	Synthetic Growth Defect
Q04149	Q12223	0	Positive Genetic
Q04149	Q05635	0	Synthetic Growth Defect;Synthetic Lethality
Q04089	Q07457	0	Synthetic Growth Defect
Q04082	Q07830	0	Negative Genetic
Q04082	Q04174	0	Negative Genetic
Q04081	Q12461	0	Negative Genetic
Q04081	Q04372	0	Negative Genetic
Q04080	Q07830	0	Negative Genetic
Q04080	Q06636	0	Negative Genetic
Q04053	Q08826	0	Phenotypic Enhancement
Q04048	Q99181	0	Negative Genetic
Q04048	Q12417	0	Negative Genetic
Q04048	Q12368	0	Negative Genetic
Q04048	Q12330	0	Negative Genetic
Q04048	Q12309	0	Negative Genetic
Q04048	Q07930	0	Negative Genetic
Q04048	Q07350	0	Negative Genetic
Q04048	Q06525	0	Negative Genetic
Q04048	Q06217	0	Negative Genetic
Q04048	Q06091	0	Negative Genetic
Q04048	Q04693	0	Negative Genetic
Q04031	Q12460	0	Negative Genetic
Q04031	Q12024	0	Negative Genetic
Q04031	Q08235	0	Negative Genetic
Q04031	Q07896	0	Negative Genetic
Q04006	Q05776	0	Phenotypic Enhancement;Phenotypic Suppression;Synthetic Growth Defect
Q03981	Q12250	0	Negative Genetic
Q03973	Q12499	0	Negative Genetic
Q03973	Q06674	0	Phenotypic Suppression
Q03973	Q06639	0	Dosage Rescue
Q03957	Q3E7C1	0	Negative Genetic
Q03957	Q07457	0	Negative Genetic;Synthetic Growth Defect;Synthetic Lethality
Q03957	Q06697	0	Synthetic Growth Defect;Synthetic Lethality
Q03957	Q05949	0	Synthetic Lethality
Q03954	Q04477	0	Negative Genetic
Q03941	Q04430	0	Negative Genetic
Q03940	Q12499	0	Synthetic Growth Defect
Q03940	Q12386	0	Negative Genetic
Q03940	Q06822	0	Negative Genetic
Q03919	Q92325	0	Dosage Growth Defect;Synthetic Growth Defect;Synthetic Rescue
Q03919	Q12059	0	Negative Genetic
Q03919	Q08273	0	Negative Genetic
Q03862	Q99257	0	Dosage Rescue;Negative Genetic;Synthetic Growth Defect;Synthetic Lethality
Q03862	Q12149	0	Negative Genetic
Q03862	Q08235	0	Negative Genetic
Q03862	Q08004	0	Phenotypic Enhancement;Synthetic Growth Defect;Synthetic Lethality
Q03862	Q07915	0	Negative Genetic
Q03862	Q06106	0	Positive Genetic
Q03834	Q12083	0	Phenotypic Enhancement
Q03834	Q04049	0	Dosage Lethality;Phenotypic Enhancement
Q03818	Q07879	0	Positive Genetic
Q03818	Q06410	0	Positive Genetic
Q03792	Q12033	0	Positive Genetic
Q03782	Q12330	0	Negative Genetic
Q03782	Q08963	0	Positive Genetic
Q03782	Q08920	0	Negative Genetic;Synthetic Lethality
Q03782	Q07508	0	Negative Genetic
Q03782	Q07350	0	Negative Genetic
Q03782	Q06217	0	Negative Genetic
Q03776	Q08920	0	Negative Genetic
Q03776	Q07508	0	Negative Genetic
Q03776	Q07350	0	Negative Genetic
Q03774	Q12400	0	Synthetic Growth Defect
Q03774	Q12211	0	Negative Genetic;Synthetic Growth Defect
Q03774	Q08647	0	Negative Genetic;Synthetic Lethality
Q03774	Q06063	0	Synthetic Growth Defect
Q03774	Q06053	0	Synthetic Lethality
Q03772	Q12309	0	Negative Genetic
Q03772	Q08963	0	Negative Genetic
Q03772	Q08920	0	Negative Genetic
Q03772	Q07350	0	Negative Genetic
Q03772	Q04048	0	Negative Genetic
Q03768	Q12000	0	Synthetic Growth Defect
Q03758	Q08689	0	Synthetic Rescue
Q03723	Q12001	0	Negative Genetic
Q03718	Q12749	0	Negative Genetic;Synthetic Lethality
Q03718	Q12306	0	Negative Genetic
Q03718	Q08204	0	Negative Genetic
Q03718	Q07913	0	Negative Genetic
Q03718	Q05541	0	Negative Genetic
Q03702	Q06630	0	Phenotypic Enhancement
Q03674	Q08108	0	Dosage Rescue
Q03660	Q99394	0	Dosage Lethality;Negative Genetic
Q03660	Q03784	0	Negative Genetic
Q03654	Q99181	0	Negative Genetic
Q03654	Q6Q546	0	Negative Genetic
Q03654	Q12417	0	Negative Genetic
Q03654	Q12309	0	Negative Genetic
Q03654	Q08963	0	Negative Genetic
Q03654	Q07930	0	Negative Genetic
Q03654	Q06835	0	Negative Genetic
Q03654	Q06525	0	Negative Genetic
Q03654	Q06217	0	Negative Genetic
Q03654	Q06091	0	Negative Genetic
Q03654	Q04693	0	Negative Genetic
Q03654	Q03772	0	Negative Genetic
Q03630	Q99394	0	Negative Genetic
Q03630	Q03784	0	Dosage Rescue;Negative Genetic
Q03630	Q03660	0	Negative Genetic
Q03579	Q3E790	0	Negative Genetic
Q03554	Q12154	0	Negative Genetic;Phenotypic Enhancement
Q03532	Q12522	0	Negative Genetic
Q03532	Q12499	0	Negative Genetic
Q03532	Q12460	0	Negative Genetic
Q03532	Q12220	0	Negative Genetic
Q03532	Q08962	0	Negative Genetic
Q03532	Q08235	0	Negative Genetic
Q03532	Q07896	0	Negative Genetic
Q03532	Q05946	0	Negative Genetic
Q03532	Q04660	0	Negative Genetic
Q03532	Q04305	0	Negative Genetic
Q03532	Q04031	0	Negative Genetic
Q03529	Q12246	0	Positive Genetic
Q03435	Q12692	0	Synthetic Growth Defect
Q03435	Q12509	0	Negative Genetic
Q03435	Q08773	0	Negative Genetic;Phenotypic Enhancement;Synthetic Growth Defect
Q03435	Q06707	0	Positive Genetic
Q03406	Q12488	0	Dosage Rescue;Negative Genetic
Q03406	Q12146	0	Negative Genetic
Q03406	Q08496	0	Negative Genetic
Q03406	Q08032	0	Negative Genetic
Q03406	Q04636	0	Negative Genetic
Q03406	Q04603	0	Negative Genetic
Q03375	Q99177	0	Negative Genetic;Synthetic Lethality
Q03375	Q12417	0	Negative Genetic
Q03375	Q12309	0	Negative Genetic
Q03375	Q12052	0	Negative Genetic;Synthetic Growth Defect;Synthetic Lethality
Q03375	Q08963	0	Negative Genetic;Synthetic Lethality
Q03375	Q08920	0	Negative Genetic;Synthetic Lethality
Q03375	Q07350	0	Negative Genetic
Q03375	Q06217	0	Negative Genetic
Q03375	Q06091	0	Negative Genetic
Q03375	Q04693	0	Negative Genetic
Q03375	Q03772	0	Negative Genetic;Synthetic Lethality
Q03375	Q03654	0	Negative Genetic;Synthetic Lethality
Q03338	Q12368	0	Negative Genetic
Q03338	Q12330	0	Negative Genetic
Q03338	Q06835	0	Negative Genetic
Q03338	Q06217	0	Negative Genetic
Q03330	Q92317	0	Synthetic Growth Defect
Q03330	Q6WNK7	0	Phenotypic Enhancement;Synthetic Growth Defect
Q03330	Q12692	0	Synthetic Growth Defect
Q03330	Q08649	0	Phenotypic Enhancement;Synthetic Growth Defect;Synthetic Lethality
Q03330	Q08465	0	Negative Genetic;Synthetic Growth Defect;Synthetic Lethality
Q03330	Q07794	0	Negative Genetic;Phenotypic Enhancement;Synthetic Growth Defect;Synthetic Lethality
Q03330	Q05027	0	Synthetic Lethality
Q03330	Q04089	0	Phenotypic Enhancement
Q03322	Q99260	0	Negative Genetic;Synthetic Lethality
Q03322	Q04629	0	Negative Genetic
Q03322	Q04338	0	Negative Genetic
Q03254	Q03957	0	Negative Genetic
Q03219	Q03778	0	Synthetic Growth Defect
Q03195	Q08972	0	Negative Genetic
Q03151	Q12522	0	Negative Genetic
Q03144	Q03148	0	Phenotypic Enhancement;Synthetic Rescue
Q03124	Q06639	0	Negative Genetic
Q03103	Q12284	0	Dosage Rescue
Q03096	Q06163	0	Dosage Rescue;Phenotypic Suppression
Q03096	Q04437	0	Dosage Growth Defect;Dosage Lethality;Negative Genetic
Q03067	Q6WNK7	0	Phenotypic Enhancement;Phenotypic Suppression;Positive Genetic;Synthetic Growth Defect
Q03067	Q07457	0	Positive Genetic
Q03067	Q03330	0	Dosage Rescue;Negative Genetic
Q03049	Q12690	0	Negative Genetic
Q03048	Q12156	0	Negative Genetic;Synthetic Growth Defect
Q03048	Q06440	0	Negative Genetic;Phenotypic Enhancement;Synthetic Growth Defect;Synthetic Lethality
Q03036	Q07843	0	Negative Genetic
Q03028	Q99297	0	Synthetic Growth Defect
Q03028	Q04013	0	Synthetic Growth Defect
Q03020	Q07540	0	Negative Genetic;Phenotypic Suppression;Synthetic Growth Defect;Synthetic Lethality;Synthetic Rescue
Q02981	Q06567	0	Synthetic Rescue
Q02969	Q12462	0	Negative Genetic;Phenotypic Enhancement;Synthetic Lethality
Q02948	Q07879	0	Positive Genetic
Q02948	Q06708	0	Negative Genetic
Q02948	Q06671	0	Positive Genetic
Q02948	Q06410	0	Positive Genetic
Q02948	Q05919	0	Positive Genetic
Q02948	Q05789	0	Phenotypic Enhancement
Q02948	Q03818	0	Positive Genetic
Q02939	Q3E7C1	0	Phenotypic Suppression
Q02939	Q04673	0	Negative Genetic
Q02939	Q04226	0	Negative Genetic
Q02936	Q9VNJ5	0	Phenotypic Enhancement;Phenotypic Suppression
Q02936	Q24114	0	Phenotypic Suppression
Q02908	Q3E840	0	Synthetic Growth Defect
Q02908	Q07457	0	Negative Genetic;Synthetic Growth Defect;Synthetic Lethality
Q02908	Q06706	0	Positive Genetic
Q02908	Q04868	0	Positive Genetic
Q02908	Q03330	0	Dosage Rescue;Phenotypic Enhancement;Synthetic Growth Defect;Synthetic Lethality
Q02892	Q99207	0	Positive Genetic
Q02892	Q12690	0	Positive Genetic
Q02892	Q12460	0	Negative Genetic
Q02892	Q12149	0	Negative Genetic
Q02892	Q12024	0	Negative Genetic
Q02892	Q08687	0	Negative Genetic
Q02892	Q08235	0	Negative Genetic
Q02892	Q08208	0	Negative Genetic
Q02892	Q07915	0	Dosage Rescue
Q02892	Q07896	0	Negative Genetic
Q02892	Q04660	0	Negative Genetic
Q02892	Q04373	0	Negative Genetic
Q02892	Q04177	0	Positive Genetic
Q02892	Q03862	0	Negative Genetic
Q02892	Q03532	0	Negative Genetic
Q02889	Q07914	0	Negative Genetic
Q02889	Q04472	0	Negative Genetic
Q02887	Q07879	0	Positive Genetic
Q02887	Q06410	0	Positive Genetic
Q02887	Q03818	0	Positive Genetic
Q02887	Q02948	0	Positive Genetic
Q02884	Q06706	0	Positive Genetic
Q02884	Q04868	0	Positive Genetic
Q02883	Q07560	0	Negative Genetic
Q02821	Q99257	0	Positive Genetic
Q02821	Q06142	0	Negative Genetic
Q02804	Q99260	0	Dosage Rescue;Negative Genetic;Synthetic Lethality
Q02804	Q06704	0	Phenotypic Suppression
Q02795	Q92316	0	Negative Genetic
Q02795	Q12001	0	Negative Genetic
Q02795	Q03723	0	Negative Genetic
Q02793	Q06697	0	Negative Genetic
Q02793	Q04636	0	Negative Genetic
Q02793	Q02884	0	Negative Genetic
Q02792	Q12009	0	Phenotypic Suppression;Synthetic Rescue
Q02792	Q07845	0	Negative Genetic
Q02790	Q13451	0	Negative Genetic
Q02784	Q12425	0	Dosage Rescue
Q02784	Q05931	0	Dosage Rescue
Q02783	Q08179	0	Negative Genetic
Q02776	Q07914	0	Negative Genetic
Q02775	Q12417	0	Negative Genetic
Q02775	Q12330	0	Negative Genetic
Q02775	Q12309	0	Negative Genetic
Q02775	Q08963	0	Negative Genetic
Q02775	Q08920	0	Negative Genetic
Q02775	Q06217	0	Negative Genetic
Q02775	Q06091	0	Negative Genetic
Q02775	Q04048	0	Negative Genetic
Q02775	Q03772	0	Negative Genetic
Q02775	Q03654	0	Negative Genetic
Q02775	Q03375	0	Negative Genetic
Q02774	Q04697	0	Positive Genetic
Q02753	Q12672	0	Synthetic Lethality
Q02732	Q12143	0	Negative Genetic
Q02732	Q06162	0	Phenotypic Suppression
Q02732	Q04477	0	Negative Genetic;Synthetic Lethality
Q02685	Q12749	0	Negative Genetic;Synthetic Growth Defect
Q02685	Q08204	0	Negative Genetic
Q02685	Q04149	0	Negative Genetic;Synthetic Lethality
Q02555	Q12149	0	Phenotypic Enhancement
Q02555	Q06218	0	Negative Genetic
Q02554	Q99181	0	Negative Genetic
Q02554	Q12330	0	Negative Genetic
Q02554	Q07508	0	Negative Genetic
Q02554	Q07350	0	Dosage Rescue;Negative Genetic
Q02554	Q06835	0	Negative Genetic
Q02554	Q04693	0	Negative Genetic
Q02554	Q02775	0	Negative Genetic
Q02486	Q06630	0	Phenotypic Enhancement
Q02354	Q99207	0	Negative Genetic
Q02354	Q12220	0	Negative Genetic
Q02354	Q12149	0	Negative Genetic
Q02354	Q12099	0	Negative Genetic
Q02354	Q12035	0	Negative Genetic
Q02354	Q08965	0	Negative Genetic
Q02354	Q08492	0	Negative Genetic
Q02354	Q08162	0	Negative Genetic
Q02354	Q08096	0	Negative Genetic
Q02354	Q07897	0	Negative Genetic
Q02354	Q07623	0	Negative Genetic
Q02354	Q06506	0	Negative Genetic
Q02354	Q06287	0	Negative Genetic
Q02354	Q06078	0	Negative Genetic
Q02354	Q05946	0	Negative Genetic
Q02354	Q03532	0	Negative Genetic
Q02336	Q12514	0	Synthetic Growth Defect
Q02336	Q05027	0	Synthetic Lethality
Q02336	Q03330	0	Synthetic Rescue
Q02336	Q03067	0	Negative Genetic;Synthetic Growth Defect
Q02260	Q99177	0	Synthetic Growth Defect;Synthetic Lethality
Q02260	Q12417	0	Negative Genetic
Q02260	Q12368	0	Negative Genetic
Q02260	Q12330	0	Synthetic Growth Defect;Synthetic Lethality
Q02260	Q07350	0	Negative Genetic
Q02260	Q06217	0	Synthetic Growth Defect;Synthetic Lethality
Q02260	Q06091	0	Negative Genetic
Q02260	Q03776	0	Negative Genetic
Q02260	Q03375	0	Negative Genetic
Q02260	Q03338	0	Negative Genetic
Q02260	Q02775	0	Negative Genetic
Q02256	Q03862	0	Phenotypic Enhancement;Synthetic Growth Defect
Q02248	Q9JJN6	0	Phenotypic Suppression
Q02248	Q9DBG9	0	Phenotypic Suppression
Q02248	Q9D1C2	0	Phenotypic Suppression
Q02248	Q8R5M2	0	Phenotypic Enhancement
Q02206	Q12406	0	Negative Genetic
Q02206	Q03330	0	Synthetic Lethality
Q02206	Q03124	0	Negative Genetic
Q02159	Q08109	0	Dosage Rescue;Phenotypic Suppression
Q02159	Q05787	0	Phenotypic Suppression
Q02159	Q04228	0	Negative Genetic
Q02156	Q05655	0	Negative Genetic
Q02156	Q04759	0	Negative Genetic
Q02046	Q08645	0	Negative Genetic
Q01970	Q9NQ66	0	Negative Genetic
Q01939	Q12513	0	Negative Genetic
Q01939	Q12377	0	Negative Genetic;Positive Genetic
Q01939	Q12250	0	Negative Genetic
Q01939	Q08723	0	Negative Genetic;Positive Genetic
Q01939	Q06103	0	Negative Genetic
Q01939	Q05778	0	Negative Genetic
Q01926	Q08179	0	Negative Genetic
Q01855	Q3E792	0	Negative Genetic
Q01855	Q08972	0	Negative Genetic
Q01855	Q07381	0	Synthetic Growth Defect;Synthetic Lethality
Q01852	Q07914	0	Negative Genetic;Synthetic Lethality
Q01649	Q12045	0	Synthetic Rescue
Q01590	Q99260	0	Negative Genetic;Synthetic Lethality
Q01590	Q12154	0	Negative Genetic
Q01590	Q06096	0	Negative Genetic
Q01590	Q04491	0	Phenotypic Suppression
Q01590	Q04338	0	Dosage Rescue
Q01590	Q03322	0	Dosage Lethality;Negative Genetic
Q01519	Q3E846	0	Dosage Growth Defect;Dosage Rescue;Phenotypic Enhancement;Synthetic Growth Defect
Q01476	Q12242	0	Dosage Growth Defect
Q01476	Q05930	0	Dosage Growth Defect;Phenotypic Suppression;Synthetic Rescue
Q01454	Q12488	0	Negative Genetic;Synthetic Lethality
Q01454	Q08496	0	Synthetic Rescue
Q01454	Q08032	0	Negative Genetic;Synthetic Lethality
Q01454	Q07794	0	Positive Genetic;Synthetic Growth Defect;Synthetic Rescue
Q01454	Q06675	0	Negative Genetic;Synthetic Growth Defect;Synthetic Lethality
Q01454	Q04636	0	Negative Genetic;Synthetic Growth Defect;Synthetic Rescue
Q01454	Q04603	0	Negative Genetic;Synthetic Rescue
Q01454	Q04264	0	Negative Genetic
Q01454	Q03406	0	Negative Genetic
Q01329	Q12102	0	Negative Genetic
Q01329	Q08685	0	Negative Genetic
Q01329	Q08553	0	Synthetic Rescue
Q01329	Q06697	0	Synthetic Lethality
Q01279	Q05928	0	Phenotypic Suppression
Q01159	Q03220	0	Positive Genetic
Q01080	Q04307	0	Negative Genetic
Q01080	Q03973	0	Dosage Rescue;Synthetic Lethality
Q00916	Q08920	0	Synthetic Lethality
Q00916	Q07508	0	Synthetic Lethality
Q00776	Q08951	0	Negative Genetic
Q00772	Q03330	0	Negative Genetic;Synthetic Growth Defect
Q00764	Q12051	0	Negative Genetic
Q00723	Q12368	0	Negative Genetic
Q00723	Q12330	0	Negative Genetic
Q00723	Q08963	0	Negative Genetic
Q00722	Q9NQ66	0	Negative Genetic
Q00722	Q01970	0	Negative Genetic
Q00711	Q3E785	0	Phenotypic Suppression
Q00711	Q08230	0	Dosage Rescue;Phenotypic Suppression
Q00711	Q07540	0	Synthetic Growth Defect
Q00684	Q05080	0	Phenotypic Enhancement;Phenotypic Suppression
Q00637	Q94511	0	Phenotypic Suppression
Q00582	Q3E830	0	Phenotypic Suppression
Q00582	Q07468	0	Dosage Rescue;Phenotypic Suppression;Synthetic Rescue
Q00582	Q04491	0	Positive Genetic
Q00582	Q02205	0	Positive Genetic;Synthetic Rescue
Q00578	Q04673	0	Negative Genetic
Q00578	Q03071	0	Negative Genetic
Q00362	Q12461	0	Positive Genetic
Q00362	Q12018	0	Synthetic Growth Defect
Q00362	Q04372	0	Synthetic Rescue
Q00362	Q04081	0	Synthetic Growth Defect
Q00362	Q00684	0	Phenotypic Enhancement;Phenotypic Suppression;Synthetic Growth Defect
Q00246	Q12434	0	Dosage Growth Defect;Phenotypic Enhancement
Q00245	Q12038	0	Dosage Rescue;Negative Genetic
Q00245	Q00246	0	Dosage Rescue;Phenotypic Enhancement;Synthetic Lethality
Q00055	Q00764	0	Dosage Rescue;Synthetic Growth Defect
P98194	Q9HC07	0	Synthetic Lethality
P98170	Q14790	0	Phenotypic Suppression
P98170	Q13490	0	Negative Genetic
P92958	Q38997	0	Synthetic Lethality
P89886	Q12283	0	Negative Genetic
P89886	Q04600	0	Negative Genetic;Phenotypic Enhancement
P89105	Q05949	0	Synthetic Growth Defect
P89105	Q03957	0	Synthetic Growth Defect
P87108	Q08749	0	Synthetic Lethality
P84077	Q9H0U4	0	Negative Genetic
P84022	Q15796	0	Phenotypic Enhancement
P84022	Q13573	0	Phenotypic Enhancement
P83881	Q9BRX2	0	Negative Genetic
P83881	Q969Q0	0	Negative Genetic
P82921	Q9P0J6	0	Positive Genetic
P82921	Q9BZE1	0	Positive Genetic
P82912	Q9Y3D9	0	Positive Genetic
P82912	Q9NWU5	0	Positive Genetic
P82912	Q9BQC6	0	Positive Genetic
P82912	Q8N983	0	Positive Genetic
P82912	Q7Z7H8	0	Positive Genetic
P82805	P82873	0	Synthetic Growth Defect
P82675	Q9Y6G3	0	Positive Genetic
P82675	Q9Y3D9	0	Positive Genetic
P82675	Q9P0M9	0	Positive Genetic
P82675	Q9P0J6	0	Positive Genetic
P82675	Q9NYK5	0	Positive Genetic
P82675	Q9NVS2	0	Positive Genetic
P82675	Q9BZE1	0	Positive Genetic
P82675	Q9BYC8	0	Positive Genetic
P82675	Q9BQC6	0	Positive Genetic
P82675	Q96A35	0	Positive Genetic
P82675	Q7Z7H8	0	Positive Genetic
P82675	P82921	0	Positive Genetic
P82675	P82912	0	Positive Genetic
P82673	Q9P0J6	0	Positive Genetic
P82673	P82675	0	Positive Genetic
P82664	Q9Y3B7	0	Positive Genetic
P81450	Q06405	0	Positive Genetic
P81449	Q12233	0	Positive Genetic
P80428	Q99314	0	Negative Genetic
P80428	Q12692	0	Dosage Rescue;Synthetic Lethality
P80428	Q12509	0	Positive Genetic;Synthetic Lethality
P80428	Q12432	0	Synthetic Growth Defect
P80428	Q12386	0	Synthetic Growth Defect
P80428	Q08649	0	Negative Genetic;Synthetic Lethality
P80428	Q05123	0	Positive Genetic
P78406	Q7Z3B4	0	Negative Genetic
P78362	Q96SB4	0	Negative Genetic
P77488	Q46822	0	Negative Genetic
P77399	P77467	0	Positive Genetic
P77333	Q47141	0	Negative Genetic
P76577	P77619	0	Negative Genetic
P76474	Q47377	0	Negative Genetic
P76373	Q47377	0	Negative Genetic
P76373	P76474	0	Negative Genetic
P76373	P76387	0	Positive Genetic
P76290	P76291	0	Negative Genetic
P76250	Q47141	0	Negative Genetic
P76106	Q47156	0	Positive Genetic
P76084	P80668	0	Negative Genetic
P76083	P77399	0	Positive Genetic
P76052	P77357	0	Negative Genetic
P76045	P77747	0	Negative Genetic
P76027	P77737	0	Negative Genetic
P76027	P77308	0	Positive Genetic
P75957	P77463	0	Positive Genetic
P75831	P75958	0	Positive Genetic
P75824	P75863	0	Negative Genetic
P75804	Q47534	0	Positive Genetic
P70345	Q07813	0	Phenotypic Suppression
P69776	P75957	0	Positive Genetic
P69771	Q06263	0	Negative Genetic;Phenotypic Enhancement
P69771	Q03390	0	Phenotypic Enhancement;Synthetic Growth Defect
P69451	P76503	0	Negative Genetic
P69348	Q47157	0	Positive Genetic
P69348	Q47156	0	Negative Genetic
P69348	P76106	0	Positive Genetic
P67910	P76658	0	Positive Genetic
P67701	Q46865	0	Negative Genetic
P67697	Q46865	0	Negative Genetic
P67697	P69346	0	Positive Genetic
P67697	P67701	0	Positive Genetic
P67662	Q47141	0	Negative Genetic
P67662	P77171	0	Negative Genetic
P63883	P77173	0	Positive Genetic
P63224	P76658	0	Positive Genetic
P63204	P76135	0	Negative Genetic
P63104	Q71U36	0	Synthetic Lethality
P63085	Q63844	0	Phenotypic Suppression
P63010	Q10567	0	Negative Genetic
P63000	P84095	0	Negative Genetic
P62993	Q13588	0	Negative Genetic
P62873	Q8WYR1	0	Phenotypic Enhancement
P62820	Q9UL33	0	Positive Genetic;Synthetic Lethality
P62820	Q9H0U4	0	Synthetic Lethality
P62820	Q8IUR0	0	Positive Genetic
P62820	Q15363	0	Synthetic Lethality
P62820	P84077	0	Negative Genetic
P62651	Q04082	0	Negative Genetic
P62623	P77488	0	Negative Genetic
P62620	P77488	0	Positive Genetic
P62615	P62620	0	Negative Genetic
P62308	Q8N8D1	0	Positive Genetic
P62258	P63104	0	Negative Genetic
P62191	Q15008	0	Positive Genetic
P62152	Q7Z020	0	Phenotypic Suppression
P61981	P63104	0	Negative Genetic
P61923	Q9P299	0	Negative Genetic
P61887	P76373	0	Negative Genetic
P61851	Q00637	0	Phenotypic Enhancement
P61830	Q6WNK7	0	Negative Genetic
P61830	Q12432	0	Synthetic Growth Defect
P61830	Q12386	0	Synthetic Growth Defect
P61830	Q12373	0	Dosage Growth Defect;Phenotypic Enhancement
P61830	Q12341	0	Phenotypic Enhancement;Synthetic Growth Defect
P61830	Q08972	0	Synthetic Growth Defect
P61830	Q08963	0	Phenotypic Enhancement;Synthetic Lethality
P61830	Q08649	0	Dosage Rescue;Synthetic Growth Defect;Synthetic Lethality;Synthetic Rescue
P61830	Q08465	0	Synthetic Rescue
P61830	Q07794	0	Phenotypic Suppression;Synthetic Growth Defect
P61830	Q07457	0	Synthetic Growth Defect
P61830	Q06706	0	Negative Genetic;Phenotypic Suppression;Synthetic Growth Defect
P61830	Q06697	0	Synthetic Growth Defect
P61830	Q06629	0	Synthetic Rescue
P61830	Q06623	0	Synthetic Rescue
P61830	Q06505	0	Negative Genetic;Synthetic Rescue
P61830	Q04868	0	Negative Genetic;Synthetic Growth Defect
P61830	Q04673	0	Negative Genetic
P61830	Q04636	0	Dosage Lethality;Negative Genetic;Phenotypic Suppression;Synthetic Growth Defect;Synthetic Rescue
P61830	Q04199	0	Negative Genetic;Synthetic Growth Defect
P61830	Q04089	0	Synthetic Growth Defect
P61830	Q03330	0	Synthetic Growth Defect;Synthetic Lethality;Synthetic Rescue
P61830	Q03124	0	Phenotypic Suppression
P61830	Q03012	0	Phenotypic Suppression;Synthetic Growth Defect
P61830	Q02908	0	Synthetic Growth Defect
P61830	Q02884	0	Negative Genetic;Synthetic Growth Defect
P61830	Q02732	0	Dosage Lethality;Synthetic Growth Defect
P61830	Q02336	0	Synthetic Growth Defect
P61830	Q02206	0	Negative Genetic;Synthetic Lethality
P61830	Q01454	0	Synthetic Growth Defect
P61830	P80428	0	Synthetic Lethality
P61353	Q9NWU5	0	Negative Genetic
P61353	Q9BRX2	0	Negative Genetic
P61353	Q99460	0	Negative Genetic
P61326	Q96A72	0	Negative Genetic
P61320	P77173	0	Positive Genetic
P61316	P75958	0	Positive Genetic
P61316	P75957	0	Positive Genetic
P61316	P69776	0	Negative Genetic
P61289	Q9UL46	0	Negative Genetic
P61088	Q9Y4K3	0	Phenotypic Suppression
P61088	Q12933	0	Phenotypic Suppression
P61081	Q93034	0	Positive Genetic
P61081	Q86VP6	0	Positive Genetic
P61019	Q9H0U4	0	Negative Genetic
P61019	P62820	0	Negative Genetic
P60953	P63000	0	Negative Genetic
P60723	P77398	0	Positive Genetic
P60723	P69222	0	Positive Genetic
P60723	P60785	0	Positive Genetic
P60716	P63020	0	Positive Genetic
P60584	P77467	0	Negative Genetic
P60584	P76083	0	Negative Genetic
P60510	P67775	0	Negative Genetic
P60484	Q9BYG5	0	Negative Genetic
P60484	Q15910	0	Positive Genetic
P60010	Q12432	0	Negative Genetic;Synthetic Haploinsufficiency
P60010	Q12406	0	Positive Genetic
P60010	Q12386	0	Synthetic Haploinsufficiency
P60010	Q12380	0	Positive Genetic;Synthetic Haploinsufficiency
P60010	Q12342	0	Negative Genetic
P60010	Q12306	0	Negative Genetic
P60010	Q12271	0	Negative Genetic
P60010	Q12156	0	Negative Genetic
P60010	Q12025	0	Negative Genetic
P60010	Q08873	0	Negative Genetic
P60010	Q08649	0	Negative Genetic;Positive Genetic
P60010	Q06580	0	Negative Genetic
P60010	Q06440	0	Negative Genetic;Synthetic Growth Defect
P60010	Q05933	0	Negative Genetic;Synthetic Haploinsufficiency
P60010	Q05123	0	Positive Genetic
P60010	Q05080	0	Phenotypic Suppression
P60010	Q04439	0	Negative Genetic
P60010	Q03940	0	Positive Genetic
P60010	Q03435	0	Negative Genetic
P60010	Q03048	0	Negative Genetic;Positive Genetic;Synthetic Growth Defect;Synthetic Lethality
P60010	Q00772	0	Negative Genetic;Synthetic Lethality
P60010	Q00246	0	Negative Genetic
P60010	Q00245	0	Negative Genetic
P60010	P80428	0	Negative Genetic
P60002	Q6PD62	0	Negative Genetic
P60002	P63272	0	Negative Genetic
P59768	Q8WYR1	0	Phenotypic Enhancement
P58753	Q9Y4K3	0	Phenotypic Suppression
P58753	Q99836	0	Phenotypic Suppression
P57744	Q07914	0	Negative Genetic
P57744	Q02776	0	Negative Genetic
P57743	Q12368	0	Negative Genetic
P57743	Q12309	0	Negative Genetic
P57743	Q08963	0	Negative Genetic
P57743	Q07930	0	Negative Genetic
P57743	Q06406	0	Negative Genetic
P57743	Q04693	0	Negative Genetic
P57743	Q03338	0	Negative Genetic
P57678	P62318	0	Negative Genetic
P56537	Q9NVN8	0	Negative Genetic
P56508	P87284	0	Synthetic Growth Defect
P56282	Q9UNS1	0	Negative Genetic
P56134	Q5TGZ0	0	Positive Genetic
P55211	Q14790	0	Phenotypic Suppression
P55162	Q9VF87	0	Phenotypic Enhancement;Phenotypic Suppression
P55135	P75864	0	Positive Genetic
P55036	P62913	0	Positive Genetic
P54999	Q99177	0	Synthetic Growth Defect;Synthetic Lethality
P54999	Q6Q546	0	Negative Genetic
P54999	Q12368	0	Negative Genetic
P54999	Q12330	0	Synthetic Growth Defect;Synthetic Lethality
P54999	Q12309	0	Negative Genetic
P54999	Q12078	0	Negative Genetic
P54999	Q12052	0	Negative Genetic;Synthetic Growth Defect;Synthetic Lethality
P54999	Q08963	0	Negative Genetic;Synthetic Growth Defect;Synthetic Lethality
P54999	Q08920	0	Negative Genetic;Synthetic Growth Defect
P54999	Q07930	0	Negative Genetic
P54999	Q07508	0	Negative Genetic
P54999	Q06406	0	Negative Genetic
P54999	Q06217	0	Synthetic Growth Defect;Synthetic Lethality
P54999	Q04048	0	Negative Genetic
P54999	Q03782	0	Negative Genetic
P54999	Q03654	0	Negative Genetic
P54999	Q03375	0	Negative Genetic
P54999	Q03338	0	Negative Genetic
P54999	Q02775	0	Negative Genetic
P54999	Q02554	0	Negative Genetic
P54999	Q02260	0	Synthetic Growth Defect;Synthetic Lethality
P54964	Q12149	0	Dosage Rescue
P54964	Q12090	0	Phenotypic Enhancement
P54861	Q05930	0	Phenotypic Suppression;Synthetic Rescue
P54860	Q04311	0	Phenotypic Enhancement
P54839	Q12452	0	Negative Genetic
P54839	Q12051	0	Negative Genetic
P54837	Q05359	0	Phenotypic Suppression
P54837	Q04969	0	Phenotypic Enhancement
P54837	Q04491	0	Synthetic Rescue
P54791	Q12488	0	Negative Genetic
P54791	Q08032	0	Negative Genetic
P54791	Q03406	0	Negative Genetic
P54790	Q12488	0	Negative Genetic
P54790	Q12341	0	Negative Genetic
P54790	Q07896	0	Dosage Growth Defect
P54790	P54791	0	Negative Genetic
P54787	Q99260	0	Negative Genetic
P54787	Q07468	0	Negative Genetic
P54781	Q03529	0	Positive Genetic
P54780	Q04599	0	Negative Genetic
P54780	Q02642	0	Negative Genetic
P54730	Q04228	0	Synthetic Growth Defect
P54631	Q24025	0	Phenotypic Suppression
P54356	Q24025	0	Phenotypic Enhancement;Phenotypic Suppression
P54351	Q24547	0	Phenotypic Enhancement
P54351	Q23983	0	Phenotypic Enhancement;Phenotypic Suppression
P54115	Q01574	0	Negative Genetic;Phenotypic Suppression
P53992	Q9NR31	0	Positive Genetic
P53992	Q9H0U4	0	Positive Genetic
P53992	Q15437	0	Positive Genetic
P53973	Q12692	0	Negative Genetic;Phenotypic Suppression;Synthetic Rescue
P53973	Q06629	0	Positive Genetic;Synthetic Rescue
P53973	Q06623	0	Positive Genetic
P53973	Q03330	0	Dosage Growth Defect;Phenotypic Suppression;Positive Genetic;Synthetic Rescue
P53973	P61830	0	Phenotypic Enhancement;Phenotypic Suppression;Synthetic Rescue
P53970	Q05874	0	Negative Genetic
P53961	Q07830	0	Negative Genetic
P53961	Q06636	0	Negative Genetic
P53961	Q04174	0	Negative Genetic;Synthetic Rescue
P53961	Q04082	0	Negative Genetic
P53961	P62651	0	Negative Genetic
P53953	Q01590	0	Negative Genetic
P53951	Q06096	0	Negative Genetic
P53951	Q03554	0	Negative Genetic;Phenotypic Enhancement
P53951	Q03530	0	Negative Genetic
P53951	Q02804	0	Negative Genetic;Synthetic Lethality
P53949	Q12454	0	Negative Genetic
P53949	P53965	0	Dosage Rescue
P53946	Q12386	0	Synthetic Growth Defect
P53942	Q04740	0	Phenotypic Enhancement;Phenotypic Suppression;Synthetic Growth Defect;Synthetic Lethality
P53942	Q04049	0	Synthetic Lethality;Synthetic Rescue
P53941	Q99207	0	Negative Genetic
P53941	Q02354	0	Negative Genetic
P53937	Q12690	0	Negative Genetic
P53937	Q12672	0	Negative Genetic
P53937	Q06512	0	Negative Genetic
P53937	Q06090	0	Negative Genetic
P53937	Q01855	0	Negative Genetic
P53930	Q99314	0	Synthetic Growth Defect;Synthetic Lethality
P53930	Q12692	0	Positive Genetic
P53930	Q12509	0	Positive Genetic
P53930	Q12432	0	Negative Genetic;Synthetic Growth Defect
P53930	Q12386	0	Positive Genetic;Synthetic Growth Defect
P53930	Q08649	0	Synthetic Lethality
P53930	Q03330	0	Synthetic Growth Defect
P53930	P80428	0	Synthetic Lethality
P53930	P61830	0	Synthetic Growth Defect
P53930	P60010	0	Dosage Growth Defect
P53927	Q07623	0	Positive Genetic
P53927	Q06672	0	Positive Genetic
P53923	Q06706	0	Negative Genetic
P53923	Q04868	0	Negative Genetic
P53923	Q02908	0	Negative Genetic
P53923	Q02884	0	Negative Genetic
P53915	Q05788	0	Phenotypic Enhancement;Synthetic Lethality
P53915	Q04179	0	Phenotypic Enhancement;Synthetic Lethality
P53914	Q12220	0	Negative Genetic
P53914	Q12099	0	Negative Genetic
P53914	Q07623	0	Negative Genetic
P53914	Q06287	0	Negative Genetic
P53914	Q06078	0	Negative Genetic
P53914	Q05946	0	Negative Genetic
P53914	Q05498	0	Negative Genetic
P53914	Q04305	0	Negative Genetic
P53914	Q04177	0	Negative Genetic
P53909	Q04178	0	Positive Genetic
P53905	Q12460	0	Negative Genetic
P53905	Q12368	0	Negative Genetic
P53905	Q12309	0	Negative Genetic
P53905	Q08963	0	Negative Genetic
P53905	Q07930	0	Negative Genetic
P53905	Q07350	0	Negative Genetic
P53905	Q06406	0	Negative Genetic;Synthetic Lethality
P53905	Q03338	0	Negative Genetic
P53905	Q00723	0	Negative Genetic
P53905	P57743	0	Negative Genetic
P53900	Q12692	0	Negative Genetic;Synthetic Growth Defect;Synthetic Lethality
P53900	Q12262	0	Negative Genetic;Synthetic Growth Defect;Synthetic Lethality
P53900	Q04773	0	Negative Genetic
P53900	Q04493	0	Positive Genetic
P53900	P60010	0	Negative Genetic;Synthetic Haploinsufficiency
P53893	Q3E754	0	Positive Genetic
P53893	Q12522	0	Dosage Rescue;Negative Genetic;Synthetic Rescue
P53893	Q07953	0	Negative Genetic
P53893	Q06709	0	Positive Genetic
P53893	Q03862	0	Negative Genetic
P53893	P53937	0	Synthetic Growth Defect
P53879	Q00772	0	Synthetic Rescue
P53877	Q12690	0	Negative Genetic
P53877	Q12099	0	Negative Genetic
P53877	Q08962	0	Negative Genetic
P53877	Q07845	0	Negative Genetic
P53877	Q04373	0	Negative Genetic
P53875	Q12672	0	Negative Genetic
P53875	Q12305	0	Negative Genetic
P53873	Q08920	0	Negative Genetic;Synthetic Growth Defect
P53868	Q92316	0	Negative Genetic;Phenotypic Suppression
P53868	Q12001	0	Phenotypic Suppression
P53868	Q02795	0	Negative Genetic
P53867	Q12380	0	Phenotypic Enhancement
P53867	Q07879	0	Positive Genetic
P53867	Q06671	0	Positive Genetic
P53867	Q02948	0	Positive Genetic
P53867	Q02887	0	Positive Genetic
P53863	Q06709	0	Negative Genetic
P53863	Q03862	0	Positive Genetic;Synthetic Rescue
P53859	Q99207	0	Negative Genetic
P53859	Q12460	0	Negative Genetic
P53859	Q12277	0	Negative Genetic
P53859	Q12149	0	Negative Genetic
P53859	Q08162	0	Negative Genetic
P53859	Q06287	0	Negative Genetic
P53859	Q05946	0	Negative Genetic
P53859	Q05636	0	Negative Genetic
P53859	Q05498	0	Negative Genetic
P53859	Q04177	0	Negative Genetic
P53859	Q02354	0	Negative Genetic
P53854	Q08963	0	Negative Genetic
P53854	Q07930	0	Negative Genetic
P53854	Q04048	0	Negative Genetic
P53854	Q03772	0	Negative Genetic
P53854	Q03654	0	Negative Genetic
P53854	Q03375	0	Negative Genetic
P53854	Q02260	0	Negative Genetic
P53853	Q12692	0	Synthetic Growth Defect
P53853	Q07794	0	Synthetic Growth Defect
P53853	Q03330	0	Negative Genetic;Phenotypic Enhancement;Synthetic Growth Defect
P53849	Q08235	0	Negative Genetic
P53847	Q12745	0	Dosage Rescue;Synthetic Rescue
P53846	Q03195	0	Dosage Rescue;Negative Genetic
P53843	Q06263	0	Negative Genetic;Phenotypic Enhancement
P53843	Q03390	0	Negative Genetic;Phenotypic Enhancement;Synthetic Growth Defect
P53834	Q12449	0	Phenotypic Suppression;Synthetic Growth Defect
P53834	Q08446	0	Dosage Growth Defect
P53833	Q06406	0	Negative Genetic
P53830	Q08963	0	Negative Genetic
P53824	Q03148	0	Phenotypic Enhancement
P53803	Q6P9B9	0	Negative Genetic
P53778	Q15759	0	Negative Genetic
P53759	Q12009	0	Synthetic Growth Defect
P53759	Q03774	0	Synthetic Growth Defect
P53753	Q3E7Y3	0	Negative Genetic
P53742	Q12460	0	Negative Genetic
P53742	Q12024	0	Negative Genetic
P53742	Q08647	0	Negative Genetic
P53742	Q06106	0	Positive Genetic
P53742	Q04373	0	Dosage Growth Defect
P53742	Q04305	0	Negative Genetic
P53742	Q03862	0	Negative Genetic
P53742	Q03532	0	Negative Genetic
P53742	Q02892	0	Negative Genetic
P53734	Q08235	0	Negative Genetic
P53734	Q08208	0	Negative Genetic
P53734	Q08004	0	Negative Genetic
P53734	Q07915	0	Negative Genetic
P53734	Q06218	0	Dosage Rescue;Negative Genetic;Synthetic Lethality
P53734	Q06106	0	Positive Genetic
P53734	Q04225	0	Negative Genetic
P53732	Q08972	0	Negative Genetic
P53731	Q06440	0	Negative Genetic;Synthetic Growth Defect;Synthetic Rescue
P53731	Q05933	0	Negative Genetic
P53731	Q04439	0	Negative Genetic
P53731	P60010	0	Negative Genetic
P53730	Q92316	0	Negative Genetic;Phenotypic Suppression
P53730	Q12001	0	Phenotypic Suppression
P53730	Q03723	0	Negative Genetic
P53730	Q02795	0	Negative Genetic
P53730	P53868	0	Negative Genetic;Phenotypic Suppression
P53722	Q12287	0	Negative Genetic
P53720	Q12009	0	Synthetic Growth Defect
P53691	P53834	0	Phenotypic Suppression
P53688	Q07794	0	Phenotypic Suppression;Synthetic Rescue
P53688	P61830	0	Synthetic Rescue
P53687	Q07794	0	Phenotypic Suppression;Synthetic Rescue
P53687	P61830	0	Synthetic Rescue
P53687	P53688	0	Negative Genetic;Phenotypic Enhancement;Phenotypic Suppression;Synthetic Growth Defect;Synthetic Lethality;Synthetic Rescue
P53685	Q08649	0	Phenotypic Suppression;Synthetic Rescue
P53667	P53671	0	Negative Genetic
P53632	Q12149	0	Phenotypic Enhancement;Phenotypic Suppression;Synthetic Lethality;Synthetic Rescue
P53629	Q12043	0	Phenotypic Enhancement;Synthetic Growth Defect
P53629	Q08650	0	Phenotypic Enhancement;Phenotypic Suppression;Synthetic Growth Defect;Synthetic Lethality
P53629	Q05521	0	Phenotypic Enhancement
P53629	Q04396	0	Phenotypic Enhancement
P53622	Q06385	0	Negative Genetic
P53622	P53847	0	Negative Genetic;Synthetic Growth Defect;Synthetic Lethality
P53617	Q12149	0	Synthetic Growth Defect
P53617	Q02792	0	Phenotypic Enhancement
P53600	P53847	0	Negative Genetic
P53600	P53622	0	Negative Genetic
P53551	Q12692	0	Phenotypic Enhancement;Phenotypic Suppression
P53551	P80428	0	Phenotypic Enhancement;Phenotypic Suppression;Synthetic Growth Defect
P53551	P61830	0	Synthetic Rescue
P53549	Q12513	0	Negative Genetic
P53549	Q12377	0	Negative Genetic
P53549	Q12250	0	Negative Genetic
P53549	Q06103	0	Negative Genetic
P53549	Q01939	0	Negative Genetic;Phenotypic Enhancement
P53538	Q12102	0	Negative Genetic
P53538	Q08685	0	Negative Genetic
P53538	Q08553	0	Negative Genetic
P53538	Q03957	0	Negative Genetic;Positive Genetic;Synthetic Rescue
P53538	Q03254	0	Dosage Rescue
P53538	Q02792	0	Negative Genetic
P53538	Q01329	0	Dosage Lethality
P53507	Q92328	0	Negative Genetic
P53507	Q04311	0	Synthetic Rescue
P53507	Q02776	0	Negative Genetic;Synthetic Growth Defect
P53507	P81450	0	Negative Genetic
P53507	P80967	0	Synthetic Lethality
P53397	Q08702	0	Synthetic Growth Defect
P53397	Q08214	0	Phenotypic Suppression
P53397	Q04049	0	Negative Genetic;Phenotypic Enhancement
P53397	Q03834	0	Phenotypic Enhancement
P53378	P60010	0	Negative Genetic;Synthetic Haploinsufficiency
P53378	P53540	0	Dosage Rescue;Phenotypic Enhancement;Phenotypic Suppression;Synthetic Lethality
P53350	Q14738	0	Dosage Lethality
P53337	Q05359	0	Phenotypic Enhancement
P53337	Q04651	0	Phenotypic Suppression
P53337	P54837	0	Negative Genetic
P53334	Q04951	0	Negative Genetic;Synthetic Growth Defect
P53333	Q99181	0	Negative Genetic
P53333	Q12417	0	Negative Genetic
P53333	Q12330	0	Negative Genetic
P53333	Q12309	0	Negative Genetic
P53333	Q08963	0	Negative Genetic
P53333	Q07930	0	Negative Genetic
P53333	Q06835	0	Negative Genetic
P53333	Q06217	0	Negative Genetic
P53333	Q06091	0	Negative Genetic
P53333	Q04693	0	Negative Genetic
P53333	Q04048	0	Negative Genetic
P53333	Q03654	0	Negative Genetic
P53333	Q02775	0	Negative Genetic
P53333	P54999	0	Negative Genetic
P53332	Q04430	0	Negative Genetic
P53332	Q03941	0	Negative Genetic
P53331	Q12149	0	Dosage Rescue;Negative Genetic
P53331	Q12090	0	Phenotypic Enhancement;Synthetic Lethality
P53331	Q08162	0	Dosage Rescue
P53331	P54964	0	Phenotypic Enhancement
P53317	Q08492	0	Negative Genetic
P53317	Q07897	0	Negative Genetic
P53317	Q07623	0	Negative Genetic
P53317	Q05946	0	Negative Genetic
P53317	Q02354	0	Negative Genetic
P53313	Q12499	0	Negative Genetic
P53313	Q12460	0	Negative Genetic
P53313	Q08687	0	Negative Genetic
P53313	Q08208	0	Negative Genetic
P53313	Q04031	0	Negative Genetic
P53313	Q03862	0	Negative Genetic
P53313	Q02892	0	Negative Genetic
P53313	P53877	0	Negative Genetic
P53313	P53742	0	Negative Genetic
P53311	Q12289	0	Negative Genetic;Synthetic Growth Defect
P53306	Q04082	0	Negative Genetic
P53306	P62651	0	Negative Genetic
P53305	P53937	0	Negative Genetic
P53299	Q12328	0	Positive Genetic
P53299	Q07914	0	Negative Genetic
P53299	Q02889	0	Negative Genetic
P53299	P53969	0	Synthetic Rescue
P53299	P53507	0	Negative Genetic
P53290	Q3E830	0	Phenotypic Suppression
P53290	Q00582	0	Dosage Rescue;Phenotypic Suppression;Positive Genetic;Synthetic Rescue
P53286	Q06469	0	Phenotypic Enhancement;Phenotypic Suppression
P53286	P53940	0	Phenotypic Enhancement;Phenotypic Suppression
P53283	Q06451	0	Synthetic Growth Defect
P53277	Q12417	0	Negative Genetic
P53277	Q12309	0	Negative Genetic;Synthetic Growth Defect
P53277	Q08963	0	Negative Genetic
P53277	Q06091	0	Negative Genetic
P53277	Q04048	0	Negative Genetic;Synthetic Growth Defect
P53277	Q03772	0	Synthetic Growth Defect
P53277	Q03654	0	Negative Genetic
P53277	Q03375	0	Negative Genetic;Synthetic Growth Defect;Synthetic Lethality
P53277	Q02775	0	Negative Genetic
P53276	Q99207	0	Negative Genetic
P53276	Q12460	0	Negative Genetic
P53276	Q12149	0	Negative Genetic
P53276	Q08972	0	Negative Genetic
P53276	Q08647	0	Negative Genetic
P53276	Q08492	0	Negative Genetic
P53276	Q07897	0	Negative Genetic
P53276	Q07623	0	Negative Genetic
P53276	Q06287	0	Negative Genetic
P53276	Q05498	0	Negative Genetic
P53276	Q04305	0	Negative Genetic
P53276	Q04177	0	Negative Genetic
P53276	Q03862	0	Negative Genetic
P53276	Q03532	0	Negative Genetic
P53276	Q02354	0	Negative Genetic
P53276	P53914	0	Negative Genetic
P53276	P53742	0	Negative Genetic
P53273	Q12325	0	Synthetic Lethality
P53272	Q12033	0	Positive Genetic
P53272	Q04734	0	Positive Genetic
P53272	Q03792	0	Positive Genetic
P53271	Q99260	0	Negative Genetic;Synthetic Lethality
P53271	Q12234	0	Dosage Rescue;Negative Genetic;Synthetic Growth Defect
P53271	Q06096	0	Dosage Rescue;Negative Genetic
P53271	P53951	0	Negative Genetic;Synthetic Growth Defect
P53266	Q3E823	0	Dosage Rescue;Synthetic Rescue
P53266	Q05809	0	Dosage Rescue
P53264	Q06510	0	Phenotypic Enhancement;Phenotypic Suppression;Synthetic Growth Defect;Synthetic Rescue
P53264	Q05776	0	Negative Genetic
P53261	Q12460	0	Negative Genetic
P53261	Q12149	0	Negative Genetic
P53261	Q12024	0	Negative Genetic
P53261	Q08962	0	Negative Genetic
P53261	Q08492	0	Positive Genetic
P53261	Q08208	0	Negative Genetic
P53261	Q04660	0	Negative Genetic
P53261	Q04305	0	Positive Genetic
P53261	Q03532	0	Negative Genetic
P53261	Q02892	0	Dosage Rescue;Negative Genetic
P53261	Q02256	0	Dosage Rescue
P53261	P53742	0	Negative Genetic
P53260	Q03557	0	Dosage Rescue
P53259	P54861	0	Positive Genetic;Synthetic Rescue
P53255	Q04048	0	Negative Genetic
P53255	Q03654	0	Negative Genetic
P53252	Q12230	0	Phenotypic Enhancement
P53252	Q12207	0	Phenotypic Enhancement
P53252	P60010	0	Negative Genetic;Synthetic Haploinsufficiency
P53252	P54003	0	Negative Genetic
P53251	Q99257	0	Dosage Rescue;Negative Genetic;Synthetic Lethality;Synthetic Rescue
P53251	Q12754	0	Synthetic Growth Defect
P53251	Q12460	0	Positive Genetic
P53251	Q06287	0	Negative Genetic
P53251	Q06106	0	Negative Genetic
P53251	Q05946	0	Negative Genetic
P53251	Q04177	0	Negative Genetic
P53251	Q02354	0	Negative Genetic
P53251	Q01855	0	Negative Genetic;Synthetic Lethality
P53250	Q12156	0	Phenotypic Enhancement
P53250	Q06440	0	Phenotypic Enhancement;Synthetic Lethality
P53250	Q03048	0	Negative Genetic;Synthetic Lethality
P53250	P60010	0	Negative Genetic
P53248	Q05568	0	Positive Genetic
P53248	Q04370	0	Positive Genetic
P53241	P53630	0	Negative Genetic
P53239	Q04935	0	Dosage Rescue
P53239	Q04472	0	Synthetic Rescue
P53237	Q04491	0	Negative Genetic;Synthetic Lethality
P53237	Q00582	0	Phenotypic Suppression
P53237	P53290	0	Phenotypic Suppression
P53230	Q05776	0	Phenotypic Suppression;Synthetic Rescue
P53224	Q3E790	0	Phenotypic Suppression;Synthetic Lethality;Synthetic Rescue
P53224	Q06144	0	Negative Genetic;Phenotypic Enhancement;Synthetic Growth Defect
P53223	Q04396	0	Negative Genetic
P53221	Q08972	0	Negative Genetic
P53221	Q08962	0	Negative Genetic
P53221	Q08235	0	Negative Genetic
P53221	Q07915	0	Negative Genetic
P53221	P53937	0	Negative Genetic
P53220	Q02889	0	Negative Genetic
P53204	Q06178	0	Negative Genetic;Synthetic Growth Defect
P53201	Q12692	0	Synthetic Lethality
P53201	Q12509	0	Positive Genetic;Synthetic Growth Defect
P53201	Q12432	0	Negative Genetic;Synthetic Growth Defect
P53201	Q12406	0	Negative Genetic
P53201	Q12386	0	Synthetic Lethality
P53201	Q08649	0	Negative Genetic;Synthetic Lethality
P53201	P80428	0	Negative Genetic;Positive Genetic;Synthetic Lethality
P53201	P61830	0	Synthetic Lethality
P53201	P60010	0	Negative Genetic;Positive Genetic
P53201	P53930	0	Synthetic Growth Defect
P53199	P54839	0	Positive Genetic
P53198	Q05359	0	Phenotypic Enhancement
P53197	Q12157	0	Phenotypic Suppression
P53197	Q08981	0	Dosage Rescue;Phenotypic Suppression;Synthetic Growth Defect;Synthetic Rescue
P53197	Q00684	0	Phenotypic Enhancement;Phenotypic Suppression;Synthetic Growth Defect;Synthetic Lethality
P53197	Q00362	0	Synthetic Lethality
P53196	Q01939	0	Synthetic Growth Defect
P53193	Q05931	0	Dosage Rescue;Synthetic Growth Defect;Synthetic Lethality
P53193	Q03020	0	Dosage Rescue
P53192	Q99382	0	Negative Genetic;Synthetic Lethality
P53192	Q12431	0	Negative Genetic;Synthetic Growth Defect
P53192	Q12285	0	Phenotypic Suppression;Positive Genetic
P53192	Q12154	0	Phenotypic Suppression;Positive Genetic;Synthetic Rescue
P53192	Q12125	0	Phenotypic Suppression;Positive Genetic
P53192	Q12118	0	Phenotypic Suppression;Positive Genetic
P53188	Q08746	0	Synthetic Rescue
P53188	P53742	0	Negative Genetic
P53188	P53313	0	Negative Genetic
P53179	Q12033	0	Positive Genetic
P53179	Q04734	0	Positive Genetic
P53179	Q03792	0	Positive Genetic
P53173	Q12234	0	Negative Genetic;Positive Genetic
P53173	Q05359	0	Negative Genetic
P53173	Q03554	0	Negative Genetic
P53173	P54837	0	Negative Genetic
P53173	P53953	0	Negative Genetic
P53167	Q12211	0	Synthetic Growth Defect
P53158	Q12116	0	Negative Genetic
P53152	Q12749	0	Synthetic Rescue
P53152	Q04049	0	Phenotypic Enhancement;Synthetic Growth Defect;Synthetic Lethality;Synthetic Rescue
P53146	Q99287	0	Negative Genetic;Phenotypic Enhancement;Synthetic Growth Defect
P53146	Q12745	0	Negative Genetic
P53146	Q01590	0	Synthetic Growth Defect
P53146	P53847	0	Negative Genetic
P53145	Q12522	0	Negative Genetic
P53145	Q12460	0	Negative Genetic
P53145	Q04373	0	Negative Genetic
P53136	Q12690	0	Negative Genetic
P53136	Q08208	0	Synthetic Rescue
P53136	Q07844	0	Dosage Growth Defect;Synthetic Lethality
P53131	Q12417	0	Negative Genetic
P53131	Q12330	0	Negative Genetic
P53131	Q12309	0	Negative Genetic
P53131	Q08963	0	Negative Genetic
P53131	Q07381	0	Negative Genetic
P53131	Q06217	0	Negative Genetic
P53131	Q06106	0	Positive Genetic
P53131	Q06091	0	Negative Genetic
P53131	Q04048	0	Negative Genetic
P53131	Q03654	0	Negative Genetic
P53131	Q02892	0	Negative Genetic
P53131	P54999	0	Negative Genetic
P53131	P53854	0	Negative Genetic
P53131	P53333	0	Negative Genetic
P53131	P53317	0	Positive Genetic
P53131	P53277	0	Negative Genetic
P53131	P53255	0	Negative Genetic
P53129	Q07468	0	Positive Genetic
P53129	Q04338	0	Positive Genetic
P53129	P54787	0	Negative Genetic
P53125	Q08773	0	Phenotypic Enhancement
P53125	Q03435	0	Negative Genetic
P53118	Q03758	0	Synthetic Rescue
P53114	Q08278	0	Negative Genetic;Synthetic Growth Defect
P53114	Q06213	0	Negative Genetic;Synthetic Lethality
P53102	P53187	0	Dosage Rescue
P53099	Q03148	0	Negative Genetic;Synthetic Lethality
P53096	Q12692	0	Negative Genetic;Synthetic Growth Defect;Synthetic Lethality
P53096	Q08649	0	Phenotypic Suppression;Synthetic Growth Defect;Synthetic Rescue
P53096	P61830	0	Synthetic Growth Defect;Synthetic Rescue
P53096	P53973	0	Positive Genetic;Synthetic Growth Defect
P53096	P53685	0	Phenotypic Enhancement;Synthetic Growth Defect
P53090	Q06408	0	Phenotypic Enhancement
P53088	Q12093	0	Negative Genetic
P53088	Q06706	0	Negative Genetic;Synthetic Growth Defect
P53088	Q04868	0	Negative Genetic
P53088	Q02908	0	Negative Genetic;Synthetic Growth Defect
P53088	Q02884	0	Negative Genetic;Synthetic Growth Defect
P53088	P53923	0	Positive Genetic
P53086	Q12045	0	Negative Genetic
P53086	Q06568	0	Phenotypic Enhancement
P53086	Q01649	0	Negative Genetic
P53073	Q02767	0	Phenotypic Suppression
P53073	Q02159	0	Phenotypic Enhancement
P53072	P53720	0	Negative Genetic
P53070	Q12093	0	Negative Genetic;Phenotypic Enhancement;Synthetic Lethality
P53066	Q04439	0	Negative Genetic
P53064	Q12692	0	Negative Genetic;Synthetic Growth Defect;Synthetic Lethality
P53064	Q07457	0	Positive Genetic
P53064	Q06697	0	Synthetic Growth Defect
P53064	Q06505	0	Negative Genetic;Synthetic Growth Defect
P53064	Q05949	0	Synthetic Growth Defect
P53064	Q04636	0	Synthetic Lethality
P53064	Q03957	0	Negative Genetic;Synthetic Growth Defect;Synthetic Lethality
P53064	Q02884	0	Negative Genetic;Synthetic Growth Defect;Synthetic Lethality
P53064	P89105	0	Synthetic Rescue
P53064	P61830	0	Phenotypic Enhancement;Positive Genetic;Synthetic Growth Defect
P53063	Q02792	0	Dosage Rescue;Synthetic Lethality
P53060	Q12024	0	Negative Genetic
P53048	Q08295	0	Phenotypic Enhancement
P53048	P53341	0	Phenotypic Enhancement
P53048	P53051	0	Phenotypic Enhancement
P53045	Q12452	0	Negative Genetic
P53045	Q03529	0	Negative Genetic
P53045	P54781	0	Positive Genetic
P53041	Q99683	0	Phenotypic Suppression
P53040	Q12030	0	Negative Genetic
P53040	Q08278	0	Negative Genetic
P53040	Q06822	0	Positive Genetic
P53040	Q05027	0	Dosage Rescue;Negative Genetic
P53040	Q03067	0	Negative Genetic
P53038	Q12464	0	Negative Genetic
P53038	Q06822	0	Negative Genetic
P53012	Q99287	0	Negative Genetic
P53012	Q12382	0	Negative Genetic
P53012	Q06676	0	Phenotypic Enhancement
P53012	Q06058	0	Phenotypic Enhancement
P53011	Q04491	0	Positive Genetic
P53008	Q92316	0	Phenotypic Enhancement
P53008	Q12001	0	Positive Genetic
P53008	Q03723	0	Negative Genetic
P53008	Q03691	0	Negative Genetic
P52920	Q05583	0	Negative Genetic
P52918	Q99189	0	Positive Genetic
P52918	Q02932	0	Negative Genetic;Phenotypic Enhancement
P52918	Q02555	0	Negative Genetic
P52918	P53276	0	Negative Genetic
P52917	Q12033	0	Negative Genetic
P52917	Q06696	0	Positive Genetic;Synthetic Rescue
P52917	Q04272	0	Phenotypic Suppression;Positive Genetic;Synthetic Rescue
P52917	Q02767	0	Positive Genetic;Synthetic Rescue
P52917	P69771	0	Phenotypic Suppression
P52917	P53843	0	Negative Genetic;Phenotypic Enhancement;Phenotypic Suppression
P52910	Q07471	0	Negative Genetic
P52910	Q01574	0	Negative Genetic;Phenotypic Enhancement;Synthetic Lethality
P52892	P52893	0	Phenotypic Enhancement;Synthetic Growth Defect
P52871	P53192	0	Negative Genetic;Phenotypic Suppression
P52868	P53131	0	Synthetic Lethality
P52732	Q9Y496	0	Negative Genetic
P52553	Q04493	0	Positive Genetic
P52553	P60010	0	Negative Genetic;Synthetic Haploinsufficiency
P52553	P53900	0	Positive Genetic
P52491	Q12018	0	Negative Genetic
P52490	Q04049	0	Phenotypic Enhancement;Synthetic Growth Defect
P52488	Q12306	0	Synthetic Rescue
P52488	Q08204	0	Synthetic Growth Defect
P52488	Q06624	0	Dosage Rescue
P52304	Q9V877	0	Phenotypic Enhancement
P52286	Q12018	0	Synthetic Lethality
P52286	Q08446	0	Dosage Rescue
P52286	Q04511	0	Phenotypic Suppression
P52286	Q00362	0	Synthetic Growth Defect
P51996	Q99394	0	Dosage Rescue
P51996	Q99260	0	Positive Genetic
P51996	Q04183	0	Dosage Rescue
P51996	Q03660	0	Dosage Rescue
P51970	Q99643	0	Positive Genetic
P51970	Q16795	0	Positive Genetic
P51812	Q15418	0	Negative Genetic
P51812	Q15349	0	Negative Genetic
P51808	P63172	0	Negative Genetic
P51601	Q08645	0	Negative Genetic
P51534	Q04439	0	Dosage Lethality;Negative Genetic
P51402	P53188	0	Positive Genetic
P51401	Q12522	0	Positive Genetic
P51401	Q04599	0	Negative Genetic
P51148	P84077	0	Negative Genetic
P50946	P53965	0	Dosage Rescue
P50942	Q12271	0	Negative Genetic;Phenotypic Enhancement;Synthetic Growth Defect;Synthetic Lethality
P50942	P53252	0	Negative Genetic;Phenotypic Enhancement;Synthetic Growth Defect
P50874	Q12341	0	Synthetic Growth Defect;Synthetic Lethality
P50874	Q07896	0	Dosage Rescue
P50874	Q03330	0	Phenotypic Suppression;Synthetic Growth Defect
P50874	P54791	0	Dosage Rescue;Negative Genetic
P50623	Q12306	0	Negative Genetic
P50623	Q08204	0	Negative Genetic
P50623	Q06624	0	Negative Genetic
P50623	Q05541	0	Negative Genetic
P50623	Q03718	0	Negative Genetic
P50570	Q05193	0	Negative Genetic
P50281	P51512	0	Negative Genetic
P50264	Q12074	0	Phenotypic Enhancement
P50110	Q92328	0	Dosage Rescue;Negative Genetic
P50110	Q08749	0	Negative Genetic
P50110	Q02776	0	Negative Genetic
P50110	P80967	0	Dosage Rescue;Phenotypic Suppression
P50110	P57744	0	Negative Genetic
P50110	P53969	0	Dosage Rescue
P50110	P53507	0	Negative Genetic
P50110	P53299	0	Negative Genetic
P50107	Q08992	0	Dosage Rescue
P50107	Q05584	0	Phenotypic Enhancement
P50107	Q04432	0	Dosage Rescue
P50106	Q01080	0	Dosage Rescue;Negative Genetic;Synthetic Lethality
P50102	Q6WNK7	0	Phenotypic Suppression
P50102	Q07457	0	Phenotypic Suppression;Positive Genetic
P50102	Q03330	0	Negative Genetic;Phenotypic Enhancement;Synthetic Growth Defect
P50102	Q03067	0	Positive Genetic
P50102	Q02336	0	Negative Genetic;Synthetic Growth Defect;Synthetic Rescue
P50102	P61830	0	Negative Genetic;Synthetic Growth Defect;Synthetic Rescue
P50102	P53040	0	Negative Genetic
P50101	Q01476	0	Phenotypic Enhancement
P50094	P50095	0	Synthetic Growth Defect
P50086	Q04062	0	Dosage Lethality
P50086	Q01939	0	Dosage Rescue;Phenotypic Enhancement;Synthetic Growth Defect
P50086	P53549	0	Negative Genetic
P50086	P53196	0	Phenotypic Enhancement;Synthetic Growth Defect;Synthetic Lethality;Synthetic Rescue
P50085	Q92328	0	Negative Genetic;Synthetic Growth Defect;Synthetic Lethality
P50085	Q02776	0	Negative Genetic
P50085	P53722	0	Negative Genetic;Synthetic Lethality
P50079	Q02948	0	Positive Genetic
P50079	Q02887	0	Synthetic Growth Defect
P50076	Q92316	0	Negative Genetic;Phenotypic Suppression;Synthetic Lethality
P50076	Q12001	0	Phenotypic Suppression
P50076	Q03723	0	Negative Genetic
P50076	Q02795	0	Negative Genetic
P50076	P53868	0	Phenotypic Suppression
P50076	P53730	0	Phenotypic Suppression
P49961	Q9Y5L3	0	Negative Genetic
P49960	Q12208	0	Dosage Rescue
P49960	Q06406	0	Negative Genetic
P49960	Q03338	0	Negative Genetic
P49960	P57743	0	Dosage Rescue
P49960	P53905	0	Negative Genetic
P49957	Q03920	0	Synthetic Growth Defect
P49957	P53088	0	Synthetic Growth Defect
P49956	Q08032	0	Negative Genetic;Synthetic Lethality
P49956	Q02574	0	Synthetic Growth Defect
P49956	Q01454	0	Negative Genetic;Synthetic Growth Defect;Synthetic Lethality
P49956	P61830	0	Negative Genetic;Synthetic Growth Defect
P49955	Q07508	0	Negative Genetic
P49955	Q07350	0	Negative Genetic
P49955	Q06819	0	Negative Genetic
P49955	P60010	0	Negative Genetic
P49955	P53830	0	Negative Genetic
P49840	P49841	0	Negative Genetic
P49810	Q99828	0	Phenotypic Enhancement
P49759	P49760	0	Negative Genetic
P49755	P62820	0	Synthetic Lethality
P49723	Q12206	0	Negative Genetic
P49704	Q12330	0	Negative Genetic
P49704	Q06835	0	Negative Genetic
P49704	Q06406	0	Negative Genetic
P49704	Q06217	0	Negative Genetic
P49704	Q03338	0	Negative Genetic
P49704	Q02775	0	Negative Genetic
P49704	P57743	0	Negative Genetic
P49704	P53905	0	Negative Genetic
P49704	P49960	0	Negative Genetic
P49589	Q9HA77	0	Negative Genetic
P49459	P63146	0	Negative Genetic
P49435	Q05911	0	Synthetic Lethality
P49435	P80210	0	Synthetic Lethality
P49435	P53909	0	Negative Genetic;Phenotypic Enhancement;Synthetic Lethality;Synthetic Rescue
P49406	P82675	0	Positive Genetic
P49367	P53312	0	Synthetic Lethality
P49334	Q02776	0	Synthetic Growth Defect
P49334	P57744	0	Negative Genetic
P49334	P53507	0	Synthetic Growth Defect
P49333	Q38846	0	Phenotypic Enhancement
P49167	Q3E757	0	Negative Genetic
P49167	Q12024	0	Negative Genetic
P49167	Q04660	0	Negative Genetic
P49167	P53261	0	Negative Genetic
P49166	Q3E792	0	Phenotypic Suppression
P49166	Q07896	0	Negative Genetic
P49166	Q02793	0	Negative Genetic
P49166	P53937	0	Negative Genetic
P49166	P51402	0	Negative Genetic;Synthetic Lethality
P49089	P49090	0	Negative Genetic;Phenotypic Enhancement;Synthetic Growth Defect;Synthetic Lethality
P49018	Q07830	0	Negative Genetic
P49018	Q04174	0	Negative Genetic
P49018	Q04080	0	Negative Genetic
P49018	P53961	0	Negative Genetic
P49018	P53730	0	Negative Genetic
P48736	Q8WYR1	0	Phenotypic Enhancement
P48736	P62873	0	Phenotypic Enhancement
P48736	P59768	0	Phenotypic Enhancement
P48732	Q9M0V3	0	Phenotypic Enhancement
P48732	Q9LJD7	0	Phenotypic Suppression
P48732	Q9CA86	0	Phenotypic Suppression
P48732	Q96524	0	Phenotypic Enhancement
P48730	P49674	0	Negative Genetic
P48606	P53904	0	Phenotypic Enhancement
P48606	P52553	0	Dosage Rescue;Negative Genetic;Synthetic Lethality
P48602	Q27331	0	Phenotypic Suppression
P48582	Q99176	0	Positive Genetic
P48582	Q04272	0	Phenotypic Enhancement;Phenotypic Suppression
P48582	P69771	0	Positive Genetic
P48581	Q02574	0	Dosage Growth Defect
P48570	Q12122	0	Phenotypic Enhancement;Synthetic Growth Defect;Synthetic Lethality
P48570	P53312	0	Synthetic Lethality
P48570	P53090	0	Negative Genetic
P48567	Q12211	0	Negative Genetic
P48567	P53072	0	Negative Genetic
P48565	Q12033	0	Positive Genetic
P48565	Q04734	0	Dosage Rescue;Positive Genetic
P48565	Q03792	0	Positive Genetic
P48565	P53179	0	Positive Genetic
P48555	Q9VSJ8	0	Phenotypic Enhancement
P48555	Q9VQQ9	0	Phenotypic Enhancement
P48555	Q9VDG2	0	Phenotypic Enhancement;Phenotypic Suppression
P48554	Q9NHV9	0	Phenotypic Suppression
P48553	Q9UL33	0	Negative Genetic
P48553	Q7Z392	0	Negative Genetic
P48544	P48549	0	Phenotypic Enhancement
P48451	Q27889	0	Phenotypic Enhancement
P48451	Q24214	0	Phenotypic Suppression
P48439	Q92316	0	Negative Genetic;Synthetic Growth Defect
P48439	Q12001	0	Negative Genetic;Synthetic Lethality
P48439	Q03723	0	Negative Genetic;Phenotypic Enhancement;Synthetic Lethality
P48439	Q02795	0	Negative Genetic
P48439	P54837	0	Negative Genetic;Phenotypic Enhancement
P48439	P53730	0	Negative Genetic
P48439	P53008	0	Negative Genetic
P48439	P50076	0	Negative Genetic;Synthetic Lethality
P48363	Q04493	0	Positive Genetic
P48363	Q04004	0	Negative Genetic;Synthetic Growth Defect;Synthetic Rescue
P48363	P60010	0	Negative Genetic;Synthetic Haploinsufficiency
P48363	P53900	0	Positive Genetic
P48363	P52553	0	Positive Genetic
P48363	P48606	0	Dosage Rescue;Negative Genetic;Phenotypic Enhancement;Synthetic Lethality
P48240	Q99207	0	Negative Genetic
P48240	Q12277	0	Negative Genetic
P48240	Q12149	0	Negative Genetic
P48240	Q08162	0	Negative Genetic
P48240	Q06287	0	Negative Genetic
P48240	Q05946	0	Negative Genetic
P48240	Q05636	0	Negative Genetic
P48240	Q05498	0	Negative Genetic
P48240	Q04177	0	Negative Genetic
P48240	Q02354	0	Negative Genetic
P48236	Q08548	0	Phenotypic Enhancement
P48231	Q6Q595	0	Phenotypic Suppression
P48164	Q12690	0	Positive Genetic
P48164	Q01855	0	Positive Genetic
P48148	Q24322	0	Phenotypic Enhancement
P48148	P48608	0	Phenotypic Enhancement;Phenotypic Suppression
P48148	P48462	0	Phenotypic Suppression
P48016	Q00764	0	Dosage Rescue;Phenotypic Enhancement
P48016	P53048	0	Synthetic Rescue
P47912	Q08650	0	Phenotypic Suppression
P47912	P54857	0	Negative Genetic
P47822	Q08278	0	Negative Genetic
P47822	Q06213	0	Negative Genetic
P47822	Q04673	0	Negative Genetic
P47822	P53114	0	Negative Genetic;Synthetic Lethality
P47821	Q03957	0	Negative Genetic
P47821	P53114	0	Positive Genetic
P47818	Q08960	0	Negative Genetic;Synthetic Growth Defect
P47818	Q07540	0	Dosage Rescue;Phenotypic Enhancement
P47771	Q06408	0	Phenotypic Enhancement
P47224	P61026	0	Phenotypic Suppression
P47176	Q07471	0	Phenotypic Enhancement
P47176	P53090	0	Phenotypic Suppression
P47172	Q06224	0	Dosage Rescue;Phenotypic Suppression
P47168	Q03940	0	Negative Genetic
P47168	P53038	0	Negative Genetic
P47167	Q12143	0	Negative Genetic
P47167	Q06162	0	Phenotypic Enhancement
P47167	Q01649	0	Negative Genetic
P47166	Q12234	0	Negative Genetic;Synthetic Lethality
P47156	Q03012	0	Phenotypic Suppression
P47156	P61830	0	Phenotypic Suppression;Synthetic Rescue
P47154	Q03530	0	Phenotypic Enhancement;Synthetic Growth Defect
P47149	Q12748	0	Negative Genetic
P47149	Q12143	0	Negative Genetic
P47149	Q06675	0	Negative Genetic
P47149	Q04477	0	Negative Genetic
P47149	Q02732	0	Negative Genetic
P47147	Q12271	0	Negative Genetic;Synthetic Growth Defect;Synthetic Lethality
P47147	P50942	0	Synthetic Lethality
P47143	Q07938	0	Negative Genetic
P47143	Q05911	0	Synthetic Lethality
P47143	P80210	0	Synthetic Lethality
P47143	P53909	0	Synthetic Lethality
P47143	P49435	0	Synthetic Lethality
P47142	Q12033	0	Positive Genetic
P47142	P52917	0	Positive Genetic;Synthetic Rescue
P47133	Q12431	0	Phenotypic Enhancement
P47125	Q05979	0	Phenotypic Suppression
P47125	Q04066	0	Phenotypic Suppression
P47125	P53322	0	Negative Genetic
P47125	P53090	0	Phenotypic Enhancement
P47124	P50108	0	Positive Genetic
P47122	Q08726	0	Dosage Rescue;Synthetic Lethality
P47122	Q06543	0	Dosage Rescue
P47122	Q04418	0	Dosage Rescue
P47120	Q08972	0	Negative Genetic
P47120	P53909	0	Synthetic Growth Defect
P47119	P80210	0	Phenotypic Enhancement
P47118	Q03195	0	Negative Genetic
P47118	P53846	0	Dosage Rescue
P47118	P52920	0	Negative Genetic
P47117	Q12156	0	Negative Genetic
P47117	Q05933	0	Synthetic Rescue
P47117	Q04439	0	Negative Genetic
P47117	P60010	0	Negative Genetic;Synthetic Haploinsufficiency
P47112	Q00684	0	Negative Genetic
P47112	P54791	0	Negative Genetic
P47112	P54790	0	Negative Genetic
P47112	P49956	0	Negative Genetic;Synthetic Lethality
P47111	Q12016	0	Positive Genetic
P47108	Q06218	0	Negative Genetic
P47108	Q05946	0	Positive Genetic
P47108	Q03532	0	Negative Genetic
P47108	P53734	0	Negative Genetic
P47104	P52286	0	Dosage Rescue
P47096	P53322	0	Negative Genetic
P47096	P53184	0	Synthetic Lethality
P47096	P47125	0	Phenotypic Suppression
P47093	Q6Q546	0	Negative Genetic
P47093	Q12368	0	Negative Genetic
P47093	Q08963	0	Negative Genetic
P47093	Q08920	0	Positive Genetic
P47093	Q07930	0	Negative Genetic
P47093	Q07350	0	Negative Genetic
P47093	Q06406	0	Negative Genetic
P47093	Q04693	0	Negative Genetic
P47093	Q03338	0	Negative Genetic
P47093	Q02260	0	Negative Genetic
P47093	Q00723	0	Negative Genetic
P47093	P57743	0	Dosage Rescue;Synthetic Lethality
P47093	P53905	0	Negative Genetic
P47093	P49960	0	Dosage Rescue;Negative Genetic;Synthetic Rescue
P47093	P49704	0	Negative Genetic
P47089	Q08745	0	Negative Genetic
P47089	Q04600	0	Phenotypic Enhancement
P47089	Q03195	0	Negative Genetic
P47089	Q01855	0	Positive Genetic
P47089	P89886	0	Phenotypic Enhancement
P47089	P48164	0	Negative Genetic
P47088	Q06636	0	Negative Genetic
P47088	Q04174	0	Negative Genetic
P47088	Q04082	0	Negative Genetic
P47088	P53961	0	Negative Genetic
P47088	P49018	0	Negative Genetic
P47084	Q12314	0	Negative Genetic
P47079	P60010	0	Negative Genetic;Positive Genetic;Synthetic Haploinsufficiency
P47079	P53900	0	Negative Genetic
P47077	Q12460	0	Negative Genetic
P47077	Q08492	0	Negative Genetic
P47077	Q08444	0	Synthetic Growth Defect
P47077	Q07623	0	Negative Genetic
P47077	Q05498	0	Negative Genetic
P47077	Q04660	0	Negative Genetic
P47077	Q04177	0	Negative Genetic
P47077	Q03862	0	Negative Genetic
P47077	Q03532	0	Negative Genetic
P47077	Q02354	0	Negative Genetic
P47077	P53251	0	Negative Genetic
P47076	Q06339	0	Negative Genetic
P47076	Q04307	0	Negative Genetic
P47065	Q12393	0	Negative Genetic;Synthetic Growth Defect
P47065	Q12167	0	Dosage Rescue;Synthetic Growth Defect
P47065	Q06109	0	Synthetic Growth Defect
P47064	Q08951	0	Negative Genetic
P47061	Q99260	0	Negative Genetic
P47061	Q06704	0	Negative Genetic;Phenotypic Suppression
P47061	Q06096	0	Negative Genetic
P47061	Q03322	0	Negative Genetic
P47058	Q9URQ3	0	Negative Genetic
P47058	P53065	0	Negative Genetic
P47057	Q99260	0	Negative Genetic;Phenotypic Enhancement;Phenotypic Suppression;Synthetic Lethality
P47057	Q08826	0	Negative Genetic;Phenotypic Enhancement
P47057	Q07879	0	Positive Genetic
P47057	Q06671	0	Positive Genetic
P47057	Q06410	0	Negative Genetic
P47057	Q02948	0	Positive Genetic
P47057	Q02887	0	Phenotypic Enhancement;Positive Genetic
P47052	Q06236	0	Negative Genetic
P47052	Q00711	0	Synthetic Growth Defect;Synthetic Rescue
P47051	Q06005	0	Positive Genetic
P47050	Q07794	0	Phenotypic Suppression
P47050	Q01454	0	Positive Genetic;Synthetic Rescue
P47050	P61830	0	Phenotypic Suppression;Synthetic Growth Defect
P47050	P53687	0	Phenotypic Suppression;Synthetic Rescue
P47048	Q03390	0	Synthetic Growth Defect
P47048	P53843	0	Phenotypic Enhancement;Phenotypic Suppression;Synthetic Growth Defect
P47048	P52917	0	Synthetic Rescue
P47047	Q12460	0	Negative Genetic
P47047	Q12277	0	Negative Genetic
P47047	Q12159	0	Negative Genetic
P47047	Q12149	0	Dosage Rescue;Synthetic Growth Defect;Synthetic Lethality;Synthetic Rescue
P47047	Q08962	0	Negative Genetic
P47047	Q08492	0	Negative Genetic
P47047	Q08491	0	Negative Genetic
P47047	Q08235	0	Negative Genetic
P47047	Q08162	0	Negative Genetic
P47047	Q06287	0	Negative Genetic
P47047	Q06218	0	Negative Genetic
P47047	Q05946	0	Negative Genetic
P47047	Q05636	0	Negative Genetic
P47047	Q05498	0	Negative Genetic
P47047	Q04660	0	Negative Genetic
P47047	Q04373	0	Negative Genetic
P47047	Q02892	0	Negative Genetic
P47047	Q02793	0	Negative Genetic
P47047	Q02354	0	Negative Genetic
P47047	P53859	0	Negative Genetic
P47047	P53742	0	Negative Genetic
P47047	P53734	0	Negative Genetic
P47047	P53313	0	Negative Genetic
P47047	P53261	0	Negative Genetic
P47047	P48240	0	Negative Genetic
P47045	Q12328	0	Dosage Rescue;Negative Genetic
P47045	Q08749	0	Dosage Rescue;Synthetic Lethality
P47044	P47119	0	Phenotypic Suppression
P47040	P53286	0	Synthetic Growth Defect;Synthetic Lethality
P47039	P53090	0	Phenotypic Suppression
P47037	Q06680	0	Negative Genetic
P47037	Q04264	0	Negative Genetic;Phenotypic Suppression;Synthetic Rescue
P47037	Q01454	0	Negative Genetic;Synthetic Lethality
P47037	P49956	0	Negative Genetic;Synthetic Growth Defect
P47019	Q08962	0	Negative Genetic
P47019	P53863	0	Positive Genetic;Synthetic Rescue
P47019	P53742	0	Negative Genetic
P47017	Q06406	0	Positive Genetic
P47017	P57743	0	Positive Genetic
P47017	P53905	0	Dosage Lethality;Phenotypic Enhancement;Positive Genetic
P47017	P47093	0	Dosage Growth Defect
P47013	Q12246	0	Dosage Growth Defect
P47013	Q05567	0	Negative Genetic;Phenotypic Enhancement;Phenotypic Suppression;Synthetic Lethality
P47011	Q00764	0	Phenotypic Enhancement
P47007	Q12089	0	Synthetic Rescue
P47002	Q03770	0	Dosage Rescue;Synthetic Rescue
P46995	Q12692	0	Negative Genetic;Synthetic Growth Defect;Synthetic Lethality;Synthetic Rescue
P46995	Q12432	0	Positive Genetic
P46995	Q12311	0	Phenotypic Enhancement
P46995	Q07457	0	Negative Genetic;Phenotypic Enhancement;Synthetic Growth Defect;Synthetic Lethality
P46995	Q06697	0	Negative Genetic;Synthetic Growth Defect;Synthetic Lethality;Synthetic Rescue
P46995	Q06505	0	Negative Genetic;Synthetic Rescue
P46995	Q05949	0	Phenotypic Enhancement;Synthetic Lethality;Synthetic Rescue
P46995	Q04636	0	Phenotypic Enhancement;Positive Genetic;Synthetic Rescue
P46995	Q04089	0	Phenotypic Enhancement;Phenotypic Suppression;Synthetic Lethality
P46995	Q03957	0	Phenotypic Suppression
P46995	Q03330	0	Synthetic Growth Defect
P46995	Q03012	0	Synthetic Growth Defect
P46995	P89105	0	Phenotypic Suppression;Synthetic Growth Defect;Synthetic Lethality
P46995	P61830	0	Dosage Growth Defect;Phenotypic Suppression;Synthetic Growth Defect;Synthetic Rescue
P46995	P53973	0	Negative Genetic;Phenotypic Enhancement
P46995	P53096	0	Negative Genetic;Synthetic Growth Defect
P46995	P53064	0	Negative Genetic;Synthetic Growth Defect;Synthetic Lethality
P46995	P47156	0	Negative Genetic;Phenotypic Suppression
P46990	Q05863	0	Negative Genetic
P46989	Q06671	0	Positive Genetic
P46988	Q04773	0	Synthetic Lethality
P46988	Q04493	0	Positive Genetic
P46988	P53900	0	Positive Genetic
P46988	P52553	0	Positive Genetic
P46988	P48363	0	Positive Genetic
P46985	P50108	0	Positive Genetic
P46985	P47124	0	Negative Genetic
P46984	Q3E833	0	Synthetic Lethality
P46977	Q8TCJ2	0	Negative Genetic
P46971	P52867	0	Negative Genetic
P46971	P50108	0	Negative Genetic
P46971	P47190	0	Synthetic Lethality
P46971	P46985	0	Negative Genetic
P46970	Q02821	0	Dosage Rescue
P46969	P53319	0	Synthetic Lethality
P46969	P53228	0	Synthetic Lethality
P46965	Q04969	0	Synthetic Growth Defect
P46964	Q92316	0	Negative Genetic
P46964	Q03723	0	Negative Genetic
P46964	Q02795	0	Negative Genetic
P46964	P53008	0	Negative Genetic
P46964	P50076	0	Negative Genetic
P46963	Q3E7C1	0	Negative Genetic
P46963	Q05949	0	Synthetic Lethality
P46963	Q03957	0	Positive Genetic;Synthetic Growth Defect
P46963	P46995	0	Negative Genetic;Positive Genetic
P46962	Q06697	0	Synthetic Growth Defect
P46962	Q05949	0	Synthetic Lethality
P46962	Q03957	0	Positive Genetic;Synthetic Growth Defect
P46962	P53064	0	Synthetic Growth Defect
P46962	P47821	0	Negative Genetic
P46962	P46963	0	Positive Genetic;Synthetic Growth Defect
P46961	Q04082	0	Negative Genetic
P46961	Q04080	0	Negative Genetic
P46961	P53961	0	Negative Genetic
P46961	P53306	0	Negative Genetic
P46961	P49018	0	Negative Genetic
P46961	P47088	0	Negative Genetic
P46959	Q12400	0	Negative Genetic
P46959	P53123	0	Positive Genetic
P46957	P53152	0	Synthetic Growth Defect;Synthetic Rescue
P46950	Q12207	0	Phenotypic Enhancement;Synthetic Growth Defect
P46950	Q12172	0	Negative Genetic
P46948	Q12460	0	Negative Genetic
P46948	Q12277	0	Negative Genetic
P46948	Q12149	0	Negative Genetic;Phenotypic Enhancement;Synthetic Lethality
P46948	Q08162	0	Negative Genetic;Phenotypic Enhancement;Synthetic Lethality;Synthetic Rescue
P46948	Q05946	0	Negative Genetic
P46948	Q05636	0	Negative Genetic
P46948	Q05498	0	Negative Genetic
P46948	Q02793	0	Negative Genetic
P46948	P53859	0	Negative Genetic
P46948	P47047	0	Negative Genetic
P46947	Q99181	0	Negative Genetic
P46947	Q6Q546	0	Negative Genetic;Synthetic Growth Defect
P46947	Q12417	0	Negative Genetic
P46947	Q12368	0	Negative Genetic
P46947	Q12330	0	Negative Genetic
P46947	Q12309	0	Negative Genetic;Synthetic Growth Defect
P46947	Q12052	0	Negative Genetic;Synthetic Growth Defect
P46947	Q12046	0	Negative Genetic
P46947	Q08963	0	Negative Genetic
P46947	Q07350	0	Negative Genetic
P46947	Q06835	0	Negative Genetic
P46947	Q06406	0	Negative Genetic
P46947	Q06217	0	Negative Genetic
P46947	Q06091	0	Negative Genetic
P46947	Q04693	0	Negative Genetic
P46947	Q04048	0	Negative Genetic
P46947	Q03654	0	Negative Genetic
P46947	Q03375	0	Negative Genetic;Synthetic Lethality
P46947	Q03338	0	Negative Genetic
P46947	Q02775	0	Negative Genetic
P46947	Q02554	0	Negative Genetic
P46947	P57743	0	Negative Genetic
P46947	P54999	0	Negative Genetic
P46947	P53905	0	Negative Genetic
P46947	P53854	0	Negative Genetic
P46947	P53333	0	Negative Genetic
P46947	P53277	0	Negative Genetic
P46947	P49704	0	Negative Genetic
P46947	P47093	0	Negative Genetic
P46944	Q99394	0	Negative Genetic;Phenotypic Enhancement
P46944	Q99260	0	Negative Genetic;Synthetic Lethality
P46944	Q03660	0	Phenotypic Enhancement;Synthetic Growth Defect
P46944	Q03630	0	Dosage Rescue;Negative Genetic
P46944	P53951	0	Negative Genetic
P46943	P53937	0	Negative Genetic
P46863	Q9V877	0	Phenotypic Enhancement
P46784	Q3E792	0	Negative Genetic
P46784	Q3E757	0	Positive Genetic
P46784	Q08745	0	Synthetic Lethality
P46784	Q08444	0	Negative Genetic
P46777	Q9NWU5	0	Negative Genetic
P46734	P52564	0	Phenotypic Enhancement
P46683	Q02821	0	Synthetic Growth Defect
P46681	Q12166	0	Positive Genetic
P46680	Q12156	0	Phenotypic Enhancement
P46680	Q06440	0	Phenotypic Enhancement;Synthetic Lethality
P46680	Q03048	0	Dosage Rescue;Negative Genetic;Synthetic Lethality
P46680	P60010	0	Negative Genetic;Synthetic Growth Defect;Synthetic Lethality;Synthetic Rescue
P46680	P53250	0	Phenotypic Enhancement
P46675	Q04477	0	Negative Genetic;Synthetic Growth Defect
P46675	P53086	0	Negative Genetic;Phenotypic Enhancement
P46673	Q99257	0	Synthetic Growth Defect;Synthetic Lethality
P46673	Q12315	0	Negative Genetic
P46673	Q04491	0	Negative Genetic;Synthetic Growth Defect
P46673	P53011	0	Negative Genetic
P46673	P52891	0	Negative Genetic
P46670	Q12509	0	Negative Genetic;Synthetic Growth Defect;Synthetic Lethality
P46670	P53900	0	Negative Genetic;Synthetic Lethality
P46670	P48606	0	Negative Genetic;Synthetic Lethality
P46669	Q01080	0	Dosage Rescue
P46669	P50106	0	Dosage Rescue;Negative Genetic;Synthetic Lethality
P46655	Q08745	0	Positive Genetic
P46655	P46672	0	Synthetic Lethality
P46654	Q04697	0	Negative Genetic
P46654	Q02608	0	Negative Genetic
P46654	P53875	0	Negative Genetic
P46654	P49626	0	Negative Genetic
P46654	P46784	0	Negative Genetic
P46607	Q96276	0	Phenotypic Enhancement
P46461	Q23983	0	Phenotypic Enhancement;Phenotypic Suppression
P46367	Q06892	0	Synthetic Growth Defect
P46367	Q01574	0	Phenotypic Suppression
P46367	P54115	0	Negative Genetic;Phenotypic Enhancement;Synthetic Growth Defect
P46150	P48148	0	Phenotypic Suppression
P45983	P45985	0	Phenotypic Enhancement
P45594	Q9VFM9	0	Phenotypic Enhancement
P45594	P48148	0	Phenotypic Suppression
P45563	Q46800	0	Negative Genetic
P45452	P51512	0	Negative Genetic
P43682	Q04338	0	Dosage Rescue
P43682	Q01590	0	Dosage Rescue;Phenotypic Suppression
P43639	Q06697	0	Positive Genetic
P43621	Q12453	0	Negative Genetic
P43621	Q06385	0	Negative Genetic
P43621	P54837	0	Negative Genetic
P43621	P53847	0	Phenotypic Enhancement;Synthetic Growth Defect;Synthetic Lethality
P43621	P53622	0	Negative Genetic
P43621	P53600	0	Negative Genetic
P43619	P53322	0	Negative Genetic
P43619	P53184	0	Negative Genetic
P43619	P47125	0	Phenotypic Suppression
P43614	Q03691	0	Dosage Rescue;Negative Genetic;Phenotypic Suppression
P43609	Q9URQ5	0	Dosage Rescue
P43609	Q12692	0	Negative Genetic
P43609	Q12406	0	Negative Genetic
P43609	Q05123	0	Negative Genetic
P43609	Q03124	0	Negative Genetic;Synthetic Lethality
P43606	Q03770	0	Dosage Rescue
P43606	P47002	0	Dosage Rescue
P43605	Q12214	0	Dosage Growth Defect;Phenotypic Enhancement
P43605	Q04264	0	Dosage Rescue;Synthetic Lethality;Synthetic Rescue
P43605	Q04049	0	Synthetic Growth Defect
P43605	Q01454	0	Negative Genetic;Synthetic Growth Defect;Synthetic Lethality
P43605	P49956	0	Negative Genetic;Synthetic Lethality
P43605	P47037	0	Dosage Rescue;Negative Genetic;Phenotypic Suppression;Synthetic Growth Defect;Synthetic Rescue
P43601	Q07879	0	Positive Genetic
P43601	Q06708	0	Negative Genetic;Phenotypic Suppression;Synthetic Growth Defect
P43601	Q06671	0	Positive Genetic
P43601	Q03818	0	Positive Genetic
P43601	Q02948	0	Negative Genetic
P43601	Q02887	0	Phenotypic Enhancement;Synthetic Growth Defect;Synthetic Lethality
P43601	P53867	0	Positive Genetic
P43601	P50079	0	Synthetic Growth Defect;Synthetic Lethality
P43601	P46989	0	Positive Genetic
P43596	Q08773	0	Negative Genetic
P43594	P50945	0	Negative Genetic
P43593	Q12250	0	Negative Genetic
P43593	Q08723	0	Negative Genetic
P43593	Q06103	0	Negative Genetic
P43593	P53119	0	Phenotypic Suppression;Synthetic Rescue
P43593	P50102	0	Positive Genetic;Synthetic Rescue
P43593	P50101	0	Positive Genetic
P43592	P46671	0	Positive Genetic
P43589	Q12330	0	Negative Genetic
P43589	Q08963	0	Negative Genetic
P43589	Q07350	0	Negative Genetic
P43589	Q06835	0	Negative Genetic
P43589	Q06217	0	Negative Genetic
P43589	Q04693	0	Negative Genetic
P43589	Q03338	0	Negative Genetic
P43589	P53905	0	Negative Genetic
P43589	P49960	0	Negative Genetic
P43589	P49704	0	Negative Genetic
P43589	P47093	0	Negative Genetic
P43588	Q12377	0	Negative Genetic
P43588	Q12250	0	Negative Genetic;Positive Genetic
P43588	Q12154	0	Negative Genetic
P43588	Q12018	0	Negative Genetic
P43588	Q08972	0	Negative Genetic
P43588	Q08723	0	Negative Genetic;Phenotypic Suppression;Positive Genetic
P43588	Q06103	0	Negative Genetic
P43588	Q03919	0	Negative Genetic;Synthetic Growth Defect
P43588	Q02821	0	Dosage Rescue
P43588	Q01939	0	Negative Genetic;Positive Genetic
P43588	Q01855	0	Negative Genetic
P43588	P60010	0	Synthetic Haploinsufficiency
P43588	P53549	0	Negative Genetic
P43588	P43593	0	Synthetic Lethality
P43586	Q04373	0	Phenotypic Enhancement;Phenotypic Suppression;Synthetic Growth Defect;Synthetic Rescue
P43586	P49167	0	Negative Genetic
P43585	Q02725	0	Phenotypic Enhancement
P43571	Q04491	0	Synthetic Rescue
P43571	Q04080	0	Negative Genetic
P43571	P54837	0	Phenotypic Suppression
P43571	P49018	0	Negative Genetic
P43567	P52892	0	Synthetic Lethality
P43561	Q12078	0	Synthetic Growth Defect
P43558	Q04228	0	Negative Genetic
P43558	P54860	0	Dosage Growth Defect;Synthetic Rescue
P43556	P53879	0	Dosage Rescue
P43555	Q12396	0	Dosage Rescue;Synthetic Growth Defect
P43550	P54838	0	Phenotypic Enhancement
P43545	Q03148	0	Phenotypic Enhancement
P43545	P53824	0	Phenotypic Enhancement
P43544	Q03144	0	Phenotypic Enhancement
P43535	Q02608	0	Negative Genetic
P43321	Q99177	0	Synthetic Growth Defect
P43321	Q12330	0	Synthetic Growth Defect;Synthetic Lethality
P43321	Q12052	0	Synthetic Growth Defect
P43321	Q08963	0	Synthetic Lethality
P43321	Q08920	0	Synthetic Lethality
P43321	Q06217	0	Synthetic Growth Defect;Synthetic Lethality
P43321	Q02260	0	Synthetic Growth Defect;Synthetic Lethality
P43321	P54999	0	Synthetic Growth Defect;Synthetic Lethality
P43319	P45750	0	Positive Genetic
P43254	Q96524	0	Phenotypic Suppression
P43254	P48732	0	Phenotypic Enhancement
P43132	Q12692	0	Negative Genetic;Synthetic Growth Defect;Synthetic Lethality
P43132	Q07457	0	Positive Genetic
P43132	Q03012	0	Phenotypic Enhancement
P43132	P61830	0	Synthetic Lethality
P43132	P46995	0	Synthetic Growth Defect;Synthetic Lethality
P43124	Q12749	0	Negative Genetic;Synthetic Lethality
P43124	Q12306	0	Negative Genetic
P43124	Q08204	0	Dosage Rescue;Negative Genetic
P43124	Q07913	0	Dosage Rescue;Negative Genetic
P43124	Q05541	0	Dosage Rescue;Negative Genetic
P43124	Q03718	0	Negative Genetic
P43123	P43577	0	Negative Genetic
P43122	Q3E833	0	Synthetic Rescue
P43122	P53323	0	Synthetic Rescue
P43122	P46984	0	Negative Genetic;Synthetic Rescue
P43034	Q9NZ32	0	Negative Genetic
P42949	Q07914	0	Dosage Rescue;Negative Genetic;Phenotypic Enhancement;Synthetic Lethality;Synthetic Rescue
P42949	Q02889	0	Negative Genetic
P42949	Q02776	0	Positive Genetic
P42949	Q01852	0	Negative Genetic;Synthetic Lethality
P42949	P57744	0	Negative Genetic
P42949	P53299	0	Negative Genetic
P42943	P60010	0	Negative Genetic
P42941	Q03957	0	Negative Genetic
P42941	P43567	0	Synthetic Lethality
P42939	Q06696	0	Phenotypic Enhancement
P42937	Q12305	0	Phenotypic Enhancement
P42937	Q08742	0	Phenotypic Enhancement
P42935	Q3E840	0	Positive Genetic
P42935	Q06706	0	Positive Genetic
P42935	Q04868	0	Positive Genetic
P42935	Q02908	0	Positive Genetic
P42935	Q02884	0	Positive Genetic
P42935	P61830	0	Negative Genetic;Synthetic Growth Defect
P42935	P53088	0	Negative Genetic
P42837	Q05919	0	Negative Genetic
P42837	Q02948	0	Negative Genetic
P42837	P43601	0	Negative Genetic;Phenotypic Enhancement
P42834	Q07914	0	Dosage Growth Defect
P42826	P46969	0	Negative Genetic
P42771	P62913	0	Phenotypic Suppression
P42771	P60484	0	Positive Genetic
P42766	Q9Y221	0	Positive Genetic
P42766	Q13823	0	Positive Genetic
P42766	P62979	0	Negative Genetic
P42766	P62910	0	Positive Genetic
P42766	P62857	0	Positive Genetic
P42766	P62829	0	Positive Genetic
P42701	Q99665	0	Phenotypic Enhancement
P42701	Q8IZI9	0	Positive Genetic
P42677	Q71UM5	0	Negative Genetic
P42575	Q07817	0	Phenotypic Suppression
P42575	P98170	0	Phenotypic Suppression
P42575	P78560	0	Phenotypic Suppression
P42575	P55211	0	Phenotypic Suppression
P42285	Q9H0D6	0	Negative Genetic
P42285	Q99547	0	Negative Genetic
P42124	Q24338	0	Phenotypic Enhancement
P41948	P53390	0	Dosage Rescue;Synthetic Growth Defect;Synthetic Lethality
P41940	P46971	0	Negative Genetic
P41940	P43636	0	Dosage Rescue
P41939	P53982	0	Synthetic Growth Defect;Synthetic Lethality
P41920	Q12306	0	Negative Genetic
P41920	Q12159	0	Negative Genetic
P41920	Q06142	0	Negative Genetic
P41920	Q02821	0	Negative Genetic;Synthetic Lethality
P41920	P52918	0	Synthetic Rescue
P41920	P47123	0	Negative Genetic
P41912	Q06551	0	Synthetic Lethality
P41911	Q00055	0	Dosage Rescue;Negative Genetic;Phenotypic Enhancement;Synthetic Growth Defect;Synthetic Lethality
P41909	Q02207	0	Phenotypic Enhancement
P41835	Q05998	0	Negative Genetic
P41834	Q99287	0	Phenotypic Enhancement;Synthetic Growth Defect
P41834	Q12745	0	Negative Genetic
P41834	Q01590	0	Dosage Rescue
P41834	P53847	0	Negative Genetic
P41834	P53146	0	Negative Genetic;Synthetic Lethality
P41834	P43621	0	Negative Genetic
P41819	Q99207	0	Negative Genetic
P41819	Q12460	0	Negative Genetic
P41819	Q12277	0	Negative Genetic
P41819	Q12220	0	Negative Genetic
P41819	Q12149	0	Negative Genetic
P41819	Q12099	0	Negative Genetic
P41819	Q12055	0	Synthetic Rescue
P41819	Q08162	0	Negative Genetic
P41819	Q07623	0	Negative Genetic
P41819	Q06287	0	Negative Genetic;Positive Genetic
P41819	Q05946	0	Negative Genetic
P41819	Q05636	0	Negative Genetic
P41819	Q04305	0	Negative Genetic
P41819	Q04177	0	Negative Genetic
P41819	Q02354	0	Negative Genetic
P41819	Q01855	0	Negative Genetic
P41819	P53941	0	Negative Genetic
P41819	P53914	0	Negative Genetic
P41819	P53859	0	Negative Genetic
P41819	P53276	0	Negative Genetic
P41819	P53251	0	Negative Genetic
P41819	P48240	0	Negative Genetic
P41819	P47047	0	Negative Genetic
P41819	P46948	0	Negative Genetic
P41814	Q12463	0	Negative Genetic
P41814	Q08162	0	Synthetic Rescue
P41814	P53123	0	Positive Genetic
P41814	P47047	0	Dosage Rescue;Phenotypic Suppression
P41814	P46959	0	Negative Genetic
P41812	Q12460	0	Positive Genetic
P41812	P53905	0	Negative Genetic
P41811	P54837	0	Negative Genetic
P41811	P53847	0	Synthetic Lethality
P41811	P53622	0	Negative Genetic;Synthetic Lethality
P41811	P43621	0	Negative Genetic
P41811	P41834	0	Negative Genetic
P41810	Q01590	0	Negative Genetic
P41810	P54837	0	Negative Genetic
P41810	P53847	0	Negative Genetic
P41810	P53622	0	Negative Genetic
P41810	P53600	0	Negative Genetic
P41810	P43621	0	Negative Genetic;Phenotypic Enhancement;Synthetic Growth Defect
P41810	P41811	0	Dosage Rescue;Negative Genetic
P41808	P43568	0	Dosage Rescue;Positive Genetic
P41807	P48836	0	Synthetic Rescue
P41806	Q3E7B6	0	Positive Genetic
P41806	P53262	0	Phenotypic Enhancement;Synthetic Growth Defect
P41805	Q3E754	0	Negative Genetic
P41805	Q12522	0	Phenotypic Suppression;Positive Genetic;Synthetic Rescue
P41805	Q08972	0	Positive Genetic
P41805	Q03862	0	Positive Genetic
P41805	P53893	0	Synthetic Rescue
P41805	P53261	0	Positive Genetic
P41805	P53221	0	Positive Genetic
P41805	P53111	0	Negative Genetic
P41805	P48164	0	Positive Genetic
P41800	Q92328	0	Phenotypic Suppression;Positive Genetic
P41800	Q12106	0	Dosage Rescue;Phenotypic Suppression
P41800	Q04311	0	Negative Genetic
P41800	P80967	0	Negative Genetic
P41800	P53507	0	Negative Genetic
P41800	P50110	0	Dosage Rescue;Negative Genetic
P41800	P50085	0	Negative Genetic;Positive Genetic;Synthetic Growth Defect;Synthetic Lethality
P41743	Q05513	0	Negative Genetic
P41735	Q08058	0	Dosage Rescue
P41733	Q07830	0	Negative Genetic
P41733	Q06636	0	Negative Genetic
P41733	Q04080	0	Dosage Rescue;Negative Genetic
P41733	P49018	0	Dosage Rescue;Negative Genetic
P41733	P43571	0	Negative Genetic
P41544	Q99260	0	Dosage Rescue;Negative Genetic;Phenotypic Enhancement;Synthetic Growth Defect;Synthetic Lethality
P41544	Q12234	0	Negative Genetic
P41544	P53951	0	Negative Genetic
P41544	P46682	0	Negative Genetic
P41543	Q92316	0	Dosage Rescue;Negative Genetic
P41543	Q12001	0	Negative Genetic
P41543	Q03103	0	Negative Genetic
P41543	Q02795	0	Negative Genetic
P41543	P53868	0	Negative Genetic
P41543	P53730	0	Negative Genetic
P41543	P50076	0	Negative Genetic
P41543	P48439	0	Negative Genetic
P41543	P46964	0	Negative Genetic
P41338	Q12452	0	Negative Genetic
P41338	P53199	0	Positive Genetic
P41338	P47124	0	Negative Genetic
P41318	Q04491	0	Negative Genetic;Synthetic Lethality
P41318	Q04372	0	Positive Genetic
P41318	Q00582	0	Negative Genetic
P41318	P53290	0	Negative Genetic
P41318	P53237	0	Negative Genetic
P41318	P53038	0	Negative Genetic
P41245	Q8BUN5	0	Synthetic Growth Defect
P41058	Q07915	0	Negative Genetic
P41058	Q02608	0	Negative Genetic
P41058	Q01855	0	Positive Genetic
P41057	Q06090	0	Negative Genetic
P41057	Q04599	0	Negative Genetic
P41057	P46655	0	Positive Genetic
P41057	P41058	0	Negative Genetic;Synthetic Lethality
P40994	P60010	0	Negative Genetic
P40993	Q06506	0	Negative Genetic
P40993	Q04675	0	Negative Genetic
P40993	P53905	0	Negative Genetic
P40993	P53833	0	Negative Genetic
P40993	P41812	0	Negative Genetic
P40992	P50106	0	Negative Genetic
P40991	Q12522	0	Negative Genetic
P40991	Q12499	0	Negative Genetic
P40991	Q12460	0	Negative Genetic;Positive Genetic
P40991	Q12220	0	Positive Genetic
P40991	Q12024	0	Negative Genetic
P40991	Q08965	0	Positive Genetic
P40991	Q08962	0	Negative Genetic
P40991	Q08746	0	Negative Genetic
P40991	Q08235	0	Negative Genetic
P40991	Q08208	0	Negative Genetic;Synthetic Lethality
P40991	Q08096	0	Positive Genetic
P40991	Q08004	0	Negative Genetic
P40991	Q07915	0	Negative Genetic
P40991	Q07896	0	Negative Genetic
P40991	Q06218	0	Negative Genetic
P40991	Q06106	0	Positive Genetic
P40991	Q06078	0	Negative Genetic
P40991	Q05946	0	Positive Genetic
P40991	Q04660	0	Negative Genetic
P40991	Q04373	0	Negative Genetic
P40991	Q04031	0	Negative Genetic
P40991	Q03862	0	Negative Genetic
P40991	Q03532	0	Negative Genetic
P40991	Q02892	0	Negative Genetic
P40991	Q02555	0	Negative Genetic
P40991	Q02326	0	Negative Genetic
P40991	P53883	0	Synthetic Lethality
P40991	P53313	0	Negative Genetic
P40991	P53261	0	Negative Genetic
P40991	P53221	0	Negative Genetic
P40991	P53188	0	Negative Genetic
P40991	P53136	0	Negative Genetic
P40991	P49167	0	Negative Genetic
P40991	P47047	0	Negative Genetic
P40991	P47019	0	Negative Genetic
P40991	P46959	0	Negative Genetic
P40991	P41819	0	Positive Genetic
P40990	P53239	0	Synthetic Lethality
P40987	Q12509	0	Negative Genetic;Synthetic Growth Defect;Synthetic Lethality
P40987	Q04493	0	Negative Genetic;Synthetic Growth Defect;Synthetic Lethality
P40987	Q02732	0	Negative Genetic;Synthetic Growth Defect
P40987	P53904	0	Dosage Lethality;Phenotypic Enhancement
P40987	P53900	0	Negative Genetic;Synthetic Lethality
P40987	P52553	0	Negative Genetic;Synthetic Lethality
P40987	P48606	0	Dosage Lethality;Negative Genetic;Synthetic Growth Defect;Synthetic Lethality
P40987	P46670	0	Dosage Lethality;Dosage Rescue;Synthetic Growth Defect
P40986	P46957	0	Negative Genetic
P40970	Q3E790	0	Negative Genetic;Synthetic Rescue
P40970	Q12246	0	Synthetic Rescue
P40970	Q06144	0	Synthetic Rescue
P40970	Q03579	0	Negative Genetic
P40970	Q03529	0	Positive Genetic
P40970	P53630	0	Negative Genetic
P40970	P53224	0	Synthetic Rescue
P40970	P47013	0	Negative Genetic
P40970	P42941	0	Negative Genetic
P40970	P41318	0	Negative Genetic
P40969	Q08446	0	Negative Genetic
P40969	Q02732	0	Negative Genetic;Synthetic Growth Defect
P40968	Q6Q546	0	Synthetic Growth Defect
P40968	Q12309	0	Synthetic Growth Defect;Synthetic Lethality
P40968	Q04048	0	Synthetic Lethality
P40968	Q03654	0	Negative Genetic;Synthetic Rescue
P40968	Q02775	0	Negative Genetic;Synthetic Lethality
P40968	Q02260	0	Negative Genetic
P40968	P53333	0	Negative Genetic
P40968	P53277	0	Synthetic Lethality
P40968	P51979	0	Negative Genetic
P40965	Q12083	0	Synthetic Lethality
P40965	Q03071	0	Negative Genetic
P40965	P53102	0	Negative Genetic
P40965	P51979	0	Phenotypic Suppression
P40963	Q12692	0	Synthetic Growth Defect
P40963	Q08649	0	Synthetic Growth Defect
P40963	Q07794	0	Phenotypic Suppression
P40963	Q04089	0	Phenotypic Enhancement
P40963	Q03330	0	Phenotypic Enhancement
P40963	Q02908	0	Negative Genetic
P40963	P61830	0	Synthetic Rescue
P40963	P53201	0	Negative Genetic
P40963	P50874	0	Phenotypic Enhancement;Synthetic Growth Defect;Synthetic Rescue
P40962	P40968	0	Synthetic Growth Defect;Synthetic Lethality
P40961	Q92328	0	Negative Genetic;Synthetic Growth Defect;Synthetic Lethality
P40961	Q05776	0	Negative Genetic;Synthetic Lethality;Synthetic Rescue
P40961	Q04472	0	Negative Genetic
P40961	P53722	0	Negative Genetic;Synthetic Growth Defect;Synthetic Lethality
P40961	P50085	0	Phenotypic Enhancement;Positive Genetic
P40961	P41800	0	Negative Genetic;Synthetic Growth Defect;Synthetic Lethality
P40960	P48363	0	Negative Genetic;Synthetic Lethality
P40959	Q04562	0	Negative Genetic
P40959	P47057	0	Negative Genetic;Synthetic Growth Defect
P40958	Q12748	0	Negative Genetic;Synthetic Growth Defect;Synthetic Lethality
P40958	Q12692	0	Negative Genetic;Synthetic Growth Defect;Synthetic Lethality
P40958	Q12262	0	Negative Genetic;Synthetic Growth Defect;Synthetic Lethality
P40958	Q06675	0	Negative Genetic;Synthetic Lethality
P40958	Q02733	0	Negative Genetic;Synthetic Lethality
P40958	Q02732	0	Negative Genetic;Synthetic Growth Defect;Synthetic Lethality
P40958	Q01649	0	Negative Genetic;Phenotypic Suppression;Synthetic Lethality
P40958	Q01454	0	Negative Genetic;Synthetic Growth Defect;Synthetic Lethality
P40958	Q00684	0	Phenotypic Enhancement;Phenotypic Suppression
P40958	P53900	0	Negative Genetic;Synthetic Growth Defect;Synthetic Lethality
P40958	P53378	0	Negative Genetic;Synthetic Growth Defect;Synthetic Lethality
P40958	P53197	0	Negative Genetic;Synthetic Growth Defect;Synthetic Lethality
P40958	P53086	0	Negative Genetic;Synthetic Growth Defect;Synthetic Rescue
P40958	P53068	0	Negative Genetic
P40958	P50082	0	Phenotypic Suppression
P40958	P49956	0	Negative Genetic;Phenotypic Suppression;Synthetic Growth Defect;Synthetic Lethality
P40958	P47167	0	Negative Genetic;Synthetic Growth Defect;Synthetic Lethality
P40958	P47149	0	Phenotypic Suppression
P40958	P46675	0	Negative Genetic;Synthetic Growth Defect;Synthetic Rescue
P40958	P46670	0	Negative Genetic;Synthetic Growth Defect;Synthetic Lethality
P40958	P40987	0	Negative Genetic;Synthetic Growth Defect;Synthetic Lethality
P40957	Q12748	0	Negative Genetic;Synthetic Growth Defect;Synthetic Lethality
P40957	Q12262	0	Negative Genetic;Synthetic Growth Defect;Synthetic Lethality
P40957	Q06675	0	Negative Genetic;Synthetic Lethality
P40957	Q04601	0	Synthetic Lethality
P40957	Q02733	0	Negative Genetic;Synthetic Lethality
P40957	Q02732	0	Negative Genetic;Synthetic Lethality
P40957	P53197	0	Synthetic Lethality
P40957	P49956	0	Negative Genetic;Synthetic Growth Defect;Synthetic Lethality
P40957	P47167	0	Negative Genetic;Synthetic Growth Defect;Synthetic Lethality
P40957	P46670	0	Negative Genetic;Synthetic Growth Defect;Synthetic Lethality
P40957	P40987	0	Negative Genetic;Synthetic Growth Defect;Synthetic Lethality
P40957	P40958	0	Positive Genetic
P40955	Q05029	0	Negative Genetic;Phenotypic Enhancement
P40857	Q05567	0	Negative Genetic
P40851	Q08760	0	Synthetic Rescue
P40851	Q03530	0	Negative Genetic
P40825	P48526	0	Negative Genetic
P40793	Q9VUC6	0	Phenotypic Enhancement;Phenotypic Suppression
P40792	Q9VUC6	0	Phenotypic Enhancement
P40792	Q9VF87	0	Phenotypic Enhancement;Phenotypic Suppression
P40792	Q24592	0	Phenotypic Suppression
P40792	P92208	0	Phenotypic Suppression
P40792	P55162	0	Phenotypic Suppression
P40792	P48554	0	Phenotypic Enhancement
P40792	P48148	0	Phenotypic Enhancement;Phenotypic Suppression
P40792	P40946	0	Phenotypic Enhancement
P40693	Q12690	0	Negative Genetic
P40693	Q12460	0	Negative Genetic
P40693	Q12035	0	Positive Genetic
P40693	Q08237	0	Negative Genetic
P40693	Q08208	0	Negative Genetic
P40693	Q04660	0	Negative Genetic
P40693	Q04373	0	Negative Genetic
P40693	Q03532	0	Negative Genetic
P40693	Q02892	0	Negative Genetic
P40693	Q02326	0	Negative Genetic
P40693	P53261	0	Negative Genetic
P40693	P53221	0	Negative Genetic
P40693	P47047	0	Negative Genetic
P40693	P41058	0	Negative Genetic
P40689	Q24155	0	Phenotypic Suppression
P40581	Q04120	0	Synthetic Growth Defect
P40574	Q03835	0	Negative Genetic
P40574	P47818	0	Dosage Rescue
P40567	Q12330	0	Synthetic Growth Defect;Synthetic Lethality
P40567	Q06217	0	Synthetic Growth Defect;Synthetic Lethality
P40567	P54999	0	Synthetic Growth Defect;Synthetic Lethality
P40565	Q99181	0	Negative Genetic
P40565	Q99177	0	Negative Genetic
P40565	Q6Q546	0	Negative Genetic;Synthetic Growth Defect
P40565	Q12417	0	Negative Genetic
P40565	Q12368	0	Negative Genetic
P40565	Q12330	0	Negative Genetic
P40565	Q12309	0	Negative Genetic
P40565	Q12052	0	Negative Genetic;Synthetic Growth Defect
P40565	Q08963	0	Negative Genetic
P40565	Q07350	0	Negative Genetic
P40565	Q06835	0	Negative Genetic
P40565	Q06525	0	Negative Genetic;Synthetic Growth Defect
P40565	Q06406	0	Negative Genetic
P40565	Q06217	0	Negative Genetic
P40565	Q06091	0	Negative Genetic
P40565	Q04693	0	Negative Genetic
P40565	Q04048	0	Negative Genetic
P40565	Q03654	0	Negative Genetic
P40565	Q03375	0	Negative Genetic;Synthetic Growth Defect;Synthetic Lethality
P40565	Q03338	0	Negative Genetic
P40565	Q02775	0	Negative Genetic
P40565	Q02554	0	Negative Genetic
P40565	Q00723	0	Negative Genetic
P40565	P57743	0	Negative Genetic
P40565	P54999	0	Negative Genetic
P40565	P53905	0	Negative Genetic
P40565	P53333	0	Negative Genetic
P40565	P53277	0	Negative Genetic;Synthetic Growth Defect
P40565	P49955	0	Negative Genetic
P40565	P49704	0	Negative Genetic
P40565	P47093	0	Negative Genetic
P40565	P46947	0	Positive Genetic
P40565	P40968	0	Negative Genetic
P40562	Q3E835	0	Synthetic Growth Defect;Synthetic Rescue
P40562	Q3E829	0	Synthetic Growth Defect;Synthetic Rescue
P40562	Q12749	0	Dosage Growth Defect;Phenotypic Suppression;Synthetic Rescue
P40562	Q12223	0	Negative Genetic
P40562	Q08204	0	Synthetic Rescue
P40562	Q04149	0	Dosage Lethality;Negative Genetic;Phenotypic Suppression;Positive Genetic;Synthetic Growth Defect
P40562	P53152	0	Phenotypic Enhancement;Phenotypic Suppression;Synthetic Growth Defect
P40559	Q12271	0	Synthetic Growth Defect;Synthetic Lethality
P40559	P50942	0	Negative Genetic;Phenotypic Enhancement;Phenotypic Suppression;Synthetic Growth Defect;Synthetic Lethality
P40558	P52920	0	Dosage Growth Defect;Synthetic Lethality
P40555	Q12250	0	Positive Genetic
P40555	Q01939	0	Negative Genetic
P40555	P53549	0	Dosage Rescue;Negative Genetic;Phenotypic Enhancement;Synthetic Growth Defect
P40555	P50086	0	Phenotypic Enhancement;Synthetic Growth Defect
P40554	Q06706	0	Negative Genetic;Synthetic Growth Defect
P40554	Q04868	0	Negative Genetic;Synthetic Growth Defect
P40554	Q02908	0	Negative Genetic;Synthetic Growth Defect
P40554	Q02884	0	Negative Genetic;Synthetic Growth Defect
P40554	P53923	0	Positive Genetic
P40554	P42935	0	Negative Genetic;Synthetic Growth Defect
P40546	Q08492	0	Negative Genetic
P40546	Q04177	0	Negative Genetic
P40546	Q02354	0	Negative Genetic
P40544	Q03455	0	Synthetic Lethality
P40541	Q04264	0	Synthetic Rescue
P40541	P43605	0	Synthetic Rescue
P40532	Q04947	0	Negative Genetic
P40532	P53062	0	Dosage Rescue
P40532	P47048	0	Negative Genetic;Phenotypic Enhancement;Synthetic Growth Defect
P40532	P46673	0	Negative Genetic;Synthetic Growth Defect
P40530	P53170	0	Phenotypic Enhancement;Synthetic Growth Defect
P40529	Q12271	0	Negative Genetic
P40527	Q03687	0	Dosage Lethality;Phenotypic Suppression;Positive Genetic;Synthetic Rescue
P40527	P42838	0	Dosage Rescue;Negative Genetic;Synthetic Lethality
P40525	Q03919	0	Negative Genetic
P40525	P87262	0	Synthetic Lethality
P40525	P53937	0	Negative Genetic
P40518	Q05933	0	Negative Genetic
P40518	Q04439	0	Negative Genetic
P40518	P60010	0	Negative Genetic
P40518	P53731	0	Negative Genetic
P40518	P47117	0	Negative Genetic
P40515	P60010	0	Negative Genetic
P40515	P54861	0	Phenotypic Enhancement;Phenotypic Suppression
P40515	P50085	0	Negative Genetic
P40515	P40961	0	Negative Genetic
P40511	P51979	0	Phenotypic Suppression
P40511	P40965	0	Dosage Rescue
P40510	P48015	0	Synthetic Lethality
P40509	Q04651	0	Positive Genetic
P40509	P54837	0	Negative Genetic
P40509	P53847	0	Synthetic Lethality
P40509	P53622	0	Dosage Rescue;Negative Genetic;Synthetic Lethality
P40509	P43621	0	Negative Genetic
P40509	P41811	0	Negative Genetic
P40509	P41810	0	Negative Genetic
P40508	Q04472	0	Negative Genetic
P40506	Q03941	0	Negative Genetic
P40499	Q99287	0	Negative Genetic
P40499	Q12382	0	Dosage Rescue;Negative Genetic;Phenotypic Suppression
P40499	P53012	0	Negative Genetic
P40498	Q06287	0	Negative Genetic
P40498	Q04660	0	Negative Genetic
P40498	P53914	0	Negative Genetic
P40495	P53312	0	Synthetic Lethality
P40493	Q12291	0	Phenotypic Enhancement
P40491	Q03429	0	Negative Genetic
P40486	Q12499	0	Negative Genetic
P40486	Q12460	0	Negative Genetic
P40485	P53955	0	Negative Genetic;Phenotypic Enhancement;Synthetic Lethality
P40485	P53252	0	Phenotypic Enhancement
P40485	P41318	0	Negative Genetic
P40482	Q04491	0	Negative Genetic
P40482	P53953	0	Dosage Rescue;Negative Genetic;Synthetic Lethality
P40482	P53173	0	Dosage Rescue
P40482	P41544	0	Negative Genetic
P40470	Q99207	0	Negative Genetic
P40470	Q12277	0	Negative Genetic
P40470	Q12149	0	Negative Genetic
P40470	Q08162	0	Negative Genetic
P40470	Q07623	0	Negative Genetic
P40470	Q06287	0	Negative Genetic
P40470	Q05946	0	Negative Genetic
P40470	Q04305	0	Negative Genetic
P40470	Q02354	0	Negative Genetic
P40470	P53914	0	Negative Genetic
P40470	P46948	0	Negative Genetic
P40469	P52920	0	Negative Genetic
P40466	Q05787	0	Phenotypic Enhancement
P40465	Q12318	0	Phenotypic Enhancement;Positive Genetic;Synthetic Growth Defect
P40465	P40562	0	Synthetic Growth Defect
P40464	Q03219	0	Positive Genetic;Synthetic Rescue
P40460	Q04477	0	Dosage Rescue;Negative Genetic;Synthetic Lethality
P40460	Q03954	0	Negative Genetic
P40460	Q02732	0	Negative Genetic;Synthetic Lethality
P40460	P47037	0	Negative Genetic
P40460	P46675	0	Negative Genetic;Phenotypic Enhancement
P40460	P40958	0	Negative Genetic;Synthetic Rescue
P40454	Q12461	0	Negative Genetic;Phenotypic Enhancement;Synthetic Lethality
P40454	Q04372	0	Negative Genetic
P40454	Q04081	0	Negative Genetic
P40452	Q3E823	0	Dosage Rescue;Phenotypic Suppression;Synthetic Rescue
P40452	P53266	0	Phenotypic Suppression
P40423	P48462	0	Phenotypic Enhancement;Phenotypic Suppression
P40423	P48148	0	Phenotypic Suppression
P40423	P40792	0	Phenotypic Enhancement;Phenotypic Suppression
P40422	Q08726	0	Dosage Rescue
P40417	Q9VVW5	0	Phenotypic Enhancement;Phenotypic Suppression
P40417	Q24324	0	Phenotypic Enhancement;Phenotypic Suppression
P40417	P42003	0	Phenotypic Enhancement
P40416	Q03020	0	Negative Genetic
P40413	Q12017	0	Negative Genetic
P40413	P60010	0	Negative Genetic
P40413	P53900	0	Negative Genetic
P40413	P52553	0	Negative Genetic
P40413	P48363	0	Negative Genetic
P40413	P46988	0	Negative Genetic
P40395	Q99260	0	Dosage Rescue;Positive Genetic
P40368	Q99257	0	Negative Genetic
P40368	Q12315	0	Dosage Rescue;Negative Genetic
P40368	Q02647	0	Synthetic Lethality
P40367	Q12001	0	Negative Genetic
P40367	Q06636	0	Positive Genetic
P40367	Q06541	0	Negative Genetic;Phenotypic Suppression
P40367	Q04174	0	Negative Genetic
P40367	P54837	0	Phenotypic Suppression
P40367	P53961	0	Negative Genetic
P40367	P49018	0	Negative Genetic;Phenotypic Enhancement
P40367	P40533	0	Phenotypic Suppression;Synthetic Rescue
P40366	Q08773	0	Phenotypic Enhancement
P40362	Q12149	0	Synthetic Lethality
P40362	Q08972	0	Negative Genetic
P40362	Q08492	0	Negative Genetic
P40362	Q05946	0	Negative Genetic
P40362	Q04177	0	Negative Genetic
P40362	Q02354	0	Negative Genetic
P40362	P53914	0	Negative Genetic
P40359	Q12488	0	Negative Genetic
P40359	Q12146	0	Negative Genetic
P40359	Q08496	0	Negative Genetic
P40359	Q08032	0	Negative Genetic
P40359	Q04603	0	Negative Genetic
P40359	Q03406	0	Dosage Rescue;Negative Genetic
P40359	Q01454	0	Negative Genetic
P40359	P53538	0	Negative Genetic
P40358	Q08045	0	Phenotypic Enhancement
P40358	P43613	0	Synthetic Growth Defect
P40353	Q03649	0	Synthetic Growth Defect
P40353	Q02891	0	Phenotypic Enhancement
P40353	P47176	0	Phenotypic Enhancement
P40351	Q92316	0	Negative Genetic;Synthetic Lethality
P40351	Q12001	0	Negative Genetic;Phenotypic Suppression
P40351	Q03723	0	Negative Genetic
P40351	Q02795	0	Negative Genetic
P40351	P53868	0	Phenotypic Suppression
P40351	P53730	0	Phenotypic Suppression
P40351	P53008	0	Phenotypic Suppression
P40351	P50076	0	Phenotypic Suppression
P40351	P48439	0	Synthetic Lethality
P40351	P41543	0	Negative Genetic
P40350	Q92316	0	Dosage Rescue;Negative Genetic;Synthetic Lethality
P40350	Q12001	0	Phenotypic Suppression
P40350	Q02795	0	Negative Genetic;Synthetic Lethality
P40350	P53868	0	Phenotypic Suppression
P40350	P53730	0	Phenotypic Suppression
P40350	P50076	0	Phenotypic Suppression
P40350	P48439	0	Negative Genetic;Synthetic Lethality
P40350	P46964	0	Negative Genetic;Synthetic Lethality
P40350	P41543	0	Negative Genetic;Synthetic Lethality
P40350	P40351	0	Phenotypic Suppression
P40348	Q12488	0	Negative Genetic
P40348	Q02574	0	Negative Genetic
P40348	Q01454	0	Negative Genetic
P40348	P48581	0	Negative Genetic
P40348	P43605	0	Negative Genetic
P40345	Q12382	0	Phenotypic Enhancement;Phenotypic Suppression
P40345	Q08650	0	Negative Genetic;Phenotypic Enhancement;Synthetic Growth Defect;Synthetic Lethality
P40345	P53629	0	Phenotypic Enhancement;Phenotypic Suppression;Synthetic Growth Defect;Synthetic Lethality
P40345	P47912	0	Phenotypic Suppression
P40344	Q12380	0	Positive Genetic
P40344	Q08649	0	Negative Genetic
P40344	Q07879	0	Positive Genetic
P40344	Q06671	0	Positive Genetic
P40344	Q03818	0	Negative Genetic
P40344	Q02948	0	Positive Genetic
P40344	P53867	0	Phenotypic Enhancement;Positive Genetic
P40344	P43601	0	Positive Genetic
P40342	Q12052	0	Phenotypic Suppression
P40342	Q03776	0	Negative Genetic;Phenotypic Enhancement
P40342	Q03375	0	Negative Genetic;Synthetic Lethality
P40341	P50085	0	Negative Genetic
P40341	P40961	0	Negative Genetic;Synthetic Lethality
P40339	Q02574	0	Negative Genetic
P40339	Q01454	0	Negative Genetic
P40339	P49956	0	Positive Genetic
P40339	P48581	0	Negative Genetic
P40339	P43605	0	Negative Genetic
P40339	P40348	0	Negative Genetic
P40335	Q99260	0	Negative Genetic;Synthetic Lethality
P40335	Q06696	0	Negative Genetic
P40327	Q06103	0	Negative Genetic
P40327	Q01939	0	Negative Genetic
P40327	P53549	0	Negative Genetic
P40327	P53196	0	Dosage Rescue
P40327	P50086	0	Synthetic Growth Defect
P40327	P43588	0	Negative Genetic
P40327	P40555	0	Dosage Rescue;Negative Genetic;Synthetic Growth Defect
P40319	Q99190	0	Negative Genetic;Synthetic Growth Defect
P40319	Q03529	0	Positive Genetic
P40319	P47013	0	Negative Genetic;Synthetic Lethality
P40319	P40857	0	Negative Genetic;Synthetic Growth Defect
P40314	Q02642	0	Dosage Rescue;Phenotypic Enhancement;Synthetic Growth Defect
P40309	Q08179	0	Dosage Rescue
P40309	Q04121	0	Dosage Rescue;Synthetic Growth Defect
P40308	Q12043	0	Phenotypic Enhancement
P40308	Q08650	0	Phenotypic Enhancement;Phenotypic Suppression;Synthetic Growth Defect
P40308	Q04396	0	Positive Genetic
P40308	P53629	0	Phenotypic Enhancement;Synthetic Growth Defect
P40303	Q12377	0	Negative Genetic
P40303	Q12250	0	Negative Genetic
P40303	Q12245	0	Negative Genetic
P40303	Q08723	0	Negative Genetic
P40303	Q07951	0	Negative Genetic;Synthetic Rescue
P40303	Q06103	0	Negative Genetic
P40303	Q05778	0	Negative Genetic
P40303	Q01939	0	Negative Genetic;Positive Genetic
P40303	P53549	0	Positive Genetic
P40303	P43588	0	Negative Genetic
P40303	P40327	0	Positive Genetic
P40302	Q12377	0	Negative Genetic
P40302	Q12250	0	Negative Genetic
P40302	Q08723	0	Negative Genetic
P40302	Q06103	0	Negative Genetic
P40302	Q01939	0	Positive Genetic
P40302	P43588	0	Negative Genetic
P40302	P40327	0	Positive Genetic
P40302	P40303	0	Positive Genetic
P40301	P40304	0	Phenotypic Suppression
P40260	P53390	0	Dosage Rescue;Synthetic Growth Defect;Synthetic Lethality
P40260	P41948	0	Dosage Rescue;Phenotypic Suppression;Synthetic Growth Defect;Synthetic Lethality
P40219	Q06058	0	Negative Genetic
P40217	Q12522	0	Negative Genetic
P40217	Q08745	0	Positive Genetic
P40217	Q04067	0	Dosage Rescue
P40217	Q03862	0	Positive Genetic
P40217	P51401	0	Negative Genetic
P40215	Q07500	0	Phenotypic Enhancement;Synthetic Growth Defect
P40212	Q12690	0	Synthetic Lethality
P40207	P53045	0	Dosage Rescue
P40204	Q99177	0	Synthetic Growth Defect
P40204	Q12330	0	Synthetic Growth Defect;Synthetic Lethality
P40204	Q12052	0	Synthetic Growth Defect;Synthetic Lethality
P40204	Q08963	0	Synthetic Growth Defect;Synthetic Lethality
P40204	Q08920	0	Synthetic Growth Defect;Synthetic Lethality
P40204	Q06217	0	Synthetic Growth Defect;Synthetic Lethality
P40204	Q02260	0	Synthetic Growth Defect;Synthetic Lethality
P40204	P54999	0	Synthetic Growth Defect;Synthetic Lethality
P40204	P43321	0	Synthetic Growth Defect;Synthetic Lethality
P40204	P40567	0	Synthetic Growth Defect;Synthetic Lethality
P40202	Q12287	0	Synthetic Growth Defect
P40161	Q07794	0	Positive Genetic
P40161	Q04636	0	Negative Genetic
P40161	Q04199	0	Negative Genetic;Phenotypic Suppression;Synthetic Lethality
P40161	Q03330	0	Synthetic Growth Defect
P40161	P61830	0	Negative Genetic;Synthetic Growth Defect
P40161	P47050	0	Phenotypic Suppression
P40161	P46995	0	Synthetic Growth Defect
P40160	Q99207	0	Negative Genetic
P40160	Q3E792	0	Negative Genetic
P40160	Q07381	0	Synthetic Rescue
P40160	Q04177	0	Negative Genetic
P40160	Q02354	0	Negative Genetic
P40160	P53251	0	Negative Genetic;Synthetic Lethality
P40160	P53131	0	Negative Genetic
P40152	Q04119	0	Phenotypic Enhancement
P40151	Q04049	0	Synthetic Rescue
P40151	P46957	0	Dosage Lethality;Synthetic Growth Defect;Synthetic Rescue
P40150	P53863	0	Dosage Rescue;Synthetic Lethality
P40106	Q04894	0	Negative Genetic
P40106	P41277	0	Negative Genetic;Synthetic Growth Defect;Synthetic Lethality
P40096	Q92317	0	Synthetic Lethality
P40090	Q04264	0	Negative Genetic
P40090	Q02732	0	Negative Genetic
P40090	P47037	0	Dosage Rescue;Negative Genetic
P40090	P43605	0	Negative Genetic
P40089	P57743	0	Synthetic Growth Defect
P40089	P49960	0	Dosage Rescue
P40088	P40988	0	Negative Genetic
P40087	Q04511	0	Dosage Growth Defect
P40087	P43588	0	Negative Genetic
P40086	Q3E823	0	Phenotypic Suppression
P40084	Q06697	0	Negative Genetic;Synthetic Growth Defect
P40084	Q06543	0	Dosage Rescue;Negative Genetic;Synthetic Growth Defect
P40084	Q03254	0	Negative Genetic
P40084	P47122	0	Dosage Rescue;Synthetic Growth Defect
P40079	Q99207	0	Negative Genetic
P40079	Q12460	0	Negative Genetic
P40079	Q12099	0	Negative Genetic;Synthetic Lethality
P40079	Q08492	0	Negative Genetic;Positive Genetic
P40079	Q08208	0	Positive Genetic
P40079	Q06287	0	Negative Genetic
P40079	Q05946	0	Negative Genetic
P40079	Q04305	0	Negative Genetic
P40079	Q04177	0	Negative Genetic
P40079	Q02354	0	Negative Genetic
P40079	P53914	0	Negative Genetic
P40079	P53905	0	Negative Genetic
P40079	P40993	0	Negative Genetic
P40078	Q02892	0	Dosage Rescue
P40078	P53188	0	Synthetic Lethality
P40075	Q12466	0	Phenotypic Suppression
P40075	Q12382	0	Dosage Rescue;Negative Genetic
P40075	Q07451	0	Dosage Rescue;Negative Genetic;Synthetic Growth Defect
P40075	P48231	0	Phenotypic Suppression
P40075	P43588	0	Negative Genetic
P40075	P40499	0	Negative Genetic;Phenotypic Enhancement;Synthetic Growth Defect
P40069	Q04175	0	Dosage Rescue;Negative Genetic
P40069	P61830	0	Synthetic Growth Defect
P40069	P53067	0	Phenotypic Enhancement
P40066	Q99257	0	Negative Genetic;Synthetic Growth Defect;Synthetic Lethality
P40066	Q12315	0	Negative Genetic;Synthetic Growth Defect
P40066	Q07478	0	Synthetic Growth Defect
P40066	Q06142	0	Negative Genetic
P40066	Q03862	0	Negative Genetic;Phenotypic Enhancement;Synthetic Growth Defect;Synthetic Lethality
P40066	P46673	0	Negative Genetic
P40064	Q12315	0	Negative Genetic
P40064	P46673	0	Negative Genetic
P40064	P40368	0	Synthetic Lethality
P40060	Q12509	0	Negative Genetic
P40060	Q12386	0	Negative Genetic
P40060	Q03435	0	Positive Genetic
P40060	P80428	0	Negative Genetic
P40060	P60010	0	Negative Genetic
P40060	P53930	0	Negative Genetic
P40055	Q99207	0	Negative Genetic
P40055	Q12149	0	Negative Genetic
P40055	Q12099	0	Negative Genetic
P40055	Q08492	0	Negative Genetic
P40055	Q07623	0	Negative Genetic
P40055	Q06287	0	Negative Genetic
P40055	Q05946	0	Negative Genetic
P40055	Q05498	0	Negative Genetic
P40055	Q04305	0	Negative Genetic
P40055	Q04177	0	Negative Genetic
P40055	Q03532	0	Negative Genetic
P40055	Q02354	0	Negative Genetic
P40055	P53914	0	Negative Genetic
P40055	P41819	0	Negative Genetic
P40054	P48015	0	Synthetic Lethality
P40054	P40510	0	Negative Genetic;Phenotypic Enhancement;Synthetic Growth Defect;Synthetic Lethality;Synthetic Rescue
P40047	Q06408	0	Phenotypic Enhancement
P40040	Q07478	0	Synthetic Lethality
P40031	P53541	0	Phenotypic Suppression
P40018	Q99177	0	Synthetic Growth Defect
P40018	Q12330	0	Synthetic Growth Defect;Synthetic Lethality
P40018	Q12052	0	Synthetic Growth Defect;Synthetic Lethality
P40018	Q06217	0	Synthetic Growth Defect;Synthetic Lethality
P40018	Q02260	0	Synthetic Growth Defect;Synthetic Lethality
P40018	P54999	0	Synthetic Growth Defect;Synthetic Lethality
P40018	P43321	0	Synthetic Lethality
P40018	P40204	0	Synthetic Growth Defect;Synthetic Lethality
P40016	Q08723	0	Negative Genetic
P40016	P43588	0	Negative Genetic
P40016	P40555	0	Phenotypic Enhancement
P40016	P40327	0	Negative Genetic
P40016	P40303	0	Negative Genetic
P40016	P40302	0	Negative Genetic
P40015	Q06144	0	Negative Genetic
P40014	Q06675	0	Synthetic Growth Defect
P40014	Q04477	0	Dosage Rescue;Negative Genetic;Synthetic Lethality;Synthetic Rescue
P40014	P40969	0	Negative Genetic
P40014	P40460	0	Dosage Rescue;Negative Genetic;Synthetic Growth Defect;Synthetic Lethality;Synthetic Rescue
P40013	Q12262	0	Negative Genetic;Phenotypic Enhancement;Synthetic Lethality
P40013	Q12045	0	Negative Genetic;Synthetic Lethality
P40013	Q06675	0	Negative Genetic;Synthetic Lethality
P40013	Q02733	0	Negative Genetic;Synthetic Lethality
P40013	Q02732	0	Negative Genetic;Synthetic Lethality
P40013	Q01649	0	Phenotypic Enhancement;Positive Genetic
P40013	P60010	0	Positive Genetic
P40013	P53540	0	Negative Genetic
P40013	P53378	0	Dosage Rescue;Synthetic Growth Defect;Synthetic Lethality
P40013	P53086	0	Negative Genetic;Phenotypic Enhancement;Synthetic Growth Defect;Synthetic Lethality
P40013	P47167	0	Negative Genetic;Phenotypic Enhancement;Synthetic Growth Defect;Synthetic Lethality
P40013	P46675	0	Negative Genetic
P40013	P40987	0	Negative Genetic;Phenotypic Enhancement;Synthetic Growth Defect;Synthetic Lethality
P40013	P40960	0	Negative Genetic;Phenotypic Enhancement;Synthetic Lethality
P40013	P40958	0	Negative Genetic;Synthetic Growth Defect;Synthetic Lethality
P40013	P40957	0	Negative Genetic;Synthetic Growth Defect;Synthetic Lethality
P40010	Q12460	0	Negative Genetic
P40010	Q07896	0	Negative Genetic;Synthetic Lethality
P40010	Q06672	0	Negative Genetic
P40010	Q04373	0	Negative Genetic
P40010	Q03862	0	Negative Genetic
P40010	Q03532	0	Negative Genetic
P40010	P53742	0	Negative Genetic
P40010	P53313	0	Negative Genetic
P40010	P53221	0	Negative Genetic
P40010	P53188	0	Negative Genetic;Synthetic Lethality
P40010	P47019	0	Negative Genetic
P40010	P40991	0	Negative Genetic
P40007	Q08237	0	Negative Genetic
P40007	Q08235	0	Negative Genetic
P40007	Q08208	0	Negative Genetic
P40007	Q07896	0	Negative Genetic
P40007	Q06218	0	Negative Genetic
P40007	P53927	0	Negative Genetic
P40007	P53221	0	Negative Genetic
P40005	Q04493	0	Positive Genetic
P40005	P53900	0	Positive Genetic
P40005	P52553	0	Positive Genetic
P40005	P48363	0	Positive Genetic
P40005	P46988	0	Positive Genetic
P40005	P40987	0	Negative Genetic;Synthetic Lethality
P40005	P40413	0	Negative Genetic
P39998	Q3E7X9	0	Synthetic Rescue
P39998	Q12517	0	Phenotypic Suppression;Synthetic Growth Defect
P39998	P53905	0	Positive Genetic
P39995	Q12692	0	Negative Genetic;Synthetic Growth Defect;Synthetic Lethality
P39995	Q12509	0	Negative Genetic;Synthetic Growth Defect;Synthetic Lethality
P39995	Q12432	0	Synthetic Growth Defect
P39995	Q08649	0	Synthetic Growth Defect;Synthetic Lethality
P39995	P80428	0	Synthetic Growth Defect
P39995	P60010	0	Dosage Lethality;Negative Genetic;Positive Genetic;Synthetic Haploinsufficiency
P39995	P53930	0	Negative Genetic;Synthetic Growth Defect
P39995	P53201	0	Negative Genetic;Synthetic Growth Defect
P39990	Q12460	0	Negative Genetic
P39990	Q08962	0	Negative Genetic
P39990	Q08492	0	Negative Genetic
P39990	Q08235	0	Negative Genetic
P39990	Q07953	0	Negative Genetic
P39990	Q05498	0	Negative Genetic
P39990	Q04177	0	Negative Genetic
P39990	Q03862	0	Negative Genetic
P39990	Q03532	0	Negative Genetic
P39990	Q03338	0	Negative Genetic
P39990	P41819	0	Negative Genetic
P39990	P40486	0	Negative Genetic
P39988	Q03148	0	Synthetic Lethality
P39986	P40367	0	Negative Genetic;Synthetic Lethality
P39985	Q99207	0	Positive Genetic
P39985	Q07896	0	Negative Genetic
P39985	Q04660	0	Negative Genetic
P39985	P53313	0	Negative Genetic
P39985	P40991	0	Negative Genetic
P39984	Q12373	0	Phenotypic Enhancement;Synthetic Growth Defect
P39984	P61830	0	Dosage Growth Defect
P39984	P50874	0	Synthetic Growth Defect;Synthetic Lethality
P39968	Q04629	0	Positive Genetic
P39968	Q02205	0	Negative Genetic
P39968	P51996	0	Negative Genetic
P39962	Q12003	0	Synthetic Growth Defect
P39958	P53129	0	Phenotypic Suppression
P39952	Q12431	0	Dosage Rescue
P39952	Q08179	0	Synthetic Growth Defect
P39952	P53722	0	Negative Genetic
P39952	P53239	0	Dosage Rescue
P39952	P40961	0	Synthetic Growth Defect
P39952	P40341	0	Dosage Rescue
P39946	Q06568	0	Phenotypic Suppression
P39946	P53086	0	Negative Genetic;Synthetic Growth Defect;Synthetic Lethality
P39946	P46675	0	Negative Genetic
P39946	P40013	0	Negative Genetic;Synthetic Lethality
P39940	Q12242	0	Dosage Growth Defect;Dosage Rescue
P39940	Q05930	0	Dosage Rescue;Synthetic Growth Defect
P39940	Q03758	0	Phenotypic Enhancement;Phenotypic Suppression
P39940	Q01476	0	Dosage Growth Defect;Dosage Lethality;Dosage Rescue;Phenotypic Suppression;Synthetic Rescue
P39940	P60010	0	Negative Genetic;Positive Genetic
P39940	P54005	0	Negative Genetic
P39940	P53244	0	Synthetic Growth Defect
P39940	P53179	0	Negative Genetic
P39940	P52490	0	Negative Genetic;Phenotypic Enhancement
P39940	P50276	0	Negative Genetic
P39940	P48582	0	Negative Genetic;Phenotypic Enhancement
P39940	P43593	0	Negative Genetic
P39939	Q08444	0	Positive Genetic
P39939	P46784	0	Positive Genetic
P39938	Q06672	0	Negative Genetic
P39938	P39939	0	Negative Genetic;Synthetic Lethality
P39937	P53904	0	Phenotypic Enhancement
P39937	P48606	0	Dosage Lethality;Negative Genetic;Synthetic Lethality
P39937	P40987	0	Dosage Rescue
P39937	P40958	0	Negative Genetic;Synthetic Growth Defect
P39937	P40957	0	Negative Genetic;Synthetic Growth Defect
P39937	P39946	0	Negative Genetic
P39929	Q99176	0	Phenotypic Suppression
P39929	Q12483	0	Phenotypic Suppression
P39929	Q06696	0	Phenotypic Suppression
P39929	Q04272	0	Dosage Rescue;Phenotypic Suppression
P39929	P69771	0	Synthetic Growth Defect
P39929	P53843	0	Synthetic Growth Defect
P39929	P52917	0	Phenotypic Suppression
P39929	P48582	0	Phenotypic Enhancement
P39929	P47142	0	Phenotypic Suppression
P39927	Q12102	0	Negative Genetic
P39927	Q08553	0	Negative Genetic
P39927	Q06102	0	Negative Genetic
P39927	Q01329	0	Negative Genetic
P39927	P53538	0	Negative Genetic
P39925	Q04472	0	Negative Genetic
P39925	P50945	0	Negative Genetic
P39925	P50085	0	Negative Genetic
P39925	P40961	0	Negative Genetic;Synthetic Lethality
P39925	P40341	0	Phenotypic Enhancement;Synthetic Growth Defect
P39925	P39952	0	Dosage Rescue
P39923	Q00582	0	Phenotypic Suppression
P39923	P53290	0	Phenotypic Suppression
P39923	P53237	0	Positive Genetic
P39904	Q06704	0	Negative Genetic;Phenotypic Suppression
P39904	P60010	0	Negative Genetic;Synthetic Haploinsufficiency;Synthetic Rescue
P39904	P47061	0	Positive Genetic
P39748	Q9UGN5	0	Synthetic Lethality
P39748	P49959	0	Synthetic Lethality
P39744	Q07896	0	Synthetic Lethality
P39744	P40010	0	Synthetic Lethality
P39743	Q12271	0	Positive Genetic
P39743	Q07533	0	Negative Genetic;Phenotypic Enhancement;Synthetic Growth Defect;Synthetic Lethality
P39743	Q05080	0	Phenotypic Enhancement;Positive Genetic;Synthetic Lethality
P39743	Q04439	0	Negative Genetic;Phenotypic Enhancement;Synthetic Growth Defect
P39743	Q04322	0	Synthetic Lethality
P39743	P60010	0	Negative Genetic;Synthetic Lethality
P39743	P54003	0	Dosage Rescue;Negative Genetic
P39743	P50942	0	Negative Genetic;Phenotypic Suppression;Synthetic Growth Defect
P39743	P46680	0	Negative Genetic;Phenotypic Enhancement;Synthetic Lethality
P39743	P40485	0	Positive Genetic
P39743	P40335	0	Positive Genetic
P39743	P39940	0	Negative Genetic
P39742	P47154	0	Phenotypic Suppression;Synthetic Rescue
P39731	Q12748	0	Negative Genetic
P39731	Q12262	0	Negative Genetic
P39731	Q12143	0	Negative Genetic
P39731	Q06675	0	Negative Genetic
P39731	Q04477	0	Negative Genetic
P39731	Q02732	0	Negative Genetic
P39731	P47167	0	Negative Genetic
P39731	P47149	0	Dosage Rescue;Negative Genetic;Synthetic Lethality
P39730	P40024	0	Synthetic Rescue
P39729	Q03862	0	Positive Genetic
P39729	Q03768	0	Synthetic Growth Defect
P39729	P53295	0	Phenotypic Enhancement;Synthetic Growth Defect
P39727	Q04651	0	Synthetic Growth Defect
P39724	Q3E793	0	Phenotypic Enhancement;Synthetic Growth Defect
P39723	P53540	0	Dosage Rescue;Synthetic Growth Defect
P39723	P53378	0	Dosage Rescue;Synthetic Growth Defect
P39722	Q92328	0	Positive Genetic
P39722	Q07560	0	Synthetic Growth Defect
P39722	Q06567	0	Negative Genetic;Synthetic Growth Defect
P39722	P50110	0	Negative Genetic
P39722	P50085	0	Negative Genetic;Synthetic Growth Defect
P39719	Q08967	0	Negative Genetic;Synthetic Growth Defect;Synthetic Lethality
P39718	Q05568	0	Positive Genetic
P39718	P53248	0	Positive Genetic
P39715	Q99257	0	Negative Genetic;Synthetic Growth Defect
P39715	Q08004	0	Synthetic Lethality
P39715	Q03862	0	Dosage Growth Defect;Negative Genetic;Synthetic Growth Defect;Synthetic Lethality
P39715	P40010	0	Negative Genetic;Synthetic Lethality
P39713	P39714	0	Phenotypic Enhancement;Synthetic Lethality
P39706	Q12692	0	Negative Genetic;Synthetic Growth Defect
P39706	Q07457	0	Positive Genetic
P39706	Q03012	0	Phenotypic Enhancement
P39706	P61830	0	Synthetic Growth Defect
P39706	P46995	0	Synthetic Growth Defect
P39706	P43132	0	Positive Genetic
P39704	Q12450	0	Phenotypic Enhancement
P39704	Q05359	0	Phenotypic Enhancement
P39702	Q07468	0	Phenotypic Enhancement;Positive Genetic;Synthetic Lethality
P39702	P54787	0	Negative Genetic
P39702	P53129	0	Positive Genetic
P39702	P40335	0	Positive Genetic
P39685	Q12402	0	Synthetic Lethality
P39685	Q12315	0	Negative Genetic
P39685	Q03862	0	Negative Genetic;Synthetic Growth Defect
P39685	P46673	0	Negative Genetic
P39685	P40532	0	Negative Genetic;Synthetic Growth Defect
P39685	P40368	0	Negative Genetic
P39685	P40066	0	Negative Genetic
P39685	P40064	0	Synthetic Lethality
P39683	Q05979	0	Negative Genetic;Synthetic Lethality
P39683	Q04066	0	Negative Genetic;Synthetic Growth Defect
P39683	P53915	0	Phenotypic Enhancement;Synthetic Growth Defect;Synthetic Lethality
P39683	P53322	0	Synthetic Growth Defect
P39683	P47125	0	Negative Genetic;Synthetic Lethality
P39683	P47096	0	Negative Genetic;Synthetic Lethality
P39683	P43619	0	Negative Genetic;Synthetic Lethality
P39682	Q08963	0	Negative Genetic
P39682	Q07508	0	Negative Genetic
P39682	Q07350	0	Negative Genetic
P39682	Q06835	0	Negative Genetic
P39682	Q03782	0	Negative Genetic
P39682	Q03776	0	Negative Genetic
P39531	P47057	0	Phenotypic Enhancement;Synthetic Growth Defect
P39525	Q12283	0	Positive Genetic
P39525	Q06005	0	Positive Genetic
P39525	P40558	0	Negative Genetic
P39524	Q03687	0	Positive Genetic;Synthetic Rescue
P39524	P42838	0	Negative Genetic;Phenotypic Suppression;Synthetic Growth Defect
P39524	P40527	0	Dosage Rescue;Negative Genetic;Synthetic Lethality
P39522	P47176	0	Phenotypic Enhancement;Synthetic Lethality
P39518	P41909	0	Phenotypic Enhancement;Synthetic Growth Defect
P39517	Q12514	0	Synthetic Growth Defect
P39517	P47017	0	Phenotypic Suppression
P39517	P39998	0	Phenotypic Suppression
P39515	Q07914	0	Dosage Rescue;Synthetic Lethality
P39515	Q02889	0	Synthetic Growth Defect
P39515	Q02776	0	Negative Genetic
P39515	Q01852	0	Synthetic Growth Defect;Synthetic Lethality
P39515	P42949	0	Synthetic Lethality;Synthetic Rescue
P39376	P67662	0	Negative Genetic
P39376	P67430	0	Negative Genetic
P39321	P46481	0	Negative Genetic
P39286	P75948	0	Negative Genetic
P39285	P77747	0	Negative Genetic
P39285	P75783	0	Negative Genetic
P39205	Q8IQF1	0	Phenotypic Enhancement
P39110	P48606	0	Synthetic Lethality
P39110	P40987	0	Dosage Rescue;Synthetic Growth Defect;Synthetic Rescue
P39105	Q08548	0	Dosage Rescue
P39105	Q03674	0	Dosage Rescue;Phenotypic Enhancement
P39102	Q07914	0	Phenotypic Enhancement;Synthetic Growth Defect
P39079	Q12017	0	Negative Genetic
P39079	Q04493	0	Negative Genetic
P39079	Q04373	0	Positive Genetic
P39079	Q04372	0	Negative Genetic
P39079	P60010	0	Negative Genetic
P39079	P48363	0	Negative Genetic
P39079	P47079	0	Positive Genetic
P39079	P46988	0	Negative Genetic
P39079	P46675	0	Negative Genetic
P39079	P42943	0	Positive Genetic
P39079	P40150	0	Negative Genetic
P39079	P40005	0	Negative Genetic
P39078	Q12017	0	Negative Genetic
P39078	Q04493	0	Negative Genetic
P39078	P60010	0	Negative Genetic;Phenotypic Suppression;Synthetic Haploinsufficiency
P39078	P53900	0	Negative Genetic
P39078	P52553	0	Negative Genetic
P39078	P48363	0	Negative Genetic
P39078	P47079	0	Negative Genetic;Positive Genetic
P39078	P46988	0	Negative Genetic
P39078	P40217	0	Negative Genetic
P39078	P40005	0	Negative Genetic
P39078	P39079	0	Negative Genetic
P39077	P60010	0	Negative Genetic
P39077	P40005	0	Synthetic Lethality
P39077	P39079	0	Dosage Rescue
P39076	P60010	0	Negative Genetic;Positive Genetic;Synthetic Rescue
P39076	P52553	0	Negative Genetic;Synthetic Lethality
P39076	P40005	0	Synthetic Lethality
P39076	P39079	0	Dosage Rescue
P39076	P39078	0	Negative Genetic
P39076	P39077	0	Synthetic Lethality
P39073	Q06697	0	Synthetic Growth Defect;Synthetic Lethality
P39073	Q03254	0	Phenotypic Suppression;Synthetic Rescue
P39073	P53114	0	Positive Genetic
P39073	P47822	0	Phenotypic Enhancement;Synthetic Growth Defect
P39073	P47821	0	Positive Genetic
P39023	Q9BRX2	0	Negative Genetic
P39023	Q92901	0	Negative Genetic
P39015	P40968	0	Negative Genetic
P39014	Q12018	0	Dosage Lethality;Dosage Rescue
P39014	P52286	0	Dosage Rescue
P39013	Q04439	0	Negative Genetic
P39013	P39940	0	Dosage Rescue;Synthetic Growth Defect
P39013	P39743	0	Negative Genetic;Synthetic Growth Defect;Synthetic Lethality
P39012	Q06636	0	Negative Genetic
P39012	Q04082	0	Negative Genetic
P39012	Q04080	0	Negative Genetic
P39012	P53961	0	Negative Genetic
P39012	P49018	0	Negative Genetic
P39012	P46961	0	Negative Genetic
P39012	P43571	0	Negative Genetic
P39012	P41733	0	Dosage Rescue;Negative Genetic
P39009	Q08032	0	Negative Genetic
P39009	Q04149	0	Negative Genetic;Synthetic Growth Defect
P39009	Q02574	0	Phenotypic Suppression;Synthetic Growth Defect
P39009	P49723	0	Synthetic Growth Defect;Synthetic Lethality
P39009	P48581	0	Negative Genetic;Synthetic Growth Defect
P39009	P40164	0	Negative Genetic;Phenotypic Enhancement
P39008	Q12517	0	Synthetic Lethality
P39008	Q12514	0	Synthetic Lethality
P39008	P47017	0	Synthetic Lethality
P39008	P39517	0	Dosage Rescue;Synthetic Lethality
P39007	Q92316	0	Negative Genetic;Synthetic Lethality
P39007	Q12001	0	Negative Genetic
P39007	Q03723	0	Negative Genetic
P39007	Q02795	0	Negative Genetic
P39007	P53730	0	Negative Genetic
P39007	P50076	0	Negative Genetic
P39007	P48439	0	Dosage Rescue;Negative Genetic;Synthetic Growth Defect
P39007	P46990	0	Negative Genetic
P39007	P46964	0	Negative Genetic
P39007	P41543	0	Negative Genetic
P39007	P40351	0	Negative Genetic
P39007	P40350	0	Negative Genetic;Synthetic Lethality
P39005	Q03691	0	Negative Genetic
P39003	P39004	0	Phenotypic Enhancement
P38995	P40988	0	Negative Genetic
P38993	Q12078	0	Synthetic Growth Defect
P38993	Q08299	0	Synthetic Lethality;Synthetic Rescue
P38993	P40988	0	Dosage Rescue;Negative Genetic;Phenotypic Enhancement;Synthetic Growth Defect;Synthetic Lethality;Synthetic Rescue
P38993	P39980	0	Phenotypic Enhancement
P38992	Q12246	0	Negative Genetic;Synthetic Growth Defect
P38992	Q03579	0	Negative Genetic;Phenotypic Enhancement;Synthetic Growth Defect
P38992	Q03529	0	Phenotypic Enhancement;Phenotypic Suppression;Positive Genetic;Synthetic Rescue
P38992	P47013	0	Negative Genetic;Synthetic Growth Defect
P38991	Q3E7Y6	0	Synthetic Growth Defect
P38991	Q06680	0	Phenotypic Suppression
P38991	Q06675	0	Negative Genetic;Synthetic Lethality
P38991	Q02732	0	Negative Genetic
P38991	P61830	0	Phenotypic Enhancement;Synthetic Growth Defect;Synthetic Lethality
P38991	P53086	0	Phenotypic Enhancement
P38991	P47037	0	Negative Genetic
P38991	P46675	0	Negative Genetic;Synthetic Growth Defect
P38991	P43587	0	Dosage Rescue;Synthetic Rescue
P38991	P40460	0	Phenotypic Enhancement;Synthetic Rescue
P38991	P40013	0	Negative Genetic;Synthetic Lethality
P38989	Q12749	0	Synthetic Growth Defect
P38989	Q06156	0	Synthetic Lethality
P38989	P40460	0	Dosage Rescue
P38987	Q05080	0	Synthetic Growth Defect
P38987	Q00684	0	Dosage Rescue;Negative Genetic;Synthetic Lethality;Synthetic Rescue
P38987	Q00362	0	Dosage Lethality;Synthetic Rescue
P38972	P80210	0	Positive Genetic
P38969	Q3E846	0	Negative Genetic
P38969	Q07560	0	Negative Genetic
P38969	P53239	0	Synthetic Lethality
P38961	Q99207	0	Negative Genetic
P38961	Q3E705	0	Synthetic Growth Defect
P38961	Q12499	0	Negative Genetic
P38961	Q12460	0	Negative Genetic
P38961	Q12220	0	Negative Genetic
P38961	Q08965	0	Negative Genetic
P38961	Q08492	0	Negative Genetic
P38961	Q08208	0	Positive Genetic
P38961	Q07915	0	Positive Genetic
P38961	Q06679	0	Negative Genetic
P38961	Q06512	0	Negative Genetic
P38961	Q06506	0	Negative Genetic
P38961	Q06287	0	Negative Genetic;Phenotypic Enhancement;Synthetic Lethality
P38961	Q06078	0	Negative Genetic
P38961	Q05946	0	Negative Genetic
P38961	Q04373	0	Positive Genetic
P38961	Q04305	0	Negative Genetic
P38961	Q03532	0	Negative Genetic
P38961	Q02354	0	Negative Genetic
P38961	P53927	0	Positive Genetic
P38961	P53276	0	Negative Genetic
P38961	P53251	0	Negative Genetic
P38961	P53188	0	Positive Genetic
P38961	P53145	0	Negative Genetic
P38961	P47047	0	Negative Genetic
P38961	P40470	0	Negative Genetic
P38961	P40055	0	Negative Genetic
P38960	Q07921	0	Dosage Rescue;Phenotypic Enhancement;Phenotypic Suppression;Synthetic Rescue
P38960	Q06163	0	Phenotypic Enhancement;Synthetic Growth Defect;Synthetic Lethality
P38960	Q04437	0	Phenotypic Enhancement
P38959	Q07468	0	Dosage Growth Defect;Positive Genetic;Synthetic Lethality
P38959	P53129	0	Positive Genetic
P38959	P39702	0	Negative Genetic;Phenotypic Enhancement
P38957	Q12318	0	Positive Genetic
P38957	P40562	0	Negative Genetic
P38957	P40465	0	Positive Genetic
P38954	P40319	0	Negative Genetic;Positive Genetic
P38954	P40015	0	Negative Genetic
P38932	Q04338	0	Negative Genetic
P38932	Q03308	0	Phenotypic Enhancement
P38932	P54787	0	Positive Genetic
P38930	Q04217	0	Negative Genetic
P38930	P89105	0	Negative Genetic
P38930	P43639	0	Phenotypic Enhancement;Positive Genetic;Synthetic Rescue
P38929	Q99385	0	Phenotypic Enhancement;Phenotypic Suppression;Synthetic Growth Defect;Synthetic Lethality
P38929	Q12255	0	Phenotypic Suppression;Synthetic Growth Defect;Synthetic Rescue
P38927	Q04049	0	Phenotypic Enhancement
P38927	P53152	0	Negative Genetic;Phenotypic Suppression;Synthetic Lethality
P38927	P52490	0	Negative Genetic
P38925	P40986	0	Dosage Rescue;Negative Genetic;Synthetic Growth Defect
P38921	Q07534	0	Phenotypic Enhancement
P38920	Q12175	0	Phenotypic Suppression
P38920	Q12083	0	Phenotypic Enhancement
P38920	Q08214	0	Phenotypic Enhancement
P38920	Q06665	0	Negative Genetic
P38920	Q03834	0	Dosage Rescue;Phenotypic Enhancement
P38919	P60842	0	Negative Genetic
P38915	Q12692	0	Negative Genetic;Synthetic Growth Defect;Synthetic Lethality
P38915	Q05027	0	Negative Genetic;Synthetic Lethality
P38915	Q03330	0	Phenotypic Enhancement;Synthetic Lethality
P38915	Q02336	0	Synthetic Growth Defect
P38915	P53040	0	Negative Genetic
P38915	P50102	0	Negative Genetic;Phenotypic Suppression;Synthetic Rescue
P38913	Q03778	0	Negative Genetic
P38913	P40464	0	Negative Genetic
P38912	Q3E7Y3	0	Negative Genetic
P38912	Q3E792	0	Negative Genetic
P38912	Q08745	0	Negative Genetic
P38912	Q08199	0	Negative Genetic
P38912	Q04067	0	Dosage Growth Defect
P38912	P40217	0	Dosage Rescue
P38912	P39730	0	Dosage Rescue
P38907	Q12143	0	Negative Genetic
P38907	Q06162	0	Phenotypic Enhancement
P38907	Q04477	0	Negative Genetic;Synthetic Lethality
P38907	Q02732	0	Positive Genetic
P38907	Q01454	0	Negative Genetic;Synthetic Growth Defect;Synthetic Lethality
P38907	P47149	0	Negative Genetic
P38907	P47037	0	Negative Genetic
P38907	P40987	0	Negative Genetic;Synthetic Growth Defect
P38907	P40969	0	Negative Genetic;Synthetic Growth Defect;Synthetic Lethality
P38907	P40958	0	Negative Genetic;Synthetic Growth Defect;Synthetic Lethality
P38907	P40957	0	Negative Genetic;Synthetic Growth Defect;Synthetic Lethality
P38907	P40090	0	Negative Genetic;Phenotypic Suppression
P38907	P40013	0	Negative Genetic;Synthetic Lethality
P38907	P39731	0	Negative Genetic
P38902	Q08726	0	Negative Genetic
P38902	Q06697	0	Negative Genetic;Synthetic Lethality
P38902	Q06213	0	Negative Genetic
P38902	Q04636	0	Negative Genetic
P38902	Q03254	0	Negative Genetic
P38902	P53064	0	Negative Genetic
P38902	P40084	0	Negative Genetic
P38891	P47176	0	Negative Genetic;Phenotypic Enhancement;Synthetic Growth Defect
P38891	P40047	0	Phenotypic Enhancement
P38890	P61830	0	Synthetic Growth Defect
P38886	Q12377	0	Negative Genetic
P38886	Q12250	0	Negative Genetic
P38886	Q12245	0	Negative Genetic;Synthetic Growth Defect
P38886	Q08723	0	Negative Genetic
P38886	Q06103	0	Negative Genetic
P38886	Q03919	0	Negative Genetic;Synthetic Growth Defect
P38886	Q01939	0	Negative Genetic
P38886	P54860	0	Negative Genetic;Synthetic Growth Defect;Synthetic Lethality
P38886	P53549	0	Negative Genetic
P38886	P43593	0	Negative Genetic;Synthetic Rescue
P38886	P43588	0	Negative Genetic;Synthetic Growth Defect
P38886	P40327	0	Negative Genetic
P38886	P40303	0	Negative Genetic
P38886	P40302	0	Negative Genetic
P38886	P40016	0	Negative Genetic
P38886	P39940	0	Positive Genetic;Synthetic Growth Defect
P38886	P39706	0	Negative Genetic;Synthetic Growth Defect;Synthetic Lethality
P38883	Q07896	0	Positive Genetic
P38883	Q07845	0	Negative Genetic
P38883	P53313	0	Negative Genetic
P38883	P53188	0	Synthetic Lethality
P38882	Q12460	0	Negative Genetic
P38882	Q12339	0	Negative Genetic
P38882	Q12220	0	Negative Genetic
P38882	Q12035	0	Negative Genetic
P38882	Q08492	0	Negative Genetic
P38882	Q07623	0	Negative Genetic
P38882	Q07395	0	Negative Genetic
P38882	Q06287	0	Negative Genetic
P38882	Q06106	0	Negative Genetic
P38882	Q06078	0	Negative Genetic
P38882	Q05946	0	Negative Genetic
P38882	Q05498	0	Negative Genetic
P38882	Q04305	0	Negative Genetic
P38882	Q04177	0	Negative Genetic
P38882	Q03532	0	Negative Genetic
P38882	Q02354	0	Negative Genetic
P38882	P53914	0	Negative Genetic
P38882	P53859	0	Negative Genetic
P38882	P53742	0	Negative Genetic
P38882	P53276	0	Negative Genetic;Synthetic Growth Defect
P38882	P41819	0	Negative Genetic
P38882	P40498	0	Negative Genetic
P38882	P40470	0	Negative Genetic
P38882	P40079	0	Negative Genetic
P38882	P40055	0	Negative Genetic
P38882	P39990	0	Negative Genetic
P38882	P38961	0	Negative Genetic
P38880	Q92328	0	Dosage Rescue;Synthetic Lethality
P38880	Q05776	0	Dosage Rescue;Negative Genetic;Synthetic Growth Defect
P38880	Q02883	0	Positive Genetic
P38879	Q02642	0	Phenotypic Enhancement
P38879	P46654	0	Negative Genetic
P38879	P40314	0	Dosage Rescue
P38879	P40212	0	Synthetic Growth Defect
P38879	P40150	0	Synthetic Growth Defect
P38878	Q99287	0	Phenotypic Suppression
P38878	Q12402	0	Phenotypic Suppression;Synthetic Growth Defect
P38878	Q04947	0	Negative Genetic;Phenotypic Enhancement;Phenotypic Suppression;Synthetic Growth Defect;Synthetic Rescue
P38877	Q12045	0	Negative Genetic;Synthetic Growth Defect
P38877	Q02574	0	Negative Genetic;Synthetic Growth Defect
P38877	Q01454	0	Negative Genetic;Phenotypic Enhancement;Synthetic Lethality
P38877	P49956	0	Positive Genetic
P38877	P47037	0	Negative Genetic;Synthetic Growth Defect;Synthetic Lethality
P38877	P43605	0	Negative Genetic;Synthetic Lethality
P38877	P40987	0	Negative Genetic;Synthetic Growth Defect;Synthetic Lethality
P38877	P40958	0	Negative Genetic;Synthetic Growth Defect;Synthetic Lethality
P38877	P40957	0	Negative Genetic;Synthetic Growth Defect;Synthetic Lethality
P38877	P40339	0	Negative Genetic
P38877	P40013	0	Negative Genetic;Synthetic Lethality
P38875	Q07830	0	Negative Genetic
P38875	Q06636	0	Negative Genetic
P38875	Q04082	0	Negative Genetic
P38875	Q04080	0	Negative Genetic
P38875	P53961	0	Negative Genetic
P38875	P49018	0	Negative Genetic
P38875	P47088	0	Negative Genetic
P38875	P46961	0	Negative Genetic
P38875	P43571	0	Negative Genetic
P38875	P41733	0	Negative Genetic
P38875	P39012	0	Negative Genetic
P38874	Q06706	0	Positive Genetic
P38874	Q04868	0	Dosage Rescue;Positive Genetic
P38874	Q02908	0	Positive Genetic
P38874	Q02884	0	Positive Genetic
P38874	P53088	0	Negative Genetic
P38874	P42935	0	Positive Genetic
P38874	P40554	0	Negative Genetic
P38862	Q12380	0	Positive Genetic
P38862	Q07879	0	Positive Genetic
P38862	Q06671	0	Positive Genetic
P38862	Q02948	0	Positive Genetic
P38862	Q02887	0	Positive Genetic
P38862	P60010	0	Synthetic Haploinsufficiency
P38862	P53867	0	Positive Genetic
P38862	P50079	0	Positive Genetic
P38862	P43601	0	Positive Genetic
P38862	P40344	0	Negative Genetic;Positive Genetic
P38861	Q99257	0	Dosage Rescue;Negative Genetic;Synthetic Lethality
P38861	Q12460	0	Negative Genetic
P38861	Q08004	0	Dosage Rescue;Phenotypic Suppression;Synthetic Lethality
P38861	Q07953	0	Negative Genetic
P38861	Q03862	0	Dosage Rescue;Synthetic Lethality
P38861	Q02256	0	Synthetic Growth Defect
P38861	P53863	0	Negative Genetic
P38861	P53145	0	Dosage Rescue;Synthetic Lethality;Synthetic Rescue
P38861	P41805	0	Dosage Rescue;Phenotypic Suppression;Synthetic Rescue
P38861	P39715	0	Negative Genetic;Synthetic Growth Defect
P38860	P53123	0	Dosage Rescue
P38858	Q03786	0	Negative Genetic
P38850	Q12749	0	Negative Genetic;Phenotypic Enhancement
P38850	Q12318	0	Negative Genetic
P38850	Q08273	0	Negative Genetic
P38850	Q08204	0	Negative Genetic
P38850	Q07794	0	Positive Genetic
P38850	Q04149	0	Negative Genetic;Synthetic Growth Defect
P38850	Q03718	0	Negative Genetic;Phenotypic Enhancement;Synthetic Growth Defect
P38850	Q02685	0	Negative Genetic;Synthetic Growth Defect
P38850	Q02574	0	Negative Genetic
P38850	Q01454	0	Synthetic Growth Defect
P38850	P53688	0	Phenotypic Suppression;Synthetic Rescue
P38850	P53687	0	Phenotypic Suppression;Positive Genetic;Synthetic Rescue
P38850	P47050	0	Negative Genetic;Synthetic Growth Defect
P38850	P47037	0	Negative Genetic
P38850	P43124	0	Negative Genetic
P38850	P40465	0	Negative Genetic;Synthetic Growth Defect
P38850	P39009	0	Synthetic Growth Defect
P38850	P38957	0	Negative Genetic
P38843	P40955	0	Dosage Rescue
P38840	P53090	0	Phenotypic Enhancement;Synthetic Growth Defect;Synthetic Lethality
P38840	P47176	0	Phenotypic Suppression
P38840	P47039	0	Phenotypic Suppression
P38838	Q12306	0	Dosage Rescue;Phenotypic Suppression;Synthetic Growth Defect
P38838	P40087	0	Dosage Rescue;Negative Genetic;Phenotypic Enhancement;Synthetic Growth Defect;Synthetic Lethality
P38829	Q12181	0	Negative Genetic
P38829	Q05583	0	Negative Genetic
P38829	Q03835	0	Negative Genetic
P38829	P52920	0	Negative Genetic
P38829	P40469	0	Negative Genetic
P38828	P47017	0	Negative Genetic
P38828	P39998	0	Synthetic Growth Defect
P38828	P39517	0	Synthetic Rescue
P38823	Q05791	0	Synthetic Rescue
P38822	Q04439	0	Negative Genetic;Phenotypic Enhancement;Synthetic Growth Defect;Synthetic Lethality
P38822	P60010	0	Negative Genetic
P38822	P39743	0	Negative Genetic;Phenotypic Enhancement;Synthetic Growth Defect
P38820	Q08686	0	Phenotypic Suppression
P38820	Q06706	0	Negative Genetic;Synthetic Growth Defect
P38820	Q04868	0	Negative Genetic;Synthetic Growth Defect
P38820	Q02908	0	Negative Genetic;Phenotypic Enhancement;Synthetic Growth Defect
P38820	Q02884	0	Negative Genetic;Synthetic Growth Defect
P38820	P53923	0	Positive Genetic
P38820	P53088	0	Positive Genetic
P38820	P42935	0	Negative Genetic;Synthetic Growth Defect
P38817	Q12271	0	Negative Genetic;Synthetic Lethality
P38817	Q06336	0	Negative Genetic;Phenotypic Enhancement;Synthetic Growth Defect;Synthetic Lethality
P38816	P41921	0	Negative Genetic;Phenotypic Enhancement;Synthetic Growth Defect
P38815	Q12106	0	Phenotypic Suppression
P38813	Q03691	0	Dosage Rescue;Negative Genetic
P38813	P53008	0	Negative Genetic
P38813	P40350	0	Negative Genetic
P38813	P39005	0	Negative Genetic
P38812	Q06510	0	Phenotypic Enhancement
P38812	Q05776	0	Negative Genetic
P38812	P53230	0	Synthetic Lethality
P38810	Q04491	0	Negative Genetic;Synthetic Lethality
P38810	P53173	0	Positive Genetic
P38810	P40482	0	Dosage Rescue;Negative Genetic
P38806	Q99314	0	Synthetic Growth Defect
P38806	Q12692	0	Negative Genetic;Positive Genetic;Synthetic Lethality
P38806	Q12432	0	Negative Genetic;Synthetic Growth Defect
P38806	Q08649	0	Synthetic Lethality
P38806	Q08465	0	Positive Genetic;Synthetic Lethality
P38806	Q03330	0	Synthetic Lethality
P38806	P80428	0	Synthetic Lethality
P38806	P61830	0	Synthetic Lethality
P38806	P60010	0	Dosage Growth Defect
P38806	P53930	0	Synthetic Lethality
P38806	P53201	0	Synthetic Lethality
P38806	P40963	0	Synthetic Growth Defect
P38806	P39995	0	Synthetic Growth Defect
P38805	Q12220	0	Positive Genetic
P38805	Q12035	0	Positive Genetic
P38805	Q08965	0	Positive Genetic
P38805	Q08962	0	Negative Genetic
P38805	Q08235	0	Negative Genetic
P38805	Q08208	0	Negative Genetic
P38805	Q07953	0	Negative Genetic
P38805	Q07896	0	Negative Genetic
P38805	Q07623	0	Positive Genetic
P38805	Q06218	0	Negative Genetic
P38805	Q06106	0	Positive Genetic
P38805	Q04660	0	Negative Genetic
P38805	Q04373	0	Negative Genetic
P38805	Q02892	0	Negative Genetic
P38805	P53734	0	Negative Genetic
P38805	P53261	0	Negative Genetic
P38805	P53221	0	Negative Genetic
P38805	P49167	0	Negative Genetic
P38805	P40991	0	Negative Genetic
P38805	P40693	0	Negative Genetic
P38805	P40007	0	Negative Genetic
P38803	Q07845	0	Negative Genetic
P38803	Q02892	0	Negative Genetic
P38803	P53313	0	Negative Genetic
P38803	P53188	0	Negative Genetic
P38803	P40010	0	Negative Genetic
P38801	Q12522	0	Negative Genetic
P38801	Q12460	0	Negative Genetic
P38801	Q12277	0	Negative Genetic
P38801	Q12149	0	Dosage Rescue;Phenotypic Suppression;Positive Genetic;Synthetic Growth Defect
P38801	Q08746	0	Synthetic Lethality
P38801	Q08492	0	Negative Genetic
P38801	Q08162	0	Negative Genetic
P38801	Q07915	0	Negative Genetic
P38801	Q06679	0	Synthetic Growth Defect
P38801	Q05946	0	Negative Genetic
P38801	Q05636	0	Negative Genetic
P38801	Q05498	0	Negative Genetic
P38801	Q02892	0	Negative Genetic
P38801	P53859	0	Negative Genetic
P38801	P53331	0	Negative Genetic;Synthetic Growth Defect;Synthetic Lethality
P38801	P53276	0	Negative Genetic
P38801	P53261	0	Synthetic Growth Defect
P38801	P48240	0	Negative Genetic
P38801	P47047	0	Negative Genetic
P38801	P46948	0	Negative Genetic
P38801	P40362	0	Synthetic Lethality
P38801	P40079	0	Positive Genetic;Synthetic Growth Defect
P38798	Q12149	0	Phenotypic Enhancement
P38797	Q12511	0	Synthetic Growth Defect
P38797	P39966	0	Synthetic Growth Defect
P38796	P53733	0	Negative Genetic
P38796	P40454	0	Negative Genetic
P38795	P53687	0	Negative Genetic
P38795	P53322	0	Negative Genetic
P38792	Q12460	0	Negative Genetic
P38792	Q12277	0	Negative Genetic
P38792	Q12220	0	Negative Genetic
P38792	Q12149	0	Negative Genetic;Synthetic Growth Defect
P38792	Q08162	0	Negative Genetic
P38792	Q06287	0	Negative Genetic
P38792	Q05946	0	Negative Genetic
P38792	Q05636	0	Negative Genetic
P38792	Q02354	0	Negative Genetic
P38792	P53859	0	Negative Genetic
P38792	P48240	0	Negative Genetic
P38792	P47047	0	Negative Genetic;Phenotypic Enhancement;Synthetic Growth Defect
P38792	P46948	0	Negative Genetic
P38792	P38801	0	Synthetic Growth Defect
P38791	Q12074	0	Negative Genetic
P38790	Q12283	0	Positive Genetic
P38790	P47051	0	Positive Genetic
P38790	P39726	0	Positive Genetic
P38790	P39525	0	Positive Genetic
P38789	Q12499	0	Negative Genetic
P38789	Q12460	0	Negative Genetic
P38789	Q12153	0	Negative Genetic;Synthetic Lethality
P38789	Q08237	0	Negative Genetic
P38789	Q08235	0	Negative Genetic
P38789	Q08208	0	Negative Genetic
P38789	Q07915	0	Negative Genetic
P38789	Q07896	0	Negative Genetic
P38789	Q07381	0	Negative Genetic
P38789	Q06106	0	Positive Genetic
P38789	Q02892	0	Negative Genetic
P38789	Q01080	0	Positive Genetic
P38789	P53136	0	Negative Genetic
P38789	P53131	0	Negative Genetic
P38789	P47047	0	Negative Genetic
P38789	P40991	0	Negative Genetic
P38789	P40693	0	Negative Genetic
P38789	P40079	0	Positive Genetic
P38789	P40010	0	Negative Genetic
P38789	P40007	0	Negative Genetic
P38789	P38961	0	Positive Genetic
P38788	P38879	0	Synthetic Growth Defect
P38778	P54999	0	Negative Genetic
P38772	Q12499	0	Negative Genetic
P38772	Q03940	0	Negative Genetic
P38772	P39990	0	Negative Genetic
P38768	Q12499	0	Negative Genetic;Synthetic Growth Defect
P38768	Q12464	0	Negative Genetic;Synthetic Growth Defect
P38768	Q12460	0	Positive Genetic
P38768	Q03940	0	Negative Genetic;Synthetic Growth Defect
P38768	P53038	0	Negative Genetic
P38768	P39990	0	Negative Genetic
P38759	Q99260	0	Negative Genetic;Synthetic Growth Defect;Synthetic Lethality
P38759	Q08826	0	Phenotypic Enhancement
P38759	P47057	0	Negative Genetic
P38759	P40335	0	Positive Genetic
P38758	P53286	0	Phenotypic Suppression
P38756	Q04868	0	Negative Genetic
P38756	Q02908	0	Negative Genetic
P38756	P40554	0	Negative Genetic
P38755	Q02201	0	Synthetic Growth Defect
P38754	P53937	0	Negative Genetic
P38753	Q06263	0	Negative Genetic
P38753	P69771	0	Negative Genetic
P38753	P48582	0	Phenotypic Enhancement;Positive Genetic
P38753	P42939	0	Negative Genetic
P38751	Q12318	0	Positive Genetic
P38751	P40562	0	Synthetic Growth Defect
P38751	P40465	0	Positive Genetic
P38751	P38957	0	Positive Genetic
P38751	P38850	0	Negative Genetic
P38738	Q12454	0	Negative Genetic
P38738	P53965	0	Negative Genetic
P38738	P53949	0	Negative Genetic
P38738	P50946	0	Negative Genetic
P38736	Q99260	0	Dosage Rescue;Negative Genetic;Synthetic Lethality
P38736	Q04338	0	Negative Genetic
P38736	Q03322	0	Negative Genetic;Synthetic Rescue
P38736	Q02804	0	Negative Genetic;Synthetic Growth Defect
P38736	P53337	0	Negative Genetic;Phenotypic Enhancement
P38720	P54115	0	Negative Genetic
P38720	P53319	0	Negative Genetic;Synthetic Growth Defect;Synthetic Lethality
P38720	P46969	0	Synthetic Lethality
P38715	P54114	0	Negative Genetic
P38715	P50107	0	Dosage Rescue;Phenotypic Enhancement
P38713	P40075	0	Dosage Rescue;Phenotypic Suppression
P38712	Q12220	0	Negative Genetic
P38712	Q08965	0	Negative Genetic
P38712	Q06344	0	Negative Genetic
P38712	Q06218	0	Negative Genetic
P38712	Q05946	0	Negative Genetic
P38712	P53914	0	Negative Genetic
P38712	P53742	0	Negative Genetic
P38712	P40991	0	Negative Genetic
P38712	P40498	0	Negative Genetic
P38712	P40055	0	Negative Genetic
P38711	Q12499	0	Negative Genetic
P38711	Q12149	0	Negative Genetic
P38711	Q08199	0	Negative Genetic
P38711	Q01855	0	Negative Genetic
P38711	P43588	0	Negative Genetic
P38711	P40362	0	Positive Genetic
P38711	P40160	0	Negative Genetic
P38710	Q05533	0	Phenotypic Enhancement;Synthetic Lethality
P38705	P40825	0	Positive Genetic
P38703	Q06144	0	Positive Genetic
P38703	Q03529	0	Positive Genetic
P38703	Q02896	0	Dosage Rescue;Phenotypic Enhancement;Synthetic Lethality
P38703	P47013	0	Negative Genetic
P38703	P40319	0	Negative Genetic
P38699	P39073	0	Negative Genetic
P38698	Q04119	0	Phenotypic Enhancement
P38697	P50095	0	Dosage Rescue
P38697	P50094	0	Dosage Rescue
P38696	Q05933	0	Negative Genetic
P38696	Q03048	0	Negative Genetic
P38696	P53378	0	Synthetic Growth Defect;Synthetic Lethality;Synthetic Rescue
P38696	P53086	0	Negative Genetic;Synthetic Lethality
P38696	P47117	0	Positive Genetic
P38696	P40013	0	Negative Genetic;Synthetic Lethality
P38695	P39004	0	Phenotypic Enhancement
P38695	P39003	0	Phenotypic Enhancement
P38689	Q12265	0	Synthetic Lethality
P38688	Q12690	0	Negative Genetic
P38637	Q02821	0	Dosage Rescue;Negative Genetic
P38637	P43588	0	Dosage Rescue;Negative Genetic
P38636	P38995	0	Dosage Rescue;Synthetic Lethality
P38633	Q12692	0	Negative Genetic;Synthetic Growth Defect
P38633	Q08278	0	Negative Genetic;Synthetic Growth Defect
P38633	Q06213	0	Negative Genetic
P38633	Q04226	0	Negative Genetic
P38633	P53114	0	Synthetic Growth Defect
P38633	P47821	0	Positive Genetic
P38633	P46995	0	Negative Genetic;Synthetic Growth Defect;Synthetic Lethality
P38633	P39073	0	Positive Genetic
P38632	Q12749	0	Negative Genetic;Synthetic Growth Defect;Synthetic Lethality
P38632	Q12306	0	Negative Genetic;Phenotypic Suppression
P38632	Q12223	0	Phenotypic Enhancement;Phenotypic Suppression
P38632	Q08204	0	Dosage Rescue;Negative Genetic;Synthetic Growth Defect;Synthetic Lethality
P38632	Q07913	0	Negative Genetic;Synthetic Growth Defect
P38632	Q05541	0	Negative Genetic;Synthetic Growth Defect
P38632	Q04149	0	Negative Genetic
P38632	Q03718	0	Negative Genetic;Phenotypic Enhancement;Synthetic Growth Defect
P38632	Q02685	0	Negative Genetic
P38632	P50623	0	Negative Genetic
P38632	P43124	0	Negative Genetic;Synthetic Growth Defect
P38632	P40562	0	Dosage Growth Defect;Phenotypic Enhancement;Phenotypic Suppression;Synthetic Rescue
P38632	P38850	0	Negative Genetic
P38630	Q02574	0	Phenotypic Enhancement;Synthetic Growth Defect
P38630	Q01454	0	Negative Genetic
P38630	P49956	0	Negative Genetic
P38630	P43605	0	Negative Genetic
P38630	P40348	0	Negative Genetic;Synthetic Lethality
P38630	P40339	0	Negative Genetic
P38630	P38877	0	Negative Genetic
P38627	P41805	0	Negative Genetic
P38624	Q12377	0	Negative Genetic
P38624	Q12250	0	Negative Genetic
P38624	Q08723	0	Negative Genetic
P38624	P43593	0	Synthetic Rescue
P38624	P40303	0	Positive Genetic
P38624	P40302	0	Positive Genetic
P38624	P38886	0	Negative Genetic
P38604	Q12452	0	Negative Genetic
P38604	Q12051	0	Negative Genetic
P38604	Q07804	0	Negative Genetic
P38604	P54839	0	Negative Genetic
P38604	P53199	0	Positive Genetic
P38555	Q99394	0	Dosage Rescue
P38555	Q99260	0	Positive Genetic
P38555	Q06389	0	Negative Genetic
P38555	Q04183	0	Dosage Rescue
P38555	Q03660	0	Dosage Rescue;Phenotypic Suppression;Synthetic Lethality
P38555	P51996	0	Negative Genetic;Phenotypic Enhancement;Synthetic Growth Defect;Synthetic Lethality
P38555	P40994	0	Negative Genetic
P38555	P39531	0	Negative Genetic
P38523	Q07914	0	Negative Genetic
P38523	Q03020	0	Negative Genetic
P38523	Q02889	0	Negative Genetic
P38523	Q02776	0	Negative Genetic
P38523	P57744	0	Negative Genetic
P38523	P42949	0	Negative Genetic
P38431	P38912	0	Phenotypic Enhancement;Phenotypic Suppression;Synthetic Lethality;Synthetic Rescue
P38429	Q12692	0	Negative Genetic;Synthetic Growth Defect;Synthetic Lethality
P38429	Q12432	0	Negative Genetic
P38429	Q06697	0	Negative Genetic;Synthetic Growth Defect;Synthetic Lethality
P38429	P53096	0	Negative Genetic;Synthetic Growth Defect
P38428	Q08109	0	Phenotypic Suppression
P38428	Q05787	0	Phenotypic Suppression
P38428	Q02159	0	Phenotypic Suppression
P38427	Q00764	0	Synthetic Lethality
P38426	Q00764	0	Synthetic Lethality
P38426	P38427	0	Phenotypic Enhancement;Synthetic Growth Defect;Synthetic Lethality
P38361	P39535	0	Synthetic Growth Defect;Synthetic Lethality
P38359	Q12325	0	Phenotypic Enhancement;Synthetic Growth Defect;Synthetic Lethality
P38359	P53273	0	Synthetic Lethality
P38353	Q04697	0	Negative Genetic
P38353	P48589	0	Phenotypic Enhancement
P38351	Q03957	0	Synthetic Lethality
P38351	Q02884	0	Synthetic Growth Defect;Synthetic Lethality
P38351	P89105	0	Synthetic Rescue
P38351	P61830	0	Phenotypic Suppression;Synthetic Rescue
P38351	P53064	0	Synthetic Rescue
P38351	P46995	0	Phenotypic Enhancement;Phenotypic Suppression;Synthetic Growth Defect;Synthetic Lethality
P38348	Q12373	0	Phenotypic Suppression
P38348	Q12341	0	Phenotypic Suppression
P38348	Q06674	0	Phenotypic Enhancement
P38348	P53196	0	Phenotypic Enhancement;Synthetic Growth Defect;Synthetic Rescue
P38348	P50086	0	Phenotypic Enhancement;Synthetic Growth Defect;Synthetic Rescue
P38348	P40555	0	Phenotypic Enhancement;Synthetic Growth Defect
P38348	P40327	0	Dosage Rescue;Negative Genetic;Synthetic Growth Defect
P38347	P47163	0	Phenotypic Enhancement
P38344	Q12522	0	Negative Genetic
P38344	Q07953	0	Negative Genetic
P38344	Q06709	0	Negative Genetic;Phenotypic Suppression;Synthetic Growth Defect;Synthetic Lethality
P38344	Q03862	0	Phenotypic Suppression;Synthetic Rescue
P38344	Q02892	0	Negative Genetic
P38344	P53893	0	Negative Genetic
P38344	P53145	0	Negative Genetic
P38344	P49626	0	Negative Genetic
P38344	P47019	0	Phenotypic Suppression
P38344	P41805	0	Negative Genetic
P38344	P38961	0	Negative Genetic
P38344	P38789	0	Positive Genetic
P38342	Q03529	0	Positive Genetic
P38342	P47013	0	Negative Genetic
P38342	P40970	0	Negative Genetic
P38339	Q05080	0	Dosage Rescue
P38339	Q00246	0	Synthetic Rescue
P38339	Q00245	0	Synthetic Lethality;Synthetic Rescue
P38336	Q06406	0	Negative Genetic
P38334	Q99394	0	Negative Genetic
P38334	Q03784	0	Negative Genetic
P38334	Q03660	0	Negative Genetic
P38334	Q03630	0	Negative Genetic
P38334	P46944	0	Positive Genetic
P38334	P38555	0	Negative Genetic
P38333	Q12277	0	Negative Genetic
P38333	Q12149	0	Negative Genetic
P38333	Q12035	0	Negative Genetic
P38333	Q08972	0	Negative Genetic
P38333	Q08962	0	Negative Genetic
P38333	Q08492	0	Negative Genetic
P38333	Q08162	0	Negative Genetic
P38333	Q06287	0	Negative Genetic
P38333	Q06106	0	Negative Genetic
P38333	Q05946	0	Negative Genetic
P38333	Q05636	0	Negative Genetic
P38333	Q05498	0	Negative Genetic
P38333	Q04305	0	Negative Genetic
P38333	Q04177	0	Negative Genetic
P38333	Q03532	0	Negative Genetic
P38333	Q02354	0	Negative Genetic
P38333	Q01855	0	Negative Genetic
P38333	P53914	0	Negative Genetic
P38333	P53859	0	Negative Genetic
P38333	P53276	0	Negative Genetic
P38333	P53251	0	Negative Genetic
P38333	P48589	0	Synthetic Lethality
P38333	P48240	0	Negative Genetic
P38333	P47047	0	Negative Genetic
P38333	P46948	0	Negative Genetic
P38333	P46654	0	Negative Genetic
P38333	P40470	0	Negative Genetic
P38333	P40160	0	Negative Genetic
P38333	P40055	0	Negative Genetic
P38333	P39990	0	Negative Genetic
P38333	P38961	0	Negative Genetic
P38333	P38882	0	Negative Genetic
P38328	Q12342	0	Negative Genetic
P38328	Q05933	0	Negative Genetic;Synthetic Lethality
P38328	Q04439	0	Negative Genetic;Synthetic Growth Defect;Synthetic Lethality
P38328	P60010	0	Negative Genetic
P38328	P53731	0	Dosage Rescue;Negative Genetic
P38328	P47117	0	Negative Genetic
P38328	P40518	0	Negative Genetic
P38326	Q12692	0	Phenotypic Suppression;Positive Genetic;Synthetic Rescue
P38326	Q12509	0	Positive Genetic
P38326	P80428	0	Synthetic Lethality
P38326	P60010	0	Negative Genetic
P38326	P53930	0	Positive Genetic
P38326	P53201	0	Positive Genetic;Synthetic Lethality
P38326	P40060	0	Negative Genetic;Synthetic Growth Defect
P38324	Q04149	0	Synthetic Growth Defect
P38324	Q02685	0	Negative Genetic;Synthetic Lethality
P38323	Q07534	0	Negative Genetic
P38319	Q08387	0	Phenotypic Enhancement
P38319	Q04149	0	Phenotypic Enhancement;Synthetic Growth Defect;Synthetic Lethality
P38319	Q03796	0	Synthetic Growth Defect
P38319	P38838	0	Negative Genetic;Phenotypic Enhancement;Synthetic Growth Defect;Synthetic Lethality
P38316	Q12380	0	Positive Genetic
P38316	Q07879	0	Positive Genetic
P38316	Q06410	0	Positive Genetic
P38316	Q02948	0	Positive Genetic
P38316	Q02887	0	Phenotypic Enhancement;Positive Genetic
P38316	P53867	0	Phenotypic Enhancement
P38316	P43601	0	Positive Genetic
P38316	P38862	0	Positive Genetic
P38314	P53172	0	Phenotypic Enhancement;Synthetic Growth Defect
P38307	Q08109	0	Phenotypic Suppression
P38307	Q05787	0	Phenotypic Suppression
P38307	Q04651	0	Phenotypic Suppression
P38307	P40466	0	Phenotypic Enhancement
P38304	Q99278	0	Negative Genetic
P38304	Q08278	0	Negative Genetic
P38304	Q06213	0	Negative Genetic
P38304	P53114	0	Negative Genetic;Synthetic Growth Defect
P38304	P47822	0	Negative Genetic
P38304	P38902	0	Negative Genetic
P38304	P38633	0	Negative Genetic;Synthetic Growth Defect
P38301	Q99385	0	Synthetic Growth Defect
P38301	P38929	0	Synthetic Growth Defect
P38300	Q08179	0	Synthetic Growth Defect
P38300	P53736	0	Negative Genetic;Synthetic Growth Defect
P38300	P40341	0	Dosage Rescue
P38300	P39952	0	Synthetic Growth Defect
P38300	P39925	0	Dosage Rescue
P38298	P40015	0	Phenotypic Suppression
P38298	P38703	0	Dosage Rescue;Phenotypic Enhancement;Synthetic Lethality
P38297	Q05930	0	Dosage Rescue;Synthetic Growth Defect;Synthetic Rescue
P38297	Q01476	0	Dosage Rescue
P38297	P54861	0	Phenotypic Enhancement;Phenotypic Suppression;Positive Genetic;Synthetic Rescue
P38297	P40515	0	Phenotypic Enhancement;Synthetic Rescue
P38297	P39722	0	Dosage Rescue;Negative Genetic
P38295	P40353	0	Phenotypic Enhancement
P38293	P40303	0	Negative Genetic
P38293	P38886	0	Negative Genetic
P38291	Q12460	0	Positive Genetic
P38291	P57743	0	Negative Genetic
P38291	P53905	0	Negative Genetic
P38291	P53833	0	Negative Genetic
P38291	P53218	0	Negative Genetic
P38291	P41812	0	Negative Genetic
P38291	P40993	0	Negative Genetic
P38291	P39990	0	Positive Genetic
P38291	P38786	0	Negative Genetic
P38287	P38992	0	Phenotypic Suppression;Synthetic Rescue
P38287	P38954	0	Negative Genetic
P38286	Q99190	0	Synthetic Growth Defect
P38286	P40471	0	Synthetic Lethality
P38286	P40319	0	Synthetic Growth Defect
P38285	Q00362	0	Synthetic Rescue
P38285	P52286	0	Dosage Lethality
P38285	P38987	0	Dosage Lethality;Dosage Rescue
P38276	Q12285	0	Synthetic Rescue
P38276	Q12154	0	Phenotypic Suppression;Synthetic Rescue
P38276	Q12118	0	Synthetic Rescue
P38270	Q12380	0	Positive Genetic
P38270	Q07879	0	Positive Genetic
P38270	Q06671	0	Positive Genetic
P38270	Q05919	0	Positive Genetic
P38270	Q02948	0	Phenotypic Suppression;Positive Genetic
P38270	P40344	0	Positive Genetic
P38265	Q06162	0	Phenotypic Suppression;Synthetic Growth Defect
P38265	Q03954	0	Negative Genetic
P38265	P40958	0	Negative Genetic;Synthetic Growth Defect;Synthetic Lethality
P38265	P40957	0	Negative Genetic;Synthetic Growth Defect
P38265	P40013	0	Negative Genetic;Phenotypic Enhancement;Synthetic Lethality
P38265	P39731	0	Negative Genetic
P38265	P38907	0	Phenotypic Enhancement;Synthetic Growth Defect
P38264	Q99382	0	Synthetic Growth Defect
P38264	P46956	0	Negative Genetic;Phenotypic Enhancement;Synthetic Rescue
P38262	Q12692	0	Negative Genetic;Synthetic Growth Defect
P38262	Q06142	0	Negative Genetic
P38262	Q03010	0	Negative Genetic
P38262	P53096	0	Positive Genetic
P38262	P46995	0	Negative Genetic;Synthetic Growth Defect;Synthetic Lethality
P38262	P38429	0	Negative Genetic;Synthetic Growth Defect
P38260	P53286	0	Synthetic Growth Defect;Synthetic Rescue
P38260	P40992	0	Positive Genetic
P38260	P40548	0	Synthetic Rescue
P38254	P39998	0	Dosage Rescue;Phenotypic Suppression
P38254	P39517	0	Dosage Rescue
P38251	Q08032	0	Synthetic Lethality
P38251	Q03406	0	Negative Genetic;Synthetic Lethality
P38251	Q01454	0	Negative Genetic
P38251	P49956	0	Positive Genetic
P38251	P47037	0	Negative Genetic;Synthetic Growth Defect
P38251	P46957	0	Negative Genetic
P38251	P43605	0	Synthetic Rescue
P38251	P40958	0	Phenotypic Suppression
P38251	P40348	0	Dosage Rescue;Negative Genetic;Synthetic Growth Defect;Synthetic Lethality
P38251	P40339	0	Negative Genetic
P38251	P38630	0	Negative Genetic;Synthetic Rescue
P38249	Q3E792	0	Negative Genetic
P38249	Q3E754	0	Negative Genetic
P38249	P53937	0	Negative Genetic
P38249	P53235	0	Negative Genetic
P38249	P43588	0	Positive Genetic
P38249	P38912	0	Negative Genetic
P38249	P38711	0	Negative Genetic
P38249	P38431	0	Dosage Growth Defect
P38248	P40367	0	Dosage Rescue;Negative Genetic
P38247	Q00582	0	Positive Genetic;Synthetic Rescue
P38242	Q12001	0	Negative Genetic
P38242	P53178	0	Negative Genetic
P38242	P40351	0	Negative Genetic
P38242	P40350	0	Negative Genetic
P38242	P39007	0	Negative Genetic
P38241	Q6Q546	0	Synthetic Growth Defect
P38241	Q12309	0	Negative Genetic
P38241	Q08963	0	Negative Genetic
P38241	Q08920	0	Negative Genetic
P38241	Q07930	0	Negative Genetic;Synthetic Growth Defect
P38241	Q06835	0	Negative Genetic
P38241	Q04693	0	Negative Genetic
P38241	Q04048	0	Negative Genetic
P38241	Q03375	0	Negative Genetic;Synthetic Lethality
P38241	Q02775	0	Negative Genetic;Synthetic Lethality
P38241	P53277	0	Negative Genetic
P38241	P53131	0	Negative Genetic
P38241	P46947	0	Negative Genetic
P38241	P40968	0	Synthetic Lethality
P38241	P40565	0	Negative Genetic
P38238	Q12009	0	Positive Genetic
P38238	P53927	0	Positive Genetic
P38237	Q08003	0	Dosage Growth Defect
P38237	Q01476	0	Negative Genetic;Synthetic Growth Defect
P38225	Q12452	0	Negative Genetic
P38225	P47912	0	Dosage Rescue;Synthetic Lethality
P38222	Q12504	0	Phenotypic Enhancement
P38221	Q08650	0	Phenotypic Suppression
P38221	P53230	0	Dosage Rescue
P38221	P40345	0	Phenotypic Suppression
P38217	Q06142	0	Negative Genetic
P38217	P52918	0	Positive Genetic
P38211	Q07830	0	Negative Genetic
P38211	Q06636	0	Negative Genetic
P38211	Q04174	0	Negative Genetic
P38211	Q04082	0	Negative Genetic
P38211	Q04080	0	Negative Genetic
P38211	P53961	0	Negative Genetic
P38211	P53896	0	Dosage Rescue;Negative Genetic
P38211	P50108	0	Negative Genetic
P38211	P49018	0	Negative Genetic
P38211	P46961	0	Negative Genetic
P38211	P40367	0	Negative Genetic
P38211	P39012	0	Negative Genetic
P38211	P38875	0	Negative Genetic
P38208	P53905	0	Negative Genetic
P38208	P41812	0	Negative Genetic
P38207	Q08214	0	Phenotypic Enhancement;Synthetic Rescue
P38207	Q03796	0	Synthetic Growth Defect
P38207	Q02260	0	Negative Genetic
P38207	P53942	0	Synthetic Growth Defect;Synthetic Lethality
P38207	P38319	0	Synthetic Growth Defect;Synthetic Lethality
P38206	P53954	0	Dosage Rescue
P38205	Q12463	0	Positive Genetic
P38205	Q12009	0	Negative Genetic;Phenotypic Enhancement;Synthetic Growth Defect;Synthetic Lethality
P38205	Q08647	0	Phenotypic Enhancement
P38205	Q06053	0	Phenotypic Enhancement
P38205	Q03774	0	Negative Genetic;Synthetic Lethality
P38205	P46959	0	Negative Genetic
P38205	P38238	0	Positive Genetic
P38203	Q12417	0	Negative Genetic
P38203	Q12368	0	Negative Genetic
P38203	Q12309	0	Negative Genetic
P38203	Q08963	0	Negative Genetic
P38203	Q07930	0	Negative Genetic
P38203	Q06835	0	Negative Genetic
P38203	Q06406	0	Negative Genetic
P38203	Q06217	0	Negative Genetic
P38203	Q04693	0	Negative Genetic
P38203	Q03338	0	Negative Genetic
P38203	P57743	0	Negative Genetic;Synthetic Lethality
P38203	P53905	0	Negative Genetic
P38203	P53833	0	Negative Genetic
P38203	P49960	0	Dosage Rescue;Negative Genetic
P38203	P49704	0	Negative Genetic
P38203	P47093	0	Dosage Rescue;Negative Genetic;Synthetic Growth Defect
P38203	P46947	0	Negative Genetic
P38203	P43589	0	Negative Genetic
P38203	P40993	0	Negative Genetic
P38203	P40565	0	Negative Genetic
P38203	P40089	0	Synthetic Growth Defect
P38202	Q07915	0	Negative Genetic
P38202	Q04031	0	Negative Genetic
P38199	P39517	0	Dosage Rescue
P38199	P39008	0	Synthetic Growth Defect
P38196	P40367	0	Synthetic Growth Defect
P38182	Q05568	0	Negative Genetic
P38182	P60010	0	Negative Genetic
P38182	P53867	0	Dosage Rescue;Negative Genetic;Phenotypic Enhancement
P38182	P47057	0	Phenotypic Enhancement
P38182	P38886	0	Phenotypic Enhancement
P38182	P38862	0	Negative Genetic
P38179	Q92316	0	Negative Genetic
P38179	Q12001	0	Phenotypic Suppression
P38179	Q03723	0	Negative Genetic
P38179	Q02795	0	Negative Genetic
P38179	P53954	0	Synthetic Growth Defect;Synthetic Lethality
P38179	P53868	0	Phenotypic Suppression
P38179	P53730	0	Phenotypic Suppression
P38179	P50076	0	Phenotypic Suppression
P38179	P48439	0	Negative Genetic
P38179	P41543	0	Negative Genetic
P38179	P40351	0	Phenotypic Suppression
P38179	P40350	0	Phenotypic Suppression;Positive Genetic
P38179	P39007	0	Negative Genetic;Synthetic Growth Defect
P38174	Q01662	0	Phenotypic Suppression;Synthetic Lethality
P38169	P53322	0	Negative Genetic
P38169	P39683	0	Negative Genetic;Synthetic Lethality
P38164	Q04491	0	Negative Genetic
P38164	P53237	0	Negative Genetic
P38164	P39923	0	Phenotypic Suppression
P38163	Q12038	0	Negative Genetic;Phenotypic Enhancement;Synthetic Growth Defect
P38163	Q00245	0	Dosage Rescue
P38158	P53341	0	Synthetic Lethality
P38158	P53048	0	Phenotypic Enhancement
P38153	Q00776	0	Phenotypic Enhancement
P38147	Q08032	0	Synthetic Lethality
P38147	Q04377	0	Phenotypic Suppression
P38147	Q00362	0	Synthetic Rescue
P38147	P60010	0	Positive Genetic
P38147	P47037	0	Negative Genetic
P38147	P40958	0	Phenotypic Enhancement
P38147	P40348	0	Positive Genetic
P38147	P39009	0	Dosage Rescue;Negative Genetic;Phenotypic Enhancement;Phenotypic Suppression;Synthetic Growth Defect;Synthetic Lethality
P38145	Q99258	0	Phenotypic Enhancement
P38145	Q12362	0	Negative Genetic
P38145	Q03778	0	Negative Genetic
P38144	Q12692	0	Phenotypic Enhancement;Synthetic Growth Defect;Synthetic Lethality
P38144	Q08773	0	Phenotypic Enhancement;Synthetic Growth Defect
P38144	Q06639	0	Synthetic Rescue
P38144	Q03330	0	Dosage Lethality;Synthetic Rescue
P38144	Q02206	0	Synthetic Rescue
P38144	P61830	0	Synthetic Growth Defect
P38144	P53125	0	Synthetic Growth Defect
P38144	P43609	0	Phenotypic Enhancement;Phenotypic Suppression
P38144	P39704	0	Phenotypic Enhancement
P38143	Q04120	0	Synthetic Growth Defect
P38141	Q07471	0	Dosage Rescue
P38141	Q05998	0	Negative Genetic
P38138	Q12001	0	Positive Genetic
P38138	Q03723	0	Negative Genetic
P38138	Q03691	0	Negative Genetic;Synthetic Lethality
P38138	Q03103	0	Negative Genetic
P38138	Q00772	0	Negative Genetic;Synthetic Growth Defect
P38138	P53008	0	Phenotypic Suppression
P38138	P48439	0	Negative Genetic
P38138	P40367	0	Negative Genetic
P38138	P40351	0	Phenotypic Suppression;Positive Genetic
P38138	P38813	0	Dosage Rescue;Negative Genetic
P38137	Q12462	0	Synthetic Lethality
P38137	Q04673	0	Negative Genetic
P38135	Q47146	0	Positive Genetic
P38134	P76387	0	Positive Genetic
P38132	Q12488	0	Negative Genetic
P38132	Q08496	0	Negative Genetic
P38132	Q08032	0	Negative Genetic
P38132	Q04636	0	Negative Genetic
P38132	Q03406	0	Negative Genetic
P38132	Q01454	0	Negative Genetic
P38132	P61830	0	Negative Genetic
P38132	P54791	0	Negative Genetic
P38132	P54790	0	Negative Genetic
P38132	P50874	0	Synthetic Lethality
P38132	P49956	0	Dosage Growth Defect;Negative Genetic
P38132	P49723	0	Negative Genetic
P38132	P47112	0	Negative Genetic
P38132	P40359	0	Negative Genetic
P38132	P40339	0	Negative Genetic
P38129	Q12030	0	Negative Genetic
P38129	Q06469	0	Negative Genetic
P38129	Q05027	0	Dosage Rescue;Negative Genetic
P38129	Q04226	0	Negative Genetic
P38129	Q03067	0	Negative Genetic
P38129	Q02939	0	Negative Genetic
P38129	Q00578	0	Negative Genetic
P38129	P53040	0	Dosage Rescue;Negative Genetic
P38129	P38915	0	Negative Genetic
P38127	P47818	0	Dosage Rescue
P38126	Q04089	0	Phenotypic Suppression
P38126	P48581	0	Phenotypic Enhancement;Phenotypic Suppression;Synthetic Growth Defect;Synthetic Lethality
P38123	Q12692	0	Negative Genetic;Synthetic Growth Defect;Synthetic Lethality
P38123	Q07457	0	Positive Genetic
P38123	P61830	0	Synthetic Growth Defect
P38123	P46995	0	Synthetic Growth Defect;Synthetic Lethality
P38123	P43132	0	Positive Genetic
P38123	P39706	0	Positive Genetic
P38121	Q08032	0	Negative Genetic
P38121	Q03406	0	Negative Genetic
P38121	Q01454	0	Negative Genetic
P38121	P54791	0	Negative Genetic
P38121	P54790	0	Negative Genetic
P38121	P49956	0	Negative Genetic
P38121	P46957	0	Negative Genetic
P38121	P40348	0	Negative Genetic
P38121	P40339	0	Negative Genetic
P38121	P38960	0	Negative Genetic;Synthetic Lethality;Synthetic Rescue
P38121	P38630	0	Negative Genetic
P38121	P38251	0	Negative Genetic
P38121	P38132	0	Negative Genetic
P38120	P53937	0	Negative Genetic
P38116	Q99260	0	Dosage Rescue;Negative Genetic;Synthetic Lethality
P38116	Q02804	0	Phenotypic Suppression;Positive Genetic
P38116	P53951	0	Negative Genetic;Synthetic Lethality
P38116	P47061	0	Negative Genetic;Phenotypic Enhancement;Phenotypic Suppression
P38116	P41544	0	Phenotypic Suppression;Positive Genetic
P38116	P40527	0	Negative Genetic;Synthetic Lethality;Synthetic Rescue
P38116	P39524	0	Phenotypic Enhancement;Phenotypic Suppression;Synthetic Growth Defect
P38116	P38759	0	Negative Genetic;Phenotypic Enhancement;Synthetic Growth Defect
P38115	P38715	0	Phenotypic Enhancement
P38112	Q12024	0	Negative Genetic
P38112	Q08962	0	Negative Genetic
P38112	Q08237	0	Negative Genetic
P38112	Q08235	0	Negative Genetic
P38112	Q07915	0	Negative Genetic
P38112	Q07844	0	Dosage Growth Defect
P38112	Q06218	0	Negative Genetic
P38112	Q06106	0	Positive Genetic
P38112	Q04660	0	Negative Genetic
P38112	Q02892	0	Negative Genetic
P38112	P53734	0	Negative Genetic
P38112	P53261	0	Negative Genetic
P38112	P53136	0	Synthetic Rescue
P38112	P47047	0	Negative Genetic
P38112	P40991	0	Negative Genetic
P38112	P40693	0	Negative Genetic
P38112	P40007	0	Negative Genetic;Synthetic Lethality
P38112	P38805	0	Negative Genetic;Synthetic Lethality
P38112	P38789	0	Negative Genetic
P38089	Q03785	0	Negative Genetic
P38089	Q00772	0	Dosage Rescue
P38088	Q06817	0	Dosage Rescue
P38077	P53937	0	Negative Genetic
P38075	Q03148	0	Negative Genetic
P38075	Q03144	0	Negative Genetic
P38074	Q99189	0	Synthetic Rescue
P38074	Q03330	0	Negative Genetic;Phenotypic Suppression;Synthetic Rescue
P38072	Q3E846	0	Dosage Rescue;Negative Genetic;Phenotypic Enhancement;Synthetic Growth Defect
P38072	Q12287	0	Dosage Rescue
P38072	P38969	0	Negative Genetic
P38069	P53008	0	Negative Genetic
P38069	P50108	0	Negative Genetic
P38069	P47124	0	Negative Genetic
P38069	P46985	0	Negative Genetic
P38067	Q04792	0	Phenotypic Enhancement;Synthetic Growth Defect;Synthetic Lethality
P38066	P38145	0	Phenotypic Enhancement
P38063	Q12189	0	Negative Genetic
P38063	P38620	0	Synthetic Growth Defect;Synthetic Lethality
P38054	P75830	0	Negative Genetic
P38042	Q12157	0	Negative Genetic
P38042	Q04601	0	Negative Genetic
P38013	Q04120	0	Synthetic Growth Defect
P38013	P40581	0	Synthetic Growth Defect;Synthetic Lethality
P38013	P38143	0	Synthetic Growth Defect
P38011	Q12690	0	Negative Genetic
P38011	Q12672	0	Negative Genetic
P38011	Q08972	0	Positive Genetic
P38011	Q08745	0	Negative Genetic
P38011	Q08491	0	Negative Genetic
P38011	Q04697	0	Negative Genetic
P38011	Q04600	0	Positive Genetic
P38011	Q02326	0	Negative Genetic
P38011	Q01855	0	Positive Genetic
P38011	P60010	0	Negative Genetic
P38011	P53893	0	Negative Genetic
P38011	P53111	0	Negative Genetic
P38011	P52871	0	Negative Genetic
P38011	P51402	0	Negative Genetic
P38011	P49166	0	Negative Genetic
P38011	P40150	0	Phenotypic Suppression
P38011	P39990	0	Negative Genetic
P38011	P38701	0	Negative Genetic
P38009	Q04178	0	Negative Genetic
P38009	P80210	0	Negative Genetic
P38009	P54113	0	Negative Genetic;Synthetic Growth Defect;Synthetic Lethality;Synthetic Rescue
P38009	P47143	0	Synthetic Rescue
P37838	Q12149	0	Negative Genetic
P37838	Q08237	0	Negative Genetic
P37838	Q08235	0	Negative Genetic
P37838	Q08208	0	Negative Genetic
P37838	Q06218	0	Negative Genetic
P37838	P53261	0	Negative Genetic
P37838	P53136	0	Synthetic Rescue
P37838	P53131	0	Negative Genetic
P37838	P40991	0	Negative Genetic
P37838	P40693	0	Negative Genetic
P37838	P38882	0	Negative Genetic
P37838	P38805	0	Negative Genetic
P37838	P38789	0	Negative Genetic
P37838	P38112	0	Negative Genetic
P37759	P61887	0	Positive Genetic
P37747	P61887	0	Negative Genetic
P37744	P61887	0	Negative Genetic
P37692	P76658	0	Positive Genetic
P37692	P63228	0	Positive Genetic
P37662	P39396	0	Positive Genetic
P37653	P76010	0	Negative Genetic
P37636	P76399	0	Positive Genetic
P37366	Q12030	0	Negative Genetic
P37366	Q08278	0	Negative Genetic
P37366	Q05027	0	Negative Genetic
P37366	Q04673	0	Negative Genetic
P37366	Q04226	0	Negative Genetic
P37366	Q03957	0	Negative Genetic
P37366	Q03290	0	Synthetic Lethality
P37366	P43568	0	Negative Genetic
P37366	P38902	0	Negative Genetic
P37366	P38633	0	Negative Genetic
P37366	P38129	0	Negative Genetic
P37340	P76398	0	Negative Genetic
P37313	P77463	0	Positive Genetic
P37303	P48015	0	Phenotypic Suppression
P37299	Q06405	0	Positive Genetic
P37298	Q06236	0	Dosage Rescue;Phenotypic Enhancement;Synthetic Growth Defect
P37296	P47104	0	Dosage Rescue;Phenotypic Suppression;Synthetic Growth Defect
P37292	P48015	0	Synthetic Lethality
P37292	P42941	0	Synthetic Lethality
P37292	P37303	0	Phenotypic Suppression;Synthetic Growth Defect
P37291	P80210	0	Negative Genetic
P37291	P48015	0	Synthetic Lethality
P37291	P42941	0	Synthetic Lethality
P37291	P40099	0	Synthetic Rescue
P37291	P37303	0	Synthetic Growth Defect
P37291	P37292	0	Synthetic Growth Defect;Synthetic Lethality
P37262	P54113	0	Negative Genetic
P37262	P50278	0	Negative Genetic;Synthetic Growth Defect
P37012	Q00764	0	Dosage Lethality
P37001	P76473	0	Negative Genetic
P36973	Q05911	0	Synthetic Lethality
P36973	P80210	0	Synthetic Lethality
P36973	P53909	0	Synthetic Lethality
P36973	P49435	0	Synthetic Growth Defect;Synthetic Lethality
P36973	P47143	0	Synthetic Lethality
P36973	P47119	0	Phenotypic Suppression
P36897	P37173	0	Phenotypic Enhancement
P36896	Q04771	0	Negative Genetic
P36895	Q02248	0	Phenotypic Enhancement
P36872	P52304	0	Phenotypic Enhancement
P36775	P50085	0	Synthetic Growth Defect
P36775	P40961	0	Synthetic Growth Defect
P36775	P40341	0	Dosage Rescue
P36775	P39925	0	Dosage Rescue
P36548	P37690	0	Positive Genetic
P36533	Q08972	0	Negative Genetic
P36533	Q04599	0	Negative Genetic
P36533	P53921	0	Negative Genetic
P36533	P53724	0	Negative Genetic
P36531	P53937	0	Negative Genetic
P36528	P38300	0	Positive Genetic
P36528	P36533	0	Positive Genetic
P36527	P53937	0	Negative Genetic
P36526	P53724	0	Negative Genetic
P36526	P53221	0	Negative Genetic
P36526	P40496	0	Negative Genetic
P36525	Q3E757	0	Negative Genetic
P36520	Q3E754	0	Negative Genetic
P36520	Q12690	0	Negative Genetic
P36520	P46654	0	Negative Genetic
P36520	P41057	0	Negative Genetic
P36520	P38077	0	Synthetic Rescue
P36507	Q02750	0	Negative Genetic
P36421	Q12144	0	Negative Genetic
P36421	P40825	0	Negative Genetic
P36224	P60010	0	Negative Genetic
P36224	P53086	0	Negative Genetic;Synthetic Growth Defect;Synthetic Lethality
P36224	P40960	0	Positive Genetic
P36224	P40013	0	Negative Genetic;Synthetic Growth Defect;Synthetic Lethality
P36224	P39946	0	Positive Genetic
P36163	Q3E823	0	Synthetic Rescue
P36163	Q04472	0	Negative Genetic
P36163	Q02889	0	Negative Genetic
P36163	P53266	0	Synthetic Rescue
P36163	P53259	0	Synthetic Growth Defect
P36163	P39925	0	Phenotypic Enhancement;Synthetic Growth Defect
P36163	P36775	0	Dosage Rescue
P36162	Q03954	0	Negative Genetic
P36161	Q99257	0	Negative Genetic
P36161	Q12315	0	Negative Genetic
P36161	Q12164	0	Negative Genetic;Synthetic Growth Defect
P36161	Q02647	0	Negative Genetic
P36161	P53062	0	Negative Genetic
P36161	P52891	0	Synthetic Lethality
P36161	P46673	0	Synthetic Lethality
P36161	P41920	0	Negative Genetic
P36161	P40532	0	Negative Genetic
P36161	P40368	0	Negative Genetic
P36161	P40066	0	Negative Genetic
P36161	P40064	0	Negative Genetic
P36161	P39685	0	Negative Genetic;Synthetic Lethality
P36160	Q12522	0	Positive Genetic
P36160	Q12460	0	Negative Genetic
P36160	Q12149	0	Negative Genetic
P36160	Q08746	0	Negative Genetic
P36160	Q08492	0	Positive Genetic
P36160	Q08004	0	Negative Genetic
P36160	Q06106	0	Positive Genetic
P36160	Q02326	0	Negative Genetic
P36160	P87262	0	Positive Genetic
P36160	P53742	0	Negative Genetic
P36160	P53188	0	Synthetic Rescue
P36160	P47120	0	Negative Genetic
P36160	P41814	0	Negative Genetic
P36160	P40991	0	Negative Genetic
P36160	P39990	0	Negative Genetic
P36152	Q12181	0	Dosage Rescue;Synthetic Lethality
P36152	Q03835	0	Synthetic Growth Defect
P36152	P52920	0	Dosage Rescue
P36149	Q99394	0	Dosage Rescue;Negative Genetic;Synthetic Lethality
P36149	Q03784	0	Dosage Rescue;Negative Genetic
P36149	Q03660	0	Negative Genetic;Synthetic Lethality
P36149	Q03630	0	Dosage Rescue;Negative Genetic
P36149	Q01590	0	Dosage Rescue
P36149	P51996	0	Dosage Lethality
P36149	P46944	0	Dosage Rescue;Negative Genetic;Synthetic Lethality
P36149	P38555	0	Dosage Lethality
P36149	P38334	0	Dosage Rescue;Negative Genetic
P36148	Q06580	0	Negative Genetic
P36148	Q00055	0	Negative Genetic
P36148	P43621	0	Negative Genetic
P36147	Q07914	0	Negative Genetic
P36147	Q02776	0	Negative Genetic
P36147	Q01852	0	Synthetic Lethality
P36147	P42949	0	Negative Genetic;Synthetic Growth Defect;Synthetic Lethality
P36147	P39515	0	Negative Genetic;Synthetic Lethality
P36147	P38523	0	Negative Genetic
P36144	Q12460	0	Negative Genetic
P36144	Q12220	0	Negative Genetic
P36144	Q12035	0	Negative Genetic
P36144	Q08965	0	Negative Genetic
P36144	Q07897	0	Negative Genetic
P36144	Q07623	0	Negative Genetic
P36144	Q06512	0	Negative Genetic
P36144	Q06506	0	Negative Genetic
P36144	Q06287	0	Dosage Rescue;Phenotypic Enhancement;Synthetic Lethality
P36144	Q06132	0	Negative Genetic
P36144	Q06106	0	Negative Genetic
P36144	Q05498	0	Negative Genetic
P36144	Q02354	0	Negative Genetic
P36144	P53276	0	Negative Genetic
P36144	P45818	0	Negative Genetic
P36144	P40079	0	Negative Genetic
P36144	P40055	0	Negative Genetic
P36144	P38882	0	Negative Genetic
P36142	P38182	0	Phenotypic Suppression
P36139	Q06676	0	Phenotypic Enhancement
P36139	Q06058	0	Phenotypic Enhancement
P36139	P53012	0	Phenotypic Enhancement
P36139	P40219	0	Phenotypic Enhancement
P36135	P40472	0	Negative Genetic;Phenotypic Enhancement
P36132	Q3E833	0	Synthetic Lethality
P36132	P53323	0	Synthetic Growth Defect;Synthetic Rescue
P36132	P43122	0	Dosage Rescue;Phenotypic Suppression;Synthetic Rescue
P36122	Q05029	0	Phenotypic Enhancement
P36122	P40955	0	Negative Genetic;Synthetic Growth Defect
P36120	Q12499	0	Negative Genetic
P36120	Q12024	0	Negative Genetic
P36120	Q08965	0	Negative Genetic
P36120	Q08962	0	Negative Genetic
P36120	Q06504	0	Negative Genetic
P36120	Q06218	0	Negative Genetic
P36120	Q04373	0	Negative Genetic
P36120	Q03862	0	Negative Genetic
P36120	Q02892	0	Negative Genetic
P36120	Q01080	0	Negative Genetic
P36120	P53734	0	Negative Genetic;Synthetic Growth Defect
P36120	P53313	0	Negative Genetic
P36120	P53261	0	Negative Genetic
P36120	P53131	0	Negative Genetic
P36120	P47108	0	Negative Genetic
P36120	P47047	0	Negative Genetic
P36120	P40991	0	Negative Genetic
P36120	P38883	0	Positive Genetic
P36112	Q12233	0	Phenotypic Suppression;Synthetic Rescue
P36112	Q07560	0	Negative Genetic
P36112	P81449	0	Phenotypic Suppression;Synthetic Rescue
P36112	P54861	0	Negative Genetic;Phenotypic Enhancement;Synthetic Growth Defect
P36112	P50110	0	Negative Genetic
P36112	P40961	0	Negative Genetic
P36112	P40515	0	Negative Genetic
P36108	Q99176	0	Positive Genetic
P36108	Q04272	0	Synthetic Rescue
P36108	P53843	0	Phenotypic Enhancement
P36108	P52917	0	Phenotypic Suppression;Positive Genetic
P36108	P48582	0	Phenotypic Enhancement
P36108	P47048	0	Synthetic Growth Defect
P36108	P39929	0	Phenotypic Enhancement;Synthetic Growth Defect
P36107	Q06346	0	Dosage Rescue
P36107	Q06144	0	Dosage Rescue;Negative Genetic;Synthetic Growth Defect
P36107	Q03687	0	Negative Genetic
P36107	P53224	0	Dosage Rescue;Synthetic Growth Defect
P36107	P38954	0	Negative Genetic
P36107	P38298	0	Dosage Rescue
P36105	P53313	0	Negative Genetic
P36105	P38879	0	Positive Genetic
P36105	P38805	0	Positive Genetic
P36105	P38803	0	Positive Genetic
P36105	P38789	0	Positive Genetic
P36105	P38754	0	Synthetic Lethality
P36105	P38688	0	Negative Genetic
P36105	P38112	0	Synthetic Lethality
P36104	Q01329	0	Negative Genetic
P36104	P53538	0	Negative Genetic
P36104	P39927	0	Negative Genetic
P36102	P40987	0	Negative Genetic
P36097	Q12464	0	Negative Genetic
P36097	Q06822	0	Negative Genetic
P36097	Q03940	0	Negative Genetic
P36097	P53038	0	Negative Genetic
P36096	Q06651	0	Phenotypic Enhancement
P36096	P39940	0	Phenotypic Enhancement
P36095	Q99176	0	Positive Genetic
P36095	Q12483	0	Positive Genetic;Synthetic Rescue
P36095	Q12033	0	Negative Genetic
P36095	Q06696	0	Positive Genetic
P36095	Q04272	0	Positive Genetic;Synthetic Rescue
P36095	Q03792	0	Negative Genetic
P36095	Q02767	0	Synthetic Rescue
P36095	P60010	0	Negative Genetic;Synthetic Haploinsufficiency
P36095	P52917	0	Phenotypic Suppression;Positive Genetic
P36095	P48582	0	Phenotypic Enhancement;Positive Genetic
P36095	P47142	0	Positive Genetic
P36095	P47048	0	Synthetic Rescue
P36095	P39929	0	Synthetic Rescue
P36091	Q05031	0	Negative Genetic;Synthetic Lethality
P36088	P40029	0	Synthetic Growth Defect
P36080	Q12522	0	Negative Genetic
P36080	Q08962	0	Negative Genetic
P36080	Q08237	0	Negative Genetic
P36080	Q08235	0	Negative Genetic
P36080	Q08208	0	Negative Genetic
P36080	Q06218	0	Negative Genetic
P36080	Q04660	0	Negative Genetic
P36080	P53261	0	Negative Genetic
P36080	P40991	0	Negative Genetic
P36080	P40693	0	Negative Genetic
P36080	P38805	0	Negative Genetic
P36080	P38789	0	Negative Genetic
P36080	P38112	0	Negative Genetic
P36070	Q01080	0	Synthetic Lethality
P36070	P50106	0	Negative Genetic
P36070	P46669	0	Synthetic Lethality
P36070	P40992	0	Negative Genetic
P36062	P40501	0	Phenotypic Enhancement
P36060	P40312	0	Negative Genetic
P36053	Q06697	0	Negative Genetic;Synthetic Growth Defect;Synthetic Lethality
P36053	Q06505	0	Negative Genetic
P36053	Q03071	0	Negative Genetic
P36053	P61830	0	Negative Genetic;Synthetic Growth Defect
P36053	P53064	0	Negative Genetic;Synthetic Growth Defect
P36051	Q07830	0	Dosage Rescue
P36051	P47026	0	Synthetic Lethality
P36049	Q12460	0	Negative Genetic
P36049	Q08962	0	Negative Genetic
P36049	Q08235	0	Negative Genetic;Synthetic Lethality
P36049	Q08208	0	Negative Genetic
P36049	Q07844	0	Dosage Growth Defect
P36049	Q06218	0	Negative Genetic
P36049	Q04177	0	Positive Genetic
P36049	Q03532	0	Negative Genetic
P36049	P87262	0	Dosage Rescue
P36049	P53734	0	Negative Genetic
P36049	P53188	0	Negative Genetic
P36049	P53136	0	Synthetic Rescue
P36049	P47047	0	Negative Genetic
P36049	P46990	0	Positive Genetic
P36049	P40991	0	Negative Genetic
P36049	P40007	0	Synthetic Lethality
P36049	P38805	0	Negative Genetic;Synthetic Lethality
P36049	P38112	0	Negative Genetic;Synthetic Lethality
P36048	Q99181	0	Negative Genetic
P36048	Q3E754	0	Positive Genetic
P36048	Q12417	0	Negative Genetic
P36048	Q12368	0	Negative Genetic
P36048	Q12330	0	Negative Genetic
P36048	Q12309	0	Negative Genetic
P36048	Q12159	0	Negative Genetic
P36048	Q08963	0	Negative Genetic
P36048	Q08920	0	Negative Genetic
P36048	Q07930	0	Negative Genetic
P36048	Q07478	0	Synthetic Lethality
P36048	Q07350	0	Negative Genetic
P36048	Q06835	0	Negative Genetic
P36048	Q06819	0	Negative Genetic
P36048	Q06217	0	Negative Genetic
P36048	Q06091	0	Negative Genetic
P36048	Q04693	0	Negative Genetic
P36048	Q04048	0	Negative Genetic
P36048	Q03654	0	Negative Genetic
P36048	Q03375	0	Negative Genetic;Phenotypic Suppression;Synthetic Rescue
P36048	Q03338	0	Negative Genetic
P36048	Q02775	0	Negative Genetic
P36048	Q00723	0	Negative Genetic
P36048	P60010	0	Negative Genetic
P36048	P54999	0	Negative Genetic
P36048	P53905	0	Negative Genetic
P36048	P53854	0	Negative Genetic
P36048	P53333	0	Negative Genetic
P36048	P53131	0	Negative Genetic
P36048	P49960	0	Negative Genetic;Synthetic Lethality
P36048	P49955	0	Negative Genetic
P36048	P49704	0	Negative Genetic
P36048	P47093	0	Negative Genetic
P36048	P46947	0	Negative Genetic
P36048	P43589	0	Negative Genetic;Synthetic Lethality
P36048	P41058	0	Negative Genetic
P36048	P41057	0	Negative Genetic
P36048	P40565	0	Negative Genetic
P36048	P39682	0	Negative Genetic
P36048	P38203	0	Negative Genetic
P36047	P43587	0	Negative Genetic
P36047	P38991	0	Dosage Rescue;Synthetic Rescue
P36040	Q05778	0	Negative Genetic
P36040	P53549	0	Negative Genetic
P36037	Q06697	0	Negative Genetic;Synthetic Growth Defect;Synthetic Lethality
P36037	Q06682	0	Phenotypic Suppression
P36037	Q04311	0	Negative Genetic;Phenotypic Enhancement
P36037	Q04228	0	Negative Genetic
P36037	P54860	0	Dosage Growth Defect;Phenotypic Suppression;Positive Genetic;Synthetic Rescue
P36037	P43593	0	Negative Genetic;Synthetic Growth Defect;Synthetic Lethality
P36037	P43558	0	Dosage Rescue;Negative Genetic
P36035	Q01574	0	Phenotypic Suppression
P36018	Q03308	0	Negative Genetic
P36018	P39702	0	Negative Genetic
P36018	P36019	0	Phenotypic Enhancement
P36017	Q99260	0	Negative Genetic;Positive Genetic;Synthetic Lethality
P36017	Q07468	0	Negative Genetic
P36017	Q03308	0	Phenotypic Enhancement
P36017	Q02948	0	Negative Genetic
P36017	Q00618	0	Negative Genetic
P36017	P54787	0	Dosage Rescue;Negative Genetic
P36017	P53129	0	Negative Genetic;Phenotypic Enhancement
P36017	P52917	0	Negative Genetic;Phenotypic Suppression
P36017	P39958	0	Negative Genetic
P36017	P39743	0	Negative Genetic;Synthetic Growth Defect;Synthetic Lethality
P36017	P39702	0	Dosage Rescue;Negative Genetic
P36017	P38959	0	Negative Genetic;Synthetic Lethality
P36017	P38932	0	Phenotypic Enhancement
P36017	P36019	0	Negative Genetic;Phenotypic Enhancement;Synthetic Growth Defect
P36017	P36018	0	Negative Genetic;Phenotypic Enhancement;Synthetic Growth Defect;Synthetic Lethality
P36016	Q08199	0	Dosage Rescue;Negative Genetic;Synthetic Lethality
P36016	P48353	0	Phenotypic Suppression
P36016	P38260	0	Negative Genetic
P36015	Q99260	0	Dosage Rescue;Negative Genetic
P36015	Q12255	0	Dosage Rescue;Phenotypic Enhancement
P36015	Q06096	0	Negative Genetic
P36015	Q04338	0	Dosage Rescue;Negative Genetic
P36015	Q03630	0	Negative Genetic
P36015	Q03322	0	Negative Genetic
P36015	Q01590	0	Synthetic Rescue
P36015	P53954	0	Negative Genetic
P36015	P53146	0	Negative Genetic
P36015	P43682	0	Dosage Rescue
P36015	P43621	0	Negative Genetic
P36015	P41834	0	Negative Genetic
P36015	P40509	0	Negative Genetic
P36015	P38959	0	Positive Genetic
P36015	P38736	0	Negative Genetic;Synthetic Lethality
P36015	P38334	0	Negative Genetic
P36015	P36149	0	Negative Genetic
P36014	Q04120	0	Synthetic Growth Defect
P36014	P38013	0	Synthetic Growth Defect
P36013	Q06892	0	Negative Genetic;Synthetic Growth Defect
P36013	P53157	0	Negative Genetic;Synthetic Growth Defect
P36012	Q12748	0	Negative Genetic;Synthetic Growth Defect;Synthetic Lethality
P36012	Q12493	0	Negative Genetic
P36012	Q12262	0	Negative Genetic
P36012	Q08773	0	Positive Genetic
P36012	Q06675	0	Dosage Rescue;Negative Genetic;Phenotypic Enhancement;Synthetic Growth Defect;Synthetic Lethality
P36012	Q06162	0	Negative Genetic
P36012	Q03330	0	Synthetic Growth Defect
P36012	Q02732	0	Dosage Rescue;Negative Genetic;Phenotypic Suppression;Synthetic Growth Defect;Synthetic Lethality
P36012	P61830	0	Dosage Growth Defect;Dosage Lethality;Dosage Rescue;Negative Genetic;Phenotypic Suppression;Synthetic Rescue
P36012	P60010	0	Negative Genetic
P36012	P53064	0	Negative Genetic
P36012	P52286	0	Dosage Lethality
P36012	P47167	0	Negative Genetic;Synthetic Lethality
P36012	P47149	0	Negative Genetic
P36012	P47037	0	Dosage Rescue;Negative Genetic
P36012	P46995	0	Positive Genetic
P36012	P40969	0	Negative Genetic
P36012	P40460	0	Negative Genetic;Synthetic Rescue
P36012	P39731	0	Synthetic Growth Defect
P36012	P39706	0	Negative Genetic
P36012	P38991	0	Negative Genetic;Phenotypic Suppression
P36012	P38907	0	Negative Genetic;Synthetic Growth Defect;Synthetic Lethality
P36012	P38265	0	Negative Genetic;Synthetic Growth Defect
P36012	P36037	0	Dosage Lethality;Negative Genetic;Synthetic Growth Defect
P36009	Q08208	0	Positive Genetic
P36009	Q03862	0	Positive Genetic
P36009	P53251	0	Negative Genetic
P36008	Q08972	0	Negative Genetic
P36008	P53937	0	Negative Genetic
P36008	P41805	0	Negative Genetic
P36008	P38011	0	Negative Genetic
P36006	Q05080	0	Positive Genetic
P36006	Q04439	0	Negative Genetic;Phenotypic Enhancement;Phenotypic Suppression;Synthetic Growth Defect;Synthetic Lethality
P36006	P38822	0	Synthetic Lethality
P36001	Q12676	0	Synthetic Growth Defect
P36001	Q08645	0	Positive Genetic
P36000	Q08951	0	Negative Genetic
P36000	P46682	0	Negative Genetic
P36000	P40955	0	Phenotypic Suppression;Synthetic Rescue
P36000	P40529	0	Negative Genetic
P36000	P38817	0	Negative Genetic;Synthetic Growth Defect
P36000	P38555	0	Negative Genetic
P35999	Q07540	0	Dosage Rescue
P35999	P40051	0	Synthetic Growth Defect
P35998	P42766	0	Positive Genetic
P35997	P38711	0	Negative Genetic;Synthetic Lethality
P35996	Q12522	0	Negative Genetic
P35845	P40529	0	Negative Genetic
P35845	P40075	0	Dosage Growth Defect
P35845	P38755	0	Synthetic Growth Defect
P35845	P38713	0	Phenotypic Enhancement
P35844	P53332	0	Negative Genetic
P35844	P39524	0	Dosage Rescue;Phenotypic Suppression;Synthetic Rescue
P35844	P38713	0	Phenotypic Enhancement;Synthetic Growth Defect
P35842	P38693	0	Phenotypic Enhancement
P35731	P39525	0	Positive Genetic
P35731	P38790	0	Positive Genetic
P35731	P38071	0	Positive Genetic
P35729	Q99257	0	Negative Genetic
P35729	P52891	0	Synthetic Lethality
P35729	P46673	0	Synthetic Lethality
P35729	P39685	0	Negative Genetic;Synthetic Lethality
P35729	P36161	0	Synthetic Lethality
P35728	Q08553	0	Negative Genetic
P35728	P47172	0	Phenotypic Suppression;Synthetic Rescue
P35718	P47076	0	Dosage Rescue
P35691	Q12690	0	Negative Genetic
P35691	P41805	0	Negative Genetic
P35688	Q05080	0	Synthetic Rescue
P35688	P53046	0	Synthetic Rescue
P35639	P53568	0	Phenotypic Enhancement
P35625	P50052	0	Dosage Lethality;Phenotypic Enhancement
P35557	P52789	0	Negative Genetic
P35497	Q07786	0	Phenotypic Enhancement
P35227	Q9BYE7	0	Phenotypic Enhancement
P35226	Q9BYE7	0	Phenotypic Enhancement
P35226	Q92769	0	Negative Genetic
P35226	Q3KNV8	0	Negative Genetic
P35226	Q15910	0	Positive Genetic
P35226	P35227	0	Negative Genetic
P35207	Q12277	0	Negative Genetic
P35207	Q12149	0	Negative Genetic
P35207	Q08745	0	Negative Genetic
P35207	Q06142	0	Negative Genetic
P35207	Q02793	0	Positive Genetic
P35207	Q02792	0	Synthetic Rescue
P35207	P47017	0	Negative Genetic;Phenotypic Enhancement;Synthetic Growth Defect;Synthetic Rescue
P35207	P46948	0	Phenotypic Enhancement
P35207	P38792	0	Negative Genetic
P35207	P38112	0	Phenotypic Suppression
P35207	P38011	0	Negative Genetic;Phenotypic Enhancement
P35206	Q3E790	0	Synthetic Growth Defect;Synthetic Rescue
P35206	Q06338	0	Negative Genetic
P35206	Q03529	0	Negative Genetic;Phenotypic Enhancement;Synthetic Rescue
P35206	Q02896	0	Positive Genetic
P35206	P40970	0	Positive Genetic;Synthetic Rescue
P35206	P38992	0	Phenotypic Enhancement;Phenotypic Suppression;Positive Genetic;Synthetic Rescue
P35206	P38954	0	Negative Genetic
P35206	P38342	0	Phenotypic Suppression;Positive Genetic;Synthetic Rescue
P35206	P36107	0	Negative Genetic;Synthetic Rescue
P35203	Q12748	0	Dosage Lethality;Negative Genetic;Synthetic Lethality
P35203	Q08446	0	Dosage Rescue;Negative Genetic
P35203	Q06675	0	Dosage Lethality;Negative Genetic
P35203	Q02732	0	Dosage Lethality;Negative Genetic;Synthetic Lethality
P35203	P52286	0	Dosage Rescue
P35203	P40969	0	Dosage Lethality
P35203	P40958	0	Negative Genetic;Synthetic Growth Defect;Synthetic Lethality
P35203	P38907	0	Dosage Lethality;Negative Genetic;Synthetic Growth Defect
P35203	P36012	0	Negative Genetic
P35200	Q07560	0	Negative Genetic;Synthetic Lethality
P35200	Q05776	0	Phenotypic Enhancement;Phenotypic Suppression;Synthetic Growth Defect;Synthetic Rescue
P35200	Q04006	0	Dosage Rescue;Phenotypic Enhancement;Phenotypic Suppression;Synthetic Growth Defect;Synthetic Rescue
P35200	P40961	0	Negative Genetic;Phenotypic Enhancement;Synthetic Lethality
P35200	P38880	0	Dosage Rescue;Negative Genetic;Phenotypic Enhancement;Synthetic Growth Defect
P35200	P38812	0	Negative Genetic
P35196	Q12063	0	Negative Genetic
P35196	Q12051	0	Negative Genetic
P35196	Q03175	0	Dosage Rescue;Synthetic Lethality
P35191	P42834	0	Synthetic Growth Defect
P35189	Q12692	0	Negative Genetic;Synthetic Lethality
P35189	Q12509	0	Negative Genetic
P35189	Q12432	0	Negative Genetic
P35189	Q12386	0	Negative Genetic
P35189	Q08649	0	Synthetic Lethality
P35189	Q03435	0	Positive Genetic
P35189	Q03330	0	Synthetic Lethality
P35189	P80428	0	Synthetic Lethality
P35189	P60010	0	Synthetic Haploinsufficiency
P35189	P53930	0	Negative Genetic;Synthetic Growth Defect;Synthetic Lethality
P35189	P53201	0	Synthetic Lethality
P35189	P53114	0	Negative Genetic
P35189	P47821	0	Positive Genetic
P35189	P40060	0	Negative Genetic
P35189	P38956	0	Positive Genetic
P35184	P41805	0	Dosage Rescue
P35182	Q00772	0	Dosage Rescue;Phenotypic Enhancement;Phenotypic Suppression;Positive Genetic;Synthetic Lethality;Synthetic Rescue
P35182	P39966	0	Negative Genetic;Synthetic Growth Defect
P35182	P38797	0	Positive Genetic
P35182	P36108	0	Negative Genetic
P35180	Q92328	0	Negative Genetic
P35180	Q02776	0	Negative Genetic
P35180	P53507	0	Negative Genetic;Synthetic Growth Defect
P35180	P50110	0	Synthetic Lethality
P35180	P49334	0	Dosage Rescue
P35180	P36112	0	Positive Genetic
P35179	Q04969	0	Negative Genetic
P35179	P46964	0	Negative Genetic
P35179	P39742	0	Negative Genetic
P35179	P39007	0	Negative Genetic
P35178	Q12499	0	Negative Genetic
P35178	Q12460	0	Negative Genetic
P35178	Q12339	0	Negative Genetic
P35178	Q08962	0	Negative Genetic
P35178	Q08235	0	Negative Genetic
P35178	Q08208	0	Negative Genetic
P35178	Q07623	0	Negative Genetic
P35178	Q06218	0	Negative Genetic
P35178	Q05946	0	Negative Genetic
P35178	Q02892	0	Negative Genetic
P35178	P53877	0	Negative Genetic
P35178	P53742	0	Negative Genetic
P35178	P53734	0	Negative Genetic
P35178	P53261	0	Negative Genetic
P35178	P53221	0	Negative Genetic
P35178	P49167	0	Negative Genetic
P35178	P40991	0	Negative Genetic
P35178	P40693	0	Negative Genetic
P35178	P38882	0	Negative Genetic
P35178	P38805	0	Negative Genetic
P35178	P38789	0	Negative Genetic
P35178	P38333	0	Positive Genetic
P35178	P38112	0	Negative Genetic
P35178	P36120	0	Negative Genetic
P35178	P36080	0	Negative Genetic
P35172	Q00764	0	Dosage Rescue;Phenotypic Enhancement
P35172	P48016	0	Phenotypic Enhancement;Phenotypic Suppression
P34896	P34897	0	Negative Genetic
P34760	Q04120	0	Phenotypic Enhancement;Phenotypic Suppression;Synthetic Growth Defect;Synthetic Rescue
P34760	P41921	0	Synthetic Lethality
P34760	P40581	0	Negative Genetic;Synthetic Growth Defect
P34760	P40553	0	Phenotypic Enhancement;Phenotypic Suppression
P34760	P38315	0	Negative Genetic;Synthetic Growth Defect;Synthetic Lethality
P34760	P38143	0	Synthetic Growth Defect
P34760	P38013	0	Negative Genetic;Phenotypic Suppression;Synthetic Growth Defect
P34760	P36014	0	Synthetic Growth Defect
P34730	P60010	0	Dosage Growth Defect
P34253	Q06706	0	Positive Genetic
P34253	Q04868	0	Positive Genetic
P34253	Q02908	0	Positive Genetic
P34253	Q02884	0	Positive Genetic
P34253	P53088	0	Negative Genetic
P34253	P42935	0	Positive Genetic
P34253	P38820	0	Negative Genetic
P34247	Q12149	0	Negative Genetic
P34247	P38961	0	Negative Genetic
P34247	P38801	0	Synthetic Lethality
P34247	P36144	0	Negative Genetic
P34237	Q12234	0	Negative Genetic;Synthetic Lethality
P34237	Q06096	0	Negative Genetic
P34237	P38736	0	Dosage Growth Defect;Synthetic Rescue
P34234	Q99177	0	Dosage Growth Defect;Synthetic Growth Defect
P34234	Q06217	0	Negative Genetic
P34234	P54999	0	Positive Genetic
P34232	Q99257	0	Dosage Rescue;Negative Genetic
P34232	Q12315	0	Negative Genetic
P34232	Q08004	0	Synthetic Lethality
P34232	Q03862	0	Dosage Rescue;Negative Genetic;Synthetic Lethality
P34232	P46673	0	Dosage Rescue;Synthetic Lethality;Synthetic Rescue
P34232	P40066	0	Synthetic Lethality
P34232	P39715	0	Negative Genetic;Synthetic Growth Defect;Synthetic Lethality
P34232	P38861	0	Synthetic Lethality
P34230	Q02207	0	Phenotypic Enhancement
P34230	P39518	0	Phenotypic Enhancement;Synthetic Growth Defect
P34227	Q03020	0	Negative Genetic
P34227	P41921	0	Phenotypic Suppression
P34227	P40581	0	Synthetic Growth Defect
P34227	P38816	0	Phenotypic Suppression
P34227	P38143	0	Synthetic Growth Defect
P34227	P38013	0	Synthetic Growth Defect
P34227	P36014	0	Synthetic Growth Defect
P34223	Q04228	0	Negative Genetic;Synthetic Lethality
P34223	P54730	0	Negative Genetic
P34223	P38886	0	Negative Genetic;Synthetic Growth Defect
P34223	P36047	0	Synthetic Lethality
P34223	P36037	0	Phenotypic Suppression
P34221	P39966	0	Phenotypic Enhancement;Synthetic Growth Defect;Synthetic Lethality
P34221	P38797	0	Synthetic Growth Defect
P34162	Q99278	0	Negative Genetic
P34162	Q08278	0	Negative Genetic;Synthetic Growth Defect
P34162	P53114	0	Negative Genetic
P34162	P47822	0	Negative Genetic
P34162	P47821	0	Positive Genetic
P34162	P39073	0	Phenotypic Suppression;Positive Genetic
P34162	P38902	0	Negative Genetic
P34162	P38633	0	Negative Genetic
P34162	P38304	0	Negative Genetic
P34160	Q08920	0	Positive Genetic;Synthetic Growth Defect;Synthetic Rescue
P34160	Q07930	0	Negative Genetic
P34160	Q07508	0	Synthetic Lethality
P34160	Q07478	0	Negative Genetic
P34160	Q07350	0	Negative Genetic
P34160	Q05949	0	Synthetic Lethality
P34160	Q03782	0	Negative Genetic;Synthetic Lethality
P34160	Q03776	0	Negative Genetic
P34160	Q02792	0	Synthetic Lethality
P34160	P43321	0	Synthetic Lethality
P34160	P38074	0	Negative Genetic;Synthetic Lethality
P34111	Q12415	0	Dosage Rescue
P34111	Q12308	0	Negative Genetic
P34111	Q06339	0	Negative Genetic;Synthetic Rescue
P34111	P47076	0	Negative Genetic
P34111	P40422	0	Dosage Rescue
P34110	Q99260	0	Negative Genetic;Synthetic Growth Defect;Synthetic Lethality
P34110	Q07468	0	Negative Genetic
P34110	Q06696	0	Negative Genetic
P34110	Q04053	0	Phenotypic Suppression
P34110	P47057	0	Phenotypic Enhancement;Phenotypic Suppression;Synthetic Growth Defect
P34110	P40959	0	Synthetic Growth Defect
P34110	P40335	0	Phenotypic Suppression;Positive Genetic
P34110	P39702	0	Phenotypic Suppression;Positive Genetic
P34110	P38759	0	Dosage Rescue;Positive Genetic
P34087	Q06697	0	Synthetic Lethality
P34087	Q01159	0	Negative Genetic
P34087	P54999	0	Negative Genetic
P34087	P40084	0	Dosage Rescue;Synthetic Growth Defect
P34087	P38203	0	Positive Genetic
P34082	Q24323	0	Phenotypic Enhancement;Phenotypic Suppression
P34082	Q24322	0	Phenotypic Enhancement;Phenotypic Suppression
P34078	Q12460	0	Positive Genetic
P34078	Q08235	0	Positive Genetic
P34078	Q08208	0	Positive Genetic
P34078	Q07381	0	Synthetic Rescue
P34078	Q06672	0	Positive Genetic
P34078	Q04373	0	Positive Genetic
P34078	Q01855	0	Synthetic Growth Defect;Synthetic Lethality
P34078	Q00582	0	Phenotypic Suppression
P34078	P53927	0	Positive Genetic
P34078	P48589	0	Synthetic Lethality
P34078	P46683	0	Dosage Rescue
P34078	P40395	0	Positive Genetic
P34078	P40160	0	Synthetic Lethality
P34078	P38961	0	Positive Genetic
P34078	P38701	0	Synthetic Growth Defect;Synthetic Lethality
P34078	P38333	0	Phenotypic Suppression
P34078	P37263	0	Positive Genetic
P34077	Q06142	0	Synthetic Lethality
P34077	P39685	0	Negative Genetic;Synthetic Lethality
P34077	P36161	0	Negative Genetic
P33931	P36655	0	Negative Genetic
P33927	P36655	0	Negative Genetic
P33919	P38506	0	Negative Genetic
P33908	Q13724	0	Negative Genetic
P33895	Q12248	0	Synthetic Lethality
P33895	Q12143	0	Negative Genetic
P33895	Q04477	0	Dosage Rescue;Negative Genetic;Synthetic Lethality
P33895	Q03954	0	Negative Genetic
P33895	P46675	0	Negative Genetic
P33895	P40958	0	Negative Genetic
P33895	P40460	0	Negative Genetic;Synthetic Lethality;Synthetic Rescue
P33895	P40014	0	Dosage Rescue;Negative Genetic;Synthetic Lethality
P33895	P36162	0	Negative Genetic
P33895	P36012	0	Negative Genetic
P33895	P35203	0	Positive Genetic
P33893	Q03557	0	Dosage Rescue
P33893	P53260	0	Dosage Rescue
P33891	Q12745	0	Dosage Lethality;Negative Genetic
P33891	P53847	0	Synthetic Lethality
P33891	P53622	0	Negative Genetic
P33891	P43621	0	Negative Genetic;Synthetic Lethality
P33891	P41834	0	Negative Genetic;Synthetic Lethality
P33891	P41811	0	Synthetic Lethality
P33891	P41810	0	Negative Genetic
P33775	Q12001	0	Negative Genetic;Synthetic Growth Defect
P33775	P47190	0	Synthetic Growth Defect
P33775	P47124	0	Negative Genetic
P33775	P46985	0	Negative Genetic
P33775	P46971	0	Dosage Rescue;Negative Genetic;Synthetic Growth Defect;Synthetic Lethality
P33767	Q92316	0	Negative Genetic
P33767	Q12001	0	Negative Genetic;Synthetic Growth Defect
P33767	Q06144	0	Negative Genetic
P33767	Q03723	0	Negative Genetic
P33767	Q02795	0	Dosage Rescue
P33767	P53730	0	Negative Genetic
P33767	P53622	0	Negative Genetic
P33767	P53008	0	Negative Genetic
P33767	P50076	0	Negative Genetic;Synthetic Growth Defect
P33767	P48439	0	Negative Genetic
P33767	P46964	0	Dosage Rescue;Negative Genetic
P33767	P41543	0	Negative Genetic
P33767	P40351	0	Negative Genetic;Synthetic Growth Defect
P33767	P40350	0	Negative Genetic;Synthetic Growth Defect;Synthetic Lethality
P33767	P39007	0	Negative Genetic
P33767	P33775	0	Negative Genetic
P33760	P53248	0	Positive Genetic
P33759	P53937	0	Negative Genetic
P33755	Q08109	0	Synthetic Rescue
P33755	Q04311	0	Dosage Rescue
P33755	Q04149	0	Negative Genetic
P33755	Q02159	0	Synthetic Rescue
P33755	P38428	0	Synthetic Rescue
P33755	P34243	0	Positive Genetic
P33754	Q04746	0	Phenotypic Enhancement
P33754	P47154	0	Negative Genetic;Phenotypic Enhancement;Phenotypic Suppression
P33754	P35179	0	Negative Genetic
P33753	Q03862	0	Negative Genetic
P33753	P41819	0	Negative Genetic
P33750	Q99207	0	Negative Genetic
P33750	Q12339	0	Negative Genetic
P33750	Q12149	0	Negative Genetic
P33750	Q08972	0	Negative Genetic
P33750	Q07623	0	Negative Genetic
P33750	Q05946	0	Negative Genetic
P33750	Q05498	0	Negative Genetic
P33750	Q03532	0	Negative Genetic
P33750	Q02354	0	Negative Genetic
P33750	P53276	0	Negative Genetic
P33750	P45818	0	Negative Genetic
P33750	P40470	0	Negative Genetic
P33750	P40079	0	Negative Genetic
P33750	P40055	0	Negative Genetic
P33750	P36144	0	Negative Genetic
P33750	P35178	0	Negative Genetic
P33644	P67080	0	Negative Genetic
P33643	P60723	0	Negative Genetic
P33591	P75796	0	Negative Genetic
P33552	P61024	0	Negative Genetic
P33448	Q04311	0	Synthetic Rescue
P33448	P80967	0	Dosage Rescue;Phenotypic Suppression;Synthetic Growth Defect
P33448	P53507	0	Negative Genetic;Synthetic Growth Defect
P33448	P50110	0	Dosage Rescue;Negative Genetic;Phenotypic Suppression;Synthetic Lethality
P33448	P41800	0	Negative Genetic
P33448	P39722	0	Negative Genetic
P33448	P35180	0	Negative Genetic
P33442	Q12196	0	Positive Genetic
P33442	Q07381	0	Negative Genetic
P33442	Q06679	0	Negative Genetic
P33442	Q05946	0	Negative Genetic
P33442	P47077	0	Negative Genetic
P33442	P40055	0	Positive Genetic
P33442	P38961	0	Positive Genetic
P33442	P38930	0	Negative Genetic
P33421	Q12328	0	Dosage Rescue
P33421	Q04487	0	Dosage Rescue;Synthetic Growth Defect
P33420	P53086	0	Negative Genetic;Synthetic Growth Defect;Synthetic Lethality
P33420	P40960	0	Positive Genetic
P33420	P40013	0	Negative Genetic;Phenotypic Enhancement;Synthetic Growth Defect;Synthetic Lethality
P33420	P38696	0	Positive Genetic
P33420	P36224	0	Positive Genetic
P33418	Q99257	0	Phenotypic Suppression
P33418	Q99189	0	Phenotypic Enhancement
P33418	Q12211	0	Negative Genetic;Synthetic Growth Defect;Synthetic Lethality
P33418	P50278	0	Dosage Rescue
P33418	P46672	0	Negative Genetic;Synthetic Lethality
P33411	Q12417	0	Negative Genetic
P33411	Q12330	0	Negative Genetic
P33411	Q12309	0	Negative Genetic
P33411	Q08963	0	Negative Genetic
P33411	Q07930	0	Negative Genetic
P33411	Q06406	0	Negative Genetic
P33411	Q06217	0	Negative Genetic
P33411	Q06091	0	Negative Genetic
P33411	Q04048	0	Negative Genetic
P33411	Q03772	0	Negative Genetic
P33411	Q03654	0	Negative Genetic
P33411	Q03375	0	Negative Genetic
P33411	Q03338	0	Negative Genetic
P33411	Q02775	0	Dosage Rescue;Negative Genetic;Synthetic Lethality;Synthetic Rescue
P33411	P57743	0	Negative Genetic
P33411	P54999	0	Negative Genetic
P33411	P53905	0	Negative Genetic
P33411	P53333	0	Negative Genetic
P33411	P53277	0	Negative Genetic
P33411	P47093	0	Negative Genetic
P33411	P40968	0	Negative Genetic;Phenotypic Enhancement;Synthetic Lethality
P33411	P39990	0	Negative Genetic
P33411	P38241	0	Negative Genetic
P33411	P38203	0	Negative Genetic
P33411	P36048	0	Negative Genetic
P33401	P37012	0	Negative Genetic;Phenotypic Enhancement;Synthetic Growth Defect;Synthetic Lethality
P33399	P53331	0	Phenotypic Suppression
P33399	P47093	0	Negative Genetic;Synthetic Lethality
P33399	P46672	0	Negative Genetic
P33399	P33418	0	Negative Genetic;Synthetic Growth Defect
P33339	Q12415	0	Dosage Rescue
P33339	Q06339	0	Negative Genetic
P33339	Q04307	0	Negative Genetic
P33339	P47076	0	Negative Genetic
P33339	P40422	0	Dosage Rescue
P33339	P34111	0	Dosage Rescue;Negative Genetic;Synthetic Rescue
P33338	Q04439	0	Negative Genetic
P33338	P60010	0	Dosage Rescue;Negative Genetic
P33338	P39940	0	Negative Genetic;Synthetic Growth Defect
P33338	P39743	0	Negative Genetic
P33338	P39013	0	Synthetic Lethality
P33338	P38822	0	Negative Genetic
P33336	P38954	0	Phenotypic Enhancement
P33333	Q08650	0	Phenotypic Suppression
P33333	Q08548	0	Negative Genetic;Synthetic Lethality
P33333	P40345	0	Phenotypic Suppression
P33331	Q06142	0	Negative Genetic
P33331	P47123	0	Dosage Rescue;Negative Genetic
P33331	P34077	0	Dosage Lethality
P33330	P53981	0	Negative Genetic
P33330	P48015	0	Synthetic Lethality
P33330	P37303	0	Dosage Rescue
P33330	P37292	0	Synthetic Lethality
P33330	P37291	0	Synthetic Lethality
P33328	Q03322	0	Negative Genetic;Synthetic Growth Defect
P33328	Q01590	0	Negative Genetic
P33328	P43682	0	Dosage Rescue
P33328	P39926	0	Dosage Rescue;Negative Genetic;Synthetic Growth Defect;Synthetic Lethality
P33328	P36015	0	Dosage Rescue;Negative Genetic;Synthetic Growth Defect
P33327	P49095	0	Negative Genetic
P33327	P39708	0	Phenotypic Suppression
P33322	Q08647	0	Positive Genetic
P33322	Q08492	0	Negative Genetic
P33322	Q08235	0	Negative Genetic
P33322	Q08208	0	Positive Genetic
P33322	Q03862	0	Positive Genetic
P33322	P40991	0	Negative Genetic
P33322	P38789	0	Negative Genetic
P33322	P34160	0	Synthetic Lethality
P33322	P33442	0	Positive Genetic
P33317	P47119	0	Phenotypic Suppression;Synthetic Rescue
P33317	P38251	0	Synthetic Lethality
P33317	P38207	0	Dosage Rescue;Synthetic Growth Defect
P33315	P53319	0	Synthetic Lethality
P33315	P46969	0	Synthetic Lethality
P33315	P38720	0	Synthetic Lethality
P33313	P53691	0	Dosage Growth Defect
P33313	P47103	0	Dosage Rescue;Phenotypic Enhancement;Phenotypic Suppression;Synthetic Growth Defect;Synthetic Lethality
P33309	Q3E7X9	0	Negative Genetic;Synthetic Growth Defect
P33309	Q3E757	0	Negative Genetic
P33309	Q12690	0	Negative Genetic
P33309	Q12532	0	Dosage Rescue
P33309	Q08745	0	Negative Genetic;Synthetic Growth Defect
P33309	Q08491	0	Phenotypic Enhancement;Phenotypic Suppression;Synthetic Growth Defect
P33309	Q01855	0	Negative Genetic
P33309	P46784	0	Negative Genetic;Synthetic Growth Defect
P33309	P41805	0	Negative Genetic
P33309	P41057	0	Negative Genetic;Synthetic Growth Defect
P33309	P39939	0	Negative Genetic
P33309	P38711	0	Synthetic Growth Defect
P33309	P38701	0	Negative Genetic
P33309	P38011	0	Dosage Rescue;Phenotypic Enhancement
P33309	P36105	0	Negative Genetic
P33309	P35997	0	Negative Genetic
P33309	P35207	0	Phenotypic Enhancement;Synthetic Growth Defect
P33309	P33442	0	Dosage Rescue;Negative Genetic;Synthetic Growth Defect
P33308	Q08278	0	Negative Genetic;Synthetic Growth Defect
P33308	Q06213	0	Negative Genetic
P33308	Q04673	0	Negative Genetic
P33308	P53114	0	Positive Genetic
P33308	P38633	0	Negative Genetic
P33308	P38304	0	Negative Genetic;Synthetic Growth Defect
P33308	P34162	0	Negative Genetic
P33307	Q99189	0	Synthetic Growth Defect
P33307	Q02821	0	Dosage Rescue;Synthetic Growth Defect;Synthetic Lethality
P33307	P41920	0	Negative Genetic
P33300	Q03529	0	Negative Genetic;Synthetic Rescue
P33300	P38995	0	Dosage Rescue;Negative Genetic;Phenotypic Suppression
P33300	P38992	0	Phenotypic Suppression;Positive Genetic;Synthetic Rescue
P33300	P38954	0	Negative Genetic
P33300	P38287	0	Negative Genetic;Phenotypic Enhancement;Synthetic Growth Defect;Synthetic Lethality
P33300	P36107	0	Negative Genetic
P33300	P35206	0	Dosage Rescue;Negative Genetic
P33299	Q12377	0	Negative Genetic
P33299	Q12250	0	Negative Genetic
P33299	Q08723	0	Negative Genetic
P33299	Q06103	0	Negative Genetic
P33299	Q01939	0	Negative Genetic;Synthetic Growth Defect
P33299	P53549	0	Negative Genetic
P33299	P43593	0	Positive Genetic
P33299	P43588	0	Negative Genetic;Positive Genetic
P33299	P40327	0	Negative Genetic
P33299	P40303	0	Negative Genetic;Positive Genetic
P33299	P40302	0	Positive Genetic
P33299	P38886	0	Negative Genetic
P33299	P38624	0	Positive Genetic
P33299	P38348	0	Dosage Rescue;Negative Genetic
P33298	Q12513	0	Negative Genetic
P33298	Q12377	0	Negative Genetic;Positive Genetic
P33298	Q12250	0	Negative Genetic
P33298	Q08723	0	Negative Genetic;Positive Genetic
P33298	Q06103	0	Negative Genetic;Positive Genetic
P33298	Q01939	0	Negative Genetic;Phenotypic Enhancement;Positive Genetic;Synthetic Growth Defect
P33298	P53549	0	Negative Genetic
P33298	P50086	0	Negative Genetic;Synthetic Growth Defect
P33298	P43588	0	Negative Genetic;Positive Genetic
P33298	P40555	0	Negative Genetic
P33298	P40327	0	Negative Genetic
P33298	P40303	0	Positive Genetic
P33298	P40302	0	Positive Genetic
P33298	P38886	0	Negative Genetic
P33298	P38624	0	Negative Genetic
P33298	P38348	0	Negative Genetic;Synthetic Growth Defect
P33298	P33299	0	Negative Genetic
P33297	Q12377	0	Negative Genetic
P33297	Q12250	0	Positive Genetic
P33297	Q08723	0	Positive Genetic
P33297	Q06103	0	Negative Genetic;Positive Genetic
P33297	Q05778	0	Negative Genetic
P33297	Q01939	0	Negative Genetic;Positive Genetic
P33297	P53196	0	Dosage Rescue
P33297	P50086	0	Negative Genetic;Synthetic Growth Defect
P33297	P43593	0	Negative Genetic
P33297	P43588	0	Positive Genetic
P33297	P40555	0	Dosage Rescue
P33297	P40327	0	Dosage Rescue;Positive Genetic;Synthetic Growth Defect
P33297	P40303	0	Positive Genetic
P33297	P40302	0	Positive Genetic
P33297	P38886	0	Negative Genetic
P33297	P38624	0	Positive Genetic
P33297	P38348	0	Dosage Rescue;Synthetic Growth Defect
P33297	P33299	0	Negative Genetic;Positive Genetic
P33297	P33298	0	Negative Genetic;Positive Genetic
P33296	Q08109	0	Phenotypic Enhancement
P33296	Q02159	0	Phenotypic Enhancement;Synthetic Growth Defect
P33296	P39940	0	Phenotypic Enhancement
P33229	P39394	0	Negative Genetic
P33204	P60010	0	Synthetic Haploinsufficiency
P33203	Q12330	0	Synthetic Lethality
P33203	Q12309	0	Negative Genetic
P33203	Q08963	0	Negative Genetic
P33203	Q08920	0	Negative Genetic
P33203	Q07508	0	Negative Genetic;Synthetic Growth Defect
P33203	Q07350	0	Negative Genetic
P33203	Q06835	0	Negative Genetic
P33203	Q04693	0	Negative Genetic
P33203	Q04048	0	Negative Genetic
P33203	Q03782	0	Negative Genetic
P33203	Q03654	0	Negative Genetic
P33203	Q02554	0	Negative Genetic
P33203	Q02260	0	Negative Genetic
P33201	Q12522	0	Negative Genetic
P33201	Q12149	0	Negative Genetic
P33201	Q08965	0	Positive Genetic
P33201	Q08962	0	Negative Genetic
P33201	Q08208	0	Positive Genetic
P33201	Q07896	0	Negative Genetic
P33201	Q07381	0	Negative Genetic
P33201	Q06218	0	Negative Genetic
P33201	Q05946	0	Negative Genetic
P33201	Q03862	0	Negative Genetic
P33201	Q03532	0	Negative Genetic
P33201	Q02892	0	Negative Genetic
P33201	Q02256	0	Dosage Lethality;Dosage Rescue;Synthetic Rescue
P33201	P53734	0	Negative Genetic
P33201	P53261	0	Negative Genetic
P33201	P53131	0	Negative Genetic
P33201	P47120	0	Positive Genetic
P33201	P47047	0	Negative Genetic
P33201	P46959	0	Negative Genetic
P33201	P41056	0	Negative Genetic
P33201	P40991	0	Negative Genetic
P33201	P40079	0	Positive Genetic
P33201	P39715	0	Positive Genetic
P33201	P39007	0	Positive Genetic
P33201	P38803	0	Negative Genetic
P33201	P38333	0	Negative Genetic
P33201	P38205	0	Positive Genetic
P33201	P38112	0	Negative Genetic
P33201	P36049	0	Positive Genetic
P33201	P36048	0	Positive Genetic
P33201	P34078	0	Positive Genetic
P33200	P38788	0	Phenotypic Enhancement
P33200	P38699	0	Synthetic Growth Defect
P33013	P46022	0	Positive Genetic
P32939	Q99260	0	Negative Genetic;Synthetic Growth Defect
P32939	Q07468	0	Positive Genetic
P32939	P54787	0	Negative Genetic;Phenotypic Suppression
P32939	P53129	0	Dosage Rescue;Phenotypic Suppression;Positive Genetic
P32939	P48365	0	Phenotypic Suppression
P32939	P40960	0	Negative Genetic
P32939	P39968	0	Positive Genetic
P32939	P39962	0	Phenotypic Suppression
P32939	P38959	0	Phenotypic Suppression
P32939	P38182	0	Phenotypic Suppression
P32939	P36017	0	Negative Genetic;Phenotypic Enhancement;Phenotypic Suppression
P32916	P46990	0	Positive Genetic
P32916	P41805	0	Negative Genetic
P32916	P38353	0	Negative Genetic
P32916	P36057	0	Dosage Rescue;Negative Genetic
P32915	Q12672	0	Negative Genetic
P32915	Q12154	0	Negative Genetic
P32915	Q08199	0	Negative Genetic
P32915	Q08109	0	Dosage Lethality;Phenotypic Enhancement;Synthetic Rescue
P32915	Q05787	0	Phenotypic Enhancement;Synthetic Rescue
P32915	Q04969	0	Negative Genetic
P32915	Q03723	0	Negative Genetic
P32915	Q03103	0	Negative Genetic
P32915	Q02159	0	Negative Genetic;Phenotypic Enhancement;Positive Genetic;Synthetic Rescue
P32915	P54837	0	Positive Genetic
P32915	P47154	0	Negative Genetic;Phenotypic Suppression;Synthetic Rescue
P32915	P41805	0	Positive Genetic
P32915	P41058	0	Positive Genetic
P32915	P39742	0	Negative Genetic
P32915	P38428	0	Negative Genetic;Phenotypic Enhancement;Positive Genetic
P32915	P38353	0	Negative Genetic;Phenotypic Enhancement;Phenotypic Suppression;Synthetic Growth Defect;Synthetic Lethality
P32915	P36057	0	Negative Genetic;Synthetic Rescue
P32915	P35179	0	Dosage Rescue;Negative Genetic;Phenotypic Suppression;Synthetic Lethality;Synthetic Rescue
P32915	P33754	0	Negative Genetic
P32915	P33296	0	Phenotypic Suppression;Synthetic Rescue
P32914	Q06697	0	Negative Genetic
P32914	Q06505	0	Synthetic Lethality
P32914	Q05949	0	Synthetic Lethality
P32914	Q03957	0	Synthetic Growth Defect
P32914	Q03254	0	Synthetic Growth Defect
P32914	P61830	0	Negative Genetic;Phenotypic Suppression
P32914	P53538	0	Synthetic Rescue
P32914	P53064	0	Synthetic Growth Defect;Synthetic Lethality
P32914	P40084	0	Synthetic Growth Defect;Synthetic Lethality
P32914	P38351	0	Synthetic Lethality
P32914	P36053	0	Negative Genetic;Synthetic Lethality
P32914	P34087	0	Phenotypic Enhancement;Synthetic Lethality
P32913	P47057	0	Negative Genetic;Phenotypic Enhancement;Synthetic Lethality
P32913	P40335	0	Phenotypic Suppression;Positive Genetic
P32913	P38759	0	Positive Genetic
P32913	P34110	0	Phenotypic Suppression;Positive Genetic
P32911	Q04067	0	Dosage Growth Defect
P32911	P40217	0	Dosage Rescue
P32911	P38912	0	Dosage Rescue;Phenotypic Suppression;Synthetic Rescue
P32911	P38431	0	Dosage Lethality;Dosage Rescue;Phenotypic Suppression;Synthetic Lethality;Synthetic Rescue
P32908	Q06680	0	Negative Genetic
P32908	Q04305	0	Negative Genetic
P32908	Q04264	0	Negative Genetic
P32908	Q01454	0	Negative Genetic;Synthetic Lethality
P32908	P49956	0	Negative Genetic;Synthetic Lethality
P32908	P47037	0	Negative Genetic;Phenotypic Enhancement;Synthetic Lethality;Synthetic Rescue
P32908	P43605	0	Phenotypic Suppression;Synthetic Growth Defect;Synthetic Lethality;Synthetic Rescue
P32908	P40958	0	Negative Genetic
P32908	P40460	0	Dosage Rescue
P32908	P40090	0	Negative Genetic;Synthetic Rescue
P32908	P38877	0	Negative Genetic;Synthetic Growth Defect;Synthetic Lethality
P32908	P36012	0	Negative Genetic
P32906	Q12205	0	Synthetic Rescue
P32905	Q12460	0	Positive Genetic
P32905	Q04305	0	Negative Genetic
P32905	P49167	0	Negative Genetic
P32905	P46654	0	Negative Genetic;Synthetic Lethality
P32905	P43588	0	Negative Genetic
P32905	P38011	0	Negative Genetic
P32905	P36048	0	Negative Genetic
P32905	P33309	0	Negative Genetic;Synthetic Growth Defect
P32904	Q3E757	0	Negative Genetic
P32904	Q12690	0	Negative Genetic
P32904	Q08199	0	Negative Genetic
P32904	P41057	0	Negative Genetic
P32904	P36105	0	Positive Genetic
P32901	P40897	0	Dosage Rescue
P32898	Q06010	0	Dosage Rescue;Synthetic Growth Defect
P32898	P35999	0	Negative Genetic;Synthetic Growth Defect
P32897	Q12328	0	Dosage Lethality;Negative Genetic
P32897	Q07914	0	Negative Genetic
P32897	Q02889	0	Negative Genetic
P32897	Q02776	0	Negative Genetic
P32897	Q01852	0	Negative Genetic;Synthetic Lethality
P32897	P53299	0	Positive Genetic
P32897	P53220	0	Dosage Growth Defect
P32897	P50085	0	Negative Genetic
P32897	P42949	0	Negative Genetic
P32897	P40961	0	Negative Genetic
P32897	P39515	0	Dosage Rescue;Negative Genetic;Phenotypic Suppression;Synthetic Lethality
P32897	P38523	0	Negative Genetic
P32897	P36147	0	Negative Genetic
P32897	P35180	0	Negative Genetic
P32895	Q12265	0	Synthetic Lethality
P32895	P38689	0	Synthetic Lethality
P32892	Q12024	0	Negative Genetic
P32892	Q08972	0	Negative Genetic
P32892	Q08208	0	Negative Genetic
P32892	Q04660	0	Negative Genetic
P32892	Q03532	0	Negative Genetic
P32892	P53261	0	Negative Genetic
P32892	P40991	0	Negative Genetic
P32892	P40693	0	Negative Genetic
P32892	P38805	0	Negative Genetic
P32892	P38789	0	Negative Genetic
P32892	P38112	0	Negative Genetic
P32892	P36120	0	Negative Genetic
P32892	P35178	0	Negative Genetic
P32883	Q8VBV4	0	Positive Genetic
P32867	Q12038	0	Negative Genetic
P32867	P39926	0	Negative Genetic;Phenotypic Enhancement;Synthetic Growth Defect
P32867	P36015	0	Synthetic Rescue
P32867	P33328	0	Dosage Rescue;Negative Genetic;Synthetic Rescue
P32866	Q02936	0	Phenotypic Enhancement
P32864	Q99260	0	Negative Genetic
P32864	Q01926	0	Dosage Rescue
P32864	Q00618	0	Negative Genetic
P32864	P39958	0	Dosage Rescue;Negative Genetic
P32864	P36017	0	Negative Genetic
P32863	Q12318	0	Positive Genetic
P32863	Q12223	0	Positive Genetic
P32863	Q08387	0	Phenotypic Enhancement
P32863	Q04437	0	Phenotypic Enhancement;Synthetic Growth Defect
P32863	Q04149	0	Negative Genetic;Positive Genetic;Synthetic Growth Defect
P32863	Q03937	0	Phenotypic Enhancement
P32863	Q02685	0	Synthetic Rescue
P32863	Q01454	0	Synthetic Growth Defect
P32863	P61830	0	Phenotypic Suppression
P32863	P40562	0	Negative Genetic;Positive Genetic;Synthetic Growth Defect
P32863	P40465	0	Positive Genetic;Synthetic Rescue
P32863	P39009	0	Negative Genetic;Synthetic Growth Defect
P32863	P38957	0	Negative Genetic;Positive Genetic
P32863	P38927	0	Negative Genetic
P32863	P38850	0	Negative Genetic;Synthetic Growth Defect
P32863	P38751	0	Positive Genetic
P32860	Q3E793	0	Synthetic Growth Defect
P32860	Q12425	0	Dosage Rescue
P32860	Q05931	0	Synthetic Lethality
P32860	Q03020	0	Negative Genetic;Synthetic Growth Defect
P32860	P39724	0	Negative Genetic;Synthetic Growth Defect
P32854	Q04338	0	Dosage Rescue
P32854	Q03322	0	Synthetic Lethality
P32854	P39010	0	Negative Genetic
P32854	P38932	0	Phenotypic Enhancement
P32854	P38153	0	Negative Genetic;Synthetic Lethality
P32854	P33328	0	Synthetic Lethality
P32854	P32939	0	Synthetic Growth Defect
P32844	Q04947	0	Dosage Growth Defect
P32844	P60010	0	Negative Genetic
P32844	P33328	0	Dosage Rescue;Negative Genetic
P32844	P32867	0	Dosage Rescue
P32843	P54964	0	Synthetic Rescue
P32842	P41806	0	Positive Genetic
P32839	Q03429	0	Dosage Rescue
P32838	Q00362	0	Negative Genetic
P32838	P46671	0	Positive Genetic
P32836	P47123	0	Dosage Rescue;Negative Genetic
P32836	P33331	0	Dosage Rescue;Negative Genetic
P32835	Q12306	0	Negative Genetic
P32835	Q08162	0	Dosage Rescue
P32835	Q07350	0	Negative Genetic
P32835	Q02821	0	Negative Genetic
P32835	P47123	0	Dosage Rescue;Positive Genetic
P32835	P41920	0	Negative Genetic
P32835	P40069	0	Negative Genetic
P32835	P33331	0	Dosage Rescue;Negative Genetic;Synthetic Rescue
P32835	P33307	0	Negative Genetic
P32835	P32836	0	Dosage Rescue
P32829	Q12306	0	Negative Genetic;Synthetic Growth Defect
P32829	Q06208	0	Phenotypic Enhancement;Phenotypic Suppression
P32829	Q04437	0	Dosage Growth Defect;Negative Genetic;Phenotypic Enhancement;Phenotypic Suppression;Synthetic Lethality
P32829	P38850	0	Negative Genetic;Synthetic Growth Defect
P32807	Q12223	0	Synthetic Growth Defect
P32807	Q08387	0	Phenotypic Suppression
P32807	Q06208	0	Phenotypic Enhancement;Phenotypic Suppression;Synthetic Rescue
P32807	Q06163	0	Dosage Rescue;Phenotypic Suppression;Synthetic Lethality;Synthetic Rescue
P32807	Q04437	0	Dosage Lethality;Phenotypic Enhancement
P32807	Q03096	0	Negative Genetic
P32807	P38960	0	Dosage Growth Defect;Dosage Rescue
P32807	P38147	0	Synthetic Rescue
P32807	P32863	0	Negative Genetic
P32807	P32829	0	Dosage Growth Defect;Negative Genetic;Phenotypic Enhancement;Phenotypic Suppression;Synthetic Growth Defect;Synthetic Rescue
P32806	P43570	0	Synthetic Growth Defect
P32804	Q12436	0	Negative Genetic;Phenotypic Enhancement
P32804	Q03455	0	Negative Genetic
P32803	Q04491	0	Synthetic Rescue
P32803	P53173	0	Negative Genetic
P32803	P43621	0	Negative Genetic
P32800	Q05568	0	Positive Genetic
P32800	Q04370	0	Positive Genetic
P32800	P53248	0	Positive Genetic
P32798	P47818	0	Dosage Rescue
P32798	P40544	0	Dosage Rescue
P32795	Q05776	0	Negative Genetic
P32795	P53722	0	Phenotypic Enhancement
P32795	P53259	0	Negative Genetic
P32795	P50085	0	Negative Genetic
P32795	P47045	0	Negative Genetic
P32795	P40961	0	Negative Genetic;Synthetic Lethality
P32795	P40515	0	Negative Genetic
P32795	P39952	0	Phenotypic Enhancement;Phenotypic Suppression
P32795	P39925	0	Negative Genetic;Synthetic Growth Defect;Synthetic Lethality
P32795	P36775	0	Negative Genetic
P32795	P36163	0	Synthetic Growth Defect
P32795	P32897	0	Dosage Growth Defect;Negative Genetic
P32795	P32843	0	Negative Genetic;Phenotypic Enhancement;Synthetic Growth Defect;Synthetic Lethality;Synthetic Rescue
P32794	Q08004	0	Positive Genetic
P32794	Q03862	0	Negative Genetic
P32794	P34223	0	Negative Genetic
P32791	P38993	0	Synthetic Rescue
P32791	P36033	0	Phenotypic Enhancement;Synthetic Growth Defect
P32785	Q12089	0	Synthetic Lethality
P32785	Q08818	0	Negative Genetic;Synthetic Growth Defect
P32784	Q12382	0	Negative Genetic
P32784	P40471	0	Negative Genetic
P32784	P38226	0	Dosage Rescue
P32784	P36148	0	Negative Genetic;Phenotypic Suppression;Synthetic Lethality
P32783	Q01159	0	Negative Genetic
P32776	Q12021	0	Negative Genetic
P32776	Q12004	0	Negative Genetic
P32776	Q05027	0	Negative Genetic
P32776	Q04673	0	Negative Genetic
P32776	Q04226	0	Negative Genetic
P32776	Q03957	0	Positive Genetic
P32776	Q02939	0	Negative Genetic
P32776	P61830	0	Negative Genetic
P32776	P40965	0	Positive Genetic
P32776	P38957	0	Negative Genetic
P32776	P38129	0	Negative Genetic
P32776	P37366	0	Negative Genetic
P32775	Q00764	0	Negative Genetic;Phenotypic Enhancement
P32774	Q04226	0	Dosage Rescue
P32771	P38113	0	Phenotypic Enhancement
P32769	Q3E7X9	0	Negative Genetic;Synthetic Growth Defect
P32769	Q08491	0	Phenotypic Enhancement;Synthetic Growth Defect
P32769	Q01855	0	Negative Genetic
P32769	P53859	0	Negative Genetic
P32769	P41057	0	Negative Genetic
P32769	P39939	0	Negative Genetic
P32769	P38701	0	Negative Genetic
P32769	P38011	0	Phenotypic Enhancement;Positive Genetic
P32769	P33442	0	Negative Genetic
P32769	P32905	0	Negative Genetic
P32767	P50623	0	Negative Genetic
P32684	P33643	0	Positive Genetic
P32642	Q03835	0	Negative Genetic;Phenotypic Enhancement;Synthetic Growth Defect;Synthetic Rescue
P32642	P36152	0	Synthetic Growth Defect
P32641	Q08496	0	Negative Genetic;Synthetic Growth Defect
P32641	P49956	0	Negative Genetic;Phenotypic Enhancement;Synthetic Growth Defect;Synthetic Lethality
P32641	P43605	0	Synthetic Growth Defect
P32641	P40562	0	Synthetic Rescue
P32641	P40339	0	Negative Genetic
P32641	P39009	0	Negative Genetic;Synthetic Growth Defect
P32641	P38960	0	Negative Genetic;Synthetic Lethality;Synthetic Rescue
P32641	P38877	0	Negative Genetic;Synthetic Growth Defect
P32641	P38850	0	Negative Genetic;Phenotypic Enhancement;Phenotypic Suppression
P32641	P38630	0	Dosage Lethality;Negative Genetic;Phenotypic Enhancement
P32641	P38251	0	Dosage Rescue
P32641	P38147	0	Phenotypic Enhancement;Phenotypic Suppression
P32641	P32863	0	Dosage Rescue
P32641	P32829	0	Phenotypic Enhancement
P32641	P32807	0	Synthetic Rescue
P32629	P47124	0	Positive Genetic
P32629	P38069	0	Negative Genetic
P32629	P33775	0	Negative Genetic
P32623	P53301	0	Phenotypic Enhancement;Synthetic Growth Defect
P32622	Q06892	0	Dosage Rescue;Synthetic Growth Defect;Synthetic Lethality
P32621	P40009	0	Dosage Rescue;Negative Genetic;Phenotypic Enhancement
P32621	P38069	0	Positive Genetic
P32617	Q12386	0	Synthetic Growth Defect
P32613	Q99394	0	Negative Genetic;Synthetic Growth Defect
P32613	Q03660	0	Dosage Rescue
P32613	Q03630	0	Dosage Rescue
P32613	P38334	0	Dosage Rescue;Synthetic Growth Defect;Synthetic Lethality
P32613	P36149	0	Synthetic Lethality
P32611	P38783	0	Negative Genetic
P32611	P36105	0	Negative Genetic
P32611	P36048	0	Positive Genetic
P32611	P32915	0	Positive Genetic
P32610	P41807	0	Synthetic Rescue
P32609	Q03308	0	Phenotypic Enhancement
P32609	P39702	0	Phenotypic Suppression
P32609	P38932	0	Dosage Rescue
P32609	P32854	0	Dosage Rescue;Phenotypic Enhancement;Synthetic Rescue
P32608	P41318	0	Phenotypic Suppression;Positive Genetic;Synthetic Rescue
P32607	P41318	0	Negative Genetic
P32607	P32608	0	Positive Genetic;Synthetic Rescue
P32606	P39112	0	Dosage Rescue
P32605	Q99181	0	Negative Genetic
P32605	Q99177	0	Negative Genetic
P32605	Q12330	0	Negative Genetic;Synthetic Growth Defect
P32605	Q12309	0	Negative Genetic
P32605	Q12052	0	Negative Genetic;Synthetic Growth Defect
P32605	Q08963	0	Negative Genetic
P32605	Q08920	0	Negative Genetic;Synthetic Growth Defect;Synthetic Lethality
P32605	Q07508	0	Negative Genetic;Synthetic Lethality
P32605	Q07350	0	Negative Genetic
P32605	Q06835	0	Negative Genetic
P32605	Q06217	0	Negative Genetic;Synthetic Growth Defect
P32605	Q04693	0	Negative Genetic
P32605	Q03782	0	Negative Genetic
P32605	Q03776	0	Negative Genetic
P32605	Q02554	0	Negative Genetic
P32605	Q00916	0	Synthetic Growth Defect;Synthetic Lethality
P32605	P54999	0	Negative Genetic;Synthetic Growth Defect
P32605	P53277	0	Positive Genetic
P32605	P43321	0	Synthetic Growth Defect;Synthetic Lethality
P32605	P40567	0	Synthetic Lethality
P32605	P40204	0	Synthetic Growth Defect
P32605	P40018	0	Synthetic Growth Defect
P32605	P39682	0	Negative Genetic
P32605	P36048	0	Negative Genetic
P32605	P34160	0	Synthetic Lethality
P32605	P33203	0	Negative Genetic
P32602	Q04338	0	Negative Genetic
P32602	Q03322	0	Negative Genetic
P32602	Q01590	0	Negative Genetic
P32602	P38932	0	Negative Genetic
P32602	P38736	0	Negative Genetic
P32602	P36015	0	Negative Genetic
P32602	P33891	0	Negative Genetic
P32602	P33328	0	Synthetic Lethality
P32602	P32867	0	Dosage Lethality
P32601	Q03630	0	Dosage Rescue;Negative Genetic
P32601	P60010	0	Negative Genetic
P32599	Q08873	0	Dosage Rescue;Phenotypic Enhancement;Phenotypic Suppression;Synthetic Growth Defect
P32599	Q06440	0	Negative Genetic
P32599	Q03048	0	Synthetic Lethality
P32599	P60010	0	Negative Genetic;Phenotypic Suppression;Synthetic Growth Defect;Synthetic Haploinsufficiency;Synthetic Lethality;Synthetic Rescue
P32599	P53250	0	Negative Genetic
P32599	P46680	0	Synthetic Growth Defect
P32599	P39743	0	Negative Genetic
P32599	P33338	0	Synthetic Lethality
P32598	Q04372	0	Negative Genetic
P32598	Q01329	0	Dosage Rescue
P32598	P60010	0	Negative Genetic
P32598	P43587	0	Negative Genetic;Synthetic Lethality
P32598	P40958	0	Dosage Lethality;Synthetic Lethality;Synthetic Rescue
P32598	P40210	0	Synthetic Lethality
P32598	P39927	0	Dosage Rescue
P32598	P38991	0	Dosage Lethality;Phenotypic Suppression;Synthetic Rescue
P32598	P36047	0	Dosage Rescue;Negative Genetic;Synthetic Lethality
P32598	P34223	0	Dosage Rescue;Negative Genetic;Synthetic Lethality;Synthetic Rescue
P32597	Q12406	0	Synthetic Rescue
P32597	Q06639	0	Synthetic Lethality
P32597	Q05123	0	Synthetic Rescue
P32597	Q03124	0	Synthetic Lethality
P32597	P61830	0	Synthetic Growth Defect
P32597	P36012	0	Synthetic Growth Defect;Synthetic Lethality
P32590	P40548	0	Dosage Rescue
P32590	P38260	0	Dosage Rescue
P32589	P53193	0	Negative Genetic
P32589	P47138	0	Negative Genetic
P32589	P40548	0	Dosage Rescue;Synthetic Growth Defect
P32589	P40150	0	Dosage Lethality
P32589	P39102	0	Dosage Rescue
P32589	P38260	0	Dosage Growth Defect;Dosage Rescue;Phenotypic Enhancement;Phenotypic Suppression;Synthetic Growth Defect;Synthetic Rescue
P32589	P32590	0	Dosage Rescue;Negative Genetic;Phenotypic Enhancement;Phenotypic Suppression;Synthetic Lethality
P32584	Q03530	0	Phenotypic Enhancement
P32584	P47154	0	Phenotypic Enhancement
P32582	P53206	0	Positive Genetic
P32580	P39112	0	Dosage Rescue;Phenotypic Suppression
P32580	P32606	0	Dosage Rescue
P32571	Q99176	0	Positive Genetic
P32571	Q01476	0	Phenotypic Suppression
P32571	P69771	0	Synthetic Rescue
P32571	P52917	0	Phenotypic Suppression;Positive Genetic;Synthetic Rescue
P32571	P50101	0	Phenotypic Suppression
P32571	P48582	0	Phenotypic Suppression
P32571	P39929	0	Phenotypic Suppression;Synthetic Rescue
P32571	P38747	0	Negative Genetic
P32571	P36108	0	Synthetic Rescue
P32571	P36095	0	Positive Genetic;Synthetic Rescue
P32571	P36037	0	Synthetic Growth Defect
P32570	Q99278	0	Negative Genetic
P32570	P53114	0	Negative Genetic
P32565	Q08003	0	Phenotypic Enhancement;Synthetic Growth Defect
P32565	Q01939	0	Negative Genetic;Synthetic Rescue
P32565	P43588	0	Positive Genetic
P32565	P40327	0	Negative Genetic
P32565	P40302	0	Positive Genetic
P32565	P40016	0	Negative Genetic
P32565	P38886	0	Negative Genetic
P32565	P38624	0	Negative Genetic
P32565	P33298	0	Negative Genetic
P32563	P53262	0	Synthetic Growth Defect
P32563	P41806	0	Synthetic Growth Defect
P32563	P38929	0	Synthetic Growth Defect
P32563	P37296	0	Dosage Rescue;Negative Genetic;Phenotypic Enhancement;Synthetic Growth Defect;Synthetic Lethality;Synthetic Rescue
P32563	P36017	0	Negative Genetic
P32563	P32939	0	Positive Genetic
P32562	Q05080	0	Synthetic Growth Defect
P32562	Q00684	0	Dosage Rescue;Phenotypic Enhancement;Phenotypic Suppression;Synthetic Lethality;Synthetic Rescue
P32562	Q00362	0	Dosage Lethality;Synthetic Rescue
P32562	P53197	0	Phenotypic Suppression
P32562	P50082	0	Phenotypic Suppression
P32562	P40958	0	Phenotypic Enhancement;Phenotypic Suppression
P32562	P39723	0	Phenotypic Enhancement
P32562	P38991	0	Phenotypic Enhancement
P32562	P38987	0	Dosage Rescue;Phenotypic Suppression;Synthetic Lethality
P32562	P38285	0	Dosage Lethality
P32561	Q12692	0	Negative Genetic;Phenotypic Suppression;Synthetic Growth Defect;Synthetic Lethality
P32561	Q12432	0	Positive Genetic
P32561	Q12206	0	Dosage Lethality
P32561	Q08773	0	Synthetic Growth Defect
P32561	Q08649	0	Phenotypic Suppression;Synthetic Growth Defect;Synthetic Rescue
P32561	Q08032	0	Phenotypic Enhancement;Phenotypic Suppression
P32561	Q03330	0	Negative Genetic;Phenotypic Enhancement;Synthetic Lethality;Synthetic Rescue
P32561	P61830	0	Phenotypic Enhancement;Phenotypic Suppression;Synthetic Growth Defect;Synthetic Rescue
P32561	P53973	0	Dosage Lethality;Negative Genetic;Phenotypic Enhancement;Phenotypic Suppression;Synthetic Growth Defect
P32561	P53691	0	Negative Genetic
P32561	P53096	0	Negative Genetic;Phenotypic Enhancement;Phenotypic Suppression;Synthetic Growth Defect
P32561	P46995	0	Phenotypic Suppression;Positive Genetic;Synthetic Growth Defect
P32561	P40963	0	Negative Genetic;Synthetic Lethality
P32561	P38806	0	Dosage Lethality;Phenotypic Suppression;Synthetic Rescue
P32561	P38429	0	Positive Genetic
P32561	P38262	0	Negative Genetic
P32559	Q12093	0	Negative Genetic;Phenotypic Enhancement;Synthetic Lethality
P32559	Q12069	0	Negative Genetic
P32559	Q06244	0	Negative Genetic
P32559	P53070	0	Positive Genetic
P32558	Q12692	0	Phenotypic Suppression;Synthetic Growth Defect;Synthetic Lethality;Synthetic Rescue
P32558	Q08649	0	Synthetic Growth Defect;Synthetic Lethality
P32558	Q06697	0	Synthetic Lethality
P32558	Q06505	0	Synthetic Rescue
P32558	Q05949	0	Synthetic Lethality
P32558	Q04636	0	Dosage Rescue;Negative Genetic;Phenotypic Enhancement;Synthetic Lethality;Synthetic Rescue
P32558	Q03330	0	Synthetic Growth Defect;Synthetic Lethality
P32558	Q01454	0	Dosage Lethality;Synthetic Growth Defect
P32558	P89105	0	Synthetic Lethality
P32558	P61830	0	Dosage Lethality;Synthetic Growth Defect;Synthetic Lethality;Synthetic Rescue
P32558	P53064	0	Synthetic Growth Defect
P32558	P47050	0	Synthetic Growth Defect
P32558	P46995	0	Synthetic Rescue
P32558	P40161	0	Phenotypic Enhancement
P32558	P38351	0	Synthetic Lethality
P32558	P38144	0	Synthetic Growth Defect
P32558	P36053	0	Synthetic Growth Defect
P32558	P32914	0	Synthetic Growth Defect;Synthetic Lethality
P32529	Q01080	0	Synthetic Rescue
P32529	P50106	0	Synthetic Lethality
P32527	P53863	0	Dosage Rescue;Synthetic Growth Defect
P32527	P40150	0	Synthetic Rescue
P32527	P39102	0	Positive Genetic
P32527	P38788	0	Dosage Rescue
P32524	Q99181	0	Negative Genetic
P32524	Q12417	0	Negative Genetic
P32524	Q12368	0	Negative Genetic
P32524	Q12330	0	Negative Genetic
P32524	Q12309	0	Negative Genetic
P32524	Q08963	0	Negative Genetic
P32524	Q08920	0	Negative Genetic
P32524	Q07350	0	Negative Genetic
P32524	Q06835	0	Negative Genetic
P32524	Q06217	0	Negative Genetic
P32524	Q04693	0	Negative Genetic
P32524	Q02554	0	Negative Genetic
P32524	P53854	0	Negative Genetic
P32524	P53333	0	Negative Genetic
P32524	P46947	0	Negative Genetic
P32524	P40565	0	Negative Genetic
P32524	P33411	0	Negative Genetic
P32524	P33203	0	Negative Genetic
P32523	Q12417	0	Negative Genetic
P32523	Q12309	0	Synthetic Growth Defect
P32523	Q07350	0	Negative Genetic
P32523	Q06091	0	Dosage Rescue;Negative Genetic;Synthetic Lethality
P32523	Q04693	0	Negative Genetic
P32523	Q03772	0	Negative Genetic
P32523	Q02775	0	Negative Genetic
P32523	P53854	0	Negative Genetic
P32523	P46947	0	Negative Genetic
P32523	P40565	0	Negative Genetic
P32523	P38241	0	Negative Genetic
P32523	P36048	0	Negative Genetic;Synthetic Lethality
P32523	P34160	0	Negative Genetic
P32523	P33411	0	Negative Genetic
P32522	Q12089	0	Negative Genetic
P32505	Q99257	0	Dosage Rescue;Negative Genetic;Synthetic Growth Defect;Synthetic Lethality
P32505	Q12315	0	Negative Genetic
P32505	Q12159	0	Dosage Rescue;Synthetic Growth Defect;Synthetic Rescue
P32505	Q08920	0	Negative Genetic
P32505	Q07478	0	Dosage Growth Defect
P32505	P36104	0	Dosage Rescue;Phenotypic Suppression
P32505	P34160	0	Negative Genetic
P32504	Q12748	0	Dosage Lethality;Negative Genetic;Synthetic Lethality
P32504	Q12262	0	Dosage Lethality;Negative Genetic;Synthetic Lethality
P32504	Q12143	0	Negative Genetic
P32504	Q06675	0	Dosage Lethality;Negative Genetic
P32504	Q04477	0	Negative Genetic
P32504	Q02732	0	Dosage Lethality;Negative Genetic;Synthetic Growth Defect
P32504	P61830	0	Dosage Lethality
P32504	P47167	0	Negative Genetic;Synthetic Lethality
P32504	P47149	0	Negative Genetic
P32504	P46675	0	Negative Genetic;Phenotypic Suppression;Positive Genetic
P32504	P40969	0	Negative Genetic
P32504	P39731	0	Negative Genetic
P32504	P38991	0	Negative Genetic
P32504	P38907	0	Dosage Lethality;Negative Genetic;Synthetic Growth Defect
P32504	P36012	0	Negative Genetic;Synthetic Growth Defect
P32504	P35203	0	Dosage Lethality;Negative Genetic
P32504	P33895	0	Synthetic Lethality
P32501	P38431	0	Dosage Growth Defect;Dosage Rescue;Phenotypic Enhancement;Synthetic Rescue
P32500	Q12402	0	Phenotypic Suppression
P32500	Q04947	0	Phenotypic Suppression
P32500	P39685	0	Synthetic Growth Defect;Synthetic Rescue
P32500	P34077	0	Synthetic Growth Defect
P32497	Q3E754	0	Negative Genetic
P32497	Q12522	0	Negative Genetic
P32497	Q12341	0	Negative Genetic
P32497	Q08972	0	Negative Genetic
P32497	P38249	0	Negative Genetic;Synthetic Growth Defect
P32497	P32911	0	Phenotypic Suppression;Synthetic Rescue
P32496	Q12377	0	Negative Genetic
P32496	Q12250	0	Negative Genetic
P32496	Q08723	0	Negative Genetic
P32496	Q06103	0	Negative Genetic
P32496	Q01939	0	Negative Genetic
P32496	P53549	0	Negative Genetic
P32496	P40327	0	Negative Genetic
P32496	P40303	0	Negative Genetic
P32496	P40302	0	Negative Genetic
P32496	P40016	0	Dosage Rescue;Synthetic Lethality
P32496	P38886	0	Dosage Rescue;Negative Genetic;Positive Genetic;Synthetic Growth Defect;Synthetic Lethality
P32496	P38624	0	Negative Genetic
P32496	P33299	0	Negative Genetic;Synthetic Lethality
P32496	P33298	0	Negative Genetic
P32496	P32565	0	Synthetic Lethality
P32495	Q3E792	0	Negative Genetic
P32495	Q12460	0	Negative Genetic
P32495	Q12339	0	Negative Genetic
P32495	Q12220	0	Negative Genetic
P32495	Q12035	0	Negative Genetic
P32495	Q12024	0	Positive Genetic
P32495	Q08444	0	Negative Genetic
P32495	Q07953	0	Negative Genetic
P32495	Q06287	0	Negative Genetic
P32495	Q06218	0	Negative Genetic
P32495	Q05946	0	Negative Genetic
P32495	Q05498	0	Negative Genetic
P32495	Q04305	0	Negative Genetic
P32495	Q03532	0	Negative Genetic
P32495	Q02354	0	Negative Genetic
P32495	Q01855	0	Negative Genetic;Synthetic Lethality
P32495	P53833	0	Negative Genetic
P32495	P53742	0	Positive Genetic
P32495	P53734	0	Negative Genetic
P32495	P41805	0	Negative Genetic
P32495	P40079	0	Negative Genetic
P32495	P40055	0	Negative Genetic
P32495	P40010	0	Negative Genetic
P32495	P39990	0	Negative Genetic
P32495	P38882	0	Negative Genetic
P32495	P32905	0	Negative Genetic
P32486	P53008	0	Synthetic Lethality
P32486	P43614	0	Synthetic Lethality
P32486	P39005	0	Synthetic Lethality
P32485	Q07688	0	Synthetic Rescue
P32485	Q00772	0	Dosage Rescue;Phenotypic Enhancement;Phenotypic Suppression;Synthetic Growth Defect;Synthetic Rescue
P32485	P40015	0	Phenotypic Suppression;Synthetic Rescue
P32485	P39932	0	Phenotypic Enhancement;Phenotypic Suppression;Synthetic Growth Defect
P32485	P38274	0	Synthetic Rescue
P32485	P35182	0	Positive Genetic;Synthetic Growth Defect;Synthetic Rescue
P32481	Q12690	0	Negative Genetic
P32481	Q08972	0	Negative Genetic
P32481	Q05791	0	Dosage Rescue;Synthetic Lethality
P32481	P41057	0	Positive Genetic
P32481	P38249	0	Negative Genetic
P32481	P38011	0	Negative Genetic;Positive Genetic
P32481	P32911	0	Dosage Rescue
P32481	P32905	0	Positive Genetic
P32480	Q06697	0	Negative Genetic;Synthetic Growth Defect;Synthetic Lethality
P32480	Q04199	0	Negative Genetic;Synthetic Growth Defect
P32480	P61830	0	Negative Genetic;Synthetic Growth Defect
P32479	Q12386	0	Negative Genetic;Synthetic Growth Defect
P32479	Q04199	0	Negative Genetic;Phenotypic Enhancement;Synthetic Growth Defect
P32479	P61830	0	Negative Genetic;Phenotypic Suppression
P32479	P40161	0	Phenotypic Enhancement
P32479	P36012	0	Dosage Lethality;Negative Genetic;Synthetic Growth Defect
P32479	P32480	0	Positive Genetic;Synthetic Growth Defect
P32477	Q08220	0	Dosage Rescue;Negative Genetic
P32477	P53101	0	Negative Genetic
P32477	P41921	0	Synthetic Growth Defect
P32477	P40897	0	Dosage Rescue;Synthetic Lethality
P32477	P32582	0	Negative Genetic
P32473	Q12166	0	Negative Genetic
P32473	Q02733	0	Negative Genetic
P32473	P53598	0	Negative Genetic
P32473	P53312	0	Negative Genetic
P32469	P40487	0	Dosage Growth Defect
P32468	Q07657	0	Negative Genetic;Synthetic Lethality
P32468	P60010	0	Negative Genetic
P32468	P32562	0	Synthetic Lethality;Synthetic Rescue
P32467	P39004	0	Phenotypic Enhancement
P32467	P39003	0	Phenotypic Enhancement
P32467	P38695	0	Phenotypic Enhancement
P32466	P39004	0	Phenotypic Enhancement
P32466	P39003	0	Phenotypic Enhancement
P32466	P38695	0	Phenotypic Enhancement
P32466	P32467	0	Phenotypic Enhancement
P32465	P39004	0	Phenotypic Enhancement
P32465	P39003	0	Phenotypic Enhancement
P32465	P38695	0	Phenotypic Enhancement
P32465	P32467	0	Phenotypic Enhancement
P32465	P32466	0	Phenotypic Enhancement
P32462	P54781	0	Negative Genetic
P32462	P40030	0	Synthetic Lethality
P32461	P32469	0	Dosage Growth Defect
P32459	P53937	0	Negative Genetic
P32459	P46655	0	Negative Genetic
P32458	Q07657	0	Dosage Rescue;Negative Genetic;Phenotypic Enhancement;Synthetic Lethality;Synthetic Rescue
P32458	P60010	0	Negative Genetic;Positive Genetic
P32458	P32468	0	Negative Genetic;Synthetic Growth Defect
P32457	Q07657	0	Negative Genetic;Phenotypic Enhancement
P32457	P60010	0	Negative Genetic;Positive Genetic
P32457	P47039	0	Negative Genetic
P32457	P32468	0	Negative Genetic;Synthetic Lethality;Synthetic Rescue
P32457	P32458	0	Dosage Rescue;Negative Genetic;Phenotypic Enhancement;Synthetic Rescue
P32454	Q01532	0	Negative Genetic
P32453	P53722	0	Positive Genetic
P32451	P40970	0	Negative Genetic
P32451	P32875	0	Negative Genetic
P32447	Q99314	0	Negative Genetic
P32447	Q12692	0	Negative Genetic;Phenotypic Enhancement;Synthetic Growth Defect
P32447	Q12432	0	Negative Genetic;Phenotypic Enhancement
P32447	Q12373	0	Phenotypic Enhancement
P32447	Q12341	0	Phenotypic Enhancement;Phenotypic Suppression
P32447	Q08032	0	Synthetic Lethality
P32447	Q07794	0	Dosage Rescue;Phenotypic Enhancement;Phenotypic Suppression;Positive Genetic
P32447	Q04636	0	Dosage Growth Defect;Negative Genetic;Synthetic Lethality
P32447	Q04305	0	Negative Genetic
P32447	Q04199	0	Negative Genetic;Phenotypic Enhancement;Synthetic Growth Defect
P32447	Q03330	0	Negative Genetic;Phenotypic Enhancement;Synthetic Lethality
P32447	P61830	0	Dosage Growth Defect;Negative Genetic;Phenotypic Enhancement;Phenotypic Suppression;Synthetic Growth Defect
P32447	P53930	0	Negative Genetic;Phenotypic Enhancement;Synthetic Growth Defect;Synthetic Lethality
P32447	P53853	0	Synthetic Growth Defect
P32447	P53688	0	Synthetic Rescue
P32447	P53687	0	Phenotypic Suppression;Synthetic Rescue
P32447	P46995	0	Negative Genetic;Phenotypic Enhancement;Synthetic Growth Defect
P32447	P40963	0	Phenotypic Suppression;Synthetic Growth Defect
P32447	P40161	0	Phenotypic Suppression
P32447	P39984	0	Negative Genetic
P32447	P39009	0	Phenotypic Enhancement;Phenotypic Suppression;Synthetic Growth Defect
P32447	P38251	0	Negative Genetic;Phenotypic Enhancement
P32447	P38147	0	Phenotypic Enhancement;Synthetic Rescue
P32447	P36012	0	Dosage Lethality;Negative Genetic
P32447	P32561	0	Negative Genetic;Phenotypic Enhancement;Synthetic Growth Defect
P32447	P32558	0	Dosage Growth Defect;Synthetic Growth Defect;Synthetic Lethality
P32447	P32479	0	Phenotypic Enhancement;Phenotypic Suppression
P32419	Q05911	0	Negative Genetic
P32388	Q12322	0	Negative Genetic
P32388	Q04599	0	Positive Genetic
P32388	P53732	0	Positive Genetic
P32388	P41057	0	Negative Genetic
P32388	P36533	0	Negative Genetic
P32388	P36528	0	Positive Genetic
P32388	P32905	0	Negative Genetic
P32387	P41058	0	Negative Genetic
P32387	P40496	0	Negative Genetic
P32383	Q12271	0	Negative Genetic;Positive Genetic
P32383	Q06667	0	Phenotypic Enhancement;Positive Genetic
P32383	P40559	0	Phenotypic Enhancement
P32381	Q06440	0	Negative Genetic;Synthetic Growth Defect
P32381	Q05933	0	Negative Genetic;Synthetic Lethality
P32381	Q04439	0	Negative Genetic;Synthetic Lethality
P32381	Q03048	0	Negative Genetic
P32381	P60010	0	Negative Genetic
P32381	P53731	0	Negative Genetic;Synthetic Lethality
P32381	P47117	0	Phenotypic Enhancement;Synthetic Lethality
P32381	P47079	0	Negative Genetic
P32381	P40518	0	Negative Genetic;Synthetic Lethality
P32381	P40413	0	Negative Genetic
P32381	P39743	0	Negative Genetic;Synthetic Growth Defect;Synthetic Lethality
P32381	P38328	0	Negative Genetic
P32381	P36006	0	Synthetic Lethality
P32381	P33338	0	Synthetic Lethality
P32381	P32599	0	Negative Genetic;Synthetic Lethality
P32380	Q12045	0	Negative Genetic;Synthetic Growth Defect
P32380	P53540	0	Dosage Rescue;Synthetic Lethality
P32380	P53378	0	Synthetic Lethality
P32380	P46675	0	Negative Genetic;Phenotypic Suppression;Synthetic Rescue
P32380	P40958	0	Phenotypic Enhancement;Synthetic Growth Defect
P32380	P40013	0	Negative Genetic
P32380	P39723	0	Synthetic Growth Defect
P32380	P39685	0	Synthetic Growth Defect
P32379	Q12377	0	Negative Genetic
P32379	Q12250	0	Negative Genetic
P32379	Q12245	0	Synthetic Growth Defect
P32379	Q08723	0	Negative Genetic
P32379	Q07951	0	Synthetic Growth Defect;Synthetic Rescue
P32379	Q06103	0	Negative Genetic
P32379	Q05778	0	Negative Genetic
P32379	Q01939	0	Positive Genetic
P32379	P43588	0	Negative Genetic
P32379	P40327	0	Positive Genetic
P32379	P40303	0	Negative Genetic;Positive Genetic
P32379	P40302	0	Positive Genetic
P32379	P40016	0	Negative Genetic
P32379	P38886	0	Negative Genetic
P32379	P38624	0	Positive Genetic
P32379	P36040	0	Negative Genetic
P32379	P33299	0	Negative Genetic;Positive Genetic
P32379	P33298	0	Positive Genetic
P32379	P33297	0	Positive Genetic
P32379	P32565	0	Positive Genetic
P32379	P32496	0	Negative Genetic
P32378	Q08058	0	Dosage Rescue
P32378	P41735	0	Synthetic Rescue
P32378	P33751	0	Negative Genetic
P32377	Q12051	0	Negative Genetic
P32377	P38604	0	Negative Genetic
P32368	Q6Q595	0	Phenotypic Suppression
P32368	Q12466	0	Phenotypic Suppression
P32368	Q12271	0	Dosage Rescue;Negative Genetic;Phenotypic Enhancement;Synthetic Lethality
P32368	Q08227	0	Phenotypic Enhancement
P32368	Q06385	0	Negative Genetic;Synthetic Growth Defect
P32368	Q06144	0	Negative Genetic;Synthetic Lethality
P32368	Q02201	0	Dosage Rescue
P32368	P60010	0	Negative Genetic;Synthetic Haploinsufficiency;Synthetic Rescue
P32368	P53224	0	Synthetic Lethality
P32368	P50942	0	Dosage Rescue;Phenotypic Enhancement;Synthetic Lethality
P32368	P46951	0	Negative Genetic;Synthetic Rescue
P32368	P41912	0	Negative Genetic
P32368	P40559	0	Negative Genetic
P32368	P40075	0	Dosage Rescue;Negative Genetic;Phenotypic Suppression
P32368	P35845	0	Negative Genetic
P32368	P35844	0	Negative Genetic;Synthetic Rescue
P32367	Q12308	0	Dosage Rescue;Negative Genetic
P32367	Q06339	0	Negative Genetic
P32367	P47076	0	Negative Genetic
P32367	P34111	0	Dosage Rescue;Negative Genetic
P32367	P33339	0	Dosage Rescue;Negative Genetic
P32366	P32563	0	Phenotypic Suppression;Synthetic Rescue
P32364	P53141	0	Dosage Rescue
P32363	P46961	0	Synthetic Rescue
P32361	Q08199	0	Dosage Rescue;Negative Genetic;Synthetic Growth Defect
P32361	Q08109	0	Negative Genetic;Phenotypic Suppression;Synthetic Growth Defect;Synthetic Lethality
P32361	Q05924	0	Synthetic Lethality
P32361	Q05787	0	Negative Genetic;Phenotypic Suppression;Synthetic Lethality;Synthetic Rescue
P32361	Q03103	0	Negative Genetic
P32361	Q02159	0	Negative Genetic;Phenotypic Suppression;Synthetic Growth Defect;Synthetic Lethality;Synthetic Rescue
P32361	P38138	0	Negative Genetic;Synthetic Growth Defect
P32361	P36016	0	Negative Genetic;Synthetic Lethality
P32357	Q12330	0	Negative Genetic
P32357	Q06217	0	Negative Genetic
P32357	P54999	0	Negative Genetic
P32357	P36048	0	Negative Genetic
P32357	P33411	0	Negative Genetic
P32357	P32495	0	Negative Genetic
P32356	Q00764	0	Dosage Rescue;Phenotypic Enhancement
P32356	P48016	0	Phenotypic Enhancement;Phenotypic Suppression;Synthetic Rescue
P32356	P38426	0	Positive Genetic
P32356	P35172	0	Phenotypic Enhancement;Synthetic Growth Defect
P32356	P32861	0	Negative Genetic
P32354	Q12488	0	Negative Genetic
P32354	Q08032	0	Dosage Rescue;Negative Genetic;Synthetic Lethality
P32354	Q04636	0	Negative Genetic
P32354	Q03406	0	Negative Genetic
P32354	Q02574	0	Synthetic Growth Defect
P32354	Q01454	0	Synthetic Lethality
P32354	P54791	0	Negative Genetic
P32354	P54790	0	Negative Genetic
P32354	P50874	0	Synthetic Growth Defect
P32354	P47112	0	Synthetic Growth Defect
P32354	P40359	0	Negative Genetic
P32354	P38132	0	Synthetic Lethality;Synthetic Rescue
P32353	Q03529	0	Negative Genetic;Phenotypic Suppression
P32353	P54839	0	Positive Genetic
P32353	P54781	0	Negative Genetic;Phenotypic Enhancement
P32353	P53258	0	Negative Genetic
P32353	P53045	0	Negative Genetic
P32353	P41338	0	Positive Genetic
P32353	P40319	0	Negative Genetic;Positive Genetic
P32353	P38604	0	Positive Genetic
P32353	P32462	0	Negative Genetic
P32353	P32377	0	Positive Genetic
P32352	P54839	0	Positive Genetic
P32352	P54781	0	Negative Genetic;Synthetic Growth Defect
P32352	P53045	0	Negative Genetic
P32352	P52917	0	Synthetic Growth Defect;Synthetic Lethality
P32352	P40319	0	Phenotypic Suppression;Positive Genetic;Synthetic Rescue
P32352	P32462	0	Synthetic Lethality
P32352	P32353	0	Negative Genetic;Phenotypic Enhancement;Synthetic Growth Defect
P32349	Q06339	0	Negative Genetic
P32349	Q04307	0	Negative Genetic
P32349	P47076	0	Negative Genetic
P32349	P34111	0	Negative Genetic
P32349	P33339	0	Negative Genetic
P32349	P32367	0	Negative Genetic
P32345	Q00362	0	Dosage Rescue
P32345	P39966	0	Negative Genetic;Phenotypic Enhancement;Synthetic Growth Defect;Synthetic Lethality
P32345	P39009	0	Negative Genetic;Phenotypic Enhancement
P32345	P34221	0	Synthetic Growth Defect
P32345	P32562	0	Dosage Lethality
P32343	Q02774	0	Dosage Rescue
P32343	P36096	0	Phenotypic Enhancement
P32340	Q08601	0	Phenotypic Enhancement
P32340	P40215	0	Negative Genetic;Synthetic Lethality
P32340	P32463	0	Synthetic Lethality
P32337	Q12754	0	Dosage Rescue
P32337	Q06142	0	Negative Genetic
P32337	Q04175	0	Dosage Rescue
P32337	Q00684	0	Negative Genetic
P32337	P41920	0	Negative Genetic
P32337	P40069	0	Phenotypic Enhancement;Synthetic Growth Defect
P32337	P38217	0	Synthetic Lethality
P32337	P32835	0	Negative Genetic
P32335	P53266	0	Dosage Rescue;Synthetic Rescue
P32335	P40452	0	Dosage Rescue;Phenotypic Suppression
P32335	P32522	0	Synthetic Growth Defect
P32332	P32463	0	Synthetic Lethality
P32332	P32340	0	Synthetic Lethality
P32329	P53379	0	Phenotypic Enhancement;Synthetic Growth Defect;Synthetic Lethality
P32328	Q05080	0	Phenotypic Suppression;Synthetic Growth Defect
P32327	P52910	0	Positive Genetic
P32327	P36013	0	Phenotypic Enhancement
P32327	P33327	0	Negative Genetic
P32324	Q3E840	0	Synthetic Growth Defect
P32324	Q3E792	0	Negative Genetic
P32324	Q12429	0	Negative Genetic;Synthetic Growth Defect
P32324	P53277	0	Positive Genetic
P32324	P48362	0	Negative Genetic;Synthetic Growth Defect
P32324	P47138	0	Negative Genetic;Synthetic Growth Defect
P32324	P40487	0	Negative Genetic
P32324	P38332	0	Negative Genetic
P32324	P38011	0	Negative Genetic
P32324	P32481	0	Positive Genetic
P32324	P32469	0	Dosage Growth Defect;Negative Genetic
P32324	P32461	0	Negative Genetic;Synthetic Growth Defect
P32316	P53598	0	Negative Genetic
P32316	P53312	0	Negative Genetic
P32316	P52910	0	Phenotypic Suppression
P32316	P47052	0	Negative Genetic
P32266	Q05776	0	Negative Genetic
P32266	P54861	0	Phenotypic Enhancement;Phenotypic Suppression;Positive Genetic;Synthetic Rescue
P32266	P53259	0	Dosage Rescue
P32266	P40515	0	Synthetic Rescue
P32259	Q99278	0	Negative Genetic
P32259	Q08278	0	Negative Genetic;Synthetic Growth Defect
P32259	Q06213	0	Negative Genetic
P32259	Q03330	0	Synthetic Growth Defect;Synthetic Rescue
P32259	P53114	0	Negative Genetic
P32259	P47821	0	Negative Genetic;Positive Genetic
P32259	P39073	0	Positive Genetic
P32259	P38304	0	Negative Genetic;Synthetic Growth Defect
P32259	P35189	0	Negative Genetic
P32259	P34162	0	Negative Genetic
P32259	P33308	0	Negative Genetic;Positive Genetic
P32259	P32585	0	Synthetic Lethality
P32191	Q07500	0	Phenotypic Enhancement
P32191	Q00055	0	Phenotypic Enhancement
P32191	P40215	0	Phenotypic Enhancement
P32190	P38886	0	Negative Genetic
P32179	Q12009	0	Phenotypic Suppression;Synthetic Rescue
P32178	P38840	0	Negative Genetic
P32178	P33330	0	Negative Genetic
P32074	P54837	0	Synthetic Lethality
P32074	P53847	0	Dosage Rescue;Synthetic Lethality
P32074	P53622	0	Synthetic Lethality
P32074	P41810	0	Dosage Rescue
P32074	P33891	0	Synthetic Lethality
P32074	P32803	0	Dosage Rescue;Synthetic Lethality
P32048	P38077	0	Synthetic Rescue
P31946	P63104	0	Negative Genetic
P31806	P45799	0	Positive Genetic
P31755	P39106	0	Phenotypic Enhancement
P31751	Q9Y243	0	Negative Genetic
P31750	Q60823	0	Phenotypic Enhancement
P31749	Q9Y243	0	Negative Genetic
P31749	Q9UBS0	0	Negative Genetic
P31749	P31751	0	Negative Genetic
P31697	P45508	0	Positive Genetic
P31697	P42915	0	Positive Genetic
P31688	Q00764	0	Phenotypic Enhancement;Phenotypic Suppression;Positive Genetic
P31688	P48016	0	Dosage Rescue;Phenotypic Enhancement
P31688	P38427	0	Positive Genetic
P31688	P35172	0	Dosage Rescue;Phenotypic Enhancement
P31688	P32356	0	Dosage Rescue;Phenotypic Enhancement
P31554	P77774	0	Negative Genetic
P31554	P39321	0	Negative Genetic
P31551	P76083	0	Negative Genetic
P31539	Q12285	0	Phenotypic Suppression
P31539	Q12154	0	Phenotypic Suppression
P31539	Q12125	0	Phenotypic Suppression
P31539	Q12118	0	Phenotypic Enhancement
P31539	Q06469	0	Phenotypic Suppression
P31539	Q04432	0	Phenotypic Enhancement;Phenotypic Suppression
P31539	Q04120	0	Phenotypic Suppression
P31539	Q00764	0	Synthetic Growth Defect
P31539	P53940	0	Phenotypic Enhancement
P31539	P53286	0	Dosage Rescue;Phenotypic Suppression;Synthetic Growth Defect;Synthetic Rescue
P31539	P38788	0	Phenotypic Enhancement
P31539	P36775	0	Phenotypic Suppression
P31539	P34760	0	Phenotypic Suppression
P31539	P32589	0	Dosage Rescue
P31539	P31688	0	Synthetic Growth Defect
P31412	P41807	0	Synthetic Rescue
P31386	Q3E840	0	Synthetic Growth Defect;Synthetic Lethality
P31386	Q04868	0	Negative Genetic
P31386	Q02908	0	Synthetic Growth Defect
P31386	P53923	0	Negative Genetic
P31386	P38820	0	Negative Genetic
P31386	P38626	0	Negative Genetic
P31386	P34253	0	Negative Genetic
P31384	Q12517	0	Synthetic Lethality
P31384	Q12514	0	Synthetic Lethality
P31384	Q06697	0	Negative Genetic;Synthetic Lethality
P31384	Q05949	0	Synthetic Lethality
P31384	Q03957	0	Synthetic Lethality
P31384	Q02336	0	Synthetic Growth Defect
P31384	P53010	0	Phenotypic Enhancement;Synthetic Growth Defect
P31384	P47017	0	Dosage Lethality;Negative Genetic;Synthetic Lethality
P31384	P39998	0	Phenotypic Suppression;Synthetic Rescue
P31384	P39517	0	Dosage Lethality;Dosage Rescue;Synthetic Growth Defect;Synthetic Lethality
P31384	P39008	0	Dosage Rescue;Synthetic Growth Defect
P31384	P38351	0	Synthetic Lethality
P31384	P38199	0	Phenotypic Enhancement;Synthetic Growth Defect;Synthetic Lethality
P31384	P36102	0	Synthetic Growth Defect
P31384	P32558	0	Synthetic Lethality
P31383	Q12461	0	Synthetic Lethality
P31383	Q04372	0	Synthetic Rescue
P31383	P40454	0	Synthetic Lethality
P31383	P38796	0	Synthetic Rescue
P31383	P38285	0	Synthetic Rescue
P31383	P32345	0	Phenotypic Enhancement
P31382	Q12001	0	Negative Genetic;Synthetic Lethality
P31382	Q03723	0	Negative Genetic
P31382	Q02205	0	Phenotypic Suppression
P31382	P53008	0	Negative Genetic
P31382	P50108	0	Negative Genetic
P31382	P48439	0	Negative Genetic
P31382	P47190	0	Negative Genetic;Synthetic Growth Defect
P31382	P47124	0	Negative Genetic
P31382	P46985	0	Positive Genetic
P31382	P46971	0	Negative Genetic;Phenotypic Enhancement;Synthetic Growth Defect;Synthetic Lethality
P31382	P40367	0	Negative Genetic
P31382	P38179	0	Negative Genetic
P31382	P38138	0	Negative Genetic;Phenotypic Suppression
P31382	P38069	0	Negative Genetic
P31382	P33775	0	Dosage Rescue;Negative Genetic;Phenotypic Enhancement;Synthetic Growth Defect
P31378	Q08214	0	Phenotypic Enhancement;Synthetic Growth Defect;Synthetic Lethality
P31378	P53397	0	Phenotypic Suppression
P31378	P38207	0	Phenotypic Enhancement;Synthetic Rescue
P31377	Q04338	0	Negative Genetic
P31377	Q03322	0	Negative Genetic
P31377	P36015	0	Negative Genetic
P31376	Q12692	0	Positive Genetic;Synthetic Rescue
P31376	Q12509	0	Negative Genetic;Positive Genetic
P31376	Q12386	0	Negative Genetic
P31376	Q12285	0	Phenotypic Enhancement
P31376	Q04493	0	Negative Genetic;Synthetic Growth Defect
P31376	P80428	0	Synthetic Lethality
P31376	P60010	0	Negative Genetic;Positive Genetic
P31376	P53930	0	Positive Genetic
P31376	P53201	0	Positive Genetic;Synthetic Lethality
P31376	P46995	0	Negative Genetic;Synthetic Growth Defect;Synthetic Lethality
P31376	P46670	0	Negative Genetic;Synthetic Growth Defect;Synthetic Lethality
P31376	P40987	0	Negative Genetic;Synthetic Growth Defect;Synthetic Lethality
P31376	P40060	0	Synthetic Growth Defect
P31376	P38633	0	Negative Genetic;Synthetic Growth Defect;Synthetic Lethality
P31376	P38326	0	Phenotypic Suppression;Positive Genetic
P31376	P38262	0	Negative Genetic;Synthetic Growth Defect
P31376	P35189	0	Negative Genetic
P31373	P32582	0	Phenotypic Suppression
P31373	P32477	0	Negative Genetic
P31334	Q12672	0	Negative Genetic
P31334	P41058	0	Negative Genetic
P31334	P38278	0	Negative Genetic
P31224	P77211	0	Positive Genetic
P31224	P76399	0	Positive Genetic
P31224	P76398	0	Positive Genetic
P31224	P75830	0	Positive Genetic
P31224	P52600	0	Positive Genetic
P31134	P76108	0	Negative Genetic
P31116	P40510	0	Phenotypic Suppression
P31116	P38891	0	Negative Genetic
P31116	P31373	0	Negative Genetic
P31115	Q12400	0	Negative Genetic;Phenotypic Enhancement;Synthetic Lethality
P31115	Q08647	0	Phenotypic Enhancement
P31115	Q06706	0	Negative Genetic
P31115	Q04868	0	Negative Genetic
P31115	Q03774	0	Negative Genetic
P31115	Q02908	0	Negative Genetic;Synthetic Lethality
P31115	P53923	0	Negative Genetic
P31115	P53088	0	Negative Genetic
P31115	P40554	0	Negative Genetic;Phenotypic Enhancement;Synthetic Growth Defect
P31115	P38820	0	Negative Genetic;Synthetic Growth Defect
P31115	P38205	0	Negative Genetic;Phenotypic Enhancement
P31109	Q03322	0	Synthetic Growth Defect
P31109	P39926	0	Dosage Rescue;Synthetic Lethality
P31109	P36015	0	Synthetic Growth Defect
P31109	P33328	0	Negative Genetic;Phenotypic Enhancement;Synthetic Growth Defect;Synthetic Lethality
P31109	P32867	0	Dosage Rescue;Phenotypic Enhancement;Synthetic Rescue
P31109	P32854	0	Synthetic Lethality
P31109	P32602	0	Synthetic Lethality
P30952	Q01574	0	Dosage Rescue
P30952	P32327	0	Dosage Rescue
P30902	Q06405	0	Positive Genetic
P30902	Q01519	0	Negative Genetic
P30876	P42766	0	Positive Genetic
P30845	P77757	0	Negative Genetic
P30822	Q99257	0	Negative Genetic;Phenotypic Enhancement;Synthetic Growth Defect
P30822	Q12315	0	Negative Genetic
P30822	Q03862	0	Synthetic Growth Defect
P30822	P40160	0	Negative Genetic
P30822	P40066	0	Negative Genetic;Synthetic Lethality
P30822	P34232	0	Negative Genetic
P30822	P33418	0	Synthetic Growth Defect
P30822	P33331	0	Negative Genetic
P30822	P33307	0	Negative Genetic
P30822	P32505	0	Dosage Growth Defect;Positive Genetic
P30777	Q07830	0	Negative Genetic
P30777	Q06636	0	Negative Genetic
P30777	Q04174	0	Negative Genetic
P30777	Q04082	0	Negative Genetic
P30777	Q04080	0	Negative Genetic
P30777	P54837	0	Negative Genetic
P30777	P53961	0	Negative Genetic
P30777	P49018	0	Negative Genetic
P30777	P47088	0	Negative Genetic
P30777	P46961	0	Negative Genetic
P30777	P40367	0	Negative Genetic
P30777	P39012	0	Negative Genetic
P30777	P38875	0	Negative Genetic
P30777	P38211	0	Negative Genetic
P30771	Q99257	0	Phenotypic Suppression
P30771	Q12517	0	Phenotypic Enhancement
P30771	Q12149	0	Phenotypic Enhancement
P30771	Q12129	0	Phenotypic Enhancement
P30771	Q08162	0	Phenotypic Enhancement
P30771	P38861	0	Positive Genetic
P30771	P38798	0	Phenotypic Enhancement;Phenotypic Suppression
P30771	P32605	0	Phenotypic Enhancement;Phenotypic Suppression
P30771	P32588	0	Synthetic Lethality
P30745	P75863	0	Negative Genetic
P30665	Q08032	0	Dosage Lethality
P30665	Q04636	0	Negative Genetic
P30665	P54790	0	Negative Genetic
P30665	P50874	0	Synthetic Lethality
P30665	P49723	0	Phenotypic Suppression
P30665	P47112	0	Negative Genetic
P30665	P40339	0	Negative Genetic
P30665	P38132	0	Dosage Growth Defect;Negative Genetic;Phenotypic Enhancement;Synthetic Lethality
P30657	Q12377	0	Negative Genetic
P30657	Q12250	0	Negative Genetic
P30657	Q08723	0	Negative Genetic
P30657	Q06103	0	Negative Genetic
P30657	Q01939	0	Negative Genetic
P30657	P43588	0	Negative Genetic
P30657	P40327	0	Positive Genetic
P30657	P40303	0	Negative Genetic;Positive Genetic
P30657	P40302	0	Positive Genetic
P30657	P40016	0	Negative Genetic
P30657	P38886	0	Negative Genetic
P30657	P38624	0	Positive Genetic
P30657	P38293	0	Dosage Rescue;Negative Genetic
P30657	P33299	0	Negative Genetic
P30657	P33298	0	Negative Genetic
P30657	P32379	0	Negative Genetic;Positive Genetic
P30656	Q12377	0	Negative Genetic
P30656	Q12250	0	Negative Genetic
P30656	Q08723	0	Negative Genetic
P30656	Q06103	0	Positive Genetic
P30656	Q01939	0	Negative Genetic;Positive Genetic
P30656	P53549	0	Positive Genetic
P30656	P43588	0	Negative Genetic
P30656	P40555	0	Negative Genetic
P30656	P40327	0	Negative Genetic
P30656	P40303	0	Negative Genetic;Positive Genetic
P30656	P40302	0	Positive Genetic
P30656	P40016	0	Positive Genetic
P30656	P38886	0	Negative Genetic
P30656	P38624	0	Positive Genetic
P30656	P38293	0	Negative Genetic
P30656	P33299	0	Negative Genetic;Positive Genetic
P30656	P33298	0	Negative Genetic
P30656	P33297	0	Negative Genetic;Positive Genetic
P30656	P32496	0	Negative Genetic
P30656	P32379	0	Negative Genetic;Positive Genetic
P30656	P30657	0	Dosage Rescue;Negative Genetic;Positive Genetic
P30624	Q08650	0	Phenotypic Suppression
P30624	P47912	0	Negative Genetic;Phenotypic Enhancement;Synthetic Growth Defect;Synthetic Lethality
P30624	P40345	0	Phenotypic Suppression
P30624	P38295	0	Phenotypic Enhancement
P30624	P38225	0	Dosage Rescue;Synthetic Lethality
P30620	Q05549	0	Negative Genetic
P30620	Q04437	0	Negative Genetic
P30620	P40562	0	Phenotypic Enhancement;Synthetic Growth Defect
P30620	P32829	0	Phenotypic Enhancement;Phenotypic Suppression
P30620	P32807	0	Phenotypic Enhancement
P30619	Q12038	0	Positive Genetic;Synthetic Growth Defect
P30619	Q01590	0	Negative Genetic
P30619	P39926	0	Dosage Rescue;Negative Genetic
P30619	P33328	0	Dosage Rescue;Negative Genetic
P30619	P32867	0	Dosage Rescue
P30619	P32844	0	Dosage Rescue;Negative Genetic;Phenotypic Suppression;Synthetic Lethality
P30619	P31109	0	Dosage Rescue
P30605	P50076	0	Phenotypic Enhancement
P30605	P30606	0	Negative Genetic;Synthetic Growth Defect
P30520	Q8N142	0	Negative Genetic
P30283	Q08032	0	Negative Genetic;Synthetic Lethality
P30283	Q00684	0	Phenotypic Enhancement
P30283	Q00362	0	Negative Genetic;Synthetic Lethality
P30283	P53197	0	Synthetic Rescue
P30283	P47112	0	Synthetic Rescue
P30283	P46675	0	Positive Genetic;Synthetic Growth Defect
P30283	P43605	0	Synthetic Lethality
P30283	P40958	0	Phenotypic Suppression
P30283	P39009	0	Negative Genetic;Phenotypic Enhancement;Synthetic Growth Defect
P30283	P38991	0	Synthetic Lethality
P30283	P32943	0	Dosage Rescue;Negative Genetic;Phenotypic Enhancement;Phenotypic Suppression;Synthetic Growth Defect;Synthetic Lethality;Synthetic Rescue
P30283	P32380	0	Phenotypic Suppression;Synthetic Rescue
P30153	Q6P9B9	0	Positive Genetic
P30153	P53350	0	Dosage Lethality
P30139	P76423	0	Negative Genetic
P29952	Q12471	0	Positive Genetic
P29952	Q06137	0	Negative Genetic
P29952	P32604	0	Negative Genetic
P29704	Q12452	0	Negative Genetic
P29704	Q12063	0	Negative Genetic
P29704	Q12051	0	Positive Genetic
P29704	Q05497	0	Negative Genetic
P29704	P54839	0	Positive Genetic
P29704	P53199	0	Negative Genetic
P29704	P41338	0	Positive Genetic
P29704	P35196	0	Negative Genetic
P29704	P32353	0	Positive Genetic
P29703	P35196	0	Positive Genetic
P29613	P52029	0	Phenotypic Enhancement
P29547	P53937	0	Positive Genetic
P29547	P46990	0	Negative Genetic
P29547	P33201	0	Positive Genetic
P29509	Q04120	0	Phenotypic Suppression
P29509	P41921	0	Dosage Rescue;Phenotypic Enhancement
P29509	P38816	0	Phenotypic Enhancement;Synthetic Growth Defect
P29509	P34760	0	Phenotypic Suppression;Synthetic Lethality;Synthetic Rescue
P29509	P32477	0	Phenotypic Enhancement;Synthetic Growth Defect
P29509	P31373	0	Negative Genetic
P29496	Q12488	0	Negative Genetic
P29496	Q08496	0	Negative Genetic
P29496	Q07896	0	Dosage Growth Defect;Dosage Rescue
P29496	Q03406	0	Negative Genetic
P29496	Q01454	0	Negative Genetic
P29496	P54791	0	Negative Genetic
P29496	P54790	0	Negative Genetic
P29496	P50874	0	Synthetic Growth Defect
P29496	P49956	0	Dosage Growth Defect;Dosage Lethality;Negative Genetic
P29496	P47112	0	Negative Genetic
P29496	P47037	0	Synthetic Lethality
P29496	P38251	0	Negative Genetic
P29496	P38132	0	Dosage Growth Defect;Negative Genetic;Phenotypic Enhancement
P29496	P38121	0	Negative Genetic
P29496	P32354	0	Synthetic Rescue
P29496	P30665	0	Dosage Growth Defect;Negative Genetic;Phenotypic Enhancement;Synthetic Growth Defect;Synthetic Lethality
P29478	Q3E754	0	Negative Genetic
P29478	Q01855	0	Negative Genetic
P29478	P41805	0	Negative Genetic
P29478	P38879	0	Phenotypic Enhancement;Phenotypic Suppression;Synthetic Growth Defect
P29478	P38701	0	Negative Genetic
P29478	P38687	0	Negative Genetic
P29478	P38011	0	Negative Genetic
P29478	P36057	0	Negative Genetic
P29478	P33201	0	Negative Genetic
P29478	P32916	0	Negative Genetic
P29469	Q08496	0	Negative Genetic
P29469	Q08032	0	Synthetic Lethality
P29469	Q04636	0	Negative Genetic
P29469	Q01454	0	Negative Genetic;Synthetic Lethality
P29469	P61830	0	Phenotypic Suppression
P29469	P54791	0	Negative Genetic
P29469	P54790	0	Negative Genetic
P29469	P49956	0	Negative Genetic;Synthetic Growth Defect
P29469	P48581	0	Negative Genetic
P29469	P38630	0	Negative Genetic
P29469	P38132	0	Dosage Growth Defect;Negative Genetic;Phenotypic Enhancement
P29469	P32641	0	Negative Genetic
P29469	P32354	0	Phenotypic Suppression;Synthetic Growth Defect;Synthetic Lethality;Synthetic Rescue
P29469	P30665	0	Dosage Growth Defect;Negative Genetic;Phenotypic Enhancement;Synthetic Lethality
P29469	P29496	0	Dosage Growth Defect;Negative Genetic;Phenotypic Enhancement;Synthetic Rescue
P29468	Q12149	0	Phenotypic Enhancement;Phenotypic Suppression;Synthetic Rescue
P29468	Q08685	0	Negative Genetic
P29468	Q02792	0	Phenotypic Suppression
P29468	P53632	0	Phenotypic Enhancement;Synthetic Growth Defect
P29468	P32505	0	Synthetic Growth Defect
P29465	Q07533	0	Negative Genetic
P29465	Q05080	0	Negative Genetic;Phenotypic Suppression
P29465	P60010	0	Negative Genetic
P29465	P40955	0	Dosage Rescue
P29465	P36122	0	Dosage Rescue
P29465	P32486	0	Phenotypic Enhancement
P29465	P32364	0	Negative Genetic;Synthetic Growth Defect
P29453	Q3E792	0	Negative Genetic
P29453	Q12460	0	Positive Genetic
P29453	Q08208	0	Negative Genetic
P29453	Q03195	0	Negative Genetic
P29453	P54780	0	Negative Genetic
P29453	P53937	0	Positive Genetic
P29453	P53875	0	Negative Genetic
P29453	P48164	0	Negative Genetic
P29453	P40991	0	Positive Genetic
P29453	P40217	0	Positive Genetic
P29453	P36520	0	Negative Genetic
P29453	P32904	0	Positive Genetic
P29453	P32481	0	Negative Genetic
P29340	Q05568	0	Positive Genetic
P29340	Q04370	0	Positive Genetic
P29340	P33760	0	Positive Genetic
P29340	P32800	0	Positive Genetic
P29311	P60010	0	Dosage Growth Defect;Positive Genetic
P29311	P40970	0	Negative Genetic
P29311	P38147	0	Synthetic Rescue
P29311	P34730	0	Dosage Rescue;Negative Genetic;Phenotypic Enhancement;Synthetic Growth Defect;Synthetic Lethality
P29311	P32356	0	Phenotypic Enhancement
P29310	P92177	0	Phenotypic Enhancement;Phenotypic Suppression
P29295	Q06706	0	Positive Genetic
P29295	Q02908	0	Synthetic Growth Defect
P29295	P40482	0	Negative Genetic;Phenotypic Suppression
P29295	P39516	0	Negative Genetic
P29295	P38786	0	Negative Genetic
P29295	P38701	0	Negative Genetic
P29295	P38333	0	Negative Genetic
P29295	P34078	0	Phenotypic Suppression;Synthetic Rescue
P29056	P34111	0	Dosage Rescue
P29056	P33339	0	Dosage Rescue
P29055	Q99278	0	Negative Genetic
P29055	Q92317	0	Synthetic Rescue
P29055	Q08278	0	Negative Genetic
P29055	Q06213	0	Synthetic Lethality
P29055	Q05027	0	Negative Genetic
P29055	Q04673	0	Negative Genetic
P29055	Q03254	0	Negative Genetic
P29055	Q00578	0	Phenotypic Suppression;Synthetic Growth Defect;Synthetic Lethality;Synthetic Rescue
P29055	P53538	0	Dosage Rescue;Negative Genetic;Phenotypic Enhancement;Synthetic Lethality;Synthetic Rescue
P29055	P47822	0	Negative Genetic
P29055	P40096	0	Positive Genetic;Synthetic Rescue
P29055	P38633	0	Negative Genetic;Synthetic Lethality
P29055	P38304	0	Negative Genetic
P29055	P33308	0	Negative Genetic
P29055	P32570	0	Negative Genetic
P28834	P52893	0	Positive Genetic
P28834	P48570	0	Negative Genetic
P28834	P41939	0	Dosage Rescue;Negative Genetic
P28834	P39533	0	Negative Genetic
P28834	P32473	0	Positive Genetic
P28795	Q04370	0	Positive Genetic
P28795	P54861	0	Phenotypic Enhancement
P28789	P32347	0	Phenotypic Enhancement;Phenotypic Suppression
P28777	P32178	0	Positive Genetic
P28777	P31116	0	Negative Genetic
P28737	Q12154	0	Negative Genetic;Phenotypic Enhancement;Synthetic Growth Defect
P28707	Q08446	0	Dosage Growth Defect
P28707	P53973	0	Synthetic Lethality
P28707	P53834	0	Phenotypic Suppression
P28707	P53691	0	Negative Genetic
P28631	P38506	0	Positive Genetic
P28631	P28905	0	Positive Genetic
P28630	P28905	0	Negative Genetic
P28630	P28631	0	Positive Genetic
P28627	Q05676	0	Dosage Rescue
P28627	P46972	0	Phenotypic Enhancement
P28519	Q12318	0	Phenotypic Enhancement
P28519	Q12083	0	Negative Genetic
P28519	Q08214	0	Synthetic Lethality
P28519	Q04049	0	Phenotypic Enhancement;Phenotypic Suppression
P28519	Q02574	0	Phenotypic Enhancement
P28519	P53397	0	Negative Genetic;Phenotypic Enhancement
P28519	P39735	0	Phenotypic Enhancement
P28519	P38207	0	Phenotypic Enhancement
P28519	P31378	0	Synthetic Lethality
P28496	Q03579	0	Negative Genetic
P28496	Q03529	0	Positive Genetic
P28496	Q02896	0	Dosage Rescue;Phenotypic Enhancement;Synthetic Lethality
P28496	P47013	0	Negative Genetic
P28496	P40319	0	Negative Genetic
P28496	P38992	0	Negative Genetic;Phenotypic Enhancement;Synthetic Growth Defect
P28496	P38703	0	Negative Genetic;Phenotypic Enhancement;Synthetic Growth Defect;Synthetic Lethality;Synthetic Rescue
P28496	P38298	0	Dosage Rescue;Negative Genetic;Phenotypic Enhancement;Synthetic Lethality
P28495	Q05933	0	Negative Genetic
P28495	Q03048	0	Negative Genetic;Synthetic Lethality
P28495	P46680	0	Negative Genetic;Synthetic Growth Defect
P28495	P38696	0	Negative Genetic
P28495	P36224	0	Negative Genetic;Synthetic Growth Defect
P28321	Q08650	0	Phenotypic Enhancement
P28321	Q03649	0	Phenotypic Enhancement;Synthetic Growth Defect
P28321	P53118	0	Phenotypic Enhancement
P28320	Q12417	0	Negative Genetic
P28320	Q12330	0	Negative Genetic
P28320	Q12309	0	Negative Genetic
P28320	Q06091	0	Negative Genetic
P28320	Q04048	0	Negative Genetic
P28320	Q03772	0	Negative Genetic
P28320	Q03654	0	Negative Genetic
P28320	Q03375	0	Negative Genetic
P28320	P54999	0	Negative Genetic
P28320	P53854	0	Negative Genetic
P28320	P53333	0	Negative Genetic
P28320	P53131	0	Negative Genetic
P28320	P46947	0	Negative Genetic
P28320	P32524	0	Negative Genetic
P28320	P32523	0	Negative Genetic
P28274	P53909	0	Negative Genetic
P28274	P38627	0	Negative Genetic;Synthetic Growth Defect;Synthetic Lethality
P28273	P32477	0	Negative Genetic
P28272	P32614	0	Synthetic Lethality
P28241	P53598	0	Phenotypic Suppression
P28241	P53312	0	Phenotypic Suppression
P28241	P48570	0	Negative Genetic
P28241	P41939	0	Dosage Rescue;Negative Genetic
P28241	P33327	0	Negative Genetic
P28241	P28834	0	Phenotypic Enhancement;Positive Genetic;Synthetic Lethality
P28240	P39533	0	Negative Genetic
P28240	P32327	0	Dosage Rescue;Synthetic Lethality
P28240	P30952	0	Phenotypic Suppression
P28072	Q99460	0	Negative Genetic
P28047	Q8BKG4	0	Phenotypic Enhancement
P28047	Q61088	0	Phenotypic Enhancement
P28005	P38291	0	Negative Genetic
P28004	Q6Q546	0	Negative Genetic
P28004	Q12368	0	Negative Genetic
P28004	Q12309	0	Negative Genetic;Synthetic Lethality
P28004	Q12046	0	Negative Genetic
P28004	Q08963	0	Negative Genetic
P28004	Q07930	0	Negative Genetic
P28004	Q06835	0	Negative Genetic
P28004	Q04693	0	Negative Genetic
P28004	Q04048	0	Negative Genetic;Synthetic Lethality
P28004	Q03772	0	Negative Genetic
P28004	Q03654	0	Negative Genetic;Synthetic Lethality
P28004	Q03375	0	Negative Genetic
P28004	Q02775	0	Negative Genetic;Synthetic Lethality
P28004	P53333	0	Negative Genetic
P28004	P53277	0	Negative Genetic
P28004	P53131	0	Negative Genetic
P28004	P46947	0	Negative Genetic
P28004	P40968	0	Synthetic Lethality
P28004	P40565	0	Negative Genetic
P28004	P36048	0	Negative Genetic
P28004	P33411	0	Negative Genetic;Synthetic Lethality
P28004	P32523	0	Negative Genetic
P28004	P28320	0	Negative Genetic
P28000	Q05946	0	Positive Genetic
P28000	Q04307	0	Negative Genetic
P28000	P50106	0	Negative Genetic
P28000	P36070	0	Negative Genetic
P27999	Q05027	0	Synthetic Lethality
P27999	P61830	0	Synthetic Lethality
P27999	P40084	0	Dosage Rescue;Synthetic Growth Defect;Synthetic Lethality
P27999	P38633	0	Synthetic Lethality
P27999	P35189	0	Synthetic Growth Defect
P27999	P31244	0	Phenotypic Enhancement;Synthetic Growth Defect
P27999	P29055	0	Synthetic Rescue
P27929	Q08622	0	Negative Genetic
P27870	Q03526	0	Synthetic Growth Defect
P27835	P77377	0	Negative Genetic
P27833	P37750	0	Negative Genetic
P27832	P77754	0	Positive Genetic
P27829	P32057	0	Positive Genetic
P27828	P37759	0	Negative Genetic
P27825	Q03103	0	Negative Genetic
P27825	Q02795	0	Negative Genetic
P27825	P60010	0	Negative Genetic
P27825	P53008	0	Negative Genetic;Phenotypic Enhancement
P27825	P48439	0	Negative Genetic
P27825	P43614	0	Negative Genetic;Synthetic Growth Defect
P27825	P43571	0	Negative Genetic
P27825	P40367	0	Negative Genetic
P27825	P40351	0	Negative Genetic
P27825	P38813	0	Negative Genetic
P27825	P38138	0	Negative Genetic;Phenotypic Enhancement
P27825	P33767	0	Negative Genetic
P27825	P32915	0	Negative Genetic
P27809	P54070	0	Synthetic Growth Defect
P27801	Q03308	0	Dosage Rescue
P27801	P38932	0	Phenotypic Enhancement
P27801	P36017	0	Phenotypic Enhancement
P27801	P32854	0	Phenotypic Enhancement
P27801	P32609	0	Phenotypic Enhancement
P27796	Q12462	0	Negative Genetic
P27796	P28795	0	Phenotypic Enhancement
P27697	Q08058	0	Dosage Rescue;Phenotypic Suppression
P27697	Q05892	0	Phenotypic Suppression
P27697	Q05779	0	Dosage Rescue;Phenotypic Suppression
P27697	P53318	0	Dosage Rescue;Phenotypic Enhancement;Phenotypic Suppression
P27697	P49017	0	Phenotypic Enhancement;Phenotypic Suppression
P27697	P41735	0	Phenotypic Enhancement;Phenotypic Suppression
P27697	P32378	0	Synthetic Rescue
P27680	P32378	0	Synthetic Rescue
P27680	P27697	0	Phenotypic Enhancement;Phenotypic Suppression;Positive Genetic
P27641	P70371	0	Phenotypic Enhancement
P27636	Q05080	0	Phenotypic Enhancement;Phenotypic Suppression
P27636	Q00684	0	Dosage Rescue;Negative Genetic;Phenotypic Enhancement;Synthetic Growth Defect;Synthetic Lethality;Synthetic Rescue
P27636	P38987	0	Dosage Rescue;Negative Genetic;Synthetic Lethality;Synthetic Rescue
P27636	P32562	0	Dosage Rescue;Phenotypic Suppression;Synthetic Lethality;Synthetic Rescue
P27636	P32468	0	Synthetic Growth Defect
P27635	Q9NWU5	0	Negative Genetic
P27635	P42766	0	Positive Genetic
P27619	Q8T390	0	Phenotypic Suppression
P27619	Q7Z020	0	Phenotypic Enhancement;Phenotypic Suppression
P27616	P80210	0	Negative Genetic
P27616	P38972	0	Positive Genetic
P27616	P38009	0	Negative Genetic
P27514	P47075	0	Negative Genetic
P27514	P46956	0	Negative Genetic
P27514	P38361	0	Synthetic Lethality
P27472	Q00764	0	Phenotypic Enhancement
P27472	P32598	0	Synthetic Rescue
P27472	P31688	0	Positive Genetic
P27361	P28482	0	Negative Genetic
P27348	Q07812	0	Dosage Rescue
P27348	P63104	0	Negative Genetic
P27344	Q12488	0	Negative Genetic
P27344	Q08032	0	Synthetic Lethality
P27344	Q04603	0	Phenotypic Suppression
P27344	Q03406	0	Negative Genetic
P27344	Q01454	0	Negative Genetic;Phenotypic Enhancement;Synthetic Rescue
P27344	P53125	0	Synthetic Rescue
P27344	P40366	0	Synthetic Rescue
P27344	P38121	0	Negative Genetic
P27344	P32354	0	Synthetic Growth Defect
P27344	P29469	0	Phenotypic Enhancement;Phenotypic Suppression
P27303	P76398	0	Negative Genetic
P27303	P75830	0	Negative Genetic
P27300	P45395	0	Positive Genetic
P27296	P30958	0	Negative Genetic;Positive Genetic
P27247	P60782	0	Negative Genetic
P27245	P37309	0	Negative Genetic
P27243	P76658	0	Negative Genetic
P27243	P76387	0	Positive Genetic
P27243	P37759	0	Negative Genetic
P27243	P37746	0	Positive Genetic
P27243	P37744	0	Negative Genetic
P27091	Q24025	0	Phenotypic Enhancement;Phenotypic Suppression
P27091	P54631	0	Phenotypic Suppression
P26793	Q12338	0	Negative Genetic;Synthetic Growth Defect;Synthetic Lethality
P26793	Q12223	0	Negative Genetic;Phenotypic Enhancement;Synthetic Growth Defect;Synthetic Lethality
P26793	Q12086	0	Phenotypic Enhancement
P26793	Q08723	0	Negative Genetic
P26793	Q08702	0	Synthetic Growth Defect
P26793	Q05635	0	Negative Genetic;Synthetic Growth Defect;Synthetic Lethality
P26793	Q04199	0	Negative Genetic;Synthetic Growth Defect;Synthetic Lethality
P26793	Q04149	0	Negative Genetic;Synthetic Growth Defect;Synthetic Lethality
P26793	Q03834	0	Phenotypic Enhancement
P26793	Q02574	0	Negative Genetic;Synthetic Growth Defect;Synthetic Lethality
P26793	Q01454	0	Negative Genetic;Synthetic Growth Defect;Synthetic Lethality
P26793	P53942	0	Negative Genetic;Synthetic Growth Defect;Synthetic Lethality
P26793	P49956	0	Negative Genetic;Synthetic Growth Defect;Synthetic Lethality
P26793	P48581	0	Negative Genetic;Synthetic Growth Defect;Synthetic Lethality
P26793	P47112	0	Negative Genetic
P26793	P46957	0	Negative Genetic
P26793	P40348	0	Negative Genetic
P26793	P40339	0	Negative Genetic
P26793	P38920	0	Phenotypic Enhancement
P26793	P38850	0	Negative Genetic;Positive Genetic;Synthetic Growth Defect
P26793	P38630	0	Negative Genetic;Synthetic Lethality
P26793	P38319	0	Negative Genetic;Synthetic Lethality;Synthetic Rescue
P26793	P38251	0	Negative Genetic
P26793	P38132	0	Negative Genetic
P26793	P38121	0	Positive Genetic
P26793	P32863	0	Negative Genetic;Synthetic Lethality
P26793	P32829	0	Negative Genetic;Synthetic Lethality
P26793	P32807	0	Synthetic Rescue
P26793	P32641	0	Negative Genetic;Phenotypic Suppression;Synthetic Growth Defect;Synthetic Lethality
P26793	P32345	0	Negative Genetic;Synthetic Lethality
P26793	P30620	0	Phenotypic Enhancement;Synthetic Lethality
P26786	Q99207	0	Negative Genetic
P26786	P48164	0	Negative Genetic;Synthetic Growth Defect;Synthetic Lethality
P26786	P38879	0	Synthetic Growth Defect
P26785	Q12690	0	Positive Genetic
P26784	Q12532	0	Synthetic Growth Defect
P26784	P53937	0	Negative Genetic;Positive Genetic
P26784	P46655	0	Positive Genetic
P26784	P33309	0	Negative Genetic
P26784	P32916	0	Positive Genetic
P26784	P26785	0	Dosage Rescue;Negative Genetic;Synthetic Lethality
P26783	P40160	0	Synthetic Rescue
P26783	P38431	0	Phenotypic Suppression;Synthetic Rescue
P26783	P36105	0	Synthetic Rescue
P26783	P32911	0	Phenotypic Suppression
P26755	P48581	0	Negative Genetic
P26754	Q12223	0	Negative Genetic;Phenotypic Enhancement
P26754	Q03834	0	Phenotypic Suppression
P26754	Q03406	0	Negative Genetic
P26754	Q02574	0	Synthetic Growth Defect
P26754	P61830	0	Negative Genetic
P26754	P48581	0	Negative Genetic
P26754	P46957	0	Negative Genetic
P26754	P40469	0	Negative Genetic
P26754	P40339	0	Negative Genetic
P26754	P40164	0	Positive Genetic
P26754	P38251	0	Negative Genetic;Synthetic Lethality
P26754	P38132	0	Negative Genetic
P26754	P38121	0	Negative Genetic
P26754	P32863	0	Negative Genetic
P26754	P32807	0	Phenotypic Suppression
P26754	P32641	0	Negative Genetic
P26754	P29496	0	Negative Genetic
P26754	P29469	0	Negative Genetic
P26754	P26793	0	Negative Genetic
P26754	P26755	0	Dosage Rescue;Synthetic Lethality
P26725	Q08109	0	Phenotypic Enhancement
P26725	Q05787	0	Phenotypic Enhancement
P26725	P38138	0	Negative Genetic;Phenotypic Enhancement
P26725	P38069	0	Negative Genetic
P26648	P69423	0	Positive Genetic
P26647	P60782	0	Negative Genetic
P26647	P27247	0	Positive Genetic
P26639	Q9BW92	0	Negative Genetic
P26637	P53290	0	Negative Genetic
P26449	Q12157	0	Negative Genetic
P26449	Q06675	0	Negative Genetic;Synthetic Growth Defect;Synthetic Lethality
P26449	Q02732	0	Dosage Lethality;Negative Genetic;Synthetic Lethality
P26449	P61830	0	Negative Genetic;Phenotypic Suppression;Synthetic Growth Defect
P26449	P53197	0	Negative Genetic;Synthetic Lethality
P26449	P53068	0	Negative Genetic
P26449	P47167	0	Negative Genetic;Positive Genetic;Synthetic Lethality
P26449	P47037	0	Negative Genetic
P26449	P43588	0	Negative Genetic
P26449	P40958	0	Synthetic Rescue
P26449	P40957	0	Negative Genetic
P26449	P40460	0	Negative Genetic
P26449	P40013	0	Negative Genetic;Synthetic Lethality
P26449	P38991	0	Negative Genetic;Synthetic Lethality
P26449	P38907	0	Negative Genetic;Synthetic Lethality
P26449	P38042	0	Negative Genetic
P26449	P32504	0	Negative Genetic;Synthetic Growth Defect
P26449	P30283	0	Negative Genetic;Synthetic Lethality
P26448	Q00684	0	Dosage Rescue;Phenotypic Suppression
P26448	Q00362	0	Phenotypic Enhancement;Synthetic Growth Defect;Synthetic Lethality
P26448	P40958	0	Phenotypic Enhancement;Phenotypic Suppression;Synthetic Growth Defect;Synthetic Rescue
P26448	P40957	0	Phenotypic Enhancement;Synthetic Rescue
P26448	P40013	0	Negative Genetic;Synthetic Growth Defect;Synthetic Lethality
P26448	P39723	0	Phenotypic Enhancement;Synthetic Lethality
P26448	P38987	0	Dosage Rescue;Phenotypic Suppression;Synthetic Growth Defect;Synthetic Rescue
P26448	P38285	0	Negative Genetic;Synthetic Rescue
P26448	P32562	0	Phenotypic Enhancement;Synthetic Growth Defect;Synthetic Rescue
P26448	P27636	0	Phenotypic Enhancement;Phenotypic Suppression;Synthetic Growth Defect
P26373	P62829	0	Positive Genetic
P26373	P62269	0	Positive Genetic
P26365	P37690	0	Positive Genetic
P26365	P36548	0	Positive Genetic
P26321	Q3E7X9	0	Positive Genetic
P26321	Q3E792	0	Negative Genetic
P26321	Q12149	0	Negative Genetic
P26321	Q07395	0	Dosage Rescue;Synthetic Lethality
P26321	P53188	0	Negative Genetic;Synthetic Rescue
P26321	P46784	0	Positive Genetic
P26321	P38711	0	Positive Genetic
P26321	P38011	0	Negative Genetic
P26321	P35691	0	Negative Genetic
P26321	P33309	0	Negative Genetic
P26263	P32473	0	Negative Genetic
P26188	P53397	0	Negative Genetic
P26188	P38920	0	Synthetic Rescue
P25867	Q9XYF4	0	Phenotypic Enhancement
P25867	Q24306	0	Phenotypic Suppression
P25847	Q12223	0	Dosage Rescue;Phenotypic Suppression
P25847	Q04673	0	Positive Genetic
P25847	Q04049	0	Phenotypic Enhancement
P25847	Q03834	0	Dosage Growth Defect;Dosage Rescue;Phenotypic Enhancement;Phenotypic Suppression
P25847	Q03071	0	Negative Genetic
P25847	P53942	0	Phenotypic Enhancement
P25847	P53397	0	Phenotypic Enhancement
P25847	P40965	0	Dosage Rescue
P25847	P39009	0	Phenotypic Suppression;Synthetic Rescue
P25847	P38920	0	Phenotypic Enhancement;Phenotypic Suppression
P25847	P32829	0	Negative Genetic;Phenotypic Enhancement
P25847	P30620	0	Phenotypic Enhancement;Synthetic Lethality
P25847	P28519	0	Phenotypic Enhancement;Synthetic Growth Defect
P25847	P26793	0	Negative Genetic;Phenotypic Enhancement;Phenotypic Suppression;Synthetic Growth Defect;Synthetic Lethality
P25847	P26754	0	Phenotypic Suppression
P25846	Q12086	0	Phenotypic Enhancement
P25846	Q03702	0	Phenotypic Enhancement
P25846	P53397	0	Phenotypic Enhancement
P25843	Q9VFM9	0	Phenotypic Suppression
P25843	P48603	0	Phenotypic Suppression
P25843	P40793	0	Phenotypic Suppression
P25843	P40792	0	Phenotypic Suppression
P25808	Q99207	0	Negative Genetic
P25808	Q12460	0	Negative Genetic
P25808	Q12024	0	Negative Genetic
P25808	Q08962	0	Negative Genetic
P25808	Q08492	0	Positive Genetic
P25808	Q07896	0	Negative Genetic
P25808	Q06287	0	Negative Genetic
P25808	Q05946	0	Positive Genetic
P25808	Q04660	0	Negative Genetic
P25808	P53734	0	Negative Genetic
P25808	P53313	0	Negative Genetic
P25808	P49166	0	Positive Genetic
P25808	P40991	0	Negative Genetic
P25808	P38789	0	Positive Genetic
P25808	P38712	0	Negative Genetic
P25808	P36120	0	Negative Genetic
P25808	P33201	0	Negative Genetic
P25787	Q969H0	0	Negative Genetic
P25747	P56258	0	Positive Genetic
P25741	P76658	0	Negative Genetic
P25741	P63224	0	Positive Genetic
P25740	P76658	0	Positive Genetic
P25740	P63224	0	Positive Genetic
P25723	Q24025	0	Phenotypic Suppression
P25722	Q9V3L1	0	Phenotypic Suppression
P25714	P69423	0	Negative Genetic
P25714	P60955	0	Positive Genetic
P25705	Q9NX20	0	Positive Genetic
P25705	Q16795	0	Positive Genetic
P25705	P82675	0	Positive Genetic
P25694	Q12306	0	Negative Genetic
P25694	Q08601	0	Synthetic Growth Defect
P25694	Q08109	0	Phenotypic Enhancement
P25694	Q06682	0	Dosage Rescue
P25694	Q04311	0	Dosage Rescue;Negative Genetic;Synthetic Growth Defect
P25694	Q04228	0	Negative Genetic
P25694	Q02890	0	Synthetic Rescue
P25694	Q02159	0	Positive Genetic
P25694	Q01476	0	Dosage Rescue;Negative Genetic;Synthetic Rescue
P25694	P54860	0	Phenotypic Suppression;Synthetic Rescue
P25694	P54730	0	Dosage Rescue;Negative Genetic;Synthetic Lethality;Synthetic Rescue
P25694	P53973	0	Negative Genetic
P25694	P50110	0	Negative Genetic
P25694	P46957	0	Negative Genetic
P25694	P43593	0	Positive Genetic
P25694	P43588	0	Negative Genetic
P25694	P43558	0	Negative Genetic
P25694	P39940	0	Negative Genetic;Synthetic Lethality
P25694	P39538	0	Negative Genetic;Synthetic Rescue
P25694	P38886	0	Negative Genetic;Synthetic Lethality
P25694	P38428	0	Positive Genetic
P25694	P38121	0	Positive Genetic
P25694	P36037	0	Positive Genetic;Synthetic Rescue
P25694	P34223	0	Negative Genetic;Synthetic Rescue
P25694	P33755	0	Synthetic Lethality
P25694	P33299	0	Negative Genetic
P25694	P33297	0	Negative Genetic
P25694	P32915	0	Positive Genetic
P25656	Q03687	0	Phenotypic Suppression;Synthetic Rescue
P25656	P42838	0	Dosage Rescue;Phenotypic Suppression;Synthetic Growth Defect;Synthetic Lethality
P25656	P40527	0	Dosage Rescue;Phenotypic Enhancement;Synthetic Lethality
P25656	P39531	0	Positive Genetic
P25651	Q00684	0	Negative Genetic
P25646	P36135	0	Synthetic Rescue
P25646	P35182	0	Negative Genetic;Phenotypic Enhancement;Synthetic Growth Defect;Synthetic Rescue
P25646	P32473	0	Synthetic Growth Defect
P25642	Q12322	0	Negative Genetic
P25642	Q06090	0	Negative Genetic
P25642	Q04235	0	Negative Genetic
P25642	Q03151	0	Negative Genetic
P25642	Q02608	0	Negative Genetic
P25642	P53881	0	Negative Genetic
P25642	P53733	0	Positive Genetic
P25642	P53724	0	Negative Genetic
P25642	P53305	0	Negative Genetic
P25642	P41805	0	Negative Genetic
P25642	P40858	0	Negative Genetic
P25642	P36534	0	Positive Genetic
P25642	P32387	0	Negative Genetic
P25641	Q12380	0	Phenotypic Suppression
P25641	Q07879	0	Phenotypic Suppression
P25641	Q06671	0	Positive Genetic
P25641	Q06410	0	Phenotypic Suppression
P25641	Q03818	0	Phenotypic Suppression
P25641	Q02948	0	Phenotypic Suppression
P25641	P53867	0	Phenotypic Suppression
P25641	P43601	0	Phenotypic Suppression
P25641	P40344	0	Phenotypic Suppression
P25641	P40308	0	Phenotypic Suppression;Synthetic Rescue
P25641	P39968	0	Phenotypic Suppression
P25641	P38862	0	Phenotypic Suppression;Positive Genetic
P25641	P38316	0	Phenotypic Suppression
P25641	P38270	0	Phenotypic Suppression
P25641	P38182	0	Phenotypic Suppression
P25641	P32939	0	Phenotypic Suppression
P25638	Q12499	0	Negative Genetic
P25638	Q12464	0	Negative Genetic
P25638	Q03940	0	Negative Genetic
P25635	Q99207	0	Negative Genetic
P25635	Q12339	0	Negative Genetic
P25635	Q08235	0	Positive Genetic
P25635	Q07896	0	Positive Genetic
P25635	Q06287	0	Negative Genetic
P25635	Q06106	0	Phenotypic Enhancement;Synthetic Growth Defect
P25635	Q05946	0	Negative Genetic
P25635	Q03532	0	Negative Genetic
P25635	P53914	0	Negative Genetic
P25635	P53734	0	Positive Genetic
P25635	P53131	0	Positive Genetic
P25635	P41819	0	Negative Genetic
P25635	P40991	0	Positive Genetic
P25635	P38805	0	Positive Genetic
P25635	P38712	0	Negative Genetic
P25635	P38333	0	Negative Genetic
P25635	P38112	0	Positive Genetic
P25635	P36160	0	Positive Genetic
P25632	Q03124	0	Negative Genetic
P25632	P80428	0	Negative Genetic
P25632	P61830	0	Positive Genetic
P25632	P43609	0	Dosage Rescue;Negative Genetic
P25632	P38956	0	Positive Genetic
P25628	Q08650	0	Phenotypic Enhancement;Phenotypic Suppression;Synthetic Growth Defect;Synthetic Lethality
P25628	Q05521	0	Phenotypic Enhancement
P25628	Q04396	0	Phenotypic Enhancement
P25628	P53629	0	Negative Genetic;Phenotypic Enhancement;Synthetic Growth Defect;Synthetic Lethality
P25628	P40345	0	Phenotypic Enhancement;Phenotypic Suppression;Synthetic Growth Defect;Synthetic Lethality
P25627	Q99207	0	Phenotypic Suppression;Synthetic Rescue
P25627	Q08965	0	Synthetic Rescue
P25627	Q08444	0	Synthetic Rescue
P25627	Q06287	0	Synthetic Growth Defect
P25627	Q04217	0	Synthetic Rescue
P25627	Q01855	0	Synthetic Lethality
P25627	P53941	0	Synthetic Rescue
P25627	P48234	0	Synthetic Rescue
P25626	Q12322	0	Positive Genetic
P25626	P46990	0	Positive Genetic
P25625	P53154	0	Positive Genetic
P25625	P40986	0	Negative Genetic;Phenotypic Suppression;Synthetic Rescue
P25623	P39013	0	Phenotypic Suppression
P25619	P47040	0	Phenotypic Enhancement
P25618	P53154	0	Negative Genetic;Synthetic Growth Defect
P25618	P53008	0	Negative Genetic
P25618	P40533	0	Phenotypic Suppression;Synthetic Growth Defect
P25618	P31382	0	Negative Genetic
P25618	P25625	0	Synthetic Growth Defect
P25615	Q04437	0	Phenotypic Enhancement;Phenotypic Suppression
P25615	Q04049	0	Phenotypic Suppression
P25615	P32807	0	Phenotypic Suppression;Synthetic Rescue
P25615	P26793	0	Synthetic Growth Defect
P25613	Q01574	0	Phenotypic Suppression
P25613	P36035	0	Phenotypic Enhancement;Synthetic Growth Defect;Synthetic Rescue
P25605	P39522	0	Phenotypic Suppression
P25605	P38891	0	Negative Genetic;Phenotypic Suppression
P25605	P28834	0	Positive Genetic
P25604	Q99176	0	Positive Genetic
P25604	Q12033	0	Positive Genetic
P25604	Q06696	0	Phenotypic Enhancement;Phenotypic Suppression;Synthetic Rescue
P25604	P53179	0	Positive Genetic
P25604	P52917	0	Phenotypic Enhancement;Synthetic Rescue
P25604	P42939	0	Phenotypic Enhancement
P25604	P39929	0	Phenotypic Suppression
P25604	P36095	0	Synthetic Rescue
P25594	Q04301	0	Phenotypic Enhancement
P25586	Q12220	0	Negative Genetic
P25586	Q12149	0	Negative Genetic
P25586	Q12099	0	Negative Genetic
P25586	Q12035	0	Negative Genetic
P25586	Q08972	0	Positive Genetic
P25586	Q07915	0	Positive Genetic
P25586	Q07623	0	Negative Genetic
P25586	Q06672	0	Positive Genetic
P25586	Q06344	0	Negative Genetic
P25586	Q06287	0	Negative Genetic
P25586	Q06106	0	Negative Genetic
P25586	Q05946	0	Negative Genetic
P25586	Q05498	0	Negative Genetic
P25586	Q04373	0	Positive Genetic
P25586	Q04305	0	Negative Genetic
P25586	Q04177	0	Negative Genetic
P25586	Q03532	0	Negative Genetic
P25586	Q02354	0	Negative Genetic
P25586	P53833	0	Negative Genetic
P25586	P53317	0	Negative Genetic
P25586	P53251	0	Positive Genetic
P25586	P46669	0	Negative Genetic
P25586	P41814	0	Negative Genetic
P25586	P40055	0	Negative Genetic
P25586	P40007	0	Positive Genetic
P25586	P39990	0	Negative Genetic
P25586	P39985	0	Negative Genetic;Positive Genetic
P25586	P39516	0	Negative Genetic
P25586	P38961	0	Negative Genetic
P25586	P38930	0	Negative Genetic
P25586	P38882	0	Negative Genetic
P25586	P38011	0	Positive Genetic
P25586	P33750	0	Negative Genetic
P25586	P33201	0	Negative Genetic;Positive Genetic
P25586	P32495	0	Negative Genetic
P25586	P25808	0	Positive Genetic
P25582	P40991	0	Synthetic Growth Defect
P25582	P34078	0	Positive Genetic
P25582	P33201	0	Positive Genetic
P25580	P38211	0	Positive Genetic
P25578	Q05776	0	Phenotypic Suppression;Synthetic Rescue
P25578	P53230	0	Synthetic Lethality
P25576	Q99312	0	Phenotypic Suppression
P25576	P53164	0	Phenotypic Suppression
P25576	P53078	0	Phenotypic Suppression
P25574	P38353	0	Negative Genetic;Phenotypic Enhancement
P25573	Q04472	0	Positive Genetic;Synthetic Lethality
P25573	P39925	0	Negative Genetic
P25568	Q12380	0	Negative Genetic
P25568	Q06410	0	Negative Genetic
P25566	P40029	0	Synthetic Growth Defect
P25566	P38523	0	Synthetic Rescue
P25566	P36088	0	Synthetic Lethality
P25560	P53868	0	Negative Genetic
P25560	P40509	0	Positive Genetic
P25560	P33754	0	Negative Genetic
P25560	P32803	0	Negative Genetic
P25560	P27825	0	Negative Genetic
P25559	Q08032	0	Negative Genetic;Synthetic Lethality
P25559	Q02574	0	Negative Genetic;Synthetic Growth Defect
P25559	Q01454	0	Negative Genetic;Synthetic Lethality
P25559	P49956	0	Phenotypic Enhancement;Positive Genetic
P25559	P47037	0	Negative Genetic;Synthetic Growth Defect
P25559	P43605	0	Negative Genetic;Synthetic Lethality
P25559	P40958	0	Negative Genetic;Synthetic Growth Defect;Synthetic Lethality
P25559	P40013	0	Negative Genetic;Phenotypic Enhancement;Synthetic Growth Defect;Synthetic Lethality
P25559	P38877	0	Positive Genetic
P25559	P38630	0	Negative Genetic
P25559	P38251	0	Negative Genetic;Positive Genetic
P25559	P32641	0	Negative Genetic;Phenotypic Enhancement;Synthetic Growth Defect
P25554	Q92317	0	Positive Genetic
P25554	Q6WNK7	0	Negative Genetic
P25554	Q03067	0	Negative Genetic
P25554	P61830	0	Positive Genetic
P25554	P50102	0	Negative Genetic
P25534	P75728	0	Positive Genetic
P25522	P25714	0	Negative Genetic
P25515	P41807	0	Synthetic Haploinsufficiency
P25515	P41806	0	Positive Genetic
P25515	P32842	0	Synthetic Growth Defect;Synthetic Lethality
P25491	Q12285	0	Negative Genetic;Synthetic Growth Defect
P25491	Q12154	0	Negative Genetic;Synthetic Growth Defect
P25491	Q12125	0	Negative Genetic;Synthetic Growth Defect
P25491	Q12118	0	Negative Genetic;Synthetic Growth Defect
P25491	Q08601	0	Phenotypic Enhancement;Phenotypic Suppression;Synthetic Growth Defect
P25491	Q08199	0	Positive Genetic
P25491	Q06469	0	Dosage Growth Defect
P25491	Q06058	0	Negative Genetic
P25491	P53940	0	Dosage Rescue;Phenotypic Enhancement;Synthetic Rescue
P25491	P53691	0	Negative Genetic
P25491	P53286	0	Dosage Growth Defect
P25491	P53193	0	Negative Genetic
P25491	P52868	0	Dosage Rescue
P25491	P47138	0	Dosage Rescue
P25491	P47103	0	Negative Genetic
P25491	P47079	0	Negative Genetic
P25491	P39078	0	Negative Genetic
P25491	P38910	0	Positive Genetic
P25491	P38260	0	Negative Genetic
P25491	P32915	0	Positive Genetic
P25491	P32589	0	Dosage Rescue;Negative Genetic;Synthetic Lethality
P25491	P28707	0	Negative Genetic
P25491	P27825	0	Positive Genetic;Synthetic Growth Defect
P25491	P25694	0	Negative Genetic;Phenotypic Suppression
P25454	Q12749	0	Phenotypic Suppression;Synthetic Lethality;Synthetic Rescue
P25454	Q12510	0	Negative Genetic;Synthetic Growth Defect
P25454	Q12318	0	Positive Genetic
P25454	Q12306	0	Negative Genetic;Synthetic Growth Defect
P25454	Q12223	0	Phenotypic Enhancement;Phenotypic Suppression;Synthetic Growth Defect
P25454	Q12083	0	Synthetic Lethality
P25454	Q08773	0	Synthetic Growth Defect
P25454	Q08204	0	Synthetic Rescue
P25454	Q05635	0	Negative Genetic;Synthetic Growth Defect;Synthetic Lethality
P25454	Q04437	0	Phenotypic Enhancement
P25454	Q04149	0	Phenotypic Suppression;Positive Genetic;Synthetic Growth Defect;Synthetic Lethality;Synthetic Rescue
P25454	Q04049	0	Synthetic Growth Defect
P25454	Q03937	0	Phenotypic Suppression
P25454	Q03834	0	Dosage Rescue
P25454	Q02685	0	Phenotypic Enhancement;Synthetic Rescue
P25454	Q02574	0	Phenotypic Enhancement
P25454	Q01454	0	Phenotypic Enhancement;Synthetic Growth Defect;Synthetic Lethality
P25454	P61830	0	Synthetic Growth Defect;Synthetic Rescue
P25454	P53942	0	Synthetic Growth Defect
P25454	P53187	0	Dosage Rescue
P25454	P53152	0	Phenotypic Enhancement;Synthetic Lethality
P25454	P50623	0	Synthetic Lethality
P25454	P48581	0	Positive Genetic;Synthetic Growth Defect
P25454	P40965	0	Synthetic Lethality
P25454	P40562	0	Negative Genetic;Phenotypic Enhancement;Phenotypic Suppression;Synthetic Rescue
P25454	P40151	0	Dosage Growth Defect;Dosage Lethality
P25454	P39009	0	Phenotypic Enhancement;Positive Genetic;Synthetic Growth Defect
P25454	P38957	0	Positive Genetic
P25454	P38927	0	Negative Genetic;Phenotypic Suppression
P25454	P38920	0	Phenotypic Suppression
P25454	P38850	0	Negative Genetic;Synthetic Growth Defect
P25454	P38632	0	Phenotypic Suppression;Synthetic Rescue
P25454	P38251	0	Negative Genetic
P25454	P38207	0	Phenotypic Enhancement
P25454	P38147	0	Phenotypic Enhancement;Positive Genetic
P25454	P38126	0	Phenotypic Enhancement;Phenotypic Suppression
P25454	P36161	0	Negative Genetic;Synthetic Growth Defect;Synthetic Lethality
P25454	P34760	0	Negative Genetic;Synthetic Lethality;Synthetic Rescue
P25454	P32863	0	Dosage Growth Defect;Dosage Rescue;Negative Genetic;Phenotypic Suppression;Positive Genetic;Synthetic Rescue
P25454	P32829	0	Phenotypic Enhancement;Positive Genetic;Synthetic Growth Defect
P25454	P32807	0	Negative Genetic;Synthetic Growth Defect;Synthetic Lethality;Synthetic Rescue
P25454	P32641	0	Dosage Rescue;Phenotypic Suppression;Synthetic Lethality
P25454	P32447	0	Negative Genetic;Phenotypic Enhancement;Synthetic Growth Defect
P25454	P32345	0	Negative Genetic;Phenotypic Enhancement;Synthetic Lethality
P25454	P30665	0	Synthetic Growth Defect;Synthetic Rescue
P25454	P30620	0	Phenotypic Enhancement
P25454	P28519	0	Dosage Rescue;Phenotypic Enhancement;Synthetic Growth Defect
P25454	P26793	0	Negative Genetic;Synthetic Growth Defect;Synthetic Lethality
P25454	P26755	0	Negative Genetic
P25454	P26754	0	Negative Genetic
P25454	P25847	0	Dosage Rescue;Negative Genetic;Phenotypic Enhancement;Phenotypic Suppression;Synthetic Rescue
P25453	Q04089	0	Phenotypic Suppression;Synthetic Rescue
P25453	Q03937	0	Phenotypic Enhancement;Phenotypic Suppression;Synthetic Growth Defect;Synthetic Rescue
P25453	P89114	0	Phenotypic Enhancement;Phenotypic Suppression
P25453	P53187	0	Phenotypic Enhancement;Synthetic Rescue
P25453	P53102	0	Phenotypic Enhancement
P25453	P48581	0	Phenotypic Enhancement;Phenotypic Suppression;Synthetic Rescue
P25453	P38126	0	Phenotypic Enhancement;Phenotypic Suppression;Synthetic Growth Defect;Synthetic Rescue
P25453	P32863	0	Dosage Rescue;Phenotypic Enhancement;Phenotypic Suppression;Synthetic Growth Defect;Synthetic Rescue
P25453	P32489	0	Phenotypic Enhancement;Phenotypic Suppression
P25453	P25454	0	Dosage Rescue;Phenotypic Enhancement;Phenotypic Suppression
P25451	Q12377	0	Negative Genetic
P25451	Q12250	0	Negative Genetic
P25451	Q05778	0	Negative Genetic
P25451	Q01939	0	Negative Genetic
P25451	P53549	0	Negative Genetic
P25451	P43588	0	Negative Genetic
P25451	P40303	0	Negative Genetic
P25451	P38886	0	Negative Genetic
P25451	P38293	0	Negative Genetic
P25451	P33297	0	Negative Genetic
P25451	P32496	0	Negative Genetic
P25451	P30657	0	Negative Genetic
P25451	P30656	0	Negative Genetic
P25443	Q12690	0	Positive Genetic
P25443	Q12460	0	Negative Genetic
P25443	Q06287	0	Negative Genetic
P25443	Q04599	0	Negative Genetic
P25443	Q04305	0	Negative Genetic
P25443	Q04177	0	Negative Genetic
P25443	P51401	0	Negative Genetic
P25443	P49166	0	Positive Genetic
P25443	P47089	0	Positive Genetic
P25443	P43588	0	Negative Genetic
P25443	P38882	0	Negative Genetic
P25443	P38711	0	Positive Genetic
P25443	P38431	0	Phenotypic Suppression
P25443	P38249	0	Negative Genetic
P25443	P38011	0	Positive Genetic
P25443	P33309	0	Negative Genetic
P25443	P32769	0	Negative Genetic
P25443	P32388	0	Negative Genetic
P25443	P29478	0	Negative Genetic
P25443	P25642	0	Negative Genetic
P25385	Q04338	0	Negative Genetic
P25385	Q03322	0	Negative Genetic
P25385	Q01590	0	Synthetic Lethality
P25385	P53271	0	Negative Genetic
P25385	P53146	0	Synthetic Growth Defect
P25385	P41811	0	Dosage Rescue;Negative Genetic
P25385	P38736	0	Negative Genetic
P25385	P36149	0	Dosage Rescue
P25385	P36015	0	Negative Genetic
P25385	P32602	0	Negative Genetic
P25382	Q03862	0	Negative Genetic
P25382	P53313	0	Negative Genetic
P25382	P38803	0	Negative Genetic
P25379	P40185	0	Phenotypic Suppression;Synthetic Rescue
P25376	P48813	0	Negative Genetic;Phenotypic Enhancement;Synthetic Growth Defect
P25374	Q12181	0	Dosage Rescue
P25374	Q08742	0	Negative Genetic
P25374	Q07540	0	Synthetic Lethality
P25374	Q03020	0	Negative Genetic;Phenotypic Suppression
P25374	P53193	0	Phenotypic Suppression
P25374	P38758	0	Negative Genetic
P25374	P38756	0	Positive Genetic
P25374	P38523	0	Negative Genetic
P25374	P36152	0	Dosage Rescue
P25373	P38068	0	Synthetic Rescue
P25373	P34227	0	Phenotypic Enhancement
P25372	P41921	0	Negative Genetic;Phenotypic Enhancement;Phenotypic Suppression;Synthetic Growth Defect;Synthetic Rescue
P25372	P38816	0	Phenotypic Suppression;Synthetic Growth Defect;Synthetic Rescue
P25368	Q99207	0	Negative Genetic
P25368	Q12149	0	Negative Genetic
P25368	Q08492	0	Negative Genetic
P25368	P38930	0	Negative Genetic
P25368	P38711	0	Dosage Rescue
P25368	P36144	0	Negative Genetic
P25368	P35997	0	Dosage Rescue
P25368	P33201	0	Positive Genetic
P25360	P46956	0	Negative Genetic;Phenotypic Enhancement;Synthetic Growth Defect
P25360	P38361	0	Synthetic Growth Defect;Synthetic Lethality
P25359	Q12149	0	Negative Genetic
P25358	Q99190	0	Negative Genetic;Synthetic Growth Defect
P25358	P40857	0	Negative Genetic;Synthetic Growth Defect
P25358	P40319	0	Negative Genetic;Phenotypic Enhancement;Positive Genetic;Synthetic Growth Defect;Synthetic Lethality
P25358	P38286	0	Synthetic Lethality
P25358	P33300	0	Positive Genetic
P25349	P38234	0	Phenotypic Enhancement
P25348	P43535	0	Negative Genetic
P25348	P39925	0	Synthetic Rescue
P25348	P38077	0	Synthetic Rescue
P25346	Q02979	0	Positive Genetic
P25343	Q12271	0	Positive Genetic
P25343	Q04439	0	Negative Genetic;Synthetic Growth Defect;Synthetic Lethality
P25343	P60010	0	Negative Genetic;Synthetic Growth Defect
P25343	P50942	0	Negative Genetic;Synthetic Growth Defect
P25343	P40319	0	Phenotypic Enhancement;Phenotypic Suppression;Positive Genetic;Synthetic Rescue
P25343	P39940	0	Negative Genetic
P25343	P39743	0	Phenotypic Enhancement;Positive Genetic;Synthetic Growth Defect
P25343	P39013	0	Negative Genetic;Synthetic Growth Defect;Synthetic Lethality
P25343	P38822	0	Negative Genetic
P25343	P36017	0	Negative Genetic;Synthetic Growth Defect;Synthetic Lethality
P25343	P33338	0	Negative Genetic
P25343	P32599	0	Negative Genetic
P25343	P32381	0	Negative Genetic;Synthetic Lethality
P25342	Q07657	0	Negative Genetic;Synthetic Lethality
P25342	P32468	0	Negative Genetic;Synthetic Growth Defect
P25342	P32458	0	Dosage Rescue;Negative Genetic;Synthetic Growth Defect
P25342	P32457	0	Negative Genetic;Synthetic Growth Defect;Synthetic Rescue
P25340	P54781	0	Phenotypic Enhancement;Phenotypic Suppression;Positive Genetic
P25340	P32353	0	Phenotypic Enhancement;Positive Genetic
P25340	P32352	0	Positive Genetic;Synthetic Growth Defect
P25337	Q12417	0	Negative Genetic
P25337	Q12309	0	Negative Genetic
P25337	Q08963	0	Negative Genetic
P25337	Q07930	0	Negative Genetic
P25337	Q06217	0	Negative Genetic
P25337	Q06091	0	Negative Genetic
P25337	Q03772	0	Negative Genetic
P25337	Q03654	0	Positive Genetic
P25337	Q03375	0	Positive Genetic
P25337	Q02775	0	Negative Genetic
P25337	Q02554	0	Positive Genetic
P25337	P54999	0	Negative Genetic
P25337	P53905	0	Positive Genetic
P25337	P53854	0	Negative Genetic
P25337	P53333	0	Negative Genetic
P25337	P53277	0	Negative Genetic
P25337	P49955	0	Positive Genetic
P25337	P46947	0	Negative Genetic
P25337	P40565	0	Negative Genetic
P25337	P38241	0	Negative Genetic
P25337	P36048	0	Negative Genetic
P25337	P33411	0	Negative Genetic
P25337	P28320	0	Negative Genetic
P25337	P28004	0	Negative Genetic
P25336	Q12223	0	Phenotypic Enhancement;Phenotypic Suppression
P25336	Q03834	0	Dosage Rescue;Phenotypic Enhancement;Phenotypic Suppression;Synthetic Lethality
P25336	P40965	0	Negative Genetic
P25336	P38920	0	Phenotypic Suppression
P25336	P26793	0	Phenotypic Enhancement
P25336	P25847	0	Phenotypic Enhancement
P25336	P25454	0	Dosage Rescue;Phenotypic Suppression
P25332	P33401	0	Negative Genetic
P25322	Q02248	0	Phenotypic Suppression
P25303	Q04969	0	Negative Genetic
P25303	P53008	0	Negative Genetic;Phenotypic Suppression;Synthetic Growth Defect
P25303	P48439	0	Negative Genetic;Synthetic Growth Defect
P25303	P47154	0	Negative Genetic
P25303	P43613	0	Synthetic Growth Defect
P25303	P41543	0	Negative Genetic
P25303	P40358	0	Dosage Rescue;Negative Genetic;Phenotypic Enhancement;Synthetic Growth Defect;Synthetic Lethality
P25303	P38138	0	Negative Genetic
P25303	P36016	0	Dosage Rescue;Positive Genetic
P25303	P33767	0	Negative Genetic
P25303	P32361	0	Negative Genetic;Synthetic Growth Defect
P25303	P27825	0	Negative Genetic
P25301	Q12318	0	Negative Genetic
P25301	Q12223	0	Negative Genetic
P25301	Q04437	0	Phenotypic Enhancement
P25301	Q04149	0	Negative Genetic;Positive Genetic;Synthetic Rescue
P25301	Q01454	0	Synthetic Growth Defect
P25301	P40562	0	Negative Genetic;Synthetic Rescue
P25301	P40465	0	Negative Genetic
P25301	P38927	0	Negative Genetic
P25301	P38850	0	Negative Genetic;Positive Genetic
P25301	P38751	0	Negative Genetic
P25301	P32863	0	Positive Genetic
P25301	P32807	0	Negative Genetic
P25301	P32641	0	Phenotypic Suppression
P25301	P26793	0	Negative Genetic;Synthetic Growth Defect;Synthetic Lethality
P25301	P25454	0	Dosage Rescue;Phenotypic Suppression;Positive Genetic;Synthetic Rescue
P25300	P33314	0	Phenotypic Suppression
P25299	Q12149	0	Negative Genetic;Synthetic Rescue
P25299	Q12102	0	Negative Genetic
P25299	Q08685	0	Negative Genetic
P25299	Q08553	0	Synthetic Rescue
P25299	Q06102	0	Negative Genetic
P25299	Q01329	0	Negative Genetic
P25299	P53538	0	Negative Genetic
P25299	P39927	0	Negative Genetic
P25299	P35728	0	Negative Genetic;Synthetic Rescue
P25299	P32505	0	Synthetic Growth Defect
P25299	P29468	0	Negative Genetic;Synthetic Lethality
P25298	Q12149	0	Negative Genetic;Phenotypic Suppression;Synthetic Rescue
P25298	Q08685	0	Negative Genetic
P25298	Q06102	0	Negative Genetic
P25298	P53538	0	Negative Genetic
P25298	P39927	0	Negative Genetic;Synthetic Lethality
P25298	P29468	0	Synthetic Lethality
P25298	P25299	0	Dosage Rescue;Negative Genetic
P25297	P46956	0	Dosage Rescue;Synthetic Growth Defect
P25297	P39535	0	Negative Genetic;Phenotypic Enhancement;Phenotypic Suppression;Synthetic Growth Defect;Synthetic Lethality
P25297	P38361	0	Phenotypic Enhancement;Phenotypic Suppression;Synthetic Growth Defect;Synthetic Lethality
P25297	P27514	0	Phenotypic Enhancement;Phenotypic Suppression;Synthetic Lethality
P25297	P25360	0	Dosage Rescue;Phenotypic Enhancement;Phenotypic Suppression;Synthetic Growth Defect;Synthetic Lethality
P25296	Q99385	0	Phenotypic Enhancement;Phenotypic Suppression;Synthetic Growth Defect;Synthetic Lethality
P25296	Q00772	0	Dosage Rescue;Negative Genetic;Phenotypic Enhancement;Synthetic Lethality
P25296	P38929	0	Phenotypic Enhancement;Synthetic Lethality
P25296	P32485	0	Synthetic Rescue
P25294	Q06469	0	Phenotypic Suppression
P25294	P53940	0	Phenotypic Suppression;Synthetic Growth Defect
P25294	P53286	0	Phenotypic Suppression;Synthetic Growth Defect
P25294	P32589	0	Phenotypic Enhancement;Phenotypic Suppression
P25294	P31539	0	Phenotypic Suppression
P25294	P25491	0	Dosage Growth Defect;Dosage Rescue;Phenotypic Enhancement;Synthetic Lethality;Synthetic Rescue
P25293	Q12692	0	Synthetic Growth Defect;Synthetic Rescue
P25293	Q12159	0	Synthetic Growth Defect
P25293	P53853	0	Synthetic Growth Defect
P25293	P53067	0	Synthetic Growth Defect
P25293	P38344	0	Phenotypic Enhancement
P25293	P32458	0	Negative Genetic
P25228	Q9VKB9	0	Phenotypic Enhancement
P25205	Q9UNS1	0	Negative Genetic
P25171	Q9VIW3	0	Phenotypic Suppression
P25157	P48148	0	Phenotypic Enhancement
P25118	Q62073	0	Phenotypic Suppression
P25087	Q12452	0	Negative Genetic
P25087	P54781	0	Phenotypic Enhancement;Synthetic Growth Defect;Synthetic Rescue
P25087	P41338	0	Negative Genetic
P25087	P38992	0	Negative Genetic;Phenotypic Enhancement;Synthetic Growth Defect
P25087	P36139	0	Phenotypic Enhancement;Phenotypic Suppression
P25087	P33300	0	Negative Genetic;Synthetic Growth Defect
P25087	P32462	0	Negative Genetic;Synthetic Lethality
P25087	P32377	0	Negative Genetic
P25087	P32353	0	Negative Genetic;Phenotypic Enhancement;Synthetic Growth Defect
P25087	P32352	0	Negative Genetic;Phenotypic Enhancement;Synthetic Lethality
P25087	P25340	0	Positive Genetic
P25045	Q3E790	0	Negative Genetic
P25045	Q03529	0	Phenotypic Suppression
P25045	P47013	0	Negative Genetic;Phenotypic Enhancement
P25045	P41318	0	Negative Genetic
P25045	P40970	0	Negative Genetic
P25045	P40319	0	Phenotypic Suppression;Synthetic Growth Defect
P25045	P40015	0	Positive Genetic;Synthetic Lethality
P25045	P38992	0	Negative Genetic;Phenotypic Suppression
P25045	P38954	0	Phenotypic Suppression
P25045	P38342	0	Negative Genetic
P25045	P36107	0	Dosage Rescue
P25045	P35206	0	Positive Genetic;Synthetic Rescue
P25045	P32451	0	Negative Genetic
P25043	Q12377	0	Negative Genetic
P25043	Q12250	0	Negative Genetic
P25043	Q08723	0	Positive Genetic
P25043	Q06103	0	Negative Genetic
P25043	Q01939	0	Negative Genetic;Positive Genetic
P25043	P43588	0	Negative Genetic
P25043	P40327	0	Positive Genetic
P25043	P40303	0	Positive Genetic
P25043	P40302	0	Positive Genetic
P25043	P40016	0	Negative Genetic
P25043	P38886	0	Negative Genetic
P25043	P38624	0	Phenotypic Enhancement;Positive Genetic;Synthetic Growth Defect
P25043	P38293	0	Negative Genetic
P25043	P33299	0	Negative Genetic;Positive Genetic
P25043	P33298	0	Positive Genetic
P25043	P32565	0	Positive Genetic
P25043	P32496	0	Negative Genetic
P25043	P32379	0	Negative Genetic;Positive Genetic
P25043	P30657	0	Negative Genetic
P25043	P30656	0	Negative Genetic;Positive Genetic;Synthetic Lethality
P25043	P25451	0	Negative Genetic;Synthetic Growth Defect
P25040	P25443	0	Dosage Rescue;Synthetic Rescue
P25039	Q03862	0	Negative Genetic
P25038	Q3E757	0	Positive Genetic
P25038	Q12089	0	Negative Genetic
P25038	P33201	0	Positive Genetic
P25038	P32785	0	Dosage Rescue;Negative Genetic
P25037	Q01476	0	Phenotypic Enhancement
P24941	Q00534	0	Negative Genetic
P24941	Q00526	0	Negative Genetic
P24871	P38696	0	Negative Genetic;Synthetic Growth Defect
P24870	Q00684	0	Phenotypic Enhancement;Synthetic Lethality
P24870	P40958	0	Synthetic Lethality
P24870	P24871	0	Phenotypic Enhancement;Phenotypic Suppression;Synthetic Lethality
P24869	Q00684	0	Dosage Lethality;Negative Genetic;Phenotypic Enhancement;Phenotypic Suppression;Synthetic Lethality;Synthetic Rescue
P24869	Q00362	0	Negative Genetic
P24869	P53197	0	Dosage Growth Defect;Dosage Lethality;Phenotypic Enhancement
P24869	P53068	0	Negative Genetic
P24869	P46675	0	Synthetic Rescue
P24869	P43568	0	Dosage Rescue;Synthetic Lethality
P24869	P40958	0	Negative Genetic;Phenotypic Suppression;Positive Genetic;Synthetic Lethality
P24869	P40466	0	Dosage Rescue;Phenotypic Suppression
P24869	P38987	0	Dosage Lethality;Negative Genetic;Synthetic Growth Defect
P24869	P38877	0	Negative Genetic;Synthetic Growth Defect;Synthetic Lethality
P24869	P38274	0	Dosage Rescue;Negative Genetic
P24869	P38042	0	Negative Genetic
P24869	P32943	0	Dosage Growth Defect
P24869	P32562	0	Dosage Lethality;Phenotypic Enhancement
P24869	P32380	0	Phenotypic Suppression;Synthetic Growth Defect
P24869	P30283	0	Dosage Growth Defect;Dosage Rescue
P24869	P27636	0	Dosage Lethality;Dosage Rescue;Synthetic Growth Defect
P24869	P26448	0	Synthetic Rescue
P24869	P25454	0	Phenotypic Enhancement;Synthetic Growth Defect;Synthetic Lethality
P24869	P24870	0	Negative Genetic;Phenotypic Enhancement;Synthetic Growth Defect;Synthetic Lethality
P24868	Q00684	0	Phenotypic Enhancement
P24868	P32562	0	Dosage Lethality
P24868	P24869	0	Negative Genetic;Phenotypic Enhancement;Phenotypic Suppression;Synthetic Growth Defect;Synthetic Lethality
P24867	P25693	0	Phenotypic Enhancement
P24814	Q12018	0	Dosage Lethality
P24814	Q08273	0	Synthetic Lethality
P24814	Q00362	0	Dosage Rescue;Synthetic Lethality
P24814	P52286	0	Dosage Lethality;Dosage Rescue
P24814	P47002	0	Dosage Rescue;Synthetic Rescue
P24814	P39923	0	Dosage Lethality
P24785	Q24368	0	Phenotypic Suppression
P24783	Q12159	0	Synthetic Growth Defect
P24783	Q04660	0	Negative Genetic
P24783	Q03862	0	Negative Genetic
P24783	Q03532	0	Negative Genetic
P24719	P53187	0	Dosage Rescue;Negative Genetic
P24719	P32863	0	Phenotypic Enhancement;Phenotypic Suppression
P24719	P25453	0	Phenotypic Enhancement;Phenotypic Suppression;Synthetic Rescue
P24583	Q06147	0	Negative Genetic
P24583	Q00772	0	Dosage Rescue;Negative Genetic;Phenotypic Suppression
P24583	Q00362	0	Dosage Growth Defect;Phenotypic Suppression
P24583	P60010	0	Negative Genetic;Positive Genetic
P24583	P53046	0	Phenotypic Suppression
P24583	P39007	0	Negative Genetic
P24583	P38011	0	Negative Genetic;Synthetic Growth Defect;Synthetic Rescue
P24583	P35182	0	Dosage Rescue;Phenotypic Suppression;Positive Genetic;Synthetic Rescue
P24583	P32383	0	Dosage Rescue
P24583	P25296	0	Dosage Rescue;Negative Genetic
P24521	Q12452	0	Negative Genetic
P24521	Q12051	0	Negative Genetic
P24521	P32353	0	Positive Genetic
P24521	P29704	0	Phenotypic Enhancement;Positive Genetic
P24482	Q04603	0	Synthetic Growth Defect
P24482	P32354	0	Synthetic Growth Defect
P24386	P26374	0	Negative Genetic
P24385	P30281	0	Negative Genetic
P24385	P30279	0	Negative Genetic
P24384	Q12309	0	Negative Genetic;Synthetic Growth Defect
P24384	Q08920	0	Negative Genetic
P24384	Q07478	0	Negative Genetic
P24384	Q06091	0	Negative Genetic
P24384	Q04048	0	Negative Genetic
P24384	Q03772	0	Negative Genetic
P24384	Q03654	0	Dosage Rescue;Negative Genetic;Synthetic Growth Defect
P24384	Q03375	0	Negative Genetic
P24384	Q02775	0	Negative Genetic
P24384	Q02260	0	Negative Genetic
P24384	P53333	0	Negative Genetic
P24384	P53277	0	Negative Genetic
P24384	P53131	0	Negative Genetic
P24384	P46947	0	Negative Genetic
P24384	P40968	0	Synthetic Lethality
P24384	P40565	0	Negative Genetic
P24384	P36048	0	Negative Genetic;Synthetic Lethality
P24384	P33411	0	Negative Genetic
P24384	P32523	0	Negative Genetic
P24384	P28320	0	Negative Genetic
P24384	P28004	0	Dosage Rescue;Synthetic Lethality
P24384	P25337	0	Negative Genetic
P24280	Q06705	0	Dosage Rescue;Phenotypic Suppression;Synthetic Lethality
P24280	Q02804	0	Negative Genetic;Synthetic Growth Defect;Synthetic Lethality
P24280	Q02201	0	Phenotypic Suppression
P24280	P53844	0	Dosage Rescue
P24280	P48363	0	Synthetic Growth Defect;Synthetic Lethality
P24280	P47008	0	Dosage Rescue;Phenotypic Suppression;Synthetic Lethality
P24280	P38755	0	Phenotypic Suppression
P24280	P38555	0	Negative Genetic;Synthetic Growth Defect;Synthetic Lethality
P24280	P35844	0	Phenotypic Suppression;Synthetic Growth Defect;Synthetic Rescue
P24280	P32368	0	Synthetic Rescue
P24279	Q12488	0	Negative Genetic
P24279	Q08496	0	Negative Genetic
P24279	Q08032	0	Negative Genetic;Synthetic Lethality
P24279	Q07896	0	Dosage Growth Defect
P24279	Q01454	0	Negative Genetic
P24279	P54791	0	Negative Genetic
P24279	P54790	0	Negative Genetic
P24279	P49956	0	Dosage Growth Defect;Negative Genetic
P24279	P47112	0	Negative Genetic
P24279	P40958	0	Phenotypic Suppression
P24279	P38147	0	Negative Genetic
P24279	P38132	0	Dosage Growth Defect;Dosage Rescue;Negative Genetic;Phenotypic Enhancement
P24279	P38121	0	Positive Genetic
P24279	P30665	0	Dosage Growth Defect;Negative Genetic;Phenotypic Enhancement
P24279	P29496	0	Dosage Growth Defect;Dosage Rescue;Negative Genetic;Phenotypic Enhancement
P24279	P29469	0	Dosage Growth Defect;Dosage Lethality;Phenotypic Enhancement;Synthetic Lethality
P24276	Q12149	0	Dosage Rescue;Negative Genetic;Synthetic Growth Defect
P24276	Q08162	0	Dosage Rescue;Positive Genetic
P24276	P46948	0	Negative Genetic
P24276	P38801	0	Negative Genetic
P24276	P38792	0	Negative Genetic
P24230	P33596	0	Positive Genetic
P24230	P27296	0	Positive Genetic
P24230	P24554	0	Negative Genetic
P24228	P76008	0	Positive Genetic
P24228	P75949	0	Negative Genetic
P24228	P45464	0	Negative Genetic
P24205	P61316	0	Negative Genetic
P24205	P27300	0	Negative Genetic
P24182	P27247	0	Negative Genetic
P24181	P76399	0	Positive Genetic
P24181	P32714	0	Negative Genetic
P24181	P27303	0	Negative Genetic
P24180	P76399	0	Positive Genetic
P24180	P75831	0	Positive Genetic
P24180	P32714	0	Negative Genetic
P24180	P31224	0	Positive Genetic
P24177	P77754	0	Negative Genetic
P24177	P76399	0	Positive Genetic
P24177	P76398	0	Negative Genetic
P24177	P76397	0	Negative Genetic
P24177	P75830	0	Negative Genetic
P24177	P52600	0	Negative Genetic
P24177	P52599	0	Negative Genetic
P24177	P37340	0	Negative Genetic
P24177	P27303	0	Negative Genetic
P24175	P69805	0	Positive Genetic
P24175	P69801	0	Negative Genetic
P24175	P69797	0	Positive Genetic
P24173	P76658	0	Negative Genetic
P24173	P63228	0	Positive Genetic
P24173	P63224	0	Positive Genetic
P24173	P24205	0	Negative Genetic
P24077	P75780	0	Negative Genetic
P24031	P38693	0	Phenotypic Enhancement
P24031	P35842	0	Phenotypic Enhancement
P24004	Q05568	0	Positive Genetic
P24004	Q04370	0	Positive Genetic
P24004	P39718	0	Positive Genetic
P24004	P33760	0	Positive Genetic
P24004	P29340	0	Positive Genetic
P24000	P31334	0	Negative Genetic
P23968	P32842	0	Synthetic Lethality
P23968	P25515	0	Synthetic Lethality
P23930	P61320	0	Positive Genetic
P23930	P61316	0	Negative Genetic
P23886	P60752	0	Negative Genetic
P23878	P33941	0	Positive Genetic
P23877	P37028	0	Positive Genetic
P23873	Q47156	0	Negative Genetic
P23862	P28630	0	Negative Genetic
P23847	P77737	0	Negative Genetic
P23847	P77348	0	Positive Genetic
P23847	P77308	0	Positive Genetic
P23845	P75796	0	Negative Genetic
P23843	P77737	0	Negative Genetic
P23843	P77348	0	Positive Genetic
P23843	P76027	0	Negative Genetic
P23833	Q3E846	0	Dosage Rescue
P23833	Q12287	0	Dosage Rescue
P23833	P40086	0	Dosage Growth Defect
P23830	P77747	0	Negative Genetic
P23830	P26647	0	Negative Genetic
P23797	Q04082	0	Negative Genetic
P23797	P53961	0	Negative Genetic
P23797	P47088	0	Negative Genetic
P23797	P47026	0	Negative Genetic
P23797	P46961	0	Negative Genetic
P23797	P38875	0	Negative Genetic
P23796	P33418	0	Negative Genetic;Synthetic Growth Defect
P23776	P32603	0	Synthetic Growth Defect
P23724	Q12377	0	Negative Genetic;Positive Genetic
P23724	Q12250	0	Positive Genetic
P23724	Q08723	0	Positive Genetic
P23724	Q06103	0	Positive Genetic
P23724	Q05778	0	Negative Genetic
P23724	Q01939	0	Negative Genetic;Positive Genetic
P23724	P43588	0	Positive Genetic
P23724	P40327	0	Positive Genetic
P23724	P40303	0	Negative Genetic;Positive Genetic
P23724	P40302	0	Positive Genetic
P23724	P38886	0	Negative Genetic
P23724	P38624	0	Positive Genetic
P23724	P38293	0	Negative Genetic;Synthetic Rescue
P23724	P33299	0	Negative Genetic
P23724	P33298	0	Positive Genetic
P23724	P32496	0	Negative Genetic;Positive Genetic
P23724	P32379	0	Negative Genetic;Positive Genetic
P23724	P30657	0	Negative Genetic;Positive Genetic
P23724	P30656	0	Negative Genetic
P23724	P25451	0	Negative Genetic
P23724	P25043	0	Negative Genetic
P23696	Q24324	0	Phenotypic Suppression
P23696	P52304	0	Phenotypic Enhancement;Phenotypic Suppression
P23644	Q02776	0	Synthetic Growth Defect
P23644	P80967	0	Synthetic Growth Defect
P23644	P53507	0	Dosage Growth Defect
P23644	P49334	0	Phenotypic Enhancement;Phenotypic Suppression
P23644	P33448	0	Dosage Rescue;Synthetic Lethality
P23643	Q07468	0	Phenotypic Enhancement
P23643	P54787	0	Phenotypic Suppression
P23643	P53129	0	Positive Genetic
P23643	P38959	0	Phenotypic Enhancement
P23643	P32609	0	Phenotypic Suppression
P23642	P47124	0	Negative Genetic;Synthetic Growth Defect
P23642	P33775	0	Negative Genetic
P23642	P31382	0	Negative Genetic
P23639	Q12377	0	Negative Genetic
P23639	Q12250	0	Negative Genetic
P23639	Q08723	0	Negative Genetic
P23639	Q06103	0	Negative Genetic
P23639	Q01939	0	Positive Genetic
P23639	P43588	0	Negative Genetic
P23639	P40327	0	Positive Genetic
P23639	P40303	0	Positive Genetic
P23639	P40302	0	Positive Genetic
P23639	P40016	0	Negative Genetic
P23639	P38886	0	Negative Genetic
P23639	P38624	0	Positive Genetic
P23639	P33299	0	Positive Genetic
P23639	P33298	0	Positive Genetic
P23639	P32565	0	Positive Genetic
P23639	P32496	0	Negative Genetic
P23639	P32379	0	Positive Genetic
P23639	P30657	0	Positive Genetic
P23639	P30656	0	Positive Genetic
P23639	P25043	0	Positive Genetic
P23639	P23724	0	Positive Genetic
P23638	Q12377	0	Negative Genetic
P23638	Q12250	0	Negative Genetic
P23638	Q12245	0	Positive Genetic;Synthetic Rescue
P23638	Q08723	0	Negative Genetic
P23638	Q07951	0	Synthetic Rescue
P23638	Q06103	0	Negative Genetic
P23638	Q01939	0	Positive Genetic
P23638	P53549	0	Positive Genetic
P23638	P43593	0	Positive Genetic;Synthetic Rescue
P23638	P43588	0	Negative Genetic
P23638	P40327	0	Positive Genetic
P23638	P40303	0	Negative Genetic
P23638	P40302	0	Negative Genetic
P23638	P40016	0	Negative Genetic
P23638	P38886	0	Negative Genetic;Synthetic Growth Defect
P23638	P38624	0	Positive Genetic
P23638	P38293	0	Negative Genetic
P23638	P33299	0	Negative Genetic;Positive Genetic
P23638	P33298	0	Negative Genetic;Positive Genetic
P23638	P33297	0	Positive Genetic
P23638	P32496	0	Negative Genetic
P23638	P32379	0	Negative Genetic;Synthetic Growth Defect
P23638	P30657	0	Negative Genetic
P23638	P30656	0	Negative Genetic;Positive Genetic
P23638	P25451	0	Negative Genetic
P23638	P25043	0	Negative Genetic
P23638	P23724	0	Negative Genetic;Positive Genetic
P23638	P23639	0	Negative Genetic
P23625	P29829	0	Phenotypic Suppression
P23625	P25455	0	Phenotypic Enhancement
P23595	Q12461	0	Dosage Rescue;Negative Genetic
P23595	Q00362	0	Dosage Rescue;Synthetic Growth Defect;Synthetic Rescue
P23595	P41318	0	Synthetic Rescue
P23595	P40454	0	Dosage Rescue
P23595	P38987	0	Dosage Lethality
P23595	P38285	0	Synthetic Rescue
P23595	P38147	0	Synthetic Rescue
P23595	P32562	0	Dosage Lethality;Dosage Rescue
P23595	P32345	0	Negative Genetic;Phenotypic Enhancement;Synthetic Lethality
P23595	P24814	0	Synthetic Lethality
P23594	Q04372	0	Negative Genetic
P23594	Q00362	0	Dosage Rescue;Synthetic Rescue
P23594	P41318	0	Synthetic Rescue
P23594	P40454	0	Synthetic Growth Defect
P23594	P38987	0	Dosage Lethality
P23594	P38285	0	Synthetic Rescue
P23594	P38147	0	Negative Genetic;Synthetic Rescue
P23594	P32562	0	Dosage Lethality;Dosage Rescue
P23594	P32345	0	Negative Genetic;Phenotypic Enhancement;Synthetic Lethality
P23594	P31383	0	Synthetic Rescue
P23594	P24814	0	Synthetic Lethality
P23594	P23595	0	Negative Genetic;Phenotypic Enhancement;Synthetic Growth Defect;Synthetic Lethality
P23585	P39004	0	Phenotypic Enhancement
P23585	P39003	0	Phenotypic Enhancement
P23585	P38695	0	Phenotypic Enhancement
P23585	P32467	0	Phenotypic Enhancement
P23585	P32466	0	Phenotypic Enhancement
P23585	P32465	0	Phenotypic Enhancement
P23572	Q24152	0	Phenotypic Enhancement
P23542	Q00711	0	Positive Genetic
P23542	P53090	0	Phenotypic Suppression
P23542	P38840	0	Phenotypic Suppression
P23542	P32288	0	Negative Genetic
P23542	P31116	0	Positive Genetic
P23542	P28241	0	Positive Genetic
P23503	P52920	0	Negative Genetic
P23503	P40558	0	Dosage Growth Defect;Synthetic Lethality
P23503	P38829	0	Negative Genetic
P23503	P32451	0	Negative Genetic
P23501	P47013	0	Phenotypic Enhancement;Synthetic Growth Defect
P23500	Q07540	0	Positive Genetic;Synthetic Growth Defect;Synthetic Lethality
P23500	Q01926	0	Dosage Rescue
P23500	P47818	0	Dosage Lethality;Dosage Rescue;Phenotypic Suppression;Synthetic Growth Defect
P23500	P40416	0	Dosage Lethality
P23500	P38127	0	Dosage Rescue;Phenotypic Enhancement;Phenotypic Suppression
P23500	P25374	0	Positive Genetic
P23443	Q9Y243	0	Negative Genetic
P23443	Q9UBS0	0	Negative Genetic
P23443	P31751	0	Negative Genetic
P23443	P31749	0	Negative Genetic
P23394	Q99181	0	Negative Genetic
P23394	Q99177	0	Negative Genetic
P23394	Q12330	0	Negative Genetic
P23394	Q08963	0	Negative Genetic
P23394	Q07508	0	Synthetic Rescue
P23394	Q07350	0	Negative Genetic
P23394	Q06835	0	Negative Genetic
P23394	Q06406	0	Negative Genetic
P23394	Q06217	0	Negative Genetic
P23394	Q04693	0	Negative Genetic
P23394	Q02554	0	Negative Genetic
P23394	P54999	0	Negative Genetic
P23394	P53905	0	Negative Genetic
P23394	P49960	0	Negative Genetic;Synthetic Lethality
P23394	P49704	0	Negative Genetic
P23394	P43589	0	Negative Genetic
P23394	P43321	0	Synthetic Rescue
P23394	P40204	0	Synthetic Rescue
P23394	P39682	0	Negative Genetic
P23394	P38203	0	Negative Genetic
P23394	P36048	0	Negative Genetic;Synthetic Lethality
P23394	P33203	0	Negative Genetic
P23394	P32605	0	Negative Genetic
P23394	P32524	0	Negative Genetic
P23394	P32357	0	Negative Genetic
P23394	P28320	0	Negative Genetic
P23368	Q16798	0	Synthetic Lethality
P23367	P28630	0	Positive Genetic
P23367	P23909	0	Negative Genetic
P23337	Q00764	0	Phenotypic Enhancement
P23337	P27472	0	Synthetic Growth Defect;Synthetic Lethality
P23301	Q3E7X9	0	Positive Genetic
P23301	Q3E792	0	Negative Genetic
P23301	Q08972	0	Positive Genetic
P23301	Q08745	0	Positive Genetic
P23301	Q08199	0	Negative Genetic
P23301	Q02793	0	Negative Genetic
P23301	P56628	0	Negative Genetic
P23301	P53221	0	Positive Genetic
P23301	P51401	0	Positive Genetic
P23301	P47120	0	Negative Genetic
P23301	P46654	0	Negative Genetic
P23301	P40992	0	Positive Genetic
P23301	P40693	0	Negative Genetic
P23301	P38711	0	Negative Genetic
P23301	P38011	0	Negative Genetic
P23301	P36533	0	Negative Genetic
P23301	P36105	0	Positive Genetic
P23301	P36048	0	Negative Genetic
P23301	P35207	0	Negative Genetic
P23301	P32905	0	Positive Genetic
P23301	P32835	0	Positive Genetic
P23301	P32767	0	Negative Genetic
P23301	P32495	0	Negative Genetic
P23301	P32459	0	Negative Genetic
P23301	P32324	0	Synthetic Growth Defect
P23301	P29547	0	Negative Genetic
P23292	P39010	0	Negative Genetic
P23291	P23292	0	Negative Genetic;Phenotypic Enhancement;Synthetic Lethality
P23287	Q00772	0	Dosage Rescue
P23257	Q9XYP8	0	Phenotypic Suppression
P23254	Q12265	0	Negative Genetic
P23254	Q03144	0	Negative Genetic
P23254	P53319	0	Synthetic Lethality
P23254	P46969	0	Positive Genetic;Synthetic Lethality
P23254	P39522	0	Negative Genetic
P23254	P38720	0	Negative Genetic;Synthetic Lethality
P23254	P33315	0	Negative Genetic;Synthetic Growth Defect;Synthetic Lethality
P23248	Q06106	0	Positive Genetic
P23248	Q05498	0	Negative Genetic
P23248	P53937	0	Negative Genetic
P23248	P53131	0	Positive Genetic
P23248	P46655	0	Positive Genetic
P23248	P33442	0	Negative Genetic;Synthetic Lethality
P23202	Q08972	0	Phenotypic Suppression
P23202	P40554	0	Negative Genetic;Phenotypic Enhancement;Synthetic Growth Defect
P23202	P34760	0	Synthetic Growth Defect
P23202	P32288	0	Phenotypic Enhancement
P23202	P27616	0	Negative Genetic
P23202	P25491	0	Negative Genetic;Phenotypic Suppression;Synthetic Lethality
P23179	Q06201	0	Phenotypic Suppression
P23179	Q04149	0	Synthetic Rescue
P23179	Q02793	0	Dosage Rescue;Negative Genetic
P23179	Q02721	0	Phenotypic Enhancement;Phenotypic Suppression;Synthetic Rescue
P23179	P89114	0	Phenotypic Enhancement;Phenotypic Suppression
P23179	P53102	0	Phenotypic Suppression
P23179	P47037	0	Phenotypic Suppression
P23179	P40965	0	Synthetic Growth Defect
P23179	P38920	0	Negative Genetic
P23179	P38126	0	Phenotypic Suppression;Synthetic Growth Defect
P23179	P25453	0	Phenotypic Enhancement;Phenotypic Suppression;Synthetic Growth Defect;Synthetic Rescue
P23179	P24719	0	Dosage Rescue;Synthetic Growth Defect
P23059	Q12309	0	Negative Genetic
P23059	Q06217	0	Negative Genetic
P23059	P28004	0	Negative Genetic
P22939	Q46822	0	Negative Genetic
P22939	P60472	0	Positive Genetic
P22939	P45568	0	Negative Genetic
P22936	Q08214	0	Phenotypic Enhancement;Synthetic Growth Defect;Synthetic Lethality;Synthetic Rescue
P22936	Q03796	0	Synthetic Growth Defect
P22936	P38319	0	Synthetic Growth Defect
P22936	P38207	0	Negative Genetic;Phenotypic Enhancement;Synthetic Growth Defect;Synthetic Lethality
P22936	P33317	0	Dosage Rescue;Synthetic Growth Defect
P22936	P31378	0	Dosage Rescue;Phenotypic Enhancement;Synthetic Growth Defect;Synthetic Lethality;Synthetic Rescue
P22936	P28519	0	Negative Genetic;Phenotypic Enhancement
P22936	P26793	0	Synthetic Rescue
P22936	P25454	0	Phenotypic Enhancement
P22804	Q04338	0	Negative Genetic
P22804	Q03322	0	Negative Genetic
P22804	Q01590	0	Negative Genetic;Phenotypic Enhancement
P22804	P53953	0	Negative Genetic
P22804	P53622	0	Negative Genetic
P22804	P53271	0	Dosage Rescue;Negative Genetic
P22804	P53146	0	Synthetic Growth Defect
P22804	P43682	0	Dosage Rescue
P22804	P41811	0	Dosage Rescue;Negative Genetic
P22804	P41810	0	Dosage Rescue;Negative Genetic
P22804	P40482	0	Dosage Rescue
P22804	P38736	0	Negative Genetic
P22804	P36149	0	Dosage Rescue;Negative Genetic;Synthetic Lethality
P22804	P36015	0	Negative Genetic;Synthetic Rescue
P22804	P32602	0	Negative Genetic
P22804	P32074	0	Dosage Rescue
P22804	P25385	0	Dosage Rescue;Negative Genetic
P22803	P41921	0	Phenotypic Enhancement;Synthetic Rescue
P22803	P40029	0	Negative Genetic
P22803	P32477	0	Synthetic Growth Defect
P22803	P29509	0	Phenotypic Enhancement;Phenotypic Suppression;Synthetic Rescue
P22803	P25373	0	Synthetic Lethality
P22729	P31134	0	Positive Genetic
P22724	Q02248	0	Phenotypic Suppression
P22696	Q03254	0	Dosage Rescue;Negative Genetic
P22696	P53538	0	Dosage Rescue;Negative Genetic;Synthetic Growth Defect
P22696	P39073	0	Synthetic Rescue
P22696	P32561	0	Dosage Lethality;Dosage Rescue;Negative Genetic;Synthetic Rescue
P22696	P29055	0	Dosage Rescue;Synthetic Lethality
P22543	P47147	0	Phenotypic Enhancement
P22543	P32609	0	Phenotypic Suppression
P22543	P32368	0	Synthetic Lethality
P22517	P25296	0	Phenotypic Enhancement;Phenotypic Suppression;Synthetic Growth Defect;Synthetic Rescue
P22516	Q12748	0	Negative Genetic;Synthetic Growth Defect
P22516	Q12262	0	Negative Genetic;Synthetic Growth Defect
P22516	Q06675	0	Negative Genetic;Synthetic Growth Defect;Synthetic Lethality
P22516	Q04673	0	Synthetic Lethality
P22516	Q01454	0	Dosage Rescue;Phenotypic Suppression
P22516	P53538	0	Synthetic Lethality
P22516	P49956	0	Negative Genetic;Synthetic Growth Defect;Synthetic Lethality
P22516	P47167	0	Negative Genetic;Synthetic Growth Defect
P22516	P47037	0	Negative Genetic
P22516	P43605	0	Negative Genetic;Synthetic Lethality
P22516	P40958	0	Negative Genetic;Synthetic Growth Defect;Synthetic Lethality
P22516	P40957	0	Negative Genetic;Synthetic Growth Defect;Synthetic Lethality
P22516	P40090	0	Negative Genetic
P22516	P38907	0	Negative Genetic;Synthetic Growth Defect
P22516	P38877	0	Dosage Rescue;Negative Genetic;Phenotypic Enhancement;Phenotypic Suppression;Synthetic Growth Defect;Synthetic Lethality
P22516	P32776	0	Negative Genetic
P22516	P29469	0	Phenotypic Enhancement;Synthetic Growth Defect
P22516	P26793	0	Negative Genetic;Synthetic Growth Defect;Synthetic Lethality
P22516	P25559	0	Negative Genetic;Synthetic Growth Defect;Synthetic Lethality
P22515	Q12306	0	Negative Genetic
P22515	P53202	0	Negative Genetic
P22515	P38316	0	Negative Genetic
P22455	P27986	0	Negative Genetic
P22438	P38707	0	Positive Genetic
P22354	P25642	0	Negative Genetic
P22353	P53937	0	Negative Genetic
P22336	Q12510	0	Negative Genetic
P22336	Q12223	0	Phenotypic Enhancement
P22336	Q08032	0	Negative Genetic
P22336	Q06142	0	Negative Genetic
P22336	Q04377	0	Synthetic Growth Defect
P22336	Q03406	0	Negative Genetic
P22336	Q02574	0	Negative Genetic;Phenotypic Enhancement;Synthetic Growth Defect
P22336	Q01454	0	Synthetic Growth Defect
P22336	P61830	0	Synthetic Growth Defect
P22336	P49956	0	Negative Genetic
P22336	P48581	0	Negative Genetic
P22336	P46957	0	Negative Genetic
P22336	P40359	0	Negative Genetic
P22336	P40339	0	Synthetic Lethality
P22336	P38850	0	Negative Genetic
P22336	P38630	0	Negative Genetic
P22336	P38251	0	Negative Genetic
P22336	P38121	0	Synthetic Lethality
P22336	P32863	0	Negative Genetic
P22336	P32829	0	Negative Genetic;Phenotypic Enhancement;Synthetic Lethality
P22336	P32807	0	Phenotypic Suppression;Synthetic Rescue
P22336	P32641	0	Negative Genetic
P22336	P29496	0	Negative Genetic
P22336	P29469	0	Negative Genetic
P22336	P26793	0	Negative Genetic;Phenotypic Enhancement;Synthetic Lethality
P22336	P26754	0	Synthetic Lethality
P22336	P25694	0	Negative Genetic
P22336	P25454	0	Negative Genetic;Phenotypic Enhancement;Phenotypic Suppression;Synthetic Lethality;Synthetic Rescue
P22336	P25453	0	Negative Genetic;Phenotypic Suppression
P22336	P25301	0	Phenotypic Enhancement
P22336	P24279	0	Negative Genetic
P22289	P81449	0	Negative Genetic
P22289	P53507	0	Negative Genetic
P22289	P37299	0	Positive Genetic
P22289	P33421	0	Negative Genetic
P22276	P40422	0	Dosage Rescue
P22217	P41921	0	Phenotypic Enhancement
P22217	P32477	0	Negative Genetic
P22217	P29509	0	Phenotypic Enhancement;Phenotypic Suppression;Synthetic Rescue
P22217	P25373	0	Synthetic Lethality
P22217	P22803	0	Negative Genetic;Phenotypic Enhancement;Phenotypic Suppression;Synthetic Growth Defect;Synthetic Lethality
P22216	Q12749	0	Phenotypic Enhancement
P22216	Q08496	0	Negative Genetic;Synthetic Lethality
P22216	Q08032	0	Negative Genetic
P22216	Q04149	0	Negative Genetic
P22216	Q04089	0	Dosage Growth Defect;Synthetic Growth Defect
P22216	Q02574	0	Negative Genetic
P22216	Q01454	0	Synthetic Growth Defect
P22216	Q00362	0	Synthetic Lethality;Synthetic Rescue
P22216	P61830	0	Dosage Growth Defect;Phenotypic Suppression;Synthetic Rescue
P22216	P49956	0	Synthetic Growth Defect
P22216	P49723	0	Synthetic Lethality
P22216	P48581	0	Negative Genetic;Phenotypic Enhancement;Synthetic Growth Defect
P22216	P40958	0	Phenotypic Enhancement;Phenotypic Suppression;Synthetic Growth Defect
P22216	P40164	0	Dosage Growth Defect
P22216	P39966	0	Dosage Lethality
P22216	P39009	0	Dosage Growth Defect;Dosage Rescue;Phenotypic Suppression;Synthetic Growth Defect;Synthetic Lethality
P22216	P38251	0	Dosage Rescue;Negative Genetic
P22216	P38147	0	Phenotypic Enhancement;Phenotypic Suppression;Positive Genetic
P22216	P32943	0	Synthetic Growth Defect
P22216	P32863	0	Phenotypic Suppression
P22216	P32807	0	Phenotypic Suppression;Synthetic Growth Defect;Synthetic Rescue
P22216	P32641	0	Negative Genetic;Phenotypic Enhancement;Phenotypic Suppression;Synthetic Rescue
P22216	P32562	0	Phenotypic Suppression
P22216	P32447	0	Dosage Rescue;Negative Genetic;Phenotypic Enhancement;Phenotypic Suppression;Synthetic Growth Defect;Synthetic Lethality;Synthetic Rescue
P22216	P32354	0	Negative Genetic;Phenotypic Suppression;Synthetic Growth Defect;Synthetic Lethality
P22216	P32345	0	Dosage Growth Defect;Phenotypic Suppression;Synthetic Rescue
P22216	P30665	0	Phenotypic Suppression
P22216	P30283	0	Synthetic Lethality
P22216	P29496	0	Phenotypic Suppression
P22216	P29469	0	Phenotypic Suppression;Synthetic Lethality
P22216	P25454	0	Phenotypic Suppression;Positive Genetic;Synthetic Growth Defect
P22216	P24869	0	Synthetic Growth Defect;Synthetic Rescue
P22216	P22336	0	Negative Genetic
P22214	Q99287	0	Phenotypic Enhancement;Phenotypic Suppression
P22214	Q12285	0	Negative Genetic;Phenotypic Suppression
P22214	Q12234	0	Dosage Rescue;Negative Genetic;Phenotypic Suppression;Synthetic Growth Defect
P22214	Q12154	0	Negative Genetic;Phenotypic Suppression
P22214	Q12125	0	Negative Genetic
P22214	Q06096	0	Negative Genetic
P22214	Q05359	0	Phenotypic Enhancement
P22214	Q04338	0	Negative Genetic
P22214	Q03630	0	Dosage Rescue;Negative Genetic
P22214	Q03322	0	Negative Genetic
P22214	Q01590	0	Negative Genetic;Synthetic Lethality;Synthetic Rescue
P22214	P54837	0	Negative Genetic;Phenotypic Suppression
P22214	P53953	0	Negative Genetic;Phenotypic Suppression
P22214	P53847	0	Negative Genetic;Synthetic Lethality
P22214	P53622	0	Negative Genetic
P22214	P53600	0	Negative Genetic
P22214	P53337	0	Negative Genetic;Phenotypic Suppression
P22214	P53271	0	Dosage Rescue;Negative Genetic
P22214	P53192	0	Negative Genetic;Synthetic Growth Defect
P22214	P53146	0	Negative Genetic;Positive Genetic;Synthetic Growth Defect;Synthetic Lethality
P22214	P43621	0	Negative Genetic
P22214	P41834	0	Dosage Rescue;Negative Genetic
P22214	P41811	0	Dosage Rescue;Negative Genetic
P22214	P41810	0	Dosage Rescue;Negative Genetic
P22214	P40509	0	Negative Genetic
P22214	P40482	0	Dosage Rescue
P22214	P39727	0	Negative Genetic
P22214	P38736	0	Negative Genetic;Phenotypic Suppression
P22214	P38334	0	Negative Genetic
P22214	P36149	0	Dosage Rescue;Negative Genetic;Synthetic Lethality
P22214	P36015	0	Negative Genetic;Synthetic Growth Defect;Synthetic Lethality;Synthetic Rescue
P22214	P33891	0	Negative Genetic;Synthetic Lethality
P22214	P32803	0	Negative Genetic
P22214	P32602	0	Dosage Rescue;Negative Genetic
P22214	P32074	0	Dosage Rescue
P22214	P25385	0	Dosage Rescue;Negative Genetic
P22214	P22804	0	Dosage Rescue;Negative Genetic;Phenotypic Suppression;Synthetic Lethality;Synthetic Rescue
P22213	Q99260	0	Dosage Rescue;Negative Genetic;Synthetic Lethality;Synthetic Rescue
P22213	Q12745	0	Dosage Rescue;Negative Genetic
P22213	Q06096	0	Dosage Rescue;Negative Genetic
P22213	Q04338	0	Dosage Rescue;Negative Genetic
P22213	Q03554	0	Negative Genetic
P22213	Q03322	0	Negative Genetic
P22213	Q01590	0	Dosage Rescue;Negative Genetic;Synthetic Rescue
P22213	P54837	0	Negative Genetic
P22213	P53847	0	Dosage Rescue;Synthetic Lethality;Synthetic Rescue
P22213	P53271	0	Dosage Rescue;Negative Genetic
P22213	P53146	0	Negative Genetic
P22213	P47061	0	Synthetic Lethality;Synthetic Rescue
P22213	P43621	0	Negative Genetic
P22213	P41834	0	Dosage Rescue;Negative Genetic
P22213	P38736	0	Negative Genetic
P22213	P36149	0	Dosage Rescue;Negative Genetic
P22213	P36015	0	Negative Genetic
P22213	P33891	0	Negative Genetic;Synthetic Lethality
P22213	P32602	0	Dosage Growth Defect;Negative Genetic
P22213	P32074	0	Synthetic Rescue
P22213	P25385	0	Negative Genetic
P22213	P22804	0	Dosage Rescue;Negative Genetic
P22213	P22214	0	Negative Genetic;Phenotypic Suppression;Synthetic Lethality;Synthetic Rescue
P22204	Q07533	0	Negative Genetic;Phenotypic Suppression;Synthetic Growth Defect
P22204	Q05080	0	Phenotypic Suppression;Synthetic Growth Defect
P22204	Q00684	0	Dosage Rescue;Negative Genetic;Synthetic Growth Defect
P22204	Q00362	0	Synthetic Rescue
P22204	P60010	0	Negative Genetic;Positive Genetic;Synthetic Haploinsufficiency
P22204	P38987	0	Dosage Rescue;Negative Genetic;Synthetic Lethality
P22204	P32562	0	Dosage Rescue;Negative Genetic;Synthetic Lethality
P22204	P32328	0	Negative Genetic;Phenotypic Enhancement;Synthetic Growth Defect;Synthetic Lethality
P22204	P27636	0	Dosage Rescue;Negative Genetic;Positive Genetic;Synthetic Lethality;Synthetic Rescue
P22204	P24869	0	Dosage Lethality;Negative Genetic
P22204	P22517	0	Negative Genetic
P22203	P41807	0	Synthetic Rescue
P22202	P38910	0	Negative Genetic
P22202	P25491	0	Synthetic Lethality
P22188	P37773	0	Negative Genetic
P22188	P31120	0	Negative Genetic
P22188	P22634	0	Positive Genetic
P22146	Q00772	0	Negative Genetic;Phenotypic Suppression;Synthetic Lethality
P22146	P53334	0	Positive Genetic
P22146	P48439	0	Negative Genetic
P22146	P46971	0	Negative Genetic
P22146	P38248	0	Negative Genetic
P22146	P38138	0	Negative Genetic;Synthetic Growth Defect;Synthetic Lethality
P22146	P32803	0	Synthetic Lethality
P22146	P32623	0	Synthetic Growth Defect
P22146	P32486	0	Synthetic Lethality
P22146	P31382	0	Negative Genetic
P22146	P29465	0	Negative Genetic;Synthetic Growth Defect;Synthetic Lethality
P22141	Q12377	0	Negative Genetic
P22141	Q12250	0	Negative Genetic
P22141	Q08723	0	Negative Genetic
P22141	Q06103	0	Positive Genetic
P22141	Q01939	0	Positive Genetic
P22141	P43589	0	Negative Genetic
P22141	P43588	0	Positive Genetic
P22141	P40327	0	Positive Genetic
P22141	P40303	0	Negative Genetic;Positive Genetic
P22141	P38886	0	Negative Genetic
P22141	P38624	0	Positive Genetic;Synthetic Growth Defect
P22141	P33299	0	Positive Genetic
P22141	P33298	0	Negative Genetic
P22141	P33297	0	Positive Genetic
P22141	P32496	0	Negative Genetic
P22141	P32379	0	Positive Genetic
P22141	P30657	0	Negative Genetic;Phenotypic Enhancement;Positive Genetic;Synthetic Growth Defect
P22141	P30656	0	Negative Genetic;Phenotypic Enhancement;Positive Genetic;Synthetic Growth Defect;Synthetic Rescue
P22141	P25694	0	Negative Genetic
P22141	P25043	0	Negative Genetic;Positive Genetic
P22141	P23724	0	Negative Genetic;Positive Genetic
P22141	P23638	0	Negative Genetic
P22139	Q06697	0	Negative Genetic
P22139	Q04673	0	Positive Genetic
P22139	Q04636	0	Negative Genetic
P22139	Q04418	0	Negative Genetic
P22139	Q02260	0	Negative Genetic
P22139	P61830	0	Negative Genetic
P22139	P53040	0	Negative Genetic
P22139	P50106	0	Positive Genetic
P22139	P29055	0	Negative Genetic
P22139	P28000	0	Dosage Rescue
P22139	P23059	0	Positive Genetic
P22139	P22276	0	Dosage Rescue;Phenotypic Suppression
P22138	Q01080	0	Dosage Rescue;Synthetic Lethality;Synthetic Rescue
P22138	P40422	0	Dosage Lethality
P22138	P36070	0	Phenotypic Enhancement
P22136	P32493	0	Positive Genetic
P22135	Q12380	0	Negative Genetic
P22135	P53722	0	Positive Genetic
P22135	P40491	0	Dosage Rescue
P22134	P40562	0	Negative Genetic;Phenotypic Enhancement
P22134	P38207	0	Phenotypic Suppression;Synthetic Rescue
P22134	P22936	0	Phenotypic Enhancement;Phenotypic Suppression;Synthetic Rescue
P22133	P36013	0	Phenotypic Enhancement
P22133	P32419	0	Negative Genetic;Synthetic Growth Defect
P22133	P32327	0	Phenotypic Enhancement
P22090	P62701	0	Negative Genetic
P22083	Q11130	0	Negative Genetic
P22023	Q05031	0	Negative Genetic
P22023	Q03691	0	Negative Genetic
P22023	P53008	0	Negative Genetic
P22023	P48439	0	Negative Genetic
P22023	P43614	0	Negative Genetic
P22023	P40367	0	Negative Genetic
P22023	P39007	0	Negative Genetic;Synthetic Lethality
P22023	P39005	0	Negative Genetic
P22023	P38813	0	Negative Genetic;Phenotypic Enhancement
P22023	P38138	0	Negative Genetic
P22023	P38069	0	Negative Genetic
P22023	P32486	0	Dosage Rescue
P22023	P27825	0	Negative Genetic
P22007	Q12051	0	Negative Genetic
P22007	Q03530	0	Negative Genetic
P22007	P29703	0	Negative Genetic
P21965	Q08689	0	Synthetic Rescue
P21965	P53118	0	Synthetic Rescue
P21965	P38615	0	Dosage Rescue;Negative Genetic;Phenotypic Enhancement;Synthetic Growth Defect
P21965	P33322	0	Dosage Rescue
P21965	P30283	0	Negative Genetic;Synthetic Lethality
P21965	P24869	0	Dosage Lethality;Synthetic Growth Defect
P21954	Q06892	0	Dosage Rescue;Synthetic Growth Defect
P21954	P28834	0	Dosage Rescue;Negative Genetic;Phenotypic Enhancement
P21954	P28241	0	Dosage Rescue;Negative Genetic
P21827	Q06142	0	Negative Genetic
P21827	Q02821	0	Negative Genetic
P21827	Q00582	0	Dosage Rescue;Synthetic Rescue
P21827	P41920	0	Synthetic Rescue
P21827	P33331	0	Negative Genetic
P21827	P32836	0	Dosage Rescue
P21827	P32835	0	Dosage Rescue;Negative Genetic
P21827	P30822	0	Negative Genetic;Synthetic Lethality
P21825	Q04969	0	Negative Genetic
P21825	P46965	0	Negative Genetic
P21825	P39742	0	Negative Genetic
P21825	P36057	0	Negative Genetic
P21825	P36016	0	Negative Genetic
P21825	P35179	0	Negative Genetic
P21825	P33754	0	Negative Genetic
P21825	P32916	0	Negative Genetic
P21825	P32915	0	Negative Genetic
P21825	P29478	0	Negative Genetic
P21825	P27825	0	Negative Genetic
P21801	Q3E785	0	Positive Genetic
P21801	Q07540	0	Synthetic Growth Defect
P21801	Q00711	0	Phenotypic Enhancement;Positive Genetic;Synthetic Growth Defect
P21801	P52893	0	Negative Genetic
P21771	P51401	0	Negative Genetic
P21771	P46654	0	Negative Genetic
P21771	P41819	0	Negative Genetic
P21771	P29453	0	Negative Genetic
P21734	Q08109	0	Dosage Rescue
P21734	P39940	0	Phenotypic Enhancement
P21734	P25694	0	Dosage Rescue;Negative Genetic
P21691	Q04089	0	Negative Genetic;Phenotypic Enhancement;Synthetic Growth Defect
P21691	P40963	0	Negative Genetic;Phenotypic Enhancement;Synthetic Growth Defect
P21691	P40466	0	Dosage Rescue;Phenotypic Suppression
P21691	P32807	0	Phenotypic Enhancement
P21691	P32447	0	Negative Genetic;Phenotypic Enhancement;Synthetic Growth Defect
P21672	P49723	0	Dosage Rescue;Negative Genetic
P21672	P39009	0	Dosage Rescue
P21672	P22216	0	Dosage Rescue
P21645	P45395	0	Positive Genetic
P21595	P54781	0	Negative Genetic
P21592	Q3E823	0	Dosage Rescue;Synthetic Rescue
P21592	P53266	0	Dosage Rescue;Synthetic Rescue
P21576	P60010	0	Synthetic Haploinsufficiency
P21576	P40959	0	Dosage Rescue
P21576	P40515	0	Phenotypic Enhancement;Phenotypic Suppression
P21576	P39743	0	Phenotypic Enhancement;Synthetic Growth Defect
P21576	P36000	0	Synthetic Growth Defect;Synthetic Lethality
P21576	P33338	0	Phenotypic Enhancement;Synthetic Lethality
P21576	P32854	0	Phenotypic Enhancement
P21576	P31109	0	Synthetic Lethality
P21576	P24280	0	Dosage Rescue;Phenotypic Enhancement;Positive Genetic;Synthetic Growth Defect;Synthetic Lethality
P21524	P49723	0	Dosage Rescue
P21524	P39009	0	Dosage Rescue;Phenotypic Suppression;Synthetic Growth Defect;Synthetic Lethality
P21524	P29496	0	Negative Genetic
P21524	P29469	0	Negative Genetic
P21524	P26793	0	Negative Genetic;Phenotypic Enhancement
P21524	P22216	0	Dosage Growth Defect;Dosage Rescue
P21524	P21672	0	Dosage Rescue;Synthetic Growth Defect
P21507	P43329	0	Negative Genetic
P21499	P63177	0	Positive Genetic
P21461	P25867	0	Phenotypic Suppression;Synthetic Rescue
P21375	P32614	0	Synthetic Growth Defect
P21374	Q99177	0	Negative Genetic
P21374	Q6Q546	0	Negative Genetic;Synthetic Growth Defect
P21374	Q12417	0	Negative Genetic
P21374	Q12330	0	Negative Genetic
P21374	Q12309	0	Negative Genetic
P21374	Q12052	0	Negative Genetic;Synthetic Growth Defect
P21374	Q12046	0	Synthetic Lethality
P21374	Q08963	0	Negative Genetic
P21374	Q08920	0	Negative Genetic;Positive Genetic
P21374	Q07350	0	Negative Genetic
P21374	Q06525	0	Negative Genetic;Synthetic Growth Defect
P21374	Q06217	0	Negative Genetic
P21374	Q06091	0	Negative Genetic
P21374	Q04048	0	Dosage Rescue;Negative Genetic;Synthetic Growth Defect
P21374	Q03772	0	Negative Genetic
P21374	Q03654	0	Negative Genetic
P21374	Q03375	0	Negative Genetic;Phenotypic Enhancement;Synthetic Growth Defect;Synthetic Lethality
P21374	Q03338	0	Negative Genetic
P21374	Q02775	0	Negative Genetic
P21374	P54999	0	Negative Genetic
P21374	P53854	0	Negative Genetic
P21374	P53333	0	Negative Genetic
P21374	P53277	0	Negative Genetic;Synthetic Growth Defect;Synthetic Lethality
P21374	P53131	0	Negative Genetic
P21374	P46947	0	Negative Genetic
P21374	P40968	0	Negative Genetic
P21374	P40565	0	Negative Genetic;Synthetic Growth Defect
P21374	P38241	0	Negative Genetic
P21374	P36048	0	Negative Genetic
P21374	P33411	0	Negative Genetic
P21374	P32524	0	Negative Genetic
P21374	P32523	0	Negative Genetic;Synthetic Lethality
P21374	P28320	0	Negative Genetic
P21374	P28004	0	Negative Genetic
P21374	P25337	0	Negative Genetic
P21374	P24384	0	Negative Genetic
P21373	Q06892	0	Dosage Rescue;Synthetic Growth Defect;Synthetic Lethality
P21373	P32622	0	Synthetic Lethality
P21372	Q99181	0	Negative Genetic
P21372	Q6Q546	0	Synthetic Growth Defect
P21372	Q12330	0	Negative Genetic
P21372	Q12309	0	Negative Genetic
P21372	Q08963	0	Negative Genetic
P21372	Q08920	0	Negative Genetic
P21372	Q07508	0	Negative Genetic
P21372	Q07350	0	Negative Genetic
P21372	Q06835	0	Negative Genetic
P21372	Q04693	0	Negative Genetic
P21372	Q03776	0	Negative Genetic
P21372	Q02554	0	Dosage Rescue;Negative Genetic
P21372	P54999	0	Negative Genetic
P21372	P53854	0	Negative Genetic
P21372	P53830	0	Phenotypic Suppression;Synthetic Growth Defect;Synthetic Rescue
P21372	P46947	0	Negative Genetic
P21372	P33203	0	Negative Genetic
P21372	P32524	0	Negative Genetic
P21372	P28320	0	Negative Genetic
P21306	P81450	0	Positive Genetic
P21306	P30902	0	Positive Genetic
P21304	Q08972	0	Negative Genetic;Positive Genetic
P21304	Q08235	0	Negative Genetic
P21304	Q08208	0	Negative Genetic
P21304	P40693	0	Negative Genetic
P21304	P38789	0	Negative Genetic
P21304	P36120	0	Negative Genetic
P21304	P36049	0	Negative Genetic
P21304	P33201	0	Negative Genetic
P21283	Q8NEY4	0	Negative Genetic
P21269	P33418	0	Dosage Rescue
P21264	Q05911	0	Synthetic Rescue
P21264	Q04178	0	Negative Genetic;Phenotypic Suppression
P21264	P38972	0	Phenotypic Suppression
P21243	Q12377	0	Negative Genetic
P21243	Q12250	0	Negative Genetic
P21243	Q08723	0	Negative Genetic
P21243	Q06103	0	Negative Genetic
P21243	Q01939	0	Positive Genetic;Synthetic Rescue
P21243	P53549	0	Positive Genetic
P21243	P43588	0	Negative Genetic
P21243	P40327	0	Positive Genetic
P21243	P40303	0	Negative Genetic;Positive Genetic
P21243	P40302	0	Positive Genetic
P21243	P40016	0	Negative Genetic
P21243	P38886	0	Negative Genetic
P21243	P38624	0	Positive Genetic
P21243	P38293	0	Dosage Rescue;Negative Genetic
P21243	P36040	0	Negative Genetic
P21243	P33299	0	Negative Genetic;Positive Genetic
P21243	P33298	0	Positive Genetic
P21243	P33297	0	Positive Genetic
P21243	P32496	0	Negative Genetic
P21243	P32379	0	Positive Genetic
P21243	P30657	0	Negative Genetic;Positive Genetic
P21243	P30656	0	Negative Genetic;Positive Genetic
P21243	P25451	0	Negative Genetic
P21243	P25043	0	Negative Genetic;Positive Genetic
P21243	P23724	0	Negative Genetic;Positive Genetic
P21243	P23639	0	Positive Genetic
P21243	P23638	0	Dosage Rescue;Negative Genetic
P21243	P22141	0	Negative Genetic;Positive Genetic
P21242	Q12377	0	Negative Genetic
P21242	Q12250	0	Negative Genetic
P21242	Q08723	0	Negative Genetic
P21242	Q06103	0	Negative Genetic
P21242	Q01939	0	Negative Genetic;Positive Genetic
P21242	P43588	0	Negative Genetic
P21242	P40327	0	Positive Genetic
P21242	P40303	0	Negative Genetic
P21242	P40302	0	Positive Genetic
P21242	P40016	0	Negative Genetic
P21242	P38886	0	Negative Genetic
P21242	P38624	0	Positive Genetic
P21242	P38293	0	Negative Genetic;Synthetic Growth Defect
P21242	P33299	0	Negative Genetic;Positive Genetic
P21242	P33298	0	Positive Genetic
P21242	P33297	0	Positive Genetic
P21242	P32565	0	Positive Genetic
P21242	P32496	0	Negative Genetic
P21242	P32379	0	Negative Genetic;Positive Genetic
P21242	P30657	0	Negative Genetic;Positive Genetic
P21242	P30656	0	Negative Genetic;Positive Genetic
P21242	P25451	0	Negative Genetic
P21242	P25043	0	Negative Genetic;Positive Genetic
P21242	P23724	0	Negative Genetic
P21242	P23639	0	Positive Genetic
P21242	P23638	0	Negative Genetic
P21242	P22141	0	Negative Genetic;Positive Genetic
P21242	P21243	0	Negative Genetic;Positive Genetic
P21189	P28631	0	Positive Genetic
P21182	P38791	0	Negative Genetic
P21177	P77455	0	Positive Genetic
P21177	P76082	0	Positive Genetic
P21177	P69451	0	Negative Genetic
P21177	P38135	0	Positive Genetic
P21165	P27862	0	Negative Genetic
P21151	P77467	0	Negative Genetic
P21151	P76503	0	Negative Genetic
P21151	P76082	0	Negative Genetic
P21151	P69451	0	Negative Genetic
P21147	Q12442	0	Negative Genetic
P21147	Q08650	0	Negative Genetic;Phenotypic Enhancement
P21147	P54781	0	Negative Genetic
P21147	P47912	0	Synthetic Growth Defect
P21147	P40319	0	Negative Genetic
P21147	P39540	0	Synthetic Lethality
P21147	P32476	0	Dosage Growth Defect
P21147	P32353	0	Negative Genetic
P21147	P30624	0	Synthetic Growth Defect
P21147	P25358	0	Positive Genetic
P20967	P49367	0	Synthetic Lethality
P20967	P40495	0	Synthetic Lethality
P20967	P32473	0	Negative Genetic
P20967	P28241	0	Phenotypic Suppression
P20795	Q03308	0	Dosage Rescue
P20795	P36017	0	Synthetic Rescue
P20795	P32609	0	Dosage Rescue
P20795	P32602	0	Dosage Growth Defect
P20606	P38769	0	Synthetic Growth Defect
P20604	Q04372	0	Dosage Rescue
P20604	Q00362	0	Dosage Rescue
P20604	P53036	0	Dosage Rescue
P20604	P40015	0	Phenotypic Suppression;Synthetic Rescue
P20604	P38796	0	Positive Genetic
P20604	P35182	0	Phenotypic Enhancement
P20604	P34253	0	Synthetic Rescue
P20604	P32345	0	Negative Genetic
P20604	P31383	0	Synthetic Rescue
P20604	P29295	0	Dosage Growth Defect
P20604	P24276	0	Dosage Rescue;Synthetic Lethality;Synthetic Rescue
P20604	P23594	0	Dosage Rescue;Phenotypic Enhancement;Synthetic Rescue
P20604	P23202	0	Phenotypic Enhancement;Phenotypic Suppression
P20486	P43568	0	Negative Genetic
P20486	P24869	0	Negative Genetic
P20485	Q12382	0	Negative Genetic
P20485	Q03764	0	Phenotypic Enhancement;Synthetic Growth Defect
P20485	P25293	0	Phenotypic Enhancement
P20485	P24280	0	Phenotypic Enhancement;Phenotypic Suppression;Synthetic Growth Defect;Synthetic Lethality;Synthetic Rescue
P20484	Q12522	0	Negative Genetic
P20484	Q12153	0	Negative Genetic
P20484	Q12024	0	Negative Genetic
P20484	Q08962	0	Negative Genetic
P20484	Q08687	0	Positive Genetic
P20484	Q08208	0	Negative Genetic
P20484	Q07915	0	Dosage Rescue;Negative Genetic
P20484	Q06218	0	Negative Genetic
P20484	Q04660	0	Negative Genetic
P20484	Q04373	0	Positive Genetic
P20484	Q03862	0	Negative Genetic
P20484	Q03532	0	Negative Genetic
P20484	Q02892	0	Negative Genetic
P20484	P47047	0	Negative Genetic
P20484	P40991	0	Negative Genetic
P20484	P40693	0	Negative Genetic
P20484	P40007	0	Negative Genetic
P20484	P38805	0	Negative Genetic
P20484	P38789	0	Negative Genetic
P20484	P38112	0	Negative Genetic
P20484	P37838	0	Negative Genetic
P20484	P35178	0	Negative Genetic
P20484	P25586	0	Positive Genetic
P20480	Q9V877	0	Phenotypic Enhancement;Phenotypic Suppression
P20480	P46863	0	Phenotypic Enhancement;Phenotypic Suppression
P20480	P42271	0	Phenotypic Enhancement
P20459	Q3E792	0	Negative Genetic
P20459	Q05791	0	Dosage Rescue;Negative Genetic
P20459	P38912	0	Negative Genetic
P20459	P38249	0	Negative Genetic
P20459	P38011	0	Negative Genetic
P20459	P32502	0	Negative Genetic;Synthetic Growth Defect;Synthetic Lethality
P20459	P32497	0	Negative Genetic
P20459	P32481	0	Dosage Rescue;Negative Genetic
P20459	P25443	0	Positive Genetic
P20459	P23301	0	Positive Genetic
P20457	Q04636	0	Negative Genetic
P20457	Q01454	0	Negative Genetic
P20457	P54791	0	Negative Genetic
P20457	P54790	0	Negative Genetic
P20457	P48581	0	Negative Genetic
P20457	P47112	0	Negative Genetic
P20457	P46957	0	Negative Genetic
P20457	P40348	0	Negative Genetic
P20457	P40339	0	Negative Genetic
P20457	P38630	0	Negative Genetic
P20457	P38251	0	Negative Genetic
P20457	P38132	0	Negative Genetic
P20457	P38121	0	Negative Genetic
P20457	P29496	0	Negative Genetic
P20457	P26754	0	Negative Genetic
P20457	P25559	0	Negative Genetic
P20457	P24279	0	Synthetic Growth Defect
P20457	P22336	0	Negative Genetic
P20449	Q99257	0	Phenotypic Suppression
P20449	Q12315	0	Dosage Rescue;Negative Genetic;Synthetic Growth Defect;Synthetic Lethality
P20449	Q07478	0	Dosage Growth Defect;Negative Genetic
P20449	P32505	0	Synthetic Growth Defect;Synthetic Rescue
P20449	P30822	0	Dosage Rescue;Negative Genetic
P20447	Q12460	0	Negative Genetic;Phenotypic Suppression
P20447	Q08972	0	Positive Genetic
P20447	Q08237	0	Negative Genetic
P20447	Q08235	0	Negative Genetic
P20447	Q08208	0	Negative Genetic
P20447	Q07915	0	Negative Genetic
P20447	Q07381	0	Negative Genetic
P20447	Q06218	0	Negative Genetic
P20447	Q02892	0	Negative Genetic
P20447	P47108	0	Negative Genetic
P20447	P40991	0	Negative Genetic
P20447	P40007	0	Negative Genetic
P20447	P38961	0	Negative Genetic
P20447	P38805	0	Negative Genetic
P20447	P38789	0	Negative Genetic
P20447	P38344	0	Negative Genetic
P20447	P38112	0	Negative Genetic
P20447	P38074	0	Negative Genetic
P20447	P37838	0	Negative Genetic
P20447	P36120	0	Synthetic Growth Defect
P20447	P34078	0	Positive Genetic
P20447	P32892	0	Negative Genetic
P20447	P25586	0	Positive Genetic
P20436	Q99278	0	Negative Genetic
P20436	Q08278	0	Negative Genetic
P20436	Q06217	0	Positive Genetic
P20436	Q04307	0	Negative Genetic
P20436	P47076	0	Negative Genetic
P20436	P40084	0	Negative Genetic
P20436	P38902	0	Negative Genetic
P20436	P38304	0	Negative Genetic
P20436	P32570	0	Negative Genetic
P20436	P29055	0	Negative Genetic
P20435	P40084	0	Synthetic Growth Defect
P20435	P34087	0	Dosage Rescue;Phenotypic Suppression
P20435	P20436	0	Dosage Rescue
P20434	Q06697	0	Negative Genetic
P20434	Q06543	0	Negative Genetic
P20434	Q06213	0	Negative Genetic
P20434	Q04307	0	Negative Genetic
P20434	Q03254	0	Negative Genetic
P20434	Q02206	0	Synthetic Lethality
P20434	P47076	0	Negative Genetic
P20434	P40084	0	Dosage Rescue;Negative Genetic
P20434	P38902	0	Negative Genetic
P20434	P38699	0	Negative Genetic
P20434	P32529	0	Synthetic Growth Defect
P20434	P27999	0	Synthetic Growth Defect
P20434	P22139	0	Negative Genetic
P20434	P20436	0	Negative Genetic
P20433	Q06697	0	Positive Genetic
P20433	Q05027	0	Synthetic Lethality
P20433	Q03254	0	Dosage Rescue
P20433	P89105	0	Positive Genetic
P20433	P53538	0	Dosage Rescue;Synthetic Growth Defect
P20433	P40084	0	Synthetic Growth Defect
P20433	P38633	0	Positive Genetic
P20433	P38351	0	Dosage Rescue;Synthetic Lethality
P20433	P36053	0	Synthetic Lethality
P20433	P35189	0	Synthetic Growth Defect
P20433	P34162	0	Positive Genetic;Synthetic Lethality
P20433	P34087	0	Dosage Rescue;Phenotypic Enhancement;Synthetic Lethality;Synthetic Rescue
P20433	P33308	0	Synthetic Lethality
P20433	P32914	0	Synthetic Lethality
P20433	P32585	0	Synthetic Lethality
P20433	P27999	0	Synthetic Lethality
P20433	P20435	0	Dosage Rescue;Phenotypic Suppression
P20433	P20434	0	Synthetic Growth Defect
P20424	Q12154	0	Negative Genetic;Synthetic Rescue
P20424	P38353	0	Negative Genetic
P20424	P36057	0	Negative Genetic
P20424	P33201	0	Negative Genetic
P20424	P32916	0	Negative Genetic
P20424	P29478	0	Dosage Rescue;Negative Genetic
P20339	Q99570	0	Phenotypic Suppression
P20339	Q8NEB9	0	Phenotypic Suppression
P20290	P27635	0	Positive Genetic
P20241	P34082	0	Phenotypic Enhancement
P20241	P23654	0	Phenotypic Enhancement
P20226	Q04206	0	Phenotypic Enhancement
P20133	Q00618	0	Negative Genetic
P20133	P39958	0	Negative Genetic
P20133	P36017	0	Negative Genetic
P20133	P32864	0	Negative Genetic
P20133	P29703	0	Negative Genetic
P20095	Q12417	0	Negative Genetic
P20095	Q12309	0	Negative Genetic
P20095	Q12046	0	Synthetic Growth Defect
P20095	Q08963	0	Negative Genetic
P20095	Q07930	0	Synthetic Rescue
P20095	Q06835	0	Negative Genetic
P20095	Q06091	0	Negative Genetic
P20095	Q04693	0	Negative Genetic
P20095	Q04048	0	Negative Genetic
P20095	P54999	0	Negative Genetic
P20095	P53854	0	Negative Genetic
P20095	P53277	0	Negative Genetic
P20095	P49955	0	Synthetic Growth Defect;Synthetic Rescue
P20095	P46947	0	Negative Genetic
P20095	P40565	0	Negative Genetic;Synthetic Growth Defect
P20095	P38241	0	Synthetic Growth Defect
P20095	P36048	0	Synthetic Lethality
P20095	P32523	0	Negative Genetic
P20095	P28320	0	Negative Genetic
P20095	P28004	0	Negative Genetic
P20095	P21374	0	Negative Genetic
P20083	P76106	0	Positive Genetic
P20081	Q3E754	0	Negative Genetic
P20081	Q04673	0	Negative Genetic
P20081	Q03973	0	Negative Genetic;Phenotypic Enhancement;Synthetic Lethality
P20081	Q02753	0	Negative Genetic
P20081	P53971	0	Dosage Rescue
P20081	P38711	0	Negative Genetic
P20081	P38011	0	Negative Genetic
P20081	P22696	0	Negative Genetic;Synthetic Lethality
P20053	Q12368	0	Negative Genetic
P20053	Q12330	0	Negative Genetic
P20053	Q08963	0	Negative Genetic
P20053	Q07930	0	Negative Genetic
P20053	Q06406	0	Negative Genetic
P20053	Q06217	0	Negative Genetic
P20053	Q03338	0	Dosage Rescue;Negative Genetic;Synthetic Lethality
P20053	Q00723	0	Negative Genetic
P20053	P57743	0	Negative Genetic
P20053	P53905	0	Negative Genetic
P20053	P49960	0	Negative Genetic
P20053	P49704	0	Negative Genetic
P20053	P47093	0	Negative Genetic
P20053	P46947	0	Negative Genetic
P20053	P43589	0	Negative Genetic
P20053	P40565	0	Negative Genetic
P20053	P39990	0	Negative Genetic
P20053	P38203	0	Negative Genetic
P20053	P38011	0	Negative Genetic
P20053	P36048	0	Negative Genetic
P20053	P33411	0	Negative Genetic
P20053	P32523	0	Negative Genetic
P20053	P23394	0	Negative Genetic
P20052	Q06685	0	Positive Genetic
P20052	P47075	0	Phenotypic Suppression;Synthetic Rescue
P20052	P38794	0	Phenotypic Enhancement
P20052	P25297	0	Negative Genetic;Phenotypic Suppression;Synthetic Growth Defect;Synthetic Rescue
P20049	P32178	0	Positive Genetic
P20049	P28777	0	Positive Genetic
P20048	Q12063	0	Negative Genetic
P20048	Q03175	0	Dosage Rescue
P20048	P53223	0	Dosage Rescue;Phenotypic Suppression
P20048	P35196	0	Dosage Rescue;Negative Genetic;Phenotypic Suppression
P20028	Q03334	0	Phenotypic Suppression
P19956	Q04599	0	Negative Genetic
P19882	Q03048	0	Negative Genetic
P19882	P33416	0	Negative Genetic
P19838	P35354	0	Positive Genetic
P19807	P32784	0	Dosage Rescue
P19784	P68400	0	Negative Genetic
P19736	Q99181	0	Negative Genetic
P19736	Q12417	0	Negative Genetic
P19736	Q12330	0	Negative Genetic
P19736	Q07350	0	Synthetic Lethality
P19736	Q06835	0	Negative Genetic
P19736	Q06217	0	Negative Genetic;Positive Genetic
P19736	Q04693	0	Negative Genetic
P19736	Q03782	0	Negative Genetic
P19736	Q03776	0	Negative Genetic
P19736	Q02554	0	Negative Genetic
P19736	P54999	0	Negative Genetic
P19736	P53905	0	Negative Genetic
P19736	P53854	0	Negative Genetic
P19736	P47093	0	Negative Genetic
P19736	P46947	0	Negative Genetic
P19736	P40565	0	Negative Genetic
P19736	P38203	0	Negative Genetic
P19736	P34160	0	Negative Genetic
P19736	P33203	0	Negative Genetic
P19736	P32605	0	Negative Genetic
P19736	P32524	0	Negative Genetic;Synthetic Lethality;Synthetic Rescue
P19736	P23394	0	Negative Genetic
P19736	P21374	0	Negative Genetic
P19736	P21372	0	Negative Genetic
P19736	P20095	0	Negative Genetic;Synthetic Rescue
P19736	P20053	0	Negative Genetic
P19735	Q12330	0	Negative Genetic
P19735	Q07350	0	Negative Genetic
P19735	Q06406	0	Negative Genetic
P19735	Q06217	0	Negative Genetic
P19735	Q03338	0	Negative Genetic
P19735	P57743	0	Negative Genetic
P19735	P54999	0	Negative Genetic
P19735	P53905	0	Negative Genetic
P19735	P47093	0	Negative Genetic
P19735	P46947	0	Negative Genetic
P19735	P43589	0	Negative Genetic
P19735	P40565	0	Negative Genetic
P19735	P36048	0	Negative Genetic
P19735	P32843	0	Negative Genetic
P19735	P23394	0	Negative Genetic
P19735	P20053	0	Negative Genetic
P19658	Q12038	0	Dosage Rescue;Negative Genetic
P19658	Q00245	0	Dosage Rescue;Negative Genetic;Synthetic Rescue
P19658	P60010	0	Negative Genetic
P19658	P39926	0	Dosage Rescue;Negative Genetic
P19658	P39904	0	Negative Genetic
P19658	P38555	0	Negative Genetic
P19658	P33328	0	Negative Genetic
P19658	P32867	0	Negative Genetic
P19658	P32844	0	Negative Genetic;Synthetic Growth Defect;Synthetic Lethality
P19658	P30619	0	Dosage Rescue;Negative Genetic;Synthetic Growth Defect
P19516	Q02771	0	Synthetic Rescue
P19516	P53266	0	Dosage Lethality;Synthetic Rescue
P19516	P40086	0	Dosage Growth Defect
P19516	P23833	0	Dosage Rescue
P19516	P21592	0	Dosage Lethality
P19454	P89105	0	Positive Genetic
P19454	P43639	0	Negative Genetic;Phenotypic Enhancement;Phenotypic Suppression
P19454	P38930	0	Phenotypic Enhancement;Phenotypic Suppression
P19440	Q9BX51	0	Negative Genetic
P19440	P36269	0	Negative Genetic
P19414	Q02486	0	Dosage Rescue
P19414	P41939	0	Positive Genetic
P19414	P39533	0	Synthetic Growth Defect;Synthetic Lethality
P19414	P32473	0	Positive Genetic
P19414	P28240	0	Phenotypic Enhancement
P19367	P52789	0	Negative Genetic
P19339	Q9VZ09	0	Phenotypic Suppression
P19339	P43332	0	Phenotypic Enhancement;Phenotypic Suppression
P19262	P32875	0	Negative Genetic
P19262	P32473	0	Negative Genetic
P19262	P28241	0	Phenotypic Suppression;Positive Genetic
P19211	P23301	0	Negative Genetic;Synthetic Lethality;Synthetic Rescue
P19146	P41811	0	Dosage Lethality;Positive Genetic
P19146	P41810	0	Negative Genetic
P19146	P40509	0	Positive Genetic
P19145	Q03770	0	Phenotypic Enhancement;Phenotypic Suppression;Synthetic Growth Defect;Synthetic Lethality
P19145	Q03758	0	Dosage Rescue
P19145	P47002	0	Dosage Rescue;Synthetic Lethality
P19145	P43606	0	Dosage Rescue;Phenotypic Enhancement;Synthetic Lethality
P19145	P25376	0	Dosage Rescue;Phenotypic Enhancement;Positive Genetic;Synthetic Growth Defect;Synthetic Lethality
P19107	P23625	0	Phenotypic Suppression
P19073	Q12469	0	Synthetic Rescue
P19073	Q12434	0	Synthetic Growth Defect
P19073	Q12317	0	Synthetic Lethality
P19073	Q12038	0	Dosage Rescue;Negative Genetic;Positive Genetic
P19073	Q07657	0	Negative Genetic
P19073	Q05080	0	Dosage Growth Defect;Negative Genetic
P19073	Q00772	0	Negative Genetic
P19073	Q00245	0	Dosage Lethality;Dosage Rescue;Negative Genetic;Synthetic Lethality
P19073	P60010	0	Negative Genetic
P19073	P39011	0	Dosage Rescue;Negative Genetic;Phenotypic Suppression;Synthetic Lethality
P19073	P35844	0	Dosage Rescue;Negative Genetic
P19073	P32485	0	Positive Genetic
P19073	P32468	0	Negative Genetic;Phenotypic Suppression
P19073	P32458	0	Negative Genetic
P19073	P29311	0	Synthetic Growth Defect
P19073	P24583	0	Negative Genetic
P19073	P19658	0	Dosage Rescue;Negative Genetic;Synthetic Rescue
P18961	Q06144	0	Synthetic Rescue
P18961	P53224	0	Phenotypic Suppression;Synthetic Rescue
P18961	P25045	0	Synthetic Rescue
P18900	P27680	0	Synthetic Rescue
P18898	P29703	0	Negative Genetic
P18898	P19073	0	Negative Genetic;Phenotypic Enhancement;Phenotypic Suppression
P18893	Q9QUK6	0	Phenotypic Suppression
P18851	P39010	0	Dosage Rescue
P18851	P18852	0	Dosage Rescue;Phenotypic Enhancement;Phenotypic Suppression;Synthetic Rescue
P18824	Q9VH07	0	Phenotypic Suppression
P18824	Q9V3K3	0	Phenotypic Enhancement
P18824	P36872	0	Phenotypic Enhancement;Phenotypic Suppression
P18759	Q06103	0	Negative Genetic
P18759	Q04338	0	Negative Genetic
P18759	Q03322	0	Negative Genetic
P18759	P53622	0	Negative Genetic
P18759	P41834	0	Dosage Rescue
P18759	P41811	0	Negative Genetic
P18759	P38736	0	Negative Genetic
P18759	P36015	0	Dosage Growth Defect;Negative Genetic
P18759	P33891	0	Negative Genetic
P18759	P32867	0	Dosage Lethality
P18759	P32854	0	Dosage Lethality
P18759	P32602	0	Dosage Rescue;Phenotypic Enhancement;Synthetic Lethality
P18759	P30619	0	Phenotypic Suppression
P18759	P25385	0	Negative Genetic
P18759	P22804	0	Negative Genetic
P18759	P22214	0	Negative Genetic
P18759	P22213	0	Negative Genetic;Synthetic Lethality
P18669	Q8N0Y7	0	Negative Genetic
P18562	P28272	0	Negative Genetic
P18537	Q9VVX3	0	Phenotypic Enhancement;Phenotypic Suppression
P18537	Q27324	0	Phenotypic Enhancement
P18537	P48148	0	Phenotypic Suppression
P18537	P18824	0	Phenotypic Enhancement
P18502	Q02936	0	Phenotypic Enhancement;Phenotypic Suppression
P18496	P53722	0	Dosage Rescue;Positive Genetic
P18496	P40491	0	Positive Genetic
P18496	P32453	0	Positive Genetic
P18496	P30902	0	Positive Genetic
P18496	P22135	0	Positive Genetic
P18475	P40689	0	Phenotypic Enhancement;Phenotypic Suppression
P18433	P23469	0	Negative Genetic
P18431	P83101	0	Phenotypic Suppression
P18431	P36872	0	Phenotypic Enhancement
P18431	P18824	0	Phenotypic Enhancement;Phenotypic Suppression
P18431	P18537	0	Phenotypic Suppression
P18414	P53622	0	Negative Genetic
P18414	P53337	0	Synthetic Rescue
P18414	P36015	0	Negative Genetic
P18414	P32803	0	Negative Genetic
P18410	Q12382	0	Dosage Rescue
P18410	P53011	0	Synthetic Growth Defect
P18410	P52891	0	Synthetic Lethality
P18410	P46673	0	Negative Genetic
P18410	P35729	0	Synthetic Growth Defect
P18409	Q92328	0	Positive Genetic
P18409	Q12106	0	Dosage Rescue;Negative Genetic;Phenotypic Suppression
P18409	Q07560	0	Negative Genetic;Synthetic Growth Defect
P18409	Q07468	0	Negative Genetic;Synthetic Lethality
P18409	Q06567	0	Dosage Rescue;Negative Genetic;Phenotypic Suppression;Synthetic Growth Defect
P18409	Q04311	0	Negative Genetic
P18409	P54861	0	Positive Genetic
P18409	P53507	0	Negative Genetic
P18409	P53299	0	Negative Genetic
P18409	P50110	0	Dosage Rescue;Negative Genetic;Synthetic Growth Defect
P18409	P47045	0	Negative Genetic
P18409	P41800	0	Synthetic Growth Defect
P18409	P40961	0	Negative Genetic;Synthetic Growth Defect;Synthetic Lethality
P18409	P38880	0	Dosage Rescue;Synthetic Lethality
P18409	P23644	0	Dosage Growth Defect
P18408	P32582	0	Positive Genetic
P18408	P32179	0	Positive Genetic
P18239	P32795	0	Dosage Lethality;Dosage Rescue;Synthetic Lethality
P18239	P23641	0	Synthetic Lethality
P18238	P18239	0	Dosage Rescue;Synthetic Growth Defect
P18200	P23830	0	Negative Genetic
P18085	P84085	0	Negative Genetic
P18075	Q15797	0	Phenotypic Suppression
P17967	Q99316	0	Dosage Lethality;Dosage Rescue;Negative Genetic;Synthetic Rescue
P17967	Q12404	0	Dosage Rescue;Synthetic Rescue
P17967	Q08109	0	Negative Genetic;Synthetic Lethality
P17967	Q03103	0	Negative Genetic;Synthetic Lethality
P17967	P53008	0	Negative Genetic
P17967	P48439	0	Negative Genetic
P17967	P40557	0	Dosage Rescue;Synthetic Rescue
P17967	P38888	0	Phenotypic Suppression
P17967	P38138	0	Negative Genetic
P17967	P32474	0	Dosage Rescue;Synthetic Rescue
P17967	P32361	0	Negative Genetic;Synthetic Lethality
P17967	P25303	0	Negative Genetic;Synthetic Lethality
P17952	P60472	0	Negative Genetic;Positive Genetic
P17952	P22634	0	Positive Genetic
P17891	Q12028	0	Negative Genetic
P17891	Q00776	0	Negative Genetic
P17891	P60010	0	Synthetic Haploinsufficiency
P17891	P39743	0	Phenotypic Suppression;Positive Genetic;Synthetic Rescue
P17891	P38817	0	Negative Genetic
P17891	P35181	0	Negative Genetic
P17891	P25343	0	Phenotypic Suppression;Positive Genetic
P17844	Q92841	0	Negative Genetic;Synthetic Growth Defect
P17709	Q04409	0	Synthetic Growth Defect
P17695	P34227	0	Phenotypic Enhancement
P17695	P25373	0	Phenotypic Enhancement;Synthetic Growth Defect;Synthetic Lethality
P17695	P22803	0	Synthetic Lethality
P17695	P22217	0	Synthetic Lethality
P17649	Q04792	0	Phenotypic Enhancement;Synthetic Growth Defect;Synthetic Lethality
P17649	P38067	0	Phenotypic Enhancement;Synthetic Growth Defect;Synthetic Lethality
P17612	P22694	0	Negative Genetic
P17555	Q03048	0	Negative Genetic;Positive Genetic;Synthetic Growth Defect;Synthetic Lethality;Synthetic Rescue
P17555	P60010	0	Negative Genetic;Positive Genetic;Synthetic Haploinsufficiency
P17555	P53250	0	Negative Genetic;Synthetic Lethality
P17555	P46680	0	Negative Genetic;Synthetic Growth Defect;Synthetic Lethality
P17555	P38696	0	Negative Genetic
P17555	P33338	0	Negative Genetic;Phenotypic Enhancement;Synthetic Lethality
P17555	P32599	0	Negative Genetic;Synthetic Growth Defect
P17536	Q12387	0	Dosage Rescue;Synthetic Lethality;Synthetic Rescue
P17536	Q03048	0	Negative Genetic
P17536	P60010	0	Dosage Rescue;Negative Genetic;Synthetic Rescue
P17536	P40414	0	Dosage Rescue;Negative Genetic;Phenotypic Enhancement;Phenotypic Suppression;Synthetic Lethality
P17536	P32599	0	Positive Genetic;Synthetic Rescue
P17536	P32381	0	Negative Genetic
P17536	P32364	0	Negative Genetic
P17536	P19073	0	Negative Genetic
P17505	Q01802	0	Phenotypic Enhancement
P17505	P37012	0	Negative Genetic
P17505	P32473	0	Negative Genetic
P17505	P32463	0	Synthetic Lethality
P17505	P32340	0	Synthetic Lethality
P17505	P32332	0	Synthetic Lethality
P17505	P28241	0	Phenotypic Suppression
P17505	P23542	0	Positive Genetic
P17505	P22133	0	Synthetic Growth Defect
P17443	P60932	0	Positive Genetic
P17443	P27434	0	Negative Genetic
P17443	P22634	0	Positive Genetic
P17442	P46956	0	Phenotypic Enhancement
P17442	P32383	0	Dosage Rescue;Phenotypic Enhancement
P17442	P25297	0	Phenotypic Enhancement;Phenotypic Suppression
P17442	P20052	0	Phenotypic Suppression;Synthetic Rescue
P17423	P42941	0	Synthetic Lethality
P17423	P37303	0	Synthetic Lethality
P17423	P33330	0	Synthetic Lethality
P17423	P31116	0	Synthetic Rescue
P17411	P39173	0	Negative Genetic
P17315	P23878	0	Positive Genetic
P17261	Q02205	0	Dosage Rescue
P17255	P47104	0	Positive Genetic
P17255	P41807	0	Synthetic Rescue
P17255	P40088	0	Negative Genetic
P17255	P38959	0	Synthetic Growth Defect
P17255	P32563	0	Positive Genetic
P17255	P25515	0	Phenotypic Suppression
P17252	Q05655	0	Negative Genetic
P17252	Q02156	0	Negative Genetic
P17214	Q06208	0	Phenotypic Enhancement
P17214	Q06163	0	Phenotypic Enhancement;Phenotypic Suppression;Synthetic Growth Defect;Synthetic Rescue
P17214	Q04437	0	Dosage Rescue;Negative Genetic;Phenotypic Enhancement;Phenotypic Suppression;Synthetic Growth Defect;Synthetic Lethality;Synthetic Rescue
P17214	Q03096	0	Phenotypic Enhancement
P17214	P32807	0	Dosage Rescue;Negative Genetic;Phenotypic Suppression;Synthetic Growth Defect;Synthetic Lethality;Synthetic Rescue
P17214	P25454	0	Negative Genetic;Synthetic Growth Defect;Synthetic Lethality
P17210	Q7K2D2	0	Phenotypic Enhancement
P17157	P53197	0	Dosage Lethality
P17157	P39535	0	Phenotypic Enhancement
P17157	P27514	0	Phenotypic Enhancement
P17157	P27472	0	Dosage Lethality
P17157	P25360	0	Phenotypic Enhancement
P17157	P25297	0	Phenotypic Suppression
P17157	P20052	0	Dosage Rescue
P17157	P17442	0	Phenotypic Suppression
P17119	Q06675	0	Negative Genetic;Synthetic Lethality
P17119	Q01649	0	Phenotypic Enhancement;Positive Genetic;Synthetic Rescue
P17119	P53378	0	Negative Genetic;Synthetic Growth Defect
P17119	P53086	0	Negative Genetic;Phenotypic Enhancement;Synthetic Growth Defect;Synthetic Lethality
P17119	P47167	0	Negative Genetic;Synthetic Lethality
P17119	P46675	0	Negative Genetic;Synthetic Lethality
P17119	P40958	0	Negative Genetic;Synthetic Lethality
P17119	P40957	0	Negative Genetic;Synthetic Lethality
P17119	P40013	0	Phenotypic Suppression;Positive Genetic;Synthetic Lethality
P17119	P39723	0	Synthetic Growth Defect
P17119	P38991	0	Negative Genetic
P17119	P38907	0	Negative Genetic;Synthetic Lethality
P17119	P38877	0	Negative Genetic;Synthetic Growth Defect;Synthetic Lethality
P17119	P38265	0	Negative Genetic;Synthetic Lethality
P17119	P36224	0	Negative Genetic;Synthetic Lethality
P17119	P33895	0	Negative Genetic
P17119	P32380	0	Synthetic Growth Defect
P17119	P24871	0	Negative Genetic;Synthetic Lethality
P17115	P21645	0	Positive Genetic
P17076	P53136	0	Negative Genetic
P17076	P40314	0	Negative Genetic
P17076	P39729	0	Positive Genetic
P17076	P39516	0	Negative Genetic
P17076	P36105	0	Positive Genetic
P17076	P36080	0	Negative Genetic
P17076	P35207	0	Phenotypic Suppression;Synthetic Rescue
P17076	P33322	0	Positive Genetic
P17076	P32611	0	Positive Genetic
P17076	P32497	0	Negative Genetic
P17076	P32459	0	Negative Genetic
P17076	P29453	0	Negative Genetic;Synthetic Lethality
P17076	P26321	0	Negative Genetic
P17076	P23301	0	Negative Genetic
P17064	P53909	0	Positive Genetic
P17064	P27616	0	Negative Genetic
P16926	P61316	0	Negative Genetic
P16926	P28306	0	Positive Genetic
P16892	P32485	0	Negative Genetic;Phenotypic Enhancement;Phenotypic Suppression
P16892	P25044	0	Negative Genetic
P16892	P18852	0	Phenotypic Suppression
P16892	P18851	0	Phenotypic Enhancement;Phenotypic Suppression;Synthetic Rescue
P16869	P23878	0	Positive Genetic
P16862	P33315	0	Phenotypic Suppression
P16862	P29952	0	Positive Genetic
P16862	P23254	0	Phenotypic Suppression
P16861	P32473	0	Negative Genetic;Positive Genetic
P16861	P19262	0	Negative Genetic
P16861	P16862	0	Phenotypic Enhancement;Synthetic Lethality;Synthetic Rescue
P16664	Q99260	0	Dosage Rescue;Positive Genetic
P16664	P40395	0	Positive Genetic
P16661	P41940	0	Dosage Rescue;Phenotypic Enhancement
P16658	Q04675	0	Negative Genetic
P16658	Q02825	0	Dosage Rescue
P16649	Q03330	0	Phenotypic Suppression
P16649	P61830	0	Phenotypic Enhancement;Phenotypic Suppression;Synthetic Rescue
P16649	P53973	0	Phenotypic Enhancement
P16649	P32561	0	Phenotypic Enhancement
P16649	P32485	0	Phenotypic Enhancement;Synthetic Rescue
P16603	P38626	0	Phenotypic Enhancement;Synthetic Lethality
P16603	P32353	0	Positive Genetic
P16568	Q7KNS3	0	Phenotypic Enhancement
P16568	P17210	0	Phenotypic Enhancement
P16550	P22108	0	Synthetic Growth Defect
P16522	P54790	0	Negative Genetic
P16522	P53197	0	Phenotypic Suppression
P16522	P40958	0	Positive Genetic
P16522	P38042	0	Negative Genetic;Synthetic Lethality
P16522	P32354	0	Negative Genetic
P16522	P26449	0	Negative Genetic
P16522	P24869	0	Negative Genetic;Synthetic Growth Defect;Synthetic Lethality
P16521	Q08972	0	Dosage Rescue
P16521	Q08745	0	Synthetic Growth Defect
P16521	P36008	0	Phenotypic Enhancement
P16474	Q12404	0	Positive Genetic
P16474	Q08199	0	Positive Genetic;Synthetic Lethality
P16474	Q08109	0	Positive Genetic
P16474	Q05787	0	Negative Genetic;Positive Genetic
P16474	Q04969	0	Negative Genetic;Positive Genetic
P16474	Q04228	0	Positive Genetic
P16474	Q03691	0	Negative Genetic;Synthetic Lethality
P16474	Q03103	0	Negative Genetic
P16474	Q02795	0	Negative Genetic
P16474	P60010	0	Negative Genetic
P16474	P54837	0	Positive Genetic
P16474	P53691	0	Positive Genetic
P16474	P53337	0	Positive Genetic
P16474	P53008	0	Negative Genetic;Positive Genetic;Synthetic Growth Defect
P16474	P48439	0	Negative Genetic;Positive Genetic
P16474	P48353	0	Positive Genetic
P16474	P43613	0	Positive Genetic;Synthetic Lethality
P16474	P40358	0	Dosage Rescue;Positive Genetic
P16474	P39742	0	Positive Genetic
P16474	P39704	0	Positive Genetic
P16474	P38888	0	Positive Genetic
P16474	P38428	0	Positive Genetic
P16474	P38307	0	Negative Genetic;Positive Genetic
P16474	P38138	0	Negative Genetic;Positive Genetic;Synthetic Growth Defect
P16474	P36016	0	Dosage Lethality;Negative Genetic;Synthetic Lethality
P16474	P33767	0	Negative Genetic;Synthetic Lethality
P16474	P33754	0	Negative Genetic;Positive Genetic
P16474	P32915	0	Negative Genetic
P16474	P32474	0	Positive Genetic
P16474	P32361	0	Dosage Rescue;Negative Genetic;Phenotypic Suppression
P16474	P31382	0	Positive Genetic
P16474	P27825	0	Positive Genetic;Synthetic Growth Defect
P16474	P25694	0	Negative Genetic
P16474	P25568	0	Negative Genetic
P16474	P25491	0	Positive Genetic
P16474	P25303	0	Negative Genetic;Positive Genetic;Synthetic Lethality
P16474	P22146	0	Negative Genetic
P16474	P21825	0	Negative Genetic
P16474	P20424	0	Phenotypic Enhancement
P16474	P18414	0	Negative Genetic
P16474	P17967	0	Negative Genetic;Phenotypic Enhancement;Synthetic Growth Defect
P16467	P26263	0	Phenotypic Enhancement;Synthetic Lethality
P16389	P22460	0	Negative Genetic
P16389	P22001	0	Negative Genetic
P16387	Q12511	0	Phenotypic Suppression
P16387	Q12166	0	Negative Genetic
P16387	P80235	0	Synthetic Lethality
P16387	P53598	0	Negative Genetic
P16387	P53312	0	Negative Genetic
P16387	P53170	0	Phenotypic Suppression
P16387	P46367	0	Negative Genetic
P16387	P40530	0	Phenotypic Suppression
P16387	P32898	0	Negative Genetic
P16387	P32796	0	Synthetic Lethality
P16387	P32473	0	Positive Genetic
P16387	P32316	0	Negative Genetic;Synthetic Growth Defect
P16387	P26263	0	Negative Genetic
P16387	P20967	0	Negative Genetic
P16387	P19262	0	Negative Genetic
P16387	P17505	0	Negative Genetic
P16384	P25522	0	Negative Genetic
P16378	Q9VVX3	0	Phenotypic Enhancement
P16378	P38040	0	Phenotypic Suppression
P16378	P18537	0	Phenotypic Enhancement;Phenotypic Suppression
P16371	Q01069	0	Phenotypic Enhancement
P16371	P40417	0	Phenotypic Enhancement
P16371	P28159	0	Phenotypic Enhancement;Phenotypic Suppression
P16371	P18824	0	Phenotypic Suppression
P16370	Q12692	0	Negative Genetic
P16370	Q08726	0	Negative Genetic
P16370	Q06697	0	Negative Genetic;Synthetic Lethality
P16370	Q04673	0	Positive Genetic
P16370	Q04636	0	Negative Genetic
P16370	Q04418	0	Dosage Rescue;Negative Genetic
P16370	Q01159	0	Negative Genetic
P16370	P53064	0	Phenotypic Suppression
P16370	P46995	0	Negative Genetic
P16370	P38633	0	Negative Genetic
P16370	P38304	0	Negative Genetic
P16370	P37366	0	Negative Genetic
P16370	P36053	0	Negative Genetic
P16370	P34162	0	Negative Genetic
P16370	P20434	0	Negative Genetic
P16151	Q02205	0	Phenotypic Suppression
P16151	P53951	0	Dosage Rescue;Negative Genetic
P16151	P40527	0	Dosage Rescue;Negative Genetic;Synthetic Lethality
P16151	P18414	0	Negative Genetic
P16151	P17261	0	Dosage Rescue;Negative Genetic
P16140	Q00582	0	Dosage Rescue
P16140	P47104	0	Synthetic Growth Defect
P16140	P41807	0	Synthetic Rescue
P16120	P53538	0	Negative Genetic
P16120	P43567	0	Synthetic Lethality
P16120	P42941	0	Synthetic Lethality
P16120	P39522	0	Negative Genetic
P16120	P37303	0	Synthetic Lethality
P16120	P33330	0	Synthetic Lethality
P16120	P31116	0	Positive Genetic;Synthetic Rescue
P16120	P28777	0	Negative Genetic
P16120	P25379	0	Negative Genetic
P16120	P22696	0	Positive Genetic
P16118	Q13131	0	Negative Genetic
P15992	P31539	0	Phenotypic Enhancement
P15992	P25491	0	Phenotypic Enhancement
P15992	P25294	0	Phenotypic Enhancement
P15938	Q12309	0	Synthetic Growth Defect
P15938	Q12046	0	Synthetic Rescue
P15938	Q06217	0	Negative Genetic
P15938	Q06091	0	Negative Genetic
P15938	Q03654	0	Negative Genetic
P15938	Q03375	0	Negative Genetic;Synthetic Growth Defect
P15938	Q02775	0	Dosage Rescue;Negative Genetic;Positive Genetic;Synthetic Lethality
P15938	P54999	0	Negative Genetic
P15938	P53131	0	Negative Genetic
P15938	P49955	0	Negative Genetic
P15938	P40968	0	Dosage Rescue;Synthetic Lethality
P15938	P38241	0	Synthetic Growth Defect;Synthetic Lethality
P15938	P35207	0	Negative Genetic
P15938	P33411	0	Negative Genetic
P15938	P28004	0	Negative Genetic
P15938	P25337	0	Negative Genetic
P15938	P24384	0	Negative Genetic
P15938	P21374	0	Negative Genetic;Synthetic Rescue
P15873	Q12692	0	Negative Genetic
P15873	Q08387	0	Negative Genetic
P15873	Q04199	0	Phenotypic Enhancement;Phenotypic Suppression;Positive Genetic
P15873	Q04049	0	Phenotypic Enhancement;Synthetic Growth Defect;Synthetic Lethality;Synthetic Rescue
P15873	Q03834	0	Phenotypic Enhancement
P15873	Q01454	0	Negative Genetic;Synthetic Lethality
P15873	P61830	0	Negative Genetic;Synthetic Growth Defect;Synthetic Rescue
P15873	P53152	0	Dosage Rescue;Phenotypic Enhancement;Phenotypic Suppression;Synthetic Lethality
P15873	P52490	0	Phenotypic Suppression;Synthetic Growth Defect;Synthetic Lethality
P15873	P50623	0	Dosage Rescue
P15873	P49956	0	Negative Genetic
P15873	P46957	0	Dosage Lethality;Dosage Rescue
P15873	P43605	0	Dosage Rescue;Negative Genetic;Synthetic Growth Defect;Synthetic Lethality
P15873	P40348	0	Synthetic Rescue
P15873	P40339	0	Dosage Rescue;Negative Genetic
P15873	P40151	0	Dosage Lethality;Synthetic Lethality;Synthetic Rescue
P15873	P38920	0	Negative Genetic;Phenotypic Suppression
P15873	P38637	0	Negative Genetic
P15873	P38630	0	Synthetic Lethality;Synthetic Rescue
P15873	P38629	0	Synthetic Rescue
P15873	P38251	0	Dosage Rescue;Synthetic Lethality
P15873	P32863	0	Dosage Rescue;Negative Genetic;Synthetic Growth Defect
P15873	P32641	0	Negative Genetic;Synthetic Rescue
P15873	P32447	0	Negative Genetic;Phenotypic Enhancement;Synthetic Growth Defect
P15873	P32354	0	Phenotypic Suppression;Synthetic Growth Defect
P15873	P29469	0	Phenotypic Enhancement;Phenotypic Suppression
P15873	P26793	0	Dosage Rescue;Negative Genetic;Phenotypic Enhancement;Phenotypic Suppression;Synthetic Growth Defect;Synthetic Lethality
P15873	P25847	0	Negative Genetic;Phenotypic Enhancement;Synthetic Rescue
P15873	P25454	0	Negative Genetic;Synthetic Growth Defect;Synthetic Lethality;Synthetic Rescue
P15873	P25336	0	Phenotypic Enhancement
P15873	P25301	0	Negative Genetic;Synthetic Lethality
P15873	P22516	0	Negative Genetic;Synthetic Growth Defect;Synthetic Lethality
P15873	P22336	0	Negative Genetic
P15873	P22216	0	Negative Genetic;Synthetic Growth Defect;Synthetic Rescue
P15801	P38927	0	Phenotypic Suppression
P15790	P53276	0	Negative Genetic
P15790	P43639	0	Dosage Rescue;Negative Genetic
P15790	P40079	0	Negative Genetic
P15790	P40055	0	Negative Genetic
P15790	P39938	0	Negative Genetic
P15790	P38930	0	Dosage Rescue;Negative Genetic
P15790	P33442	0	Negative Genetic
P15790	P19454	0	Dosage Growth Defect;Dosage Rescue;Negative Genetic;Phenotypic Enhancement;Synthetic Growth Defect;Synthetic Lethality
P15732	P39940	0	Phenotypic Enhancement
P15731	Q12306	0	Negative Genetic;Synthetic Growth Defect
P15731	Q12157	0	Negative Genetic
P15731	Q03919	0	Synthetic Growth Defect
P15731	P53152	0	Phenotypic Suppression
P15731	P43593	0	Synthetic Rescue
P15731	P39940	0	Negative Genetic;Phenotypic Enhancement
P15731	P38886	0	Negative Genetic;Synthetic Growth Defect
P15731	P21734	0	Dosage Rescue;Negative Genetic;Phenotypic Enhancement;Synthetic Growth Defect;Synthetic Lethality
P15731	P15732	0	Negative Genetic;Phenotypic Enhancement;Synthetic Growth Defect;Synthetic Lethality
P15705	Q12449	0	Dosage Growth Defect;Dosage Rescue
P15705	Q08446	0	Dosage Growth Defect
P15705	P53834	0	Dosage Growth Defect;Phenotypic Suppression
P15705	P53691	0	Phenotypic Enhancement
P15705	P48362	0	Negative Genetic
P15705	P47103	0	Negative Genetic;Phenotypic Enhancement;Synthetic Growth Defect;Synthetic Lethality
P15705	P38768	0	Phenotypic Enhancement
P15705	P38260	0	Negative Genetic
P15705	P33313	0	Phenotypic Enhancement;Synthetic Growth Defect
P15705	P32589	0	Dosage Lethality;Negative Genetic;Synthetic Growth Defect
P15705	P31539	0	Phenotypic Enhancement;Phenotypic Suppression
P15705	P28707	0	Phenotypic Enhancement;Phenotypic Suppression;Synthetic Lethality
P15705	P25491	0	Negative Genetic;Synthetic Lethality
P15705	P25294	0	Phenotypic Enhancement;Phenotypic Suppression
P15703	P22146	0	Negative Genetic;Phenotypic Enhancement;Synthetic Growth Defect
P15700	Q12084	0	Negative Genetic
P15700	P27515	0	Negative Genetic
P15646	Q12522	0	Negative Genetic
P15646	Q12499	0	Negative Genetic;Synthetic Lethality
P15646	Q12481	0	Synthetic Lethality
P15646	Q12460	0	Negative Genetic;Synthetic Lethality
P15646	Q12339	0	Synthetic Lethality
P15646	Q12220	0	Negative Genetic
P15646	Q12035	0	Negative Genetic
P15646	Q08965	0	Negative Genetic
P15646	Q08962	0	Negative Genetic
P15646	Q08492	0	Negative Genetic
P15646	Q08235	0	Negative Genetic
P15646	Q06506	0	Negative Genetic
P15646	Q06218	0	Negative Genetic
P15646	Q06106	0	Negative Genetic
P15646	Q04305	0	Negative Genetic
P15646	Q03532	0	Negative Genetic
P15646	Q02354	0	Negative Genetic
P15646	P57743	0	Negative Genetic
P15646	P53833	0	Negative Genetic
P15646	P53734	0	Negative Genetic
P15646	P53317	0	Negative Genetic
P15646	P53136	0	Synthetic Rescue
P15646	P53131	0	Negative Genetic
P15646	P41819	0	Negative Genetic
P15646	P40991	0	Negative Genetic
P15646	P40470	0	Negative Genetic
P15646	P40079	0	Synthetic Lethality
P15646	P40055	0	Negative Genetic
P15646	P39990	0	Negative Genetic
P15646	P38805	0	Negative Genetic
P15646	P38801	0	Positive Genetic
P15646	P38789	0	Negative Genetic
P15646	P38768	0	Negative Genetic;Positive Genetic
P15646	P37838	0	Synthetic Growth Defect;Synthetic Lethality
P15646	P36008	0	Negative Genetic
P15646	P34247	0	Synthetic Lethality
P15646	P33750	0	Negative Genetic
P15646	P32905	0	Negative Genetic
P15646	P32495	0	Negative Genetic
P15646	P25586	0	Negative Genetic
P15646	P20447	0	Negative Genetic
P15624	P38238	0	Synthetic Rescue
P15624	P15625	0	Negative Genetic
P15565	Q12463	0	Negative Genetic;Synthetic Growth Defect
P15565	Q12400	0	Negative Genetic;Synthetic Growth Defect
P15565	Q12211	0	Synthetic Growth Defect
P15565	Q08924	0	Negative Genetic;Synthetic Growth Defect
P15565	Q08647	0	Phenotypic Enhancement
P15565	Q06053	0	Phenotypic Enhancement
P15565	P53720	0	Negative Genetic
P15565	P53072	0	Negative Genetic
P15565	P48567	0	Negative Genetic
P15565	P46959	0	Negative Genetic
P15565	P41814	0	Negative Genetic
P15565	P38238	0	Negative Genetic;Synthetic Lethality
P15565	P38205	0	Phenotypic Enhancement;Synthetic Lethality
P15565	P31115	0	Phenotypic Enhancement
P15454	Q04178	0	Dosage Rescue;Phenotypic Suppression
P15436	Q12181	0	Dosage Rescue;Negative Genetic;Synthetic Lethality
P15436	Q05635	0	Negative Genetic;Synthetic Growth Defect
P15436	Q05583	0	Negative Genetic
P15436	Q04603	0	Phenotypic Enhancement
P15436	Q04149	0	Negative Genetic;Phenotypic Suppression
P15436	Q04049	0	Synthetic Growth Defect;Synthetic Rescue
P15436	Q03834	0	Negative Genetic;Phenotypic Enhancement;Phenotypic Suppression;Synthetic Lethality
P15436	Q01454	0	Negative Genetic;Synthetic Growth Defect
P15436	P53942	0	Phenotypic Enhancement;Phenotypic Suppression;Positive Genetic
P15436	P52920	0	Dosage Rescue;Negative Genetic;Synthetic Lethality
P15436	P49956	0	Dosage Lethality;Positive Genetic;Synthetic Growth Defect
P15436	P48581	0	Negative Genetic;Synthetic Growth Defect;Synthetic Lethality
P15436	P47112	0	Negative Genetic
P15436	P46957	0	Dosage Rescue;Negative Genetic;Phenotypic Suppression;Synthetic Lethality;Synthetic Rescue
P15436	P40469	0	Negative Genetic;Synthetic Lethality
P15436	P40348	0	Negative Genetic;Synthetic Lethality
P15436	P40151	0	Dosage Growth Defect;Dosage Lethality;Phenotypic Enhancement;Synthetic Rescue
P15436	P39009	0	Phenotypic Suppression;Synthetic Rescue
P15436	P38920	0	Negative Genetic;Synthetic Lethality
P15436	P38829	0	Negative Genetic
P15436	P38630	0	Negative Genetic;Synthetic Lethality
P15436	P38251	0	Negative Genetic;Synthetic Growth Defect
P15436	P38147	0	Negative Genetic
P15436	P38132	0	Negative Genetic
P15436	P38121	0	Negative Genetic
P15436	P36152	0	Dosage Rescue;Synthetic Lethality
P15436	P32863	0	Negative Genetic;Synthetic Growth Defect
P15436	P32641	0	Dosage Lethality;Negative Genetic;Phenotypic Suppression;Synthetic Growth Defect;Synthetic Lethality
P15436	P29496	0	Negative Genetic
P15436	P29469	0	Negative Genetic
P15436	P27344	0	Phenotypic Enhancement
P15436	P26793	0	Negative Genetic;Phenotypic Enhancement;Synthetic Lethality;Synthetic Rescue
P15436	P26755	0	Negative Genetic
P15436	P26754	0	Negative Genetic
P15436	P25847	0	Negative Genetic;Phenotypic Enhancement;Synthetic Growth Defect;Synthetic Lethality
P15436	P25615	0	Phenotypic Enhancement
P15436	P25454	0	Dosage Rescue;Negative Genetic;Synthetic Growth Defect;Synthetic Lethality
P15436	P25336	0	Phenotypic Enhancement
P15436	P24279	0	Negative Genetic
P15436	P22336	0	Negative Genetic
P15436	P22216	0	Negative Genetic;Synthetic Lethality
P15436	P20457	0	Negative Genetic
P15436	P15873	0	Negative Genetic;Phenotypic Enhancement;Phenotypic Suppression;Synthetic Rescue
P15424	P32580	0	Dosage Rescue
P15372	P19107	0	Phenotypic Enhancement;Phenotypic Suppression
P15367	Q12133	0	Dosage Rescue;Negative Genetic;Synthetic Lethality
P15367	Q04969	0	Negative Genetic;Synthetic Lethality
P15367	P46965	0	Dosage Rescue;Negative Genetic;Phenotypic Enhancement;Synthetic Lethality
P15367	P25385	0	Negative Genetic
P15365	P32901	0	Synthetic Lethality
P15303	Q04491	0	Negative Genetic
P15303	Q03784	0	Negative Genetic
P15303	Q03660	0	Negative Genetic
P15303	Q01590	0	Negative Genetic
P15303	P54837	0	Negative Genetic
P15303	P53622	0	Negative Genetic
P15303	P53173	0	Negative Genetic;Synthetic Growth Defect
P15303	P41811	0	Negative Genetic
P15303	P41810	0	Negative Genetic
P15303	P40482	0	Dosage Rescue;Negative Genetic
P15303	P38810	0	Negative Genetic;Synthetic Lethality
P15303	P38334	0	Negative Genetic
P15303	P36149	0	Negative Genetic
P15303	P29295	0	Dosage Lethality
P15303	P25385	0	Negative Genetic
P15303	P22804	0	Negative Genetic;Phenotypic Suppression
P15303	P22214	0	Negative Genetic;Phenotypic Suppression
P15303	P22213	0	Negative Genetic;Phenotypic Suppression
P15303	P20606	0	Dosage Rescue
P15288	P29745	0	Positive Genetic
P15278	P20241	0	Phenotypic Enhancement
P15274	Q04178	0	Dosage Rescue
P15274	P53909	0	Dosage Rescue;Negative Genetic;Synthetic Growth Defect
P15274	P49435	0	Synthetic Rescue
P15274	P40361	0	Negative Genetic
P15274	P36973	0	Dosage Rescue
P15202	Q08220	0	Synthetic Lethality
P15202	Q04120	0	Phenotypic Suppression
P15202	P41921	0	Synthetic Lethality
P15202	P32477	0	Synthetic Lethality
P15180	P32905	0	Negative Genetic
P15180	P29547	0	Negative Genetic
P15108	Q12464	0	Synthetic Growth Defect
P15108	Q12449	0	Dosage Rescue;Synthetic Growth Defect
P15108	Q12118	0	Synthetic Growth Defect
P15108	Q08446	0	Negative Genetic;Synthetic Growth Defect;Synthetic Lethality
P15108	Q03940	0	Positive Genetic
P15108	Q02948	0	Synthetic Growth Defect
P15108	P60010	0	Negative Genetic;Synthetic Growth Defect
P15108	P53973	0	Synthetic Growth Defect
P15108	P53834	0	Dosage Lethality;Dosage Rescue;Synthetic Lethality;Synthetic Rescue
P15108	P53691	0	Dosage Growth Defect;Synthetic Growth Defect;Synthetic Rescue
P15108	P53043	0	Phenotypic Suppression
P15108	P52286	0	Synthetic Growth Defect;Synthetic Lethality
P15108	P48353	0	Synthetic Growth Defect
P15108	P47103	0	Dosage Growth Defect;Negative Genetic;Phenotypic Enhancement;Synthetic Growth Defect
P15108	P40413	0	Synthetic Growth Defect
P15108	P40358	0	Synthetic Growth Defect
P15108	P39742	0	Synthetic Growth Defect
P15108	P39102	0	Synthetic Growth Defect
P15108	P39078	0	Positive Genetic
P15108	P38886	0	Dosage Growth Defect;Synthetic Growth Defect
P15108	P36097	0	Negative Genetic
P15108	P36016	0	Synthetic Growth Defect
P15108	P33313	0	Dosage Rescue;Synthetic Growth Defect
P15108	P32589	0	Negative Genetic
P15108	P32324	0	Dosage Growth Defect;Synthetic Growth Defect
P15108	P31539	0	Phenotypic Suppression
P15108	P28707	0	Phenotypic Suppression;Synthetic Growth Defect
P15108	P25491	0	Negative Genetic;Synthetic Growth Defect
P15108	P25454	0	Negative Genetic;Synthetic Growth Defect
P15108	P25303	0	Synthetic Growth Defect
P15108	P25294	0	Synthetic Growth Defect
P15108	P24583	0	Negative Genetic
P15108	P19073	0	Synthetic Growth Defect
P15108	P15705	0	Dosage Rescue;Negative Genetic;Synthetic Growth Defect;Synthetic Lethality
P15070	P75933	0	Negative Genetic
P15043	P28905	0	Positive Genetic
P15043	P24554	0	Positive Genetic
P15043	P24230	0	Positive Genetic
P15042	P25772	0	Positive Genetic
P15030	P37028	0	Negative Genetic
P15029	P23878	0	Positive Genetic
P15029	P23876	0	Positive Genetic
P15028	P23876	0	Negative Genetic
P15019	P53228	0	Synthetic Growth Defect;Synthetic Lethality
P15019	P46969	0	Synthetic Lethality
P15019	P32178	0	Synthetic Lethality
P15019	P23254	0	Synthetic Growth Defect
P15019	P19881	0	Phenotypic Enhancement
P15019	P16862	0	Phenotypic Enhancement
P15006	P24200	0	Positive Genetic
P14927	Q16795	0	Positive Genetic
P14927	P51970	0	Positive Genetic
P14906	Q08199	0	Negative Genetic;Synthetic Lethality
P14906	Q07451	0	Negative Genetic;Synthetic Growth Defect
P14906	P43613	0	Negative Genetic
P14906	P39742	0	Negative Genetic
P14906	P36057	0	Negative Genetic
P14906	P36016	0	Negative Genetic
P14906	P35179	0	Negative Genetic
P14906	P33754	0	Dosage Rescue;Negative Genetic
P14906	P32915	0	Dosage Rescue;Negative Genetic
P14906	P32361	0	Negative Genetic
P14906	P27825	0	Negative Genetic
P14906	P21825	0	Dosage Rescue;Negative Genetic
P14906	P16474	0	Negative Genetic;Synthetic Lethality;Synthetic Rescue
P14904	P38182	0	Negative Genetic
P14900	P60472	0	Negative Genetic;Positive Genetic
P14900	P37773	0	Negative Genetic;Positive Genetic
P14843	P32449	0	Phenotypic Enhancement;Synthetic Lethality
P14832	P53096	0	Synthetic Rescue
P14832	P38262	0	Synthetic Rescue
P14832	P38011	0	Negative Genetic
P14832	P32559	0	Negative Genetic
P14832	P22696	0	Dosage Rescue;Negative Genetic;Phenotypic Enhancement;Synthetic Growth Defect;Synthetic Lethality
P14832	P20081	0	Negative Genetic
P14747	P23287	0	Negative Genetic;Phenotypic Enhancement;Synthetic Growth Defect
P14742	P43577	0	Negative Genetic
P14742	P43123	0	Negative Genetic
P14742	P42842	0	Phenotypic Suppression
P14742	P29465	0	Phenotypic Enhancement
P14741	P41814	0	Phenotypic Suppression
P14741	P32502	0	Negative Genetic;Synthetic Lethality
P14741	P32501	0	Negative Genetic;Synthetic Lethality
P14741	P32481	0	Negative Genetic;Phenotypic Suppression
P14741	P20459	0	Negative Genetic;Synthetic Growth Defect;Synthetic Lethality
P14736	Q06665	0	Phenotypic Enhancement
P14736	P40965	0	Negative Genetic
P14736	P28519	0	Positive Genetic
P14736	P25454	0	Synthetic Growth Defect
P14713	Q9M0M5	0	Synthetic Growth Defect
P14713	Q8GWZ6	0	Phenotypic Enhancement
P14712	Q9LQT8	0	Phenotypic Suppression
P14712	P14713	0	Phenotypic Enhancement;Phenotypic Suppression;Synthetic Growth Defect
P14693	Q92328	0	Negative Genetic
P14693	P57744	0	Negative Genetic
P14693	P53299	0	Negative Genetic
P14693	P50110	0	Dosage Rescue;Negative Genetic
P14693	P41800	0	Negative Genetic
P14693	P39722	0	Negative Genetic
P14693	P35180	0	Negative Genetic
P14693	P18409	0	Negative Genetic
P14682	Q92325	0	Negative Genetic;Synthetic Growth Defect;Synthetic Rescue
P14682	Q12059	0	Negative Genetic;Synthetic Lethality
P14682	Q12018	0	Dosage Rescue;Synthetic Lethality
P14682	Q08273	0	Dosage Rescue;Synthetic Lethality
P14682	Q03919	0	Dosage Rescue;Synthetic Lethality
P14682	P39940	0	Dosage Growth Defect;Negative Genetic;Phenotypic Enhancement;Phenotypic Suppression
P14682	P39014	0	Dosage Lethality;Dosage Rescue;Synthetic Haploinsufficiency
P14682	P25694	0	Synthetic Growth Defect
P14682	P24814	0	Dosage Lethality;Synthetic Rescue
P14681	P35182	0	Phenotypic Suppression
P14681	P32485	0	Phenotypic Enhancement;Phenotypic Suppression;Synthetic Rescue
P14681	P25583	0	Negative Genetic
P14681	P19073	0	Negative Genetic
P14681	P18851	0	Phenotypic Enhancement
P14681	P16892	0	Negative Genetic;Phenotypic Enhancement;Phenotypic Suppression
P14540	P25332	0	Negative Genetic
P14540	P16387	0	Negative Genetic
P14540	P15108	0	Synthetic Growth Defect
P14324	Q15126	0	Positive Genetic
P14180	Q07533	0	Dosage Rescue;Synthetic Rescue
P14180	Q05080	0	Dosage Rescue;Synthetic Rescue
P14180	Q00684	0	Negative Genetic
P14180	P60010	0	Negative Genetic
P14180	P40955	0	Negative Genetic
P14180	P38843	0	Negative Genetic
P14180	P29465	0	Synthetic Growth Defect;Synthetic Lethality
P14176	P31134	0	Positive Genetic
P14127	P33309	0	Negative Genetic;Synthetic Growth Defect
P14127	P32769	0	Negative Genetic
P14126	Q3E792	0	Negative Genetic
P14126	Q12460	0	Negative Genetic
P14126	Q04225	0	Dosage Rescue;Synthetic Rescue
P14126	Q03862	0	Dosage Rescue
P14126	P53734	0	Negative Genetic;Synthetic Lethality
P14126	P41805	0	Phenotypic Suppression
P14126	P40481	0	Negative Genetic
P14126	P40150	0	Synthetic Lethality
P14126	P39015	0	Negative Genetic
P14126	P38861	0	Dosage Rescue
P14126	P38788	0	Synthetic Lethality
P14126	P35207	0	Phenotypic Suppression
P14126	P32905	0	Negative Genetic
P14126	P32527	0	Synthetic Lethality
P14126	P17076	0	Positive Genetic
P14065	Q12458	0	Synthetic Growth Defect
P14020	Q12001	0	Negative Genetic
P14020	Q04947	0	Negative Genetic
P14020	P53868	0	Negative Genetic
P14020	P53730	0	Negative Genetic
P14020	P43636	0	Negative Genetic
P14020	P41940	0	Dosage Rescue
P14020	P39007	0	Positive Genetic
P14020	P38242	0	Negative Genetic
P14020	P38211	0	Negative Genetic
P14020	P38179	0	Negative Genetic
P14020	P35196	0	Negative Genetic;Phenotypic Suppression
P14020	P30777	0	Negative Genetic
P14020	P25580	0	Negative Genetic
P14020	P20048	0	Negative Genetic
P13902	P32337	0	Positive Genetic
P13856	P33314	0	Phenotypic Suppression
P13856	P19073	0	Dosage Rescue;Negative Genetic;Phenotypic Enhancement;Phenotypic Suppression;Synthetic Growth Defect;Synthetic Lethality
P13712	P40161	0	Negative Genetic;Phenotypic Suppression;Synthetic Lethality
P13712	P32561	0	Synthetic Rescue
P13712	P32480	0	Negative Genetic;Synthetic Growth Defect
P13712	P32479	0	Negative Genetic;Synthetic Growth Defect
P13712	P32447	0	Negative Genetic;Phenotypic Enhancement;Synthetic Growth Defect
P13711	P53982	0	Negative Genetic
P13711	P30624	0	Phenotypic Enhancement
P13663	P54885	0	Phenotypic Enhancement;Positive Genetic
P13663	P47176	0	Phenotypic Enhancement
P13663	P42941	0	Negative Genetic
P13663	P40510	0	Phenotypic Suppression
P13663	P31116	0	Phenotypic Suppression;Positive Genetic;Synthetic Rescue
P13663	P16120	0	Positive Genetic
P13637	P50993	0	Negative Genetic
P13587	Q04121	0	Synthetic Growth Defect
P13587	P40310	0	Phenotypic Enhancement
P13587	P40309	0	Synthetic Growth Defect
P13586	Q99385	0	Synthetic Lethality
P13586	Q12324	0	Phenotypic Suppression
P13586	Q06096	0	Negative Genetic;Synthetic Growth Defect
P13586	P47818	0	Dosage Rescue;Negative Genetic;Phenotypic Enhancement;Synthetic Growth Defect
P13586	P39986	0	Negative Genetic;Phenotypic Enhancement
P13586	P38929	0	Negative Genetic;Phenotypic Enhancement;Synthetic Growth Defect;Synthetic Lethality
P13586	P38925	0	Dosage Rescue;Negative Genetic;Phenotypic Suppression;Synthetic Growth Defect
P13586	P38778	0	Phenotypic Enhancement;Phenotypic Suppression
P13586	P38301	0	Negative Genetic;Phenotypic Enhancement;Phenotypic Suppression;Synthetic Growth Defect
P13586	P25296	0	Dosage Rescue;Negative Genetic
P13517	Q06440	0	Synthetic Lethality
P13517	Q05933	0	Negative Genetic
P13517	Q03048	0	Negative Genetic;Synthetic Lethality
P13517	P60010	0	Negative Genetic;Synthetic Lethality
P13517	P53731	0	Negative Genetic
P13517	P46680	0	Negative Genetic;Synthetic Growth Defect
P13517	P38696	0	Negative Genetic
P13517	P36224	0	Negative Genetic;Synthetic Growth Defect
P13517	P32599	0	Negative Genetic;Synthetic Growth Defect;Synthetic Lethality
P13517	P28495	0	Phenotypic Enhancement
P13517	P17555	0	Negative Genetic
P13500	P13501	0	Phenotypic Enhancement
P13496	Q7K2D2	0	Phenotypic Enhancement
P13496	Q24246	0	Phenotypic Enhancement;Phenotypic Suppression
P13496	P17210	0	Phenotypic Enhancement;Phenotypic Suppression
P13445	P69913	0	Positive Genetic
P13445	P19323	0	Negative Genetic
P13434	Q02516	0	Positive Genetic
P13434	P35198	0	Negative Genetic
P13433	P32580	0	Dosage Rescue
P13433	P15424	0	Dosage Rescue
P13433	P14908	0	Dosage Rescue;Synthetic Rescue
P13393	Q92317	0	Dosage Rescue
P13393	Q12464	0	Synthetic Lethality
P13393	Q12308	0	Dosage Rescue;Negative Genetic
P13393	Q06822	0	Negative Genetic
P13393	Q06339	0	Negative Genetic
P13393	Q04226	0	Dosage Rescue
P13393	Q03973	0	Synthetic Growth Defect
P13393	Q03330	0	Dosage Rescue;Synthetic Growth Defect;Synthetic Lethality
P13393	P60010	0	Negative Genetic
P13393	P53067	0	Dosage Rescue
P13393	P53064	0	Negative Genetic;Synthetic Rescue
P13393	P53040	0	Dosage Rescue
P13393	P40096	0	Dosage Rescue
P13393	P38915	0	Synthetic Rescue
P13393	P38902	0	Negative Genetic
P13393	P38204	0	Dosage Rescue
P13393	P34111	0	Dosage Rescue;Negative Genetic
P13393	P33339	0	Negative Genetic
P13393	P32774	0	Dosage Rescue
P13393	P32558	0	Dosage Rescue;Synthetic Growth Defect;Synthetic Lethality
P13393	P32367	0	Negative Genetic
P13393	P29056	0	Dosage Rescue;Synthetic Rescue
P13393	P29055	0	Dosage Rescue;Synthetic Lethality;Synthetic Rescue
P13393	P28000	0	Negative Genetic
P13298	P30402	0	Synthetic Growth Defect;Synthetic Lethality
P13259	Q12382	0	Negative Genetic
P13259	P40075	0	Synthetic Rescue
P13259	P24280	0	Phenotypic Enhancement;Synthetic Rescue
P13217	Q7Z020	0	Phenotypic Suppression
P13217	P43125	0	Phenotypic Suppression
P13217	P40421	0	Phenotypic Suppression
P13217	P19107	0	Phenotypic Suppression
P13196	P22557	0	Negative Genetic
P13188	Q3E754	0	Negative Genetic
P13188	P51401	0	Positive Genetic
P13188	P38708	0	Negative Genetic
P13188	P33201	0	Negative Genetic
P13134	P53379	0	Dosage Rescue;Synthetic Lethality
P13134	P39524	0	Phenotypic Suppression
P13134	P32329	0	Dosage Rescue;Negative Genetic;Synthetic Lethality
P13099	Q12749	0	Phenotypic Enhancement;Synthetic Growth Defect;Synthetic Lethality
P13099	Q08204	0	Negative Genetic
P13099	Q04149	0	Negative Genetic;Synthetic Lethality
P13099	Q02685	0	Dosage Rescue
P13099	P50623	0	Negative Genetic
P13099	P38850	0	Negative Genetic;Synthetic Growth Defect
P13099	P38751	0	Phenotypic Suppression;Synthetic Rescue
P13099	P38632	0	Negative Genetic
P13099	P38324	0	Negative Genetic;Synthetic Lethality
P13099	P32863	0	Positive Genetic;Synthetic Rescue
P13099	P32829	0	Synthetic Growth Defect
P13099	P32641	0	Phenotypic Enhancement;Synthetic Growth Defect
P13099	P26793	0	Negative Genetic;Synthetic Lethality
P13099	P26754	0	Negative Genetic
P13099	P25454	0	Negative Genetic;Synthetic Rescue
P13099	P25301	0	Positive Genetic;Synthetic Rescue
P13099	P22216	0	Negative Genetic
P13045	P37012	0	Phenotypic Enhancement
P13039	P75920	0	Negative Genetic
P13039	P17315	0	Positive Genetic
P13039	P16869	0	Negative Genetic
P13036	P16869	0	Negative Genetic
P13035	P60782	0	Negative Genetic
P13035	P26647	0	Negative Genetic
P13033	P60782	0	Negative Genetic
P13033	P26647	0	Negative Genetic
P12982	P48462	0	Phenotypic Suppression
P12982	P48461	0	Phenotypic Suppression
P12945	Q12387	0	Synthetic Growth Defect
P12945	P21691	0	Dosage Rescue;Phenotypic Enhancement
P12931	P35354	0	Positive Genetic
P12931	P29323	0	Positive Genetic
P12887	Q08214	0	Phenotypic Suppression
P12887	Q03834	0	Phenotypic Suppression
P12887	P38207	0	Phenotypic Suppression;Synthetic Rescue
P12887	P33317	0	Phenotypic Enhancement;Synthetic Growth Defect
P12887	P31378	0	Phenotypic Suppression
P12887	P28519	0	Phenotypic Suppression
P12887	P25454	0	Phenotypic Suppression
P12887	P22936	0	Phenotypic Suppression;Synthetic Rescue
P12868	Q07468	0	Phenotypic Suppression;Synthetic Lethality
P12868	P39702	0	Synthetic Rescue
P12868	P38932	0	Phenotypic Enhancement
P12868	P36017	0	Phenotypic Enhancement
P12868	P32609	0	Phenotypic Enhancement
P12830	P26010	0	Negative Genetic
P12753	Q06208	0	Phenotypic Enhancement;Phenotypic Suppression;Synthetic Rescue
P12753	Q06163	0	Phenotypic Enhancement;Synthetic Rescue
P12753	Q04437	0	Phenotypic Enhancement;Phenotypic Suppression;Positive Genetic
P12753	Q02685	0	Negative Genetic
P12753	P38850	0	Synthetic Growth Defect;Synthetic Lethality
P12753	P32829	0	Phenotypic Suppression;Positive Genetic;Synthetic Growth Defect;Synthetic Lethality;Synthetic Rescue
P12753	P32807	0	Phenotypic Enhancement;Phenotypic Suppression;Synthetic Rescue
P12753	P26793	0	Negative Genetic;Synthetic Lethality
P12753	P25454	0	Phenotypic Enhancement;Phenotypic Suppression;Synthetic Growth Defect
P12753	P23179	0	Phenotypic Enhancement;Phenotypic Suppression
P12753	P22336	0	Negative Genetic;Phenotypic Enhancement;Phenotypic Suppression
P12753	P17214	0	Synthetic Growth Defect
P12753	P15436	0	Negative Genetic;Phenotypic Enhancement;Synthetic Growth Defect;Synthetic Lethality;Synthetic Rescue
P12753	P13099	0	Negative Genetic;Synthetic Growth Defect
P12709	P37012	0	Phenotypic Enhancement;Phenotypic Suppression
P12709	P33401	0	Phenotypic Enhancement;Phenotypic Suppression
P12709	P33327	0	Dosage Rescue
P12709	P16861	0	Phenotypic Enhancement
P12695	Q12166	0	Negative Genetic
P12695	P53598	0	Negative Genetic
P12695	P53312	0	Negative Genetic
P12695	P48570	0	Negative Genetic
P12695	P32898	0	Negative Genetic
P12695	P32473	0	Positive Genetic
P12695	P32316	0	Negative Genetic
P12695	P20967	0	Negative Genetic
P12695	P19262	0	Negative Genetic
P12695	P16387	0	Positive Genetic
P12689	Q08214	0	Phenotypic Suppression
P12689	Q04049	0	Phenotypic Enhancement;Phenotypic Suppression;Synthetic Rescue
P12689	P53942	0	Synthetic Lethality
P12689	P53152	0	Negative Genetic;Phenotypic Suppression;Synthetic Lethality
P12689	P52490	0	Negative Genetic;Phenotypic Enhancement
P12689	P40562	0	Negative Genetic;Phenotypic Enhancement;Phenotypic Suppression
P12689	P38927	0	Phenotypic Suppression
P12689	P32863	0	Negative Genetic;Phenotypic Enhancement;Synthetic Lethality
P12689	P28519	0	Phenotypic Enhancement;Phenotypic Suppression
P12689	P25454	0	Negative Genetic;Phenotypic Suppression;Synthetic Growth Defect;Synthetic Lethality
P12689	P25301	0	Negative Genetic;Synthetic Growth Defect;Synthetic Lethality
P12689	P22936	0	Phenotypic Suppression
P12689	P15873	0	Phenotypic Enhancement
P12689	P15436	0	Phenotypic Suppression
P12688	Q06144	0	Dosage Growth Defect;Phenotypic Suppression;Synthetic Rescue
P12688	P53304	0	Dosage Rescue
P12688	P53224	0	Dosage Growth Defect;Phenotypic Suppression;Synthetic Rescue
P12688	P40485	0	Synthetic Rescue
P12688	P18961	0	Dosage Rescue;Phenotypic Enhancement;Synthetic Lethality
P12686	P36533	0	Negative Genetic
P12684	Q08109	0	Phenotypic Suppression
P12684	Q02159	0	Phenotypic Suppression
P12683	Q12051	0	Negative Genetic;Phenotypic Enhancement
P12683	P53199	0	Positive Genetic
P12683	P38604	0	Negative Genetic
P12683	P32353	0	Positive Genetic
P12683	P32352	0	Positive Genetic
P12683	P29704	0	Phenotypic Enhancement;Positive Genetic
P12683	P12684	0	Negative Genetic;Synthetic Growth Defect;Synthetic Lethality
P12630	P18851	0	Synthetic Rescue
P12612	Q12017	0	Negative Genetic
P12612	Q04773	0	Negative Genetic;Synthetic Lethality
P12612	P60010	0	Dosage Rescue;Negative Genetic;Synthetic Growth Defect
P12612	P53900	0	Negative Genetic;Synthetic Lethality
P12612	P52553	0	Negative Genetic;Synthetic Lethality
P12612	P48363	0	Negative Genetic;Synthetic Lethality
P12612	P47079	0	Negative Genetic
P12612	P46988	0	Negative Genetic
P12612	P40413	0	Negative Genetic
P12612	P40005	0	Negative Genetic
P12612	P39078	0	Negative Genetic
P12612	P39077	0	Synthetic Lethality
P12612	P39076	0	Negative Genetic;Synthetic Lethality
P12612	P38328	0	Negative Genetic
P12385	Q04638	0	Phenotypic Enhancement
P12385	Q03195	0	Negative Genetic;Synthetic Growth Defect
P12385	P43588	0	Negative Genetic
P12385	P38798	0	Synthetic Rescue
P12385	P38249	0	Phenotypic Enhancement;Synthetic Growth Defect
P12385	P36008	0	Dosage Rescue
P12385	P30771	0	Dosage Rescue;Synthetic Rescue
P12385	P20449	0	Dosage Rescue
P12385	P16521	0	Dosage Rescue
P12383	P38788	0	Phenotypic Enhancement
P12383	P38699	0	Synthetic Growth Defect
P12383	P33200	0	Phenotypic Enhancement;Synthetic Growth Defect
P12383	P32353	0	Phenotypic Enhancement;Phenotypic Suppression;Synthetic Growth Defect
P12370	Q02936	0	Phenotypic Suppression
P12370	P16905	0	Phenotypic Suppression
P12081	P49590	0	Negative Genetic
P12080	Q24247	0	Phenotypic Enhancement;Phenotypic Suppression
P11986	P40075	0	Dosage Rescue
P11986	P32561	0	Negative Genetic
P11972	P25583	0	Negative Genetic
P11972	P18851	0	Phenotypic Suppression;Synthetic Rescue
P11972	P14681	0	Negative Genetic;Phenotypic Suppression
P11914	P42949	0	Positive Genetic
P11908	P60891	0	Negative Genetic
P11880	P60472	0	Positive Genetic
P11880	P37773	0	Positive Genetic
P11802	Q00534	0	Negative Genetic
P11802	Q00526	0	Negative Genetic
P11802	P60484	0	Positive Genetic
P11802	P24941	0	Negative Genetic
P11747	Q12030	0	Negative Genetic
P11747	Q12004	0	Negative Genetic
P11747	Q05027	0	Negative Genetic
P11747	Q04673	0	Negative Genetic
P11747	Q04226	0	Dosage Rescue
P11747	Q02939	0	Negative Genetic
P11747	P53040	0	Negative Genetic
P11747	P47822	0	Negative Genetic
P11747	P38129	0	Negative Genetic
P11747	P37366	0	Negative Genetic
P11747	P32776	0	Negative Genetic
P11745	Q12306	0	Negative Genetic
P11745	Q06142	0	Negative Genetic;Synthetic Lethality
P11745	Q02821	0	Negative Genetic
P11745	P41920	0	Negative Genetic
P11745	P33331	0	Negative Genetic
P11745	P32836	0	Positive Genetic
P11745	P32835	0	Negative Genetic
P11745	P30822	0	Synthetic Lethality
P11745	P20053	0	Negative Genetic
P11745	P14682	0	Positive Genetic
P11709	Q01649	0	Positive Genetic
P11709	P53086	0	Negative Genetic
P11709	P46675	0	Negative Genetic
P11709	P46670	0	Negative Genetic;Synthetic Growth Defect;Synthetic Lethality
P11709	P40987	0	Negative Genetic;Synthetic Growth Defect;Synthetic Lethality
P11709	P40013	0	Negative Genetic;Phenotypic Enhancement;Synthetic Growth Defect;Synthetic Lethality
P11709	P39937	0	Negative Genetic;Synthetic Lethality
P11709	P36224	0	Positive Genetic
P11709	P26448	0	Negative Genetic;Synthetic Lethality
P11655	Q04491	0	Negative Genetic
P11655	P53337	0	Negative Genetic
P11655	P40482	0	Negative Genetic
P11655	P38810	0	Negative Genetic;Synthetic Lethality
P11655	P33754	0	Negative Genetic
P11655	P32915	0	Negative Genetic
P11655	P32601	0	Negative Genetic
P11655	P29295	0	Phenotypic Suppression;Synthetic Rescue
P11655	P25560	0	Negative Genetic
P11655	P22214	0	Negative Genetic
P11655	P20606	0	Dosage Rescue;Phenotypic Enhancement;Phenotypic Suppression;Synthetic Rescue
P11655	P18414	0	Dosage Rescue
P11655	P15303	0	Negative Genetic
P11633	Q04636	0	Synthetic Lethality
P11633	P43609	0	Phenotypic Enhancement;Synthetic Growth Defect
P11633	P32597	0	Synthetic Growth Defect
P11633	P32558	0	Dosage Rescue;Synthetic Growth Defect;Synthetic Lethality
P11633	P29056	0	Dosage Rescue
P11632	Q12406	0	Dosage Rescue
P11632	Q05123	0	Dosage Rescue;Synthetic Growth Defect
P11632	Q04636	0	Synthetic Lethality
P11632	P61830	0	Dosage Lethality
P11632	P43609	0	Negative Genetic;Phenotypic Enhancement;Synthetic Growth Defect
P11632	P32597	0	Synthetic Growth Defect
P11632	P32558	0	Dosage Rescue;Synthetic Growth Defect;Synthetic Lethality
P11632	P29056	0	Dosage Rescue
P11632	P13393	0	Dosage Rescue
P11632	P11633	0	Negative Genetic;Phenotypic Enhancement;Synthetic Growth Defect
P11586	P13995	0	Negative Genetic
P11584	Q27591	0	Phenotypic Enhancement;Phenotypic Suppression
P11584	Q24247	0	Phenotypic Suppression
P11584	P12080	0	Phenotypic Enhancement;Phenotypic Suppression
P11491	P19881	0	Phenotypic Enhancement
P11484	P40150	0	Negative Genetic;Phenotypic Enhancement;Synthetic Growth Defect;Synthetic Lethality
P11484	P38788	0	Dosage Rescue;Synthetic Growth Defect
P11484	P38011	0	Phenotypic Suppression
P11484	P32589	0	Dosage Lethality
P11484	P32527	0	Synthetic Rescue
P11484	P31539	0	Dosage Rescue
P11484	P15108	0	Synthetic Growth Defect
P11484	P14126	0	Synthetic Lethality
P11433	Q12434	0	Dosage Lethality;Negative Genetic
P11433	Q00245	0	Negative Genetic
P11433	P60010	0	Negative Genetic
P11433	P39011	0	Negative Genetic;Synthetic Lethality
P11433	P32458	0	Negative Genetic
P11433	P19658	0	Negative Genetic
P11433	P19073	0	Dosage Rescue;Negative Genetic;Phenotypic Suppression;Synthetic Lethality
P11433	P13856	0	Dosage Rescue;Negative Genetic;Synthetic Rescue
P11412	P54115	0	Dosage Rescue;Negative Genetic
P11412	P53228	0	Phenotypic Enhancement;Synthetic Lethality
P11412	P46969	0	Negative Genetic;Synthetic Growth Defect;Synthetic Lethality
P11412	P33315	0	Synthetic Lethality
P11412	P32178	0	Synthetic Lethality
P11412	P28777	0	Synthetic Lethality
P11412	P23254	0	Negative Genetic;Phenotypic Suppression;Synthetic Growth Defect;Synthetic Lethality
P11412	P15019	0	Phenotypic Enhancement;Synthetic Growth Defect;Synthetic Lethality
P11353	P32347	0	Phenotypic Enhancement
P11353	P28789	0	Phenotypic Enhancement
P11353	P21147	0	Negative Genetic
P11349	P19317	0	Positive Genetic
P11309	Q9P1W9	0	Negative Genetic
P11154	P32327	0	Negative Genetic;Synthetic Growth Defect;Synthetic Lethality
P11154	P30952	0	Dosage Rescue
P11154	P28240	0	Dosage Rescue;Synthetic Lethality
P11076	Q12234	0	Positive Genetic
P11076	Q08951	0	Negative Genetic
P11076	Q06389	0	Negative Genetic
P11076	Q06385	0	Phenotypic Enhancement;Phenotypic Suppression;Synthetic Growth Defect
P11076	Q02804	0	Negative Genetic;Synthetic Growth Defect
P11076	P60010	0	Positive Genetic
P11076	P43621	0	Negative Genetic
P11076	P41811	0	Dosage Lethality
P11076	P41810	0	Negative Genetic
P11076	P40955	0	Synthetic Rescue
P11076	P40529	0	Dosage Rescue;Synthetic Growth Defect
P11076	P40509	0	Negative Genetic
P11076	P39524	0	Negative Genetic;Synthetic Lethality
P11076	P38555	0	Dosage Rescue;Negative Genetic
P11076	P38116	0	Negative Genetic;Synthetic Lethality
P11076	P32368	0	Negative Genetic
P11076	P32074	0	Synthetic Lethality
P11076	P25656	0	Negative Genetic;Synthetic Lethality
P11076	P25385	0	Dosage Rescue
P11076	P24280	0	Negative Genetic;Synthetic Growth Defect;Synthetic Rescue
P11076	P22804	0	Dosage Rescue
P11076	P22214	0	Negative Genetic
P11076	P19146	0	Dosage Rescue;Negative Genetic;Phenotypic Enhancement;Synthetic Lethality
P11076	P14743	0	Negative Genetic
P10963	P16861	0	Phenotypic Suppression
P10963	P12695	0	Negative Genetic
P10962	Q12499	0	Negative Genetic
P10962	Q08235	0	Negative Genetic
P10962	Q08208	0	Negative Genetic
P10962	Q08004	0	Positive Genetic
P10962	Q06218	0	Negative Genetic
P10962	Q03532	0	Negative Genetic
P10962	Q02892	0	Negative Genetic
P10962	P53734	0	Negative Genetic
P10962	P40991	0	Negative Genetic
P10962	P40693	0	Negative Genetic
P10962	P40007	0	Negative Genetic
P10962	P38961	0	Negative Genetic
P10962	P38805	0	Negative Genetic
P10962	P38789	0	Negative Genetic
P10962	P38112	0	Negative Genetic
P10962	P37838	0	Negative Genetic
P10962	P36080	0	Negative Genetic
P10962	P36049	0	Negative Genetic
P10962	P35178	0	Negative Genetic
P10962	P32892	0	Negative Genetic
P10962	P20484	0	Negative Genetic
P10962	P20447	0	Negative Genetic
P10906	P60752	0	Positive Genetic
P10902	P22106	0	Positive Genetic
P10869	P52893	0	Negative Genetic
P10869	P33330	0	Positive Genetic
P10869	P31116	0	Phenotypic Suppression;Positive Genetic;Synthetic Rescue
P10869	P20081	0	Synthetic Rescue
P10869	P17423	0	Positive Genetic;Synthetic Lethality;Synthetic Rescue
P10869	P16120	0	Positive Genetic;Synthetic Rescue
P10823	Q08886	0	Phenotypic Suppression
P10823	P53879	0	Synthetic Growth Defect
P10664	Q06090	0	Negative Genetic
P10664	Q03771	0	Negative Genetic;Synthetic Rescue
P10664	P53188	0	Positive Genetic
P10664	P49626	0	Negative Genetic;Synthetic Lethality
P10664	P43588	0	Negative Genetic
P10664	P40055	0	Positive Genetic
P10664	P38711	0	Negative Genetic
P10664	P38344	0	Negative Genetic
P10664	P35691	0	Negative Genetic
P10664	P32481	0	Positive Genetic
P10664	P16370	0	Negative Genetic
P10664	P10962	0	Negative Genetic
P10662	P17558	0	Synthetic Growth Defect;Synthetic Rescue
P10659	P19358	0	Negative Genetic;Phenotypic Enhancement;Phenotypic Suppression;Synthetic Growth Defect;Synthetic Lethality
P10644	P13861	0	Negative Genetic
P10614	Q12452	0	Negative Genetic
P10614	Q12091	0	Dosage Rescue;Negative Genetic;Synthetic Lethality
P10614	Q03529	0	Negative Genetic;Synthetic Lethality
P10614	P53199	0	Positive Genetic
P10614	P53045	0	Synthetic Rescue
P10614	P40312	0	Negative Genetic
P10614	P38604	0	Synthetic Growth Defect
P10614	P32476	0	Phenotypic Enhancement
P10614	P32377	0	Negative Genetic;Synthetic Growth Defect
P10614	P32353	0	Positive Genetic;Synthetic Growth Defect;Synthetic Rescue
P10614	P16603	0	Synthetic Lethality
P10592	Q12118	0	Negative Genetic
P10592	P38910	0	Positive Genetic
P10592	P25491	0	Negative Genetic;Synthetic Lethality
P10592	P25294	0	Phenotypic Suppression
P10592	P22202	0	Phenotypic Enhancement;Synthetic Lethality
P10592	P16474	0	Negative Genetic;Positive Genetic
P10592	P15705	0	Synthetic Lethality
P10592	P15108	0	Phenotypic Enhancement
P10591	P47103	0	Phenotypic Enhancement
P10591	P38260	0	Dosage Rescue;Negative Genetic;Phenotypic Enhancement
P10591	P32589	0	Phenotypic Suppression
P10591	P31539	0	Dosage Rescue;Phenotypic Enhancement;Phenotypic Suppression
P10591	P25491	0	Dosage Growth Defect;Dosage Rescue;Phenotypic Enhancement;Synthetic Lethality
P10591	P25294	0	Dosage Growth Defect;Phenotypic Enhancement;Synthetic Rescue
P10591	P22202	0	Phenotypic Enhancement;Synthetic Lethality
P10591	P17967	0	Phenotypic Enhancement
P10591	P15705	0	Phenotypic Enhancement;Synthetic Lethality
P10591	P14126	0	Synthetic Lethality
P10591	P11484	0	Dosage Lethality;Phenotypic Suppression
P10591	P10592	0	Negative Genetic;Phenotypic Enhancement;Synthetic Growth Defect;Synthetic Lethality
P10566	Q07540	0	Synthetic Growth Defect;Synthetic Lethality
P10566	Q01926	0	Dosage Rescue
P10566	P47818	0	Dosage Lethality;Dosage Rescue;Phenotypic Suppression;Synthetic Growth Defect
P10566	P40416	0	Dosage Lethality
P10566	P38127	0	Dosage Rescue;Phenotypic Enhancement;Phenotypic Suppression
P10566	P23500	0	Negative Genetic;Phenotypic Enhancement;Synthetic Growth Defect
P10507	P40051	0	Synthetic Growth Defect
P10507	P32898	0	Negative Genetic;Synthetic Lethality
P10507	P11914	0	Negative Genetic
P10443	P28905	0	Positive Genetic
P10443	P28632	0	Negative Genetic
P10443	P28630	0	Negative Genetic
P10443	P21189	0	Positive Genetic
P10441	P45395	0	Positive Genetic
P10441	P24205	0	Negative Genetic
P10415	Q14790	0	Phenotypic Suppression
P10415	P42575	0	Phenotypic Suppression
P10415	P11802	0	Negative Genetic
P10408	P69428	0	Positive Genetic
P10408	P69423	0	Positive Genetic
P10408	P27434	0	Negative Genetic
P10384	Q47146	0	Positive Genetic
P10378	P17315	0	Positive Genetic
P10363	P46957	0	Negative Genetic
P10363	P38630	0	Positive Genetic
P10363	P38251	0	Negative Genetic
P10363	P38121	0	Negative Genetic
P10363	P29496	0	Negative Genetic
P10363	P26754	0	Negative Genetic
P10363	P25847	0	Negative Genetic
P10363	P25454	0	Negative Genetic;Phenotypic Enhancement
P10363	P20457	0	Negative Genetic;Synthetic Lethality
P10363	P15436	0	Negative Genetic;Synthetic Growth Defect
P10356	P38840	0	Phenotypic Enhancement
P10355	P28778	0	Synthetic Rescue
P10355	P17558	0	Synthetic Rescue
P10355	P10834	0	Dosage Rescue;Synthetic Rescue
P10127	Q05016	0	Negative Genetic
P10127	Q02207	0	Negative Genetic
P10127	P52910	0	Negative Genetic
P10127	P41338	0	Negative Genetic
P10127	P38113	0	Negative Genetic;Phenotypic Enhancement
P10127	P32771	0	Phenotypic Enhancement
P10127	P32327	0	Positive Genetic
P10121	P10408	0	Positive Genetic
P10081	Q08920	0	Negative Genetic
P10081	P53235	0	Negative Genetic
P10081	P38912	0	Negative Genetic
P10081	P38798	0	Negative Genetic
P10081	P38431	0	Negative Genetic
P10081	P38249	0	Negative Genetic
P10081	P36008	0	Negative Genetic
P10081	P32497	0	Negative Genetic
P10081	P32481	0	Negative Genetic
P10081	P32324	0	Positive Genetic
P10081	P30771	0	Negative Genetic
P10081	P25443	0	Negative Genetic
P10081	P20459	0	Negative Genetic;Positive Genetic
P10041	Q9VUX2	0	Phenotypic Enhancement
P0DMM9	Q06520	0	Negative Genetic
P0DMM9	P50226	0	Negative Genetic
P0DMM9	P50225	0	Negative Genetic
P0DKM0	Q9VTM5	0	Phenotypic Suppression
P0DI81	Q9UL33	0	Positive Genetic
P0DI81	Q9H0U4	0	Positive Genetic
P0DI81	Q96Q05	0	Negative Genetic
P0DI81	Q8IUR0	0	Positive Genetic
P0DI81	Q7Z392	0	Positive Genetic
P0DI81	P62820	0	Positive Genetic
P0DI81	P48553	0	Negative Genetic
P0CX84	Q3E792	0	Phenotypic Suppression
P0CX84	Q02892	0	Positive Genetic
P0CX84	Q02608	0	Positive Genetic
P0CX84	Q01855	0	Negative Genetic
P0CX84	P53742	0	Positive Genetic
P0CX84	P47150	0	Negative Genetic
P0CX84	P40991	0	Positive Genetic
P0CX84	P38011	0	Negative Genetic
P0CX84	P35691	0	Negative Genetic
P0CX84	P32892	0	Negative Genetic
P0CX84	P25808	0	Positive Genetic
P0CX84	P23301	0	Positive Genetic
P0CX84	P20081	0	Negative Genetic
P0CX82	Q12080	0	Negative Genetic
P0CX82	Q06709	0	Negative Genetic
P0CX82	Q04660	0	Negative Genetic
P0CX82	Q04311	0	Positive Genetic
P0CX82	P46654	0	Negative Genetic
P0CX82	P40314	0	Negative Genetic
P0CX82	P38883	0	Negative Genetic
P0CX82	P38803	0	Negative Genetic
P0CX82	P33759	0	Positive Genetic
P0CX82	P23301	0	Negative Genetic
P0CX55	Q07915	0	Positive Genetic
P0CX55	Q06287	0	Synthetic Growth Defect
P0CX55	Q05636	0	Negative Genetic
P0CX55	Q04305	0	Negative Genetic
P0CX55	P49626	0	Negative Genetic
P0CX55	P47047	0	Negative Genetic
P0CX55	P43535	0	Negative Genetic
P0CX55	P36528	0	Negative Genetic
P0CX55	P36520	0	Negative Genetic
P0CX55	P33442	0	Positive Genetic
P0CX55	P33309	0	Negative Genetic;Synthetic Growth Defect
P0CX55	P32769	0	Negative Genetic
P0CX55	P21771	0	Negative Genetic
P0CX55	P0CX82	0	Negative Genetic
P0CX53	Q02256	0	Dosage Rescue
P0CX53	P38011	0	Negative Genetic
P0CX53	P36105	0	Positive Genetic
P0CX53	P33309	0	Dosage Rescue;Negative Genetic
P0CX53	P33201	0	Negative Genetic
P0CX53	P29478	0	Negative Genetic
P0CX53	P23248	0	Positive Genetic
P0CX51	Q3E772	0	Negative Genetic
P0CX51	Q08972	0	Negative Genetic
P0CX51	Q06679	0	Negative Genetic
P0CX51	Q04305	0	Negative Genetic
P0CX51	P53937	0	Negative Genetic
P0CX51	P53317	0	Positive Genetic
P0CX51	P47077	0	Negative Genetic
P0CX51	P46654	0	Positive Genetic
P0CX51	P41805	0	Positive Genetic
P0CX51	P40217	0	Positive Genetic
P0CX51	P40055	0	Negative Genetic
P0CX51	P38912	0	Negative Genetic
P0CX51	P38431	0	Synthetic Rescue
P0CX51	P38011	0	Negative Genetic
P0CX51	P36526	0	Negative Genetic
P0CX51	P36008	0	Negative Genetic
P0CX51	P33442	0	Positive Genetic
P0CX51	P33322	0	Positive Genetic
P0CX51	P33309	0	Dosage Rescue;Negative Genetic;Synthetic Growth Defect
P0CX51	P32769	0	Negative Genetic
P0CX51	P25443	0	Negative Genetic
P0CX51	P20081	0	Negative Genetic
P0CX51	P14126	0	Negative Genetic
P0CX49	P46990	0	Negative Genetic
P0CX49	P41058	0	Positive Genetic
P0CX49	P35691	0	Positive Genetic
P0CX49	P32905	0	Negative Genetic
P0CX49	P0CX84	0	Negative Genetic
P0CX49	P0CX82	0	Negative Genetic
P0CX47	Q3E757	0	Positive Genetic
P0CX47	Q12672	0	Positive Genetic
P0CX47	Q12460	0	Positive Genetic
P0CX47	Q12035	0	Positive Genetic
P0CX47	Q08965	0	Positive Genetic
P0CX47	Q08745	0	Positive Genetic
P0CX47	Q07915	0	Positive Genetic
P0CX47	Q06090	0	Negative Genetic
P0CX47	Q04305	0	Negative Genetic
P0CX47	Q04177	0	Negative Genetic
P0CX47	Q02608	0	Negative Genetic
P0CX47	Q01662	0	Positive Genetic
P0CX47	P47150	0	Negative Genetic
P0CX47	P47089	0	Negative Genetic
P0CX47	P46784	0	Positive Genetic
P0CX47	P46655	0	Positive Genetic
P0CX47	P41805	0	Positive Genetic
P0CX47	P41058	0	Positive Genetic
P0CX47	P41057	0	Positive Genetic
P0CX47	P39015	0	Negative Genetic
P0CX47	P38961	0	Positive Genetic
P0CX47	P36533	0	Negative Genetic
P0CX47	P33442	0	Positive Genetic
P0CX47	P33309	0	Negative Genetic;Synthetic Growth Defect
P0CX47	P32905	0	Positive Genetic
P0CX47	P32769	0	Negative Genetic
P0CX47	P32611	0	Negative Genetic
P0CX47	P32481	0	Positive Genetic
P0CX47	P26321	0	Positive Genetic
P0CX47	P25443	0	Positive Genetic
P0CX47	P25038	0	Positive Genetic
P0CX47	P20081	0	Positive Genetic
P0CX47	P16370	0	Positive Genetic
P0CX47	P15646	0	Negative Genetic
P0CX47	P14127	0	Positive Genetic
P0CX47	P0CX55	0	Positive Genetic
P0CX47	P0CX51	0	Positive Genetic
P0CX45	Q12690	0	Positive Genetic
P0CX45	Q12672	0	Positive Genetic
P0CX45	Q12532	0	Negative Genetic
P0CX45	Q03049	0	Negative Genetic
P0CX45	P53937	0	Negative Genetic
P0CX45	P41057	0	Positive Genetic
P0CX45	P40525	0	Positive Genetic
P0CX45	P39007	0	Negative Genetic
P0CX45	P38711	0	Negative Genetic
P0CX45	P36528	0	Negative Genetic
P0CX45	P36160	0	Positive Genetic
P0CX45	P25642	0	Negative Genetic
P0CX45	P25626	0	Positive Genetic
P0CX45	P12385	0	Negative Genetic
P0CX43	Q08962	0	Positive Genetic
P0CX43	P38353	0	Negative Genetic
P0CX43	P38011	0	Synthetic Growth Defect
P0CX43	P36008	0	Negative Genetic
P0CX43	P29453	0	Negative Genetic
P0CX43	P25038	0	Negative Genetic
P0CX43	P0CX82	0	Negative Genetic
P0CX41	Q12522	0	Negative Genetic
P0CX41	Q07915	0	Positive Genetic
P0CX41	Q06338	0	Dosage Rescue;Negative Genetic;Synthetic Growth Defect
P0CX41	P53937	0	Negative Genetic
P0CX41	P53893	0	Negative Genetic
P0CX41	P41056	0	Positive Genetic
P0CX41	P40992	0	Positive Genetic
P0CX41	P38344	0	Positive Genetic
P0CX41	P38011	0	Negative Genetic
P0CX41	P35179	0	Negative Genetic
P0CX41	P35178	0	Positive Genetic
P0CX41	P33309	0	Synthetic Growth Defect
P0CX41	P32916	0	Positive Genetic
P0CX41	P32915	0	Negative Genetic
P0CX41	P32611	0	Negative Genetic
P0CX41	P29547	0	Negative Genetic
P0CX41	P0CX51	0	Negative Genetic
P0CX41	P0CX49	0	Negative Genetic
P0CX39	Q12285	0	Negative Genetic
P0CX39	Q12149	0	Positive Genetic
P0CX39	Q08492	0	Positive Genetic
P0CX39	Q06287	0	Negative Genetic
P0CX39	Q04599	0	Negative Genetic
P0CX39	P53251	0	Positive Genetic
P0CX39	P53131	0	Negative Genetic
P0CX39	P47047	0	Positive Genetic
P0CX39	P46948	0	Positive Genetic
P0CX39	P38961	0	Positive Genetic
P0CX39	P38930	0	Negative Genetic
P0CX39	P38912	0	Negative Genetic
P0CX39	P38879	0	Synthetic Growth Defect
P0CX39	P38801	0	Positive Genetic
P0CX39	P38711	0	Positive Genetic
P0CX39	P38011	0	Positive Genetic
P0CX39	P34078	0	Positive Genetic
P0CX39	P33322	0	Negative Genetic
P0CX39	P33309	0	Negative Genetic;Synthetic Growth Defect
P0CX39	P33201	0	Positive Genetic
P0CX39	P32904	0	Positive Genetic
P0CX39	P32769	0	Negative Genetic
P0CX39	P32611	0	Positive Genetic
P0CX39	P32481	0	Positive Genetic
P0CX39	P26784	0	Negative Genetic
P0CX39	P25039	0	Positive Genetic
P0CX39	P20081	0	Positive Genetic
P0CX39	P15646	0	Positive Genetic
P0CX39	P0CX53	0	Positive Genetic
P0CX39	P0CX47	0	Positive Genetic
P0CX37	Q3E757	0	Positive Genetic
P0CX37	Q12672	0	Positive Genetic
P0CX37	Q12460	0	Negative Genetic
P0CX37	Q04305	0	Negative Genetic
P0CX37	Q04067	0	Negative Genetic
P0CX37	Q03973	0	Negative Genetic;Synthetic Growth Defect
P0CX37	Q03195	0	Negative Genetic
P0CX37	P53937	0	Negative Genetic
P0CX37	P53927	0	Positive Genetic
P0CX37	P53893	0	Positive Genetic
P0CX37	P53875	0	Positive Genetic
P0CX37	P47089	0	Negative Genetic
P0CX37	P43639	0	Negative Genetic
P0CX37	P43588	0	Negative Genetic
P0CX37	P41805	0	Positive Genetic
P0CX37	P41057	0	Positive Genetic
P0CX37	P40217	0	Negative Genetic;Positive Genetic
P0CX37	P38912	0	Negative Genetic
P0CX37	P38754	0	Positive Genetic
P0CX37	P38011	0	Negative Genetic
P0CX37	P36160	0	Positive Genetic
P0CX37	P35207	0	Negative Genetic
P0CX37	P33759	0	Positive Genetic
P0CX37	P33442	0	Positive Genetic
P0CX37	P33309	0	Negative Genetic;Synthetic Growth Defect
P0CX37	P32905	0	Positive Genetic
P0CX37	P32769	0	Negative Genetic;Synthetic Growth Defect
P0CX37	P32611	0	Negative Genetic
P0CX37	P32497	0	Negative Genetic
P0CX37	P26786	0	Positive Genetic
P0CX37	P26321	0	Positive Genetic
P0CX37	P24000	0	Negative Genetic
P0CX37	P23301	0	Negative Genetic
P0CX37	P20459	0	Positive Genetic
P0CX37	P20081	0	Negative Genetic;Positive Genetic
P0CX37	P15646	0	Negative Genetic
P0CX37	P10081	0	Negative Genetic
P0CX37	P0CX82	0	Positive Genetic
P0CX37	P0CX51	0	Positive Genetic
P0CX37	P0CX47	0	Positive Genetic
P0CX37	P0CX41	0	Positive Genetic
P0CX35	Q04305	0	Negative Genetic
P0CX35	Q02793	0	Negative Genetic
P0CX35	P53859	0	Positive Genetic
P0CX35	P53131	0	Negative Genetic
P0CX35	P47077	0	Positive Genetic
P0CX35	P46784	0	Positive Genetic
P0CX35	P43588	0	Negative Genetic
P0CX35	P38912	0	Negative Genetic
P0CX35	P36520	0	Negative Genetic
P0CX35	P33309	0	Negative Genetic;Synthetic Growth Defect
P0CX35	P32769	0	Negative Genetic
P0CX35	P32481	0	Positive Genetic
P0CX35	P32324	0	Negative Genetic
P0CX35	P26321	0	Positive Genetic
P0CX35	P23301	0	Negative Genetic
P0CX35	P0CX55	0	Positive Genetic
P0CX33	Q08199	0	Negative Genetic
P0CX33	Q04599	0	Negative Genetic
P0CX33	P53235	0	Negative Genetic
P0CX33	P53111	0	Negative Genetic
P0CX33	P49626	0	Negative Genetic
P0CX33	P47089	0	Negative Genetic
P0CX33	P46784	0	Positive Genetic
P0CX33	P40449	0	Negative Genetic
P0CX33	P40160	0	Positive Genetic
P0CX33	P39729	0	Negative Genetic
P0CX33	P38912	0	Negative Genetic
P0CX33	P38011	0	Negative Genetic
P0CX33	P36520	0	Negative Genetic
P0CX33	P33309	0	Dosage Rescue;Negative Genetic;Phenotypic Suppression;Synthetic Growth Defect
P0CX33	P32905	0	Positive Genetic
P0CX33	P32769	0	Negative Genetic;Synthetic Growth Defect
P0CX33	P26321	0	Positive Genetic
P0CX33	P25443	0	Positive Genetic
P0CX33	P20081	0	Negative Genetic
P0CX33	P14126	0	Negative Genetic
P0CX33	P0CX82	0	Negative Genetic
P0CX33	P0CX47	0	Positive Genetic
P0CX33	P0CX39	0	Positive Genetic
P0CX33	P0CX37	0	Positive Genetic
P0CX31	Q3E772	0	Negative Genetic
P0CX31	Q12285	0	Negative Genetic
P0CX31	P53859	0	Negative Genetic
P0CX31	P53276	0	Negative Genetic
P0CX31	P38882	0	Negative Genetic
P0CX31	P38011	0	Negative Genetic
P0CX31	P36048	0	Negative Genetic
P0CX31	P33309	0	Negative Genetic;Synthetic Growth Defect
P0CX31	P32769	0	Negative Genetic
P0CX31	P32495	0	Negative Genetic
P0CX31	P32324	0	Negative Genetic
P0CX31	P14126	0	Negative Genetic
P0CX31	P10664	0	Negative Genetic
P0CX29	Q08421	0	Negative Genetic
P0CX29	Q06090	0	Negative Genetic
P0CX29	Q05863	0	Negative Genetic
P0CX29	Q01855	0	Positive Genetic
P0CX29	P53859	0	Positive Genetic
P0CX29	P47089	0	Negative Genetic
P0CX29	P39939	0	Positive Genetic
P0CX29	P38912	0	Negative Genetic
P0CX29	P36526	0	Negative Genetic
P0CX29	P33442	0	Positive Genetic
P0CX29	P33309	0	Negative Genetic;Synthetic Growth Defect
P0CX29	P32769	0	Negative Genetic
P0CX29	P32611	0	Negative Genetic
P0CX29	P32481	0	Positive Genetic
P0CX29	P23301	0	Negative Genetic
P0CX29	P10081	0	Negative Genetic
P0CX29	P0CX82	0	Positive Genetic
P0CX29	P0CX49	0	Positive Genetic
P0CX29	P0CX47	0	Positive Genetic
P0CX29	P0CX35	0	Positive Genetic
P0CX27	P38011	0	Negative Genetic
P0CX27	P35207	0	Phenotypic Suppression
P0CX25	Q12068	0	Negative Genetic
P0CX25	Q04373	0	Dosage Rescue;Phenotypic Suppression
P0CX25	P53937	0	Negative Genetic
P0CX25	P46655	0	Positive Genetic
P0CX25	P46654	0	Negative Genetic
P0CX25	P39677	0	Negative Genetic
P0CX25	P38861	0	Negative Genetic
P0CX25	P38011	0	Negative Genetic
P0CX25	P33309	0	Dosage Rescue
P0CX25	P33201	0	Negative Genetic
P0CX25	P32904	0	Negative Genetic
P0CX25	P10664	0	Negative Genetic
P0CX25	P0CX49	0	Negative Genetic
P0CX23	P41058	0	Negative Genetic
P0CX23	P38011	0	Negative Genetic
P0CX23	P33309	0	Negative Genetic
P0CX23	P0CX55	0	Positive Genetic
P0CX23	P0CX51	0	Positive Genetic
P0CX23	P0CX47	0	Positive Genetic
P0CX23	P0CX39	0	Negative Genetic
P0CX23	P0CX37	0	Positive Genetic
P0CX23	P0CX35	0	Positive Genetic
P0CX23	P0CX25	0	Positive Genetic
P0CT04	P38841	0	Phenotypic Enhancement
P0CT04	P18759	0	Phenotypic Enhancement
P0CS90	Q05931	0	Dosage Rescue
P0CS90	Q03020	0	Negative Genetic
P0CS90	Q02889	0	Negative Genetic
P0CS90	Q02776	0	Negative Genetic
P0CS90	Q01852	0	Dosage Rescue;Negative Genetic;Synthetic Lethality
P0CS90	P42844	0	Dosage Rescue
P0CS90	P39987	0	Phenotypic Suppression;Synthetic Growth Defect
P0CS90	P39515	0	Dosage Rescue;Synthetic Lethality
P0CS90	P38523	0	Dosage Lethality;Negative Genetic
P0CS90	P36147	0	Negative Genetic;Synthetic Growth Defect;Synthetic Lethality
P0CS90	P33416	0	Dosage Rescue;Synthetic Growth Defect
P0CS90	P32897	0	Negative Genetic;Synthetic Growth Defect
P0CS90	P32795	0	Negative Genetic
P0CS90	P25491	0	Positive Genetic
P0CS90	P15108	0	Synthetic Growth Defect
P0CS90	P14693	0	Negative Genetic
P0CH08	Q3E754	0	Positive Genetic
P0CH08	Q12690	0	Negative Genetic
P0CH08	Q12672	0	Positive Genetic
P0CH08	Q12377	0	Negative Genetic
P0CH08	Q12306	0	Dosage Rescue;Negative Genetic;Synthetic Growth Defect
P0CH08	Q12250	0	Negative Genetic
P0CH08	Q08972	0	Negative Genetic
P0CH08	Q08199	0	Negative Genetic
P0CH08	Q04311	0	Negative Genetic
P0CH08	Q01939	0	Negative Genetic
P0CH08	P46990	0	Positive Genetic
P0CH08	P43588	0	Negative Genetic
P0CH08	P40525	0	Positive Genetic
P0CH08	P39940	0	Negative Genetic
P0CH08	P38886	0	Negative Genetic
P0CH08	P36037	0	Negative Genetic
P0CH08	P35691	0	Negative Genetic
P0CH08	P33309	0	Negative Genetic
P0CH08	P33299	0	Positive Genetic
P0CH08	P30657	0	Negative Genetic
P0CH08	P30656	0	Negative Genetic
P0CH08	P26785	0	Positive Genetic
P0CH08	P26784	0	Positive Genetic
P0CH08	P23301	0	Negative Genetic
P0CH08	P23248	0	Positive Genetic
P0CH08	P22515	0	Dosage Rescue
P0CH08	P21243	0	Negative Genetic
P0CH08	P21242	0	Negative Genetic
P0CH08	P20081	0	Negative Genetic
P0CH08	P15731	0	Negative Genetic
P0CH08	P14682	0	Negative Genetic
P0CH08	P0CX45	0	Positive Genetic
P0CH08	P0CX37	0	Positive Genetic
P0CH08	P0CX35	0	Positive Genetic
P0CH08	P0CX33	0	Positive Genetic
P0CH08	P0CX29	0	Negative Genetic
P0CG63	Q12377	0	Negative Genetic
P0CG63	Q12250	0	Negative Genetic
P0CG63	Q08723	0	Negative Genetic
P0CG63	Q01476	0	Synthetic Rescue
P0CG63	P54787	0	Negative Genetic;Phenotypic Suppression
P0CG63	P53549	0	Negative Genetic
P0CG63	P43593	0	Dosage Rescue;Negative Genetic;Phenotypic Enhancement;Synthetic Rescue
P0CG63	P43588	0	Negative Genetic
P0CG63	P40327	0	Phenotypic Suppression;Synthetic Rescue
P0CG63	P40303	0	Synthetic Rescue
P0CG63	P40087	0	Phenotypic Suppression
P0CG63	P39940	0	Dosage Rescue;Phenotypic Suppression
P0CG63	P38701	0	Negative Genetic
P0CG63	P38237	0	Negative Genetic;Synthetic Rescue
P0CG63	P36520	0	Negative Genetic
P0CG63	P36037	0	Dosage Rescue;Negative Genetic;Phenotypic Suppression;Synthetic Lethality
P0CG63	P36012	0	Dosage Rescue
P0CG63	P35179	0	Phenotypic Suppression
P0CG63	P33755	0	Dosage Rescue
P0CG63	P33297	0	Negative Genetic
P0CG63	P32571	0	Dosage Growth Defect;Dosage Rescue;Phenotypic Suppression
P0CG63	P32324	0	Negative Genetic
P0CG63	P31539	0	Phenotypic Enhancement
P0CG63	P26783	0	Dosage Rescue
P0CG63	P25694	0	Dosage Rescue
P0CG63	P25443	0	Negative Genetic
P0CG63	P25037	0	Negative Genetic
P0CG63	P22515	0	Dosage Rescue
P0CG63	P22141	0	Phenotypic Suppression;Synthetic Rescue
P0CG63	P14682	0	Dosage Rescue;Negative Genetic
P0CG63	P0CX47	0	Negative Genetic
P0CG63	P0CX45	0	Negative Genetic
P0CG63	P0CX43	0	Synthetic Growth Defect
P0CG63	P0CX39	0	Negative Genetic
P0CG63	P0CX35	0	Negative Genetic
P0CG63	P0CX31	0	Negative Genetic
P0CG63	P0CH08	0	Negative Genetic
P0CG47	P0CG48	0	Negative Genetic
P0CE48	P60723	0	Negative Genetic
P0CE47	P60723	0	Negative Genetic
P0C960	P41052	0	Positive Genetic
P0C960	P28306	0	Positive Genetic
P0C2H9	Q12522	0	Negative Genetic
P0C2H9	Q08235	0	Negative Genetic
P0C2H9	P14127	0	Positive Genetic
P0C2H9	P13188	0	Negative Genetic
P0C2H8	P0C2H9	0	Synthetic Growth Defect
P0C2H7	Q07915	0	Positive Genetic
P0C2H7	P32915	0	Negative Genetic
P0C2H7	P32904	0	Positive Genetic
P0C2H7	P32495	0	Positive Genetic
P0C2H7	P15646	0	Negative Genetic
P0C2H6	P33309	0	Dosage Rescue
P0C2H6	P0C2H7	0	Synthetic Lethality
P0C0X0	Q3E7X9	0	Negative Genetic;Synthetic Lethality
P0C0X0	Q02793	0	Negative Genetic
P0C0X0	P47089	0	Negative Genetic
P0C0X0	P38011	0	Negative Genetic
P0C0X0	P33309	0	Negative Genetic;Synthetic Growth Defect
P0C0X0	P32769	0	Negative Genetic
P0C0X0	P0CX47	0	Positive Genetic
P0C0W9	Q3E757	0	Synthetic Lethality
P0C0W9	Q08746	0	Negative Genetic
P0C0W9	Q08745	0	Positive Genetic
P0C0W9	Q02892	0	Negative Genetic
P0C0W9	Q01662	0	Positive Genetic
P0C0W9	P53742	0	Negative Genetic
P0C0W9	P46784	0	Positive Genetic
P0C0W9	P32794	0	Negative Genetic
P0C0W9	P20459	0	Negative Genetic
P0C0W9	P20081	0	Positive Genetic
P0C0W9	P16370	0	Positive Genetic
P0C0W9	P0CX47	0	Positive Genetic
P0C0W1	Q3E7Y3	0	Negative Genetic;Synthetic Lethality
P0C0W1	Q04697	0	Negative Genetic
P0C0W1	P33309	0	Negative Genetic
P0C0W1	P32769	0	Negative Genetic
P0C0W1	P0CX39	0	Positive Genetic
P0C0V8	Q3E754	0	Synthetic Lethality
P0C0V8	Q08972	0	Negative Genetic
P0C0V8	Q08444	0	Positive Genetic
P0C0V8	Q02793	0	Negative Genetic
P0C0V8	P49626	0	Negative Genetic
P0C0V8	P49167	0	Negative Genetic
P0C0V8	P41057	0	Positive Genetic
P0C0V8	P38912	0	Negative Genetic
P0C0V8	P33309	0	Dosage Rescue;Negative Genetic;Synthetic Growth Defect
P0C0V8	P23301	0	Negative Genetic
P0C0V8	P0CX55	0	Positive Genetic
P0C0V8	P0CX51	0	Positive Genetic
P0C0V8	P0CX29	0	Positive Genetic
P0C0V0	P77774	0	Negative Genetic;Positive Genetic
P0C0V0	P77754	0	Positive Genetic
P0C0T5	P37340	0	Negative Genetic
P0C0T4	Q3E792	0	Negative Genetic;Synthetic Growth Defect
P0C0T4	Q08444	0	Negative Genetic
P0C0T4	P0CX23	0	Positive Genetic
P0C0T4	P0CH08	0	Negative Genetic
P0C0S1	P75783	0	Positive Genetic
P0C0R7	P63177	0	Negative Genetic
P0C0R7	P60723	0	Negative Genetic
P0C0R7	P42641	0	Negative Genetic
P0C0L2	P77717	0	Negative Genetic
P0C093	P77173	0	Negative Genetic
P0C093	P18196	0	Positive Genetic
P0C079	P67697	0	Positive Genetic
P0C077	Q47156	0	Negative Genetic
P0C077	Q46865	0	Negative Genetic
P0C077	Q46864	0	Positive Genetic
P0C077	P76106	0	Positive Genetic
P0C077	P69346	0	Positive Genetic
P0C077	P67697	0	Negative Genetic
P0C077	P20083	0	Positive Genetic
P0C074	P46947	0	Negative Genetic
P0C074	P40565	0	Negative Genetic
P0C066	P28306	0	Negative Genetic;Positive Genetic
P0C066	P10100	0	Positive Genetic
P0AGL7	P36929	0	Negative Genetic
P0AGK8	P63020	0	Negative Genetic
P0AGK1	P75728	0	Negative Genetic
P0AGJ2	P25522	0	Negative Genetic
P0AGJ2	P0C0R7	0	Negative Genetic
P0AGI1	P31134	0	Positive Genetic
P0AGH5	P37313	0	Negative Genetic
P0AGH5	P23843	0	Positive Genetic
P0AGH3	P77348	0	Positive Genetic
P0AGH3	P37313	0	Positive Genetic
P0AGH3	P23847	0	Negative Genetic
P0AGG2	P76084	0	Negative Genetic
P0AGE0	P43329	0	Negative Genetic
P0AGE0	P21893	0	Positive Genetic
P0AGD7	P25714	0	Positive Genetic
P0AGD7	P10408	0	Positive Genetic
P0AGC3	P41052	0	Positive Genetic
P0AGC3	P28249	0	Negative Genetic
P0AGA6	P37640	0	Negative Genetic
P0AGA2	P10121	0	Negative Genetic
P0AGA2	P0AGD7	0	Negative Genetic
P0AG96	P77774	0	Negative Genetic
P0AG96	P27247	0	Negative Genetic
P0AG96	P10408	0	Negative Genetic
P0AG96	P0AGD7	0	Positive Genetic
P0AG96	P0AGA2	0	Negative Genetic
P0AG93	P25714	0	Positive Genetic
P0AG90	P0AGD7	0	Positive Genetic
P0AG90	P0AG96	0	Negative Genetic
P0AG86	P69428	0	Negative Genetic
P0AG86	P69423	0	Negative Genetic;Positive Genetic
P0AG86	P25714	0	Negative Genetic
P0AG86	P10408	0	Negative Genetic
P0AG86	P10121	0	Negative Genetic
P0AG86	P0AGA2	0	Negative Genetic
P0AG86	P0AG90	0	Positive Genetic
P0AG76	P30958	0	Negative Genetic
P0AG48	P60785	0	Negative Genetic
P0AG48	P0AGA2	0	Negative Genetic
P0AG20	P60723	0	Negative Genetic
P0AG20	P55135	0	Negative Genetic
P0AG11	P28631	0	Positive Genetic
P0AG11	P28630	0	Positive Genetic
P0AG11	P10443	0	Positive Genetic
P0AFW2	P75809	0	Negative Genetic
P0AFW2	P0AG48	0	Positive Genetic
P0AFV4	P23865	0	Positive Genetic
P0AFU4	P52076	0	Positive Genetic
P0AFT5	P37662	0	Positive Genetic
P0AFS9	P63883	0	Positive Genetic
P0AFS9	P28306	0	Positive Genetic
P0AFS9	P0AGC3	0	Negative Genetic
P0AFK4	P31134	0	Negative Genetic
P0AFI5	P76190	0	Positive Genetic
P0AFH8	P77717	0	Positive Genetic
P0AFH6	P77737	0	Negative Genetic
P0AFH6	P76027	0	Negative Genetic
P0AFH6	P37313	0	Negative Genetic
P0AFH6	P23843	0	Negative Genetic
P0AFH2	P77737	0	Negative Genetic
P0AFH2	P77463	0	Negative Genetic
P0AFH2	P77348	0	Negative Genetic
P0AFH2	P76027	0	Negative Genetic
P0AFH2	P75796	0	Positive Genetic
P0AFH2	P37313	0	Negative Genetic
P0AFH2	P23843	0	Negative Genetic
P0AFH2	P0AGH5	0	Negative Genetic
P0AFH2	P0AFH6	0	Negative Genetic
P0AFH0	P10441	0	Positive Genetic
P0AFC0	P31806	0	Negative Genetic
P0AFB8	Q47005	0	Positive Genetic
P0AF98	P61316	0	Negative Genetic
P0AF98	P31554	0	Negative Genetic
P0AF98	P10907	0	Negative Genetic
P0AF98	P10905	0	Positive Genetic
P0AF63	P37013	0	Positive Genetic
P0AF36	P77173	0	Positive Genetic
P0AF36	P28249	0	Positive Genetic
P0AF36	P24205	0	Negative Genetic
P0AF28	P0AFB8	0	Positive Genetic
P0AF16	P60472	0	Positive Genetic
P0AF06	P76010	0	Positive Genetic
P0AF06	P75942	0	Negative Genetic
P0AF06	P50466	0	Negative Genetic
P0AF06	P33135	0	Negative Genetic
P0AF06	P15070	0	Negative Genetic
P0AEZ3	P21645	0	Positive Genetic
P0AEZ3	P16926	0	Negative Genetic
P0AEY8	P24177	0	Positive Genetic
P0AEX9	P0C0V0	0	Negative Genetic
P0AEW1	P16432	0	Negative Genetic
P0AEU7	P0C0V0	0	Negative Genetic
P0AES4	P0AES6	0	Positive Genetic
P0AEP3	P37744	0	Positive Genetic
P0AEN4	P58034	0	Negative Genetic
P0AEN4	P27434	0	Negative Genetic
P0AEL6	P17315	0	Positive Genetic
P0AEL6	P15031	0	Positive Genetic
P0AEL6	P15028	0	Positive Genetic
P0AEK4	P24182	0	Positive Genetic
P0AEJ0	P76398	0	Positive Genetic
P0AEJ0	P75830	0	Positive Genetic
P0AEJ0	P32716	0	Positive Genetic
P0AEJ0	P31224	0	Positive Genetic
P0AEI4	P75838	0	Negative Genetic
P0AEG6	P31554	0	Positive Genetic
P0AEG6	P0AEU7	0	Positive Genetic
P0AEG1	P75957	0	Positive Genetic
P0AEG1	P37313	0	Negative Genetic
P0AEG1	P23847	0	Negative Genetic
P0AEG1	P23843	0	Positive Genetic
P0AEG1	P0AFH2	0	Negative Genetic
P0AEF8	P77737	0	Negative Genetic
P0AEF8	P0AEG1	0	Negative Genetic
P0AED9	P28638	0	Positive Genetic
P0AED5	P52106	0	Positive Genetic
P0AEC3	P76082	0	Negative Genetic
P0AEC3	P38683	0	Negative Genetic
P0AEC3	P31551	0	Negative Genetic
P0AEA8	P17846	0	Positive Genetic
P0AE88	P52106	0	Negative Genetic
P0AE88	P0DMC7	0	Positive Genetic
P0AE88	P0AEC3	0	Negative Genetic
P0AE85	P0C0V0	0	Positive Genetic
P0AE67	P0AEM6	0	Negative Genetic
P0AE67	P0AEC3	0	Positive Genetic
P0AE18	P69222	0	Positive Genetic
P0AE16	P76008	0	Negative Genetic
P0AE16	P0AEZ7	0	Positive Genetic
P0AE06	P76399	0	Positive Genetic
P0AE06	P75830	0	Positive Genetic
P0AE06	P38054	0	Negative Genetic
P0AE06	P32714	0	Negative Genetic
P0AE06	P24181	0	Positive Genetic
P0AE06	P24177	0	Negative Genetic
P0ADZ7	P31224	0	Positive Genetic
P0ADZ7	P25714	0	Positive Genetic
P0ADZ7	P10408	0	Negative Genetic
P0ADZ7	P0AGA2	0	Positive Genetic
P0ADZ0	P60785	0	Positive Genetic
P0ADZ0	P33643	0	Negative Genetic
P0ADZ0	P27434	0	Positive Genetic
P0ADZ0	P10408	0	Negative Genetic
P0ADZ0	P10121	0	Positive Genetic
P0ADZ0	P0CE48	0	Negative Genetic
P0ADZ0	P0CE47	0	Negative Genetic
P0ADZ0	P0AGD7	0	Positive Genetic
P0ADZ0	P0AG48	0	Positive Genetic
P0ADZ0	P0AG20	0	Negative Genetic
P0ADZ0	P0AE18	0	Positive Genetic
P0ADW3	P77747	0	Negative Genetic
P0ADW3	P28249	0	Positive Genetic
P0ADW3	P0AFS9	0	Positive Genetic
P0ADW3	P0AF36	0	Positive Genetic
P0ADW3	P0AEG4	0	Negative Genetic
P0ADV9	P61320	0	Positive Genetic
P0ADV9	P31554	0	Negative Genetic
P0ADV9	P0AF98	0	Positive Genetic
P0ADV1	P61316	0	Negative Genetic
P0ADV1	P31554	0	Positive Genetic
P0ADV1	P0AF98	0	Negative Genetic
P0ADS2	P27434	0	Negative Genetic
P0ADS2	P16926	0	Negative Genetic
P0ADS2	P0C093	0	Positive Genetic
P0ADS2	P0AF36	0	Positive Genetic
P0ADS2	P0AEN4	0	Positive Genetic
P0ADI4	P16869	0	Negative Genetic
P0ADG7	P52061	0	Phenotypic Enhancement
P0ADD7	P10151	0	Positive Genetic
P0ADC6	P60752	0	Negative Genetic
P0ADC6	P31554	0	Negative Genetic
P0ADC6	P0ADV1	0	Negative Genetic
P0ADC3	P75831	0	Positive Genetic
P0ADC3	P69776	0	Positive Genetic
P0ADC3	P61320	0	Positive Genetic
P0ADC3	P23930	0	Negative Genetic
P0ADC3	P0AF98	0	Negative Genetic
P0ADC1	P77774	0	Positive Genetic
P0ADC1	P61320	0	Positive Genetic
P0ADC1	P31554	0	Positive Genetic
P0ADC1	P0AF98	0	Negative Genetic
P0ADC1	P0ADV1	0	Positive Genetic
P0ADA7	P0C0L2	0	Negative Genetic
P0AD65	P46022	0	Positive Genetic
P0AD65	P27434	0	Negative Genetic
P0AD65	P17952	0	Positive Genetic
P0AD65	P17443	0	Positive Genetic
P0AD65	P14900	0	Positive Genetic
P0AD65	P11880	0	Negative Genetic
P0AD65	P0AGC3	0	Positive Genetic
P0AD65	P0AFI5	0	Positive Genetic
P0AD65	P0AF16	0	Positive Genetic
P0AD57	P60472	0	Negative Genetic
P0AD49	P0CE47	0	Positive Genetic
P0ACZ4	P52106	0	Positive Genetic
P0ACZ4	P37640	0	Negative Genetic
P0ACZ2	P76387	0	Negative Genetic
P0ACY9	P23840	0	Positive Genetic
P0ACY9	P0AG11	0	Positive Genetic
P0ACV0	P43341	0	Negative Genetic
P0ACV0	P24205	0	Negative Genetic
P0ACS2	P0AGK8	0	Positive Genetic
P0ACS2	P0AF63	0	Positive Genetic
P0ACR4	P23841	0	Positive Genetic
P0ACQ7	P76250	0	Positive Genetic
P0ACQ7	P39376	0	Positive Genetic
P0ACQ7	P0ACR0	0	Negative Genetic
P0ACM2	P76114	0	Negative Genetic
P0ACM2	P39161	0	Positive Genetic
P0ACL2	P31475	0	Positive Genetic
P0ACL2	P31460	0	Negative Genetic
P0ACK5	P0ACN7	0	Negative Genetic
P0ACK5	P0ACK8	0	Negative Genetic
P0ACJ8	P50456	0	Negative Genetic
P0ACJ8	P10151	0	Negative Genetic
P0ACJ8	P0AFJ5	0	Positive Genetic
P0ACJ8	P0AF28	0	Positive Genetic
P0ACJ8	P0ACQ4	0	Negative Genetic
P0ACI6	P0ACJ5	0	Positive Genetic
P0ACH8	P0ACJ8	0	Positive Genetic
P0ACH5	P77379	0	Positive Genetic
P0ACH5	P0AES4	0	Negative Genetic
P0ACH5	P0ACS9	0	Negative Genetic
P0ACH5	P0ACS2	0	Positive Genetic
P0ACH5	P0ACR9	0	Positive Genetic
P0ACG8	P60723	0	Positive Genetic
P0ACG8	P0ADZ0	0	Positive Genetic
P0ACG6	P77091	0	Positive Genetic
P0ACF8	P0ACG1	0	Negative Genetic
P0ACF0	P0ACF8	0	Negative Genetic
P0ACF0	P0ACF4	0	Negative Genetic
P0ACE3	P0ACG1	0	Positive Genetic
P0ACD4	P77689	0	Negative Genetic
P0ACD4	P77522	0	Negative Genetic
P0ACD4	P77499	0	Negative Genetic
P0ACD4	P77444	0	Negative Genetic
P0ACC7	P37773	0	Positive Genetic
P0ACC7	P17952	0	Positive Genetic
P0ACC7	P14900	0	Positive Genetic
P0ACC7	P0AF16	0	Positive Genetic
P0ACC7	P0AEP3	0	Positive Genetic
P0ACC3	P63020	0	Negative Genetic
P0ACB0	P28630	0	Negative Genetic
P0AC78	P37759	0	Positive Genetic
P0AC78	P14900	0	Positive Genetic
P0AC75	P76473	0	Negative Genetic
P0AC75	P43341	0	Positive Genetic
P0AC75	P27300	0	Positive Genetic
P0AC75	P24205	0	Positive Genetic
P0AC69	P77522	0	Negative Genetic
P0AC69	P63020	0	Negative Genetic
P0AC69	P0ACD4	0	Negative Genetic
P0AC35	P14407	0	Positive Genetic
P0AC35	P11663	0	Positive Genetic
P0AC30	P75831	0	Positive Genetic
P0AC30	P37690	0	Positive Genetic
P0AC30	P0AEN4	0	Negative Genetic
P0AC30	P0ADS2	0	Negative Genetic
P0AC05	P75933	0	Positive Genetic
P0AC05	P26608	0	Negative Genetic
P0AC05	P24216	0	Negative Genetic
P0AC05	P0AEC3	0	Negative Genetic
P0AC02	P77774	0	Negative Genetic
P0AC02	P61316	0	Positive Genetic
P0AC02	P39321	0	Negative Genetic
P0AC02	P31554	0	Negative Genetic
P0AC02	P0ADC1	0	Positive Genetic
P0ABZ6	P77774	0	Negative Genetic
P0ABZ6	P10408	0	Positive Genetic
P0ABZ6	P0C0V0	0	Negative Genetic;Positive Genetic
P0ABZ6	P0AGA2	0	Positive Genetic
P0ABZ6	P0AG86	0	Negative Genetic
P0ABZ6	P0AFL3	0	Positive Genetic
P0ABZ6	P0AEU7	0	Negative Genetic
P0ABZ6	P0AEG4	0	Negative Genetic
P0ABZ4	P10441	0	Positive Genetic
P0ABY2	P0AC05	0	Negative Genetic
P0ABX8	P75942	0	Negative Genetic
P0ABX8	P75933	0	Negative Genetic
P0ABX8	P0AF06	0	Negative Genetic
P0ABX8	P0ADA7	0	Negative Genetic
P0ABV2	P75780	0	Positive Genetic
P0ABV2	P15047	0	Negative Genetic
P0ABV2	P13036	0	Negative Genetic
P0ABV2	P0AF06	0	Negative Genetic
P0ABV2	P0AEL6	0	Positive Genetic
P0ABV2	P0AEJ2	0	Positive Genetic
P0ABU9	P75958	0	Positive Genetic
P0ABU9	P0ADC3	0	Negative Genetic
P0ABU7	P24077	0	Negative Genetic
P0ABU7	P23878	0	Negative Genetic
P0ABU7	P17315	0	Positive Genetic
P0ABU7	P15047	0	Negative Genetic
P0ABU7	P13039	0	Negative Genetic
P0ABU7	P13036	0	Negative Genetic
P0ABU7	P0AEL6	0	Negative Genetic
P0ABU7	P0AEJ2	0	Positive Genetic
P0ABU7	P0ADI4	0	Negative Genetic
P0ABU7	P0ABV6	0	Positive Genetic
P0ABS8	P28905	0	Positive Genetic
P0ABS5	P24230	0	Positive Genetic
P0ABS5	P23862	0	Negative Genetic
P0ABS5	P10443	0	Positive Genetic
P0ABS5	P0AGE0	0	Positive Genetic
P0ABS5	P0AES4	0	Positive Genetic
P0ABR1	P36767	0	Negative Genetic
P0ABR1	P0ACY9	0	Positive Genetic
P0ABQ4	P0AFS3	0	Positive Genetic
P0ABN1	P76091	0	Positive Genetic
P0ABN1	P13033	0	Negative Genetic
P0ABK5	P38038	0	Positive Genetic
P0ABK2	P69054	0	Negative Genetic
P0ABJ9	P26459	0	Positive Genetic
P0ABJ9	P26458	0	Positive Genetic
P0ABJ9	P0ADW3	0	Positive Genetic
P0ABJ6	P26458	0	Positive Genetic
P0ABJ6	P0ABK2	0	Negative Genetic
P0ABJ1	P26459	0	Negative Genetic
P0ABJ1	P0AFD6	0	Negative Genetic
P0ABJ1	P0AEA5	0	Positive Genetic
P0ABJ1	P0ABK2	0	Negative Genetic
P0ABJ1	P0ABJ9	0	Positive Genetic
P0ABH9	P0AFZ3	0	Positive Genetic
P0ABH4	P27434	0	Positive Genetic
P0ABH4	P17443	0	Positive Genetic
P0ABH4	P0AG96	0	Negative Genetic
P0ABH4	P0AEN4	0	Negative Genetic
P0ABH4	P0AD65	0	Positive Genetic
P0ABH0	P77173	0	Positive Genetic
P0ABH0	P10408	0	Negative Genetic
P0ABH0	P0AD65	0	Negative Genetic
P0ABH0	P0AC30	0	Negative Genetic;Positive Genetic
P0ABG7	P76577	0	Positive Genetic
P0ABG7	P33013	0	Negative Genetic
P0ABG7	P22188	0	Negative Genetic
P0ABG7	P17443	0	Negative Genetic
P0ABG7	P14900	0	Positive Genetic
P0ABG7	P11880	0	Positive Genetic
P0ABG7	P0ABH4	0	Positive Genetic
P0ABG7	P0ABH0	0	Positive Genetic
P0ABG4	P46022	0	Positive Genetic
P0ABG4	P45955	0	Negative Genetic
P0ABG4	P33013	0	Negative Genetic
P0ABG4	P18196	0	Positive Genetic
P0ABG4	P16926	0	Negative Genetic
P0ABG4	P10443	0	Positive Genetic
P0ABG4	P0AD65	0	Negative Genetic
P0ABG4	P0AC30	0	Negative Genetic;Positive Genetic
P0ABG4	P0ABH4	0	Positive Genetic
P0ABF8	P23830	0	Negative Genetic
P0ABE2	P13445	0	Negative Genetic
P0ABD8	P27247	0	Negative Genetic
P0ABD8	P0AEK4	0	Negative Genetic
P0ABD8	P0AC47	0	Negative Genetic
P0ABC3	P0AGA2	0	Negative Genetic
P0AB89	P24186	0	Positive Genetic
P0AB38	P77747	0	Positive Genetic
P0AB38	P28249	0	Positive Genetic
P0AB38	P0AFV4	0	Positive Genetic
P0AAT6	P42641	0	Negative Genetic
P0AAM1	P37182	0	Positive Genetic
P0AAM1	P26459	0	Negative Genetic
P0AAI9	P69451	0	Positive Genetic
P0AAI9	P21177	0	Positive Genetic
P0AAI9	P11454	0	Positive Genetic
P0AAI9	P0ABD5	0	Positive Genetic
P0AAI5	P69451	0	Positive Genetic
P0AAI5	P60782	0	Positive Genetic
P0AAI5	P24182	0	Positive Genetic
P0AAI5	P0AEK4	0	Positive Genetic
P0AAI3	P10408	0	Positive Genetic
P0AAI3	P0ABC7	0	Positive Genetic
P0AAH8	P77463	0	Positive Genetic
P0AAH8	P0AFH6	0	Positive Genetic
P0AAH8	P0AFH2	0	Negative Genetic
P0AAH4	P77463	0	Positive Genetic
P0AAH4	P77348	0	Positive Genetic
P0AAH4	P77308	0	Positive Genetic
P0AAH4	P10907	0	Positive Genetic
P0AAH4	P0AFH6	0	Positive Genetic
P0AAH4	P0AFH2	0	Negative Genetic
P0AAG0	P77463	0	Negative Genetic
P0AAG0	P77308	0	Negative Genetic
P0AAG0	P0AGH5	0	Negative Genetic
P0AAG0	P0AEG1	0	Negative Genetic
P0AAB6	P37653	0	Positive Genetic
P0AAB6	P0AG00	0	Negative Genetic
P0AAB4	P0AGK1	0	Negative Genetic
P0AAB2	P38134	0	Negative Genetic
P0AAA7	P76387	0	Positive Genetic
P0AAA7	P76373	0	Negative Genetic
P0AAA7	P37747	0	Negative Genetic
P0AAA7	P37744	0	Negative Genetic
P0AAA7	P0AAB2	0	Positive Genetic
P0AA84	P23830	0	Positive Genetic
P0AA60	P30149	0	Positive Genetic
P0AA39	Q57261	0	Positive Genetic
P0AA25	P0AEG6	0	Negative Genetic
P0AA16	P52106	0	Negative Genetic
P0AA16	P0DMC7	0	Negative Genetic
P0A9Y6	P75811	0	Positive Genetic
P0A9Y6	P67662	0	Positive Genetic
P0A9Y6	P27302	0	Negative Genetic
P0A9Y6	P0ACF0	0	Positive Genetic
P0A9X9	P0A9Y6	0	Positive Genetic
P0A9X4	P22188	0	Positive Genetic
P0A9X4	P17952	0	Positive Genetic
P0A9X4	P17443	0	Negative Genetic
P0A9X4	P11880	0	Positive Genetic
P0A9X4	P0AEB2	0	Negative Genetic
P0A9X4	P0AD65	0	Negative Genetic
P0A9X4	P0ABH0	0	Negative Genetic
P0A9X4	P0ABG7	0	Negative Genetic
P0A9X4	P0ABG4	0	Negative Genetic;Positive Genetic
P0A9W0	P0ACK5	0	Negative Genetic
P0A9U8	P77467	0	Positive Genetic
P0A9U8	P31551	0	Negative Genetic
P0A9R7	P77173	0	Positive Genetic
P0A9R7	P76027	0	Negative Genetic
P0A9R7	P18196	0	Negative Genetic
P0A9R7	P0AEN4	0	Negative Genetic
P0A9R7	P0ADS2	0	Negative Genetic
P0A9R7	P0ABG4	0	Negative Genetic
P0A9R4	P77689	0	Negative Genetic
P0A9R4	P77667	0	Negative Genetic
P0A9R4	P77522	0	Negative Genetic
P0A9R4	P77499	0	Negative Genetic
P0A9R4	P63020	0	Negative Genetic
P0A9R4	P0ACC3	0	Positive Genetic
P0A9Q5	P24182	0	Positive Genetic
P0A9Q5	P0AAI9	0	Positive Genetic
P0A9M8	P77399	0	Negative Genetic
P0A9M8	P76503	0	Negative Genetic
P0A9M8	P21177	0	Negative Genetic
P0A9M8	P0ACC7	0	Negative Genetic
P0A9M8	P0ABD8	0	Negative Genetic
P0A9M8	P0ABD5	0	Negative Genetic
P0A9M0	P39099	0	Positive Genetic
P0A9M0	P0C0V0	0	Negative Genetic
P0A9M0	P0C058	0	Positive Genetic
P0A9M0	P0C054	0	Positive Genetic
P0A9M0	P0ABH9	0	Negative Genetic
P0A9L5	P0ABZ6	0	Positive Genetic
P0A9J0	P30014	0	Positive Genetic
P0A9H9	P15070	0	Negative Genetic
P0A9H9	P0ABX8	0	Negative Genetic
P0A9G4	P64530	0	Negative Genetic
P0A9G4	P37309	0	Negative Genetic
P0A9E2	P0ACS9	0	Negative Genetic
P0A9E0	P77379	0	Negative Genetic
P0A9E0	P37309	0	Positive Genetic
P0A9E0	P27245	0	Negative Genetic
P0A9E0	P0ACK5	0	Negative Genetic
P0A9E0	P0ACI0	0	Negative Genetic
P0A9E0	P0ACH8	0	Negative Genetic
P0A9E0	P0ACH5	0	Negative Genetic
P0A9E0	P0A9E2	0	Positive Genetic
P0A9C0	P26647	0	Negative Genetic
P0A9A9	P0A9F1	0	Positive Genetic
P0A9A6	P77173	0	Positive Genetic
P0A9A6	P62517	0	Positive Genetic
P0A9A6	P28638	0	Positive Genetic
P0A9A6	P27434	0	Negative Genetic
P0A9A6	P18196	0	Positive Genetic
P0A9A6	P16926	0	Positive Genetic
P0A9A6	P0C093	0	Positive Genetic
P0A9A6	P0AFZ5	0	Positive Genetic
P0A9A6	P0ADS2	0	Positive Genetic
P0A9A6	P0AD65	0	Positive Genetic
P0A9A6	P0AC30	0	Negative Genetic;Positive Genetic
P0A9A6	P0ABH0	0	Negative Genetic
P0A9A6	P0ABG7	0	Positive Genetic
P0A9A6	P0AAI3	0	Positive Genetic
P0A9A6	P0A9X4	0	Negative Genetic
P0A988	P60240	0	Positive Genetic
P0A988	P28631	0	Positive Genetic
P0A988	P28630	0	Negative Genetic
P0A988	P20083	0	Negative Genetic
P0A988	P15042	0	Positive Genetic
P0A988	P0AES4	0	Positive Genetic
P0A988	P0ACB0	0	Positive Genetic
P0A988	P0ABS8	0	Positive Genetic
P0A988	P0A9A6	0	Positive Genetic
P0A978	P36995	0	Positive Genetic
P0A968	Q46865	0	Negative Genetic
P0A968	Q46864	0	Negative Genetic
P0A964	P50466	0	Negative Genetic
P0A964	P33135	0	Negative Genetic
P0A964	P15070	0	Negative Genetic
P0A964	P0AEC3	0	Negative Genetic
P0A964	P0AC05	0	Negative Genetic
P0A964	P0ABX8	0	Negative Genetic
P0A953	P0AEK2	0	Positive Genetic
P0A953	P0AAI9	0	Positive Genetic
P0A940	P25714	0	Negative Genetic
P0A940	P0AGA2	0	Negative Genetic
P0A940	P0AG86	0	Positive Genetic
P0A940	P0AEG4	0	Positive Genetic
P0A940	P0ADY1	0	Positive Genetic
P0A940	P0ADV9	0	Positive Genetic
P0A940	P0ABV6	0	Positive Genetic
P0A940	P0ABU9	0	Positive Genetic
P0A937	P31554	0	Positive Genetic
P0A937	P0ADC1	0	Positive Genetic
P0A937	P0ABZ6	0	Negative Genetic
P0A937	P0A940	0	Positive Genetic
P0A930	P76373	0	Negative Genetic
P0A930	P27243	0	Positive Genetic
P0A930	P0AAA7	0	Negative Genetic
P0A927	P46481	0	Negative Genetic
P0A924	P18200	0	Positive Genetic
P0A921	P31554	0	Negative Genetic
P0A921	P0AF16	0	Positive Genetic
P0A921	P0AC02	0	Negative Genetic
P0A921	P0A940	0	Negative Genetic
P0A917	P37001	0	Negative Genetic
P0A917	P0C0V0	0	Positive Genetic
P0A917	P0ABZ6	0	Positive Genetic
P0A912	P75958	0	Positive Genetic
P0A912	P61320	0	Positive Genetic
P0A912	P0ABV2	0	Positive Genetic
P0A912	P0ABU7	0	Positive Genetic
P0A912	P0AA04	0	Negative Genetic
P0A912	P0A940	0	Positive Genetic
P0A910	P77747	0	Negative Genetic
P0A910	P77211	0	Positive Genetic
P0A910	P69856	0	Negative Genetic
P0A910	P69776	0	Positive Genetic
P0A910	P60723	0	Negative Genetic
P0A910	P39099	0	Negative Genetic
P0A910	P37001	0	Positive Genetic
P0A910	P31554	0	Positive Genetic
P0A910	P10408	0	Negative Genetic
P0A910	P0AG48	0	Negative Genetic
P0A910	P0AF06	0	Negative Genetic
P0A910	P0AEX9	0	Negative Genetic
P0A910	P0AEU7	0	Negative Genetic
P0A910	P0ADZ0	0	Negative Genetic
P0A910	P0ABZ6	0	Negative Genetic
P0A910	P0A9B2	0	Negative Genetic
P0A910	P0A940	0	Negative Genetic
P0A910	P0A930	0	Negative Genetic
P0A910	P0A921	0	Negative Genetic
P0A910	P0A917	0	Positive Genetic
P0A910	P0A912	0	Negative Genetic;Positive Genetic
P0A903	P77774	0	Negative Genetic
P0A903	P61320	0	Positive Genetic
P0A903	P39321	0	Negative Genetic
P0A903	P31554	0	Negative Genetic
P0A903	P0ADV9	0	Positive Genetic
P0A903	P0ADC1	0	Positive Genetic
P0A903	P0ABZ6	0	Negative Genetic
P0A903	P0A937	0	Negative Genetic
P0A8W2	P27245	0	Negative Genetic
P0A8W2	P23836	0	Negative Genetic
P0A8W2	P0AC69	0	Negative Genetic
P0A8V6	P0ACU5	0	Positive Genetic
P0A8V6	P0ACL9	0	Positive Genetic
P0A8V0	P30850	0	Negative Genetic
P0A8V0	P21499	0	Negative Genetic
P0A8U6	P0A9F3	0	Positive Genetic
P0A8U6	P0A8V6	0	Positive Genetic
P0A8R9	P0ACR4	0	Negative Genetic
P0A8Q6	P0ABH9	0	Negative Genetic
P0A8Q3	P0ABD8	0	Negative Genetic
P0A8Q0	P24182	0	Negative Genetic
P0A8Q0	P0ABD8	0	Negative Genetic
P0A8P6	P0A8P8	0	Positive Genetic
P0A8P3	P0ADE8	0	Negative Genetic
P0A8N3	P21888	0	Negative Genetic
P0A8K1	P26647	0	Negative Genetic
P0A8J2	P0ABS5	0	Positive Genetic
P0A8J2	P0A988	0	Positive Genetic
P0A8G0	P30958	0	Negative Genetic
P0A8G0	P23909	0	Negative Genetic
P0A8G0	P21893	0	Negative Genetic
P0A8G0	P0A8P8	0	Positive Genetic
P0A8F8	P24230	0	Negative Genetic
P0A8F8	P0A8P8	0	Negative Genetic
P0A8E1	P0ADN0	0	Positive Genetic
P0A8D9	P0AFM9	0	Negative Genetic
P0A8D9	P0ACU5	0	Positive Genetic
P0A8D9	P0AAC0	0	Positive Genetic
P0A887	P75728	0	Negative Genetic
P0A887	P25534	0	Positive Genetic
P0A887	P0AGK1	0	Negative Genetic
P0A887	P0AG03	0	Positive Genetic
P0A884	P0A988	0	Positive Genetic
P0A873	P63177	0	Positive Genetic
P0A862	P0A910	0	Positive Genetic
P0A855	P69776	0	Positive Genetic
P0A855	P61316	0	Positive Genetic
P0A855	P0ABU7	0	Positive Genetic
P0A855	P0A910	0	Positive Genetic
P0A850	P60723	0	Positive Genetic
P0A850	P25714	0	Positive Genetic
P0A850	P10121	0	Positive Genetic
P0A850	P0AGD7	0	Negative Genetic
P0A850	P0AG86	0	Positive Genetic
P0A850	P0AEX9	0	Negative Genetic
P0A850	P0ADZ0	0	Positive Genetic
P0A850	P0ABZ6	0	Positive Genetic
P0A850	P0A9X4	0	Positive Genetic
P0A850	P0A910	0	Negative Genetic;Positive Genetic
P0A850	P0A873	0	Positive Genetic
P0A843	P69428	0	Negative Genetic
P0A843	P69423	0	Negative Genetic
P0A825	P27248	0	Negative Genetic
P0A817	P62617	0	Positive Genetic
P0A814	P24554	0	Negative Genetic
P0A814	P0A8P8	0	Negative Genetic
P0A814	P0A8G0	0	Negative Genetic
P0A814	P0A8F8	0	Negative Genetic
P0A809	P24230	0	Negative Genetic
P0A809	P0ABS5	0	Negative Genetic
P0A805	P69222	0	Negative Genetic
P0A805	P60390	0	Positive Genetic
P0A800	P60723	0	Negative Genetic
P0A800	P27296	0	Positive Genetic
P0A800	P0A9E2	0	Negative Genetic
P0A7Z4	P37344	0	Positive Genetic
P0A7Z4	P0CE47	0	Negative Genetic
P0A7Z4	P0A910	0	Negative Genetic
P0A7Y8	P0ADZ0	0	Positive Genetic
P0A7Y4	P38506	0	Negative Genetic
P0A7Y4	P21893	0	Negative Genetic
P0A7Y4	P0ABS5	0	Negative Genetic
P0A7Y0	P60785	0	Negative Genetic
P0A7Y0	P0A850	0	Positive Genetic
P0A7X6	P39286	0	Negative Genetic
P0A7W1	P77398	0	Positive Genetic
P0A7W1	P69222	0	Positive Genetic
P0A7W1	P60785	0	Positive Genetic
P0A7W1	P39286	0	Negative Genetic
P0A7W1	P37624	0	Positive Genetic
P0A7W1	P37024	0	Positive Genetic
P0A7W1	P0CE48	0	Negative Genetic
P0A7W1	P0CE47	0	Negative Genetic
P0A7W1	P0AG20	0	Negative Genetic
P0A7W1	P0AD49	0	Negative Genetic
P0A7W1	P0A8A8	0	Negative Genetic
P0A7V0	P39286	0	Negative Genetic
P0A7V0	P0AG20	0	Negative Genetic
P0A7V0	P0ADZ0	0	Positive Genetic
P0A7V0	P0A7Z4	0	Positive Genetic
P0A7U7	P0A910	0	Negative Genetic
P0A7U7	P0A850	0	Negative Genetic;Positive Genetic
P0A7U7	P0A805	0	Positive Genetic
P0A7U7	P0A800	0	Positive Genetic
P0A7U7	P0A7V0	0	Positive Genetic
P0A7R1	P42641	0	Negative Genetic
P0A7R1	P10121	0	Positive Genetic
P0A7Q1	P60785	0	Negative Genetic
P0A7Q1	P10121	0	Positive Genetic
P0A7Q1	P0CE47	0	Negative Genetic
P0A7Q1	P0AG20	0	Positive Genetic
P0A7Q1	P0AAT6	0	Negative Genetic
P0A7Q1	P0A850	0	Positive Genetic
P0A7Q1	P0A7V0	0	Positive Genetic
P0A7N9	P69222	0	Positive Genetic
P0A7N9	P42641	0	Negative Genetic
P0A7N9	P0CE47	0	Positive Genetic
P0A7N9	P0A850	0	Positive Genetic
P0A7N4	P60723	0	Positive Genetic
P0A7N4	P0CE47	0	Positive Genetic
P0A7N4	P0A7W1	0	Positive Genetic
P0A7M9	P60723	0	Negative Genetic
P0A7M9	P0AG20	0	Positive Genetic
P0A7M9	P0ADZ0	0	Negative Genetic
P0A7M9	P0A800	0	Positive Genetic
P0A7M9	P0A7W1	0	Negative Genetic
P0A7M9	P0A7U7	0	Positive Genetic
P0A7M9	P0A7Q1	0	Negative Genetic
P0A7M2	P0A850	0	Positive Genetic
P0A7L8	P27434	0	Negative Genetic
P0A7L8	P10121	0	Negative Genetic
P0A7L8	P0AG96	0	Negative Genetic
P0A7L8	P0A910	0	Positive Genetic
P0A7L0	P0CE48	0	Positive Genetic
P0A7L0	P0CE47	0	Positive Genetic
P0A7L0	P0ADZ0	0	Negative Genetic
P0A7L0	P0A850	0	Positive Genetic
P0A7L0	P0A7N4	0	Negative Genetic
P0A7L0	P0A7M9	0	Positive Genetic
P0A7I4	P0A7V0	0	Positive Genetic
P0A7I4	P0A7N4	0	Negative Genetic
P0A7I0	P60723	0	Positive Genetic
P0A7I0	P0ABU2	0	Negative Genetic
P0A7I0	P0A7L0	0	Negative Genetic
P0A7I0	P0A7I4	0	Positive Genetic
P0A7H6	P21893	0	Negative Genetic
P0A7H6	P0A8F8	0	Negative Genetic
P0A7H6	P0A809	0	Negative Genetic
P0A7H3	P36767	0	Negative Genetic
P0A7H3	P24230	0	Positive Genetic
P0A7H3	P0A7H6	0	Negative Genetic
P0A7H0	P33596	0	Positive Genetic
P0A7H0	P15043	0	Positive Genetic
P0A7H0	P15032	0	Positive Genetic
P0A7H0	P0AGE0	0	Positive Genetic
P0A7H0	P0A814	0	Negative Genetic
P0A7G6	Q47155	0	Negative Genetic
P0A7G6	P60785	0	Negative Genetic
P0A7G6	P38506	0	Negative Genetic
P0A7G6	P33228	0	Negative Genetic
P0A7G6	P28632	0	Negative Genetic
P0A7G6	P28631	0	Negative Genetic
P0A7G6	P27296	0	Positive Genetic
P0A7G6	P24230	0	Negative Genetic
P0A7G6	P21893	0	Negative Genetic
P0A7G6	P16525	0	Negative Genetic
P0A7G6	P0AG11	0	Negative Genetic
P0A7G6	P0AES6	0	Negative Genetic
P0A7G6	P0AES4	0	Positive Genetic
P0A7G6	P0AE08	0	Negative Genetic
P0A7G6	P0ACB0	0	Positive Genetic
P0A7G6	P0ABR1	0	Negative Genetic
P0A7G6	P0AAI3	0	Negative Genetic
P0A7G6	P0A910	0	Negative Genetic
P0A7G6	P0A8P8	0	Negative Genetic
P0A7G6	P0A814	0	Negative Genetic
P0A7G6	P0A7H6	0	Negative Genetic
P0A7G2	P39286	0	Negative Genetic;Positive Genetic
P0A7G2	P0A8A8	0	Negative Genetic
P0A7G2	P0A7V0	0	Positive Genetic
P0A7D4	P52061	0	Phenotypic Enhancement
P0A7C2	P0ACJ8	0	Positive Genetic
P0A7B8	P0AAI3	0	Positive Genetic
P0A7B8	P0A9M0	0	Negative Genetic
P0A7A7	P62517	0	Positive Genetic
P0A7A7	P26647	0	Negative Genetic
P0A7A7	P23830	0	Negative Genetic
P0A7A7	P0A953	0	Positive Genetic
P0A7A7	P0A8Z3	0	Positive Genetic
P0A790	P0A9J4	0	Positive Genetic
P0A749	P60472	0	Positive Genetic
P0A749	P22188	0	Positive Genetic
P0A749	P17952	0	Positive Genetic
P0A749	P17443	0	Positive Genetic
P0A749	P14900	0	Positive Genetic
P0A749	P0AD68	0	Positive Genetic
P0A749	P0AD65	0	Positive Genetic
P0A749	P0ACC7	0	Positive Genetic
P0A749	P0ABG7	0	Positive Genetic
P0A749	P0ABG4	0	Negative Genetic;Positive Genetic
P0A749	P0A9A6	0	Positive Genetic
P0A744	P36655	0	Negative Genetic
P0A742	P39285	0	Negative Genetic
P0A742	P25714	0	Negative Genetic
P0A742	P0AEB5	0	Positive Genetic
P0A738	P75863	0	Negative Genetic
P0A734	P15038	0	Positive Genetic
P0A734	P0AC02	0	Negative Genetic
P0A734	P0A862	0	Negative Genetic
P0A725	P45395	0	Positive Genetic
P0A725	P17115	0	Positive Genetic
P0A725	P0ABZ4	0	Positive Genetic
P0A722	P45395	0	Positive Genetic
P0A722	P43341	0	Positive Genetic
P0A722	P27300	0	Positive Genetic
P0A722	P17115	0	Positive Genetic
P0A722	P0AC75	0	Positive Genetic
P0A722	P0AAI3	0	Positive Genetic
P0A722	P0A749	0	Positive Genetic
P0A722	P0A725	0	Positive Genetic
P0A715	P0A725	0	Positive Genetic
P0A707	P69222	0	Positive Genetic
P0A707	P0CE47	0	Negative Genetic
P0A707	P0ADZ0	0	Positive Genetic
P0A707	P0A7W1	0	Positive Genetic
P0A707	P0A7Q1	0	Negative Genetic
P0A707	P0A7L0	0	Negative Genetic
P0A6Z6	P64530	0	Positive Genetic
P0A6Z6	P0A9G4	0	Positive Genetic
P0A6Z3	P63284	0	Negative Genetic
P0A6Z3	P36659	0	Negative Genetic
P0A6Z3	P0A9M0	0	Negative Genetic
P0A6Z3	P0A7B8	0	Positive Genetic
P0A6Z1	P77667	0	Negative Genetic
P0A6Y8	P63284	0	Phenotypic Enhancement
P0A6Y8	P10121	0	Positive Genetic
P0A6Y8	P0C0V0	0	Positive Genetic
P0A6Y8	P0C0R7	0	Negative Genetic;Positive Genetic
P0A6Y8	P0AGB3	0	Negative Genetic
P0A6Y8	P0ACB0	0	Positive Genetic
P0A6Y8	P0ABH9	0	Negative Genetic
P0A6Y8	P0A850	0	Positive Genetic
P0A6Y8	P0A7B8	0	Positive Genetic
P0A6Y1	P0ACF4	0	Positive Genetic
P0A6X7	P0ACF8	0	Negative Genetic
P0A6X3	P0A910	0	Negative Genetic
P0A6W5	P0A7Z4	0	Negative Genetic
P0A6W3	P0A749	0	Negative Genetic
P0A6V5	P15977	0	Negative Genetic
P0A6V1	P0AEP3	0	Positive Genetic
P0A6U8	P15977	0	Negative Genetic
P0A6U5	P0AES4	0	Negative Genetic
P0A6T9	P0A825	0	Negative Genetic
P0A6T5	P0AG24	0	Positive Genetic
P0A6T5	P0AAI3	0	Positive Genetic
P0A6S7	P0ABN1	0	Positive Genetic
P0A6S7	P0A7A7	0	Negative Genetic
P0A6S5	P77173	0	Negative Genetic;Positive Genetic
P0A6S5	P28630	0	Positive Genetic
P0A6S5	P0ADS2	0	Negative Genetic;Positive Genetic
P0A6S5	P0ABH4	0	Negative Genetic
P0A6S5	P0ABG4	0	Positive Genetic
P0A6S5	P0A9A6	0	Negative Genetic
P0A6R3	P0AFY8	0	Positive Genetic
P0A6R3	P0ACJ8	0	Positive Genetic
P0A6R3	P0ACG1	0	Positive Genetic
P0A6R3	P0ACF4	0	Negative Genetic
P0A6R3	P0A8T1	0	Negative Genetic
P0A6R3	P0A6Y1	0	Positive Genetic
P0A6R0	P60782	0	Negative Genetic
P0A6R0	P0AEK4	0	Positive Genetic
P0A6R0	P0ABD8	0	Positive Genetic
P0A6R0	P0ABD5	0	Positive Genetic
P0A6R0	P0A9Q5	0	Positive Genetic
P0A6Q6	P43341	0	Positive Genetic
P0A6Q6	P27300	0	Positive Genetic
P0A6Q6	P24182	0	Positive Genetic
P0A6Q6	P0AEZ3	0	Positive Genetic
P0A6Q6	P0ABD8	0	Positive Genetic
P0A6Q6	P0AAI3	0	Positive Genetic
P0A6Q6	P0A9Q5	0	Positive Genetic
P0A6Q3	P0ABD8	0	Negative Genetic
P0A6Q3	P0AAI9	0	Positive Genetic
P0A6Q3	P0A9Q5	0	Positive Genetic
P0A6Q3	P0A6R0	0	Negative Genetic
P0A6P9	P60723	0	Negative Genetic
P0A6P9	P0A9M8	0	Positive Genetic
P0A6P7	P10121	0	Positive Genetic
P0A6P5	P77774	0	Negative Genetic
P0A6P5	P0C0R7	0	Negative Genetic
P0A6P5	P0ABU2	0	Negative Genetic
P0A6P1	P0CE47	0	Negative Genetic
P0A6P1	P0ADZ0	0	Positive Genetic
P0A6P1	P0A7W1	0	Positive Genetic
P0A6P1	P0A7Q1	0	Positive Genetic
P0A6P1	P0A7G2	0	Positive Genetic
P0A6N8	P60723	0	Positive Genetic
P0A6N4	P60785	0	Positive Genetic
P0A6N4	P0A8N5	0	Positive Genetic
P0A6N4	P0A8N3	0	Positive Genetic
P0A6N4	P0A850	0	Negative Genetic
P0A6N4	P0A7W1	0	Negative Genetic
P0A6N4	P0A7U7	0	Negative Genetic
P0A6N4	P0A7N9	0	Negative Genetic
P0A6N4	P0A7N4	0	Positive Genetic
P0A6N4	P0A7L0	0	Positive Genetic
P0A6N4	P0A7I4	0	Positive Genetic
P0A6N4	P0A6P1	0	Negative Genetic
P0A6M8	P69222	0	Positive Genetic
P0A6M8	P0CE47	0	Negative Genetic
P0A6M8	P0ADZ0	0	Positive Genetic
P0A6M8	P0A8N3	0	Negative Genetic
P0A6M8	P0A7V0	0	Positive Genetic
P0A6M8	P0A7R1	0	Negative Genetic
P0A6M8	P0A7M9	0	Negative Genetic
P0A6M8	P0A6N4	0	Positive Genetic
P0A6M2	P77202	0	Negative Genetic
P0A6M2	P36655	0	Negative Genetic
P0A6M2	P0ADV9	0	Positive Genetic
P0A6L9	P63020	0	Negative Genetic
P0A6L4	P69856	0	Negative Genetic
P0A6K3	P60723	0	Negative Genetic
P0A6K3	P36929	0	Negative Genetic
P0A6K3	P0ADZ0	0	Positive Genetic
P0A6K3	P0A7W1	0	Positive Genetic
P0A6K3	P0A7M9	0	Negative Genetic
P0A6J8	P29012	0	Negative Genetic
P0A6J8	P17952	0	Negative Genetic
P0A6J8	P0ABH0	0	Negative Genetic
P0A6J1	P17846	0	Negative Genetic
P0A6I9	P24224	0	Negative Genetic
P0A6I0	P69924	0	Negative Genetic
P0A6I0	P37146	0	Negative Genetic
P0A6H8	P18200	0	Positive Genetic
P0A6H1	P63284	0	Negative Genetic
P0A6H1	P13445	0	Positive Genetic
P0A6H1	P0AFZ3	0	Positive Genetic
P0A6H1	P0A9A6	0	Positive Genetic
P0A6G7	P0C054	0	Positive Genetic
P0A6G7	P0AFZ3	0	Negative Genetic;Positive Genetic
P0A6G7	P0ABH9	0	Positive Genetic
P0A6G7	P0A9M0	0	Negative Genetic
P0A6G7	P0A850	0	Negative Genetic
P0A6G7	P0A7B8	0	Positive Genetic
P0A6F9	P0C0V0	0	Positive Genetic
P0A6F9	P0AGB3	0	Negative Genetic
P0A6F9	P0A6H1	0	Positive Genetic
P0A6F5	P0AG86	0	Negative Genetic
P0A6F5	P0A9A6	0	Negative Genetic
P0A6F5	P0A910	0	Negative Genetic
P0A6F5	P0A7G6	0	Negative Genetic
P0A6F5	P0A6Y8	0	Positive Genetic
P0A6F3	P0A9M8	0	Negative Genetic
P0A6E4	P22106	0	Positive Genetic
P0A6D7	P15770	0	Negative Genetic
P0A6D0	P0A8U6	0	Negative Genetic
P0A6B7	P63020	0	Negative Genetic
P0A6B4	P29012	0	Negative Genetic
P0A6B4	P22634	0	Negative Genetic
P0A6B4	P17952	0	Negative Genetic;Positive Genetic
P0A6A8	P69451	0	Positive Genetic
P0A6A8	P21645	0	Positive Genetic
P0A6A8	P0AG24	0	Negative Genetic
P0A6A8	P0AFR2	0	Positive Genetic
P0A6A8	P0AEK4	0	Positive Genetic
P0A6A8	P0AA04	0	Positive Genetic
P0A6A8	P0A9M8	0	Negative Genetic
P0A6A8	P0A953	0	Positive Genetic
P0A6A8	P0A8Z3	0	Negative Genetic
P0A6A8	P0A7L8	0	Positive Genetic
P0A6A8	P0A6B7	0	Positive Genetic
P0A6A6	P26616	0	Positive Genetic
P0A6A0	P75728	0	Positive Genetic
P0A698	P24230	0	Negative Genetic
P0A698	P0A8P8	0	Negative Genetic
P09980	P0A8F8	0	Negative Genetic
P09980	P0A7G6	0	Negative Genetic
P09959	Q04636	0	Negative Genetic;Synthetic Lethality
P09959	Q00772	0	Synthetic Growth Defect
P09959	Q00684	0	Negative Genetic
P09959	P61830	0	Synthetic Growth Defect
P09959	P53197	0	Positive Genetic;Synthetic Lethality
P09959	P52918	0	Negative Genetic;Phenotypic Enhancement;Synthetic Lethality
P09959	P32558	0	Synthetic Rescue
P09959	P32259	0	Phenotypic Suppression;Synthetic Growth Defect;Synthetic Rescue
P09959	P30283	0	Negative Genetic;Synthetic Lethality
P09959	P26449	0	Negative Genetic;Phenotypic Enhancement;Synthetic Lethality
P09959	P24869	0	Negative Genetic
P09959	P24868	0	Positive Genetic
P09957	P10090	0	Phenotypic Suppression
P09950	Q07534	0	Negative Genetic
P09950	P29704	0	Negative Genetic
P09938	P39009	0	Negative Genetic;Synthetic Rescue
P09874	Q86WJ1	0	Synthetic Rescue
P09874	P39748	0	Synthetic Lethality
P09874	P27695	0	Negative Genetic
P09874	P18858	0	Negative Genetic
P09832	P17169	0	Negative Genetic
P09734	Q12692	0	Negative Genetic;Synthetic Lethality
P09734	Q02733	0	Negative Genetic
P09734	P60010	0	Negative Genetic
P09734	P53904	0	Phenotypic Enhancement
P09734	P53900	0	Negative Genetic;Positive Genetic;Synthetic Lethality
P09734	P52553	0	Negative Genetic;Synthetic Lethality
P09734	P48606	0	Dosage Rescue;Negative Genetic;Synthetic Growth Defect;Synthetic Lethality
P09734	P48363	0	Negative Genetic;Positive Genetic;Synthetic Lethality
P09734	P46675	0	Negative Genetic
P09734	P46670	0	Negative Genetic;Synthetic Lethality
P09734	P40987	0	Negative Genetic;Synthetic Lethality
P09734	P40958	0	Negative Genetic;Synthetic Growth Defect
P09734	P40957	0	Negative Genetic;Synthetic Growth Defect;Synthetic Lethality
P09734	P40013	0	Negative Genetic;Synthetic Lethality
P09734	P40005	0	Negative Genetic;Synthetic Lethality
P09734	P39937	0	Negative Genetic;Synthetic Lethality
P09734	P39110	0	Synthetic Growth Defect
P09734	P38696	0	Negative Genetic;Synthetic Growth Defect
P09734	P36224	0	Negative Genetic;Synthetic Growth Defect;Synthetic Lethality
P09734	P36102	0	Negative Genetic
P09734	P33420	0	Negative Genetic;Synthetic Growth Defect
P09734	P17119	0	Negative Genetic;Synthetic Rescue
P09734	P11709	0	Negative Genetic;Synthetic Lethality
P09733	P60010	0	Synthetic Haploinsufficiency
P09733	P53904	0	Synthetic Lethality
P09733	P53086	0	Phenotypic Suppression
P09733	P48606	0	Dosage Lethality;Dosage Rescue;Negative Genetic;Synthetic Lethality
P09733	P40013	0	Phenotypic Enhancement;Synthetic Lethality
P09733	P39937	0	Dosage Lethality;Synthetic Lethality
P09733	P38696	0	Negative Genetic
P09733	P11709	0	Negative Genetic;Synthetic Lethality
P09733	P09734	0	Dosage Rescue;Synthetic Lethality
P09624	P53598	0	Negative Genetic
P09624	P53312	0	Negative Genetic
P09624	P47051	0	Positive Genetic
P09624	P40464	0	Negative Genetic
P09624	P39708	0	Negative Genetic
P09624	P37291	0	Negative Genetic
P09624	P28834	0	Phenotypic Suppression
P09624	P26263	0	Negative Genetic
P09624	P21801	0	Positive Genetic
P09624	P17505	0	Positive Genetic
P09624	P16467	0	Negative Genetic
P09620	P48439	0	Negative Genetic
P09615	Q9XYF4	0	Phenotypic Suppression
P09615	Q9VVX3	0	Phenotypic Enhancement;Phenotypic Suppression
P09615	Q95ST2	0	Phenotypic Suppression
P09615	Q24114	0	Phenotypic Enhancement;Phenotypic Suppression
P09615	Q02936	0	Phenotypic Suppression
P09615	P18824	0	Phenotypic Suppression
P09615	P18537	0	Phenotypic Suppression
P09615	P18502	0	Phenotypic Suppression
P09615	P18431	0	Phenotypic Enhancement;Phenotypic Suppression
P09615	P16371	0	Phenotypic Enhancement
P09557	P77173	0	Negative Genetic
P09557	P0A9A6	0	Negative Genetic
P09491	P19351	0	Phenotypic Suppression
P09457	Q12233	0	Positive Genetic
P09457	Q01519	0	Negative Genetic
P09457	P81450	0	Positive Genetic
P09457	P53937	0	Positive Genetic
P09457	P30902	0	Positive Genetic
P09457	P22289	0	Negative Genetic
P09457	P21306	0	Positive Genetic
P09457	P18496	0	Positive Genetic
P09457	P17505	0	Negative Genetic
P09457	P16140	0	Negative Genetic
P09457	P0CX84	0	Negative Genetic
P09440	P37291	0	Synthetic Growth Defect
P09435	P25491	0	Synthetic Lethality
P09435	P22202	0	Dosage Rescue;Phenotypic Enhancement;Synthetic Growth Defect
P09435	P15705	0	Synthetic Lethality
P09435	P10592	0	Dosage Rescue;Phenotypic Enhancement
P09435	P10591	0	Dosage Rescue;Phenotypic Enhancement
P09394	P13035	0	Negative Genetic
P09394	P0AER0	0	Positive Genetic
P09394	P0A6F3	0	Negative Genetic
P09378	P0ACI0	0	Positive Genetic
P09378	P0ACH5	0	Negative Genetic
P09377	P0ACI0	0	Positive Genetic
P09377	P0ACH5	0	Positive Genetic
P09377	P0A9E0	0	Negative Genetic
P09372	P63284	0	Phenotypic Enhancement
P09372	P0C0R7	0	Positive Genetic
P09372	P0A6Y8	0	Positive Genetic
P09372	P0A6G7	0	Positive Genetic
P09372	P0A6F5	0	Positive Genetic
P09368	P32264	0	Phenotypic Enhancement;Phenotypic Suppression
P09368	P32263	0	Synthetic Growth Defect
P09348	P76010	0	Positive Genetic
P09348	P75942	0	Positive Genetic
P09348	P75933	0	Positive Genetic
P09348	P33135	0	Negative Genetic
P09348	P15070	0	Negative Genetic
P09348	P0ABX8	0	Negative Genetic
P09238	P24347	0	Negative Genetic
P09237	P09238	0	Negative Genetic
P09201	P16861	0	Positive Genetic
P09169	P61320	0	Positive Genetic
P09169	P0CE48	0	Positive Genetic
P09169	P0AEP3	0	Negative Genetic
P09169	P0AC02	0	Negative Genetic
P09169	P0A917	0	Negative Genetic
P09169	P0A910	0	Negative Genetic;Positive Genetic
P09169	P0A6T3	0	Positive Genetic
P09158	P0AF12	0	Negative Genetic
P09158	P0AES0	0	Positive Genetic
P09155	P0ADZ0	0	Positive Genetic
P09155	P0A7W1	0	Positive Genetic
P09152	P19317	0	Negative Genetic
P09148	P0AEP3	0	Positive Genetic
P09147	P37747	0	Negative Genetic
P09132	P20290	0	Positive Genetic
P09032	Q00582	0	Negative Genetic
P09032	P32502	0	Negative Genetic
P09032	P32481	0	Dosage Rescue;Negative Genetic
P09032	P20459	0	Dosage Rescue;Negative Genetic
P09032	P16664	0	Negative Genetic
P09032	P14741	0	Negative Genetic;Phenotypic Enhancement;Phenotypic Suppression;Synthetic Rescue
P09030	P0A7G6	0	Negative Genetic
P09030	P0A6X3	0	Negative Genetic
P08957	P28638	0	Positive Genetic
P08928	Q03427	0	Phenotypic Suppression
P08879	P48596	0	Phenotypic Enhancement
P08879	P27619	0	Phenotypic Enhancement
P08865	Q99460	0	Positive Genetic
P08839	P0A6A3	0	Negative Genetic
P08679	Q01574	0	Synthetic Rescue
P08679	P80235	0	Synthetic Growth Defect
P08679	P43635	0	Phenotypic Enhancement;Synthetic Lethality
P08679	P40017	0	Synthetic Growth Defect
P08679	P32796	0	Synthetic Growth Defect
P08679	P32608	0	Dosage Rescue
P08679	P32473	0	Negative Genetic
P08679	P32419	0	Phenotypic Enhancement
P08679	P32327	0	Positive Genetic
P08679	P32316	0	Synthetic Growth Defect
P08679	P28834	0	Dosage Growth Defect;Positive Genetic
P08679	P28241	0	Positive Genetic
P08679	P19414	0	Negative Genetic
P08679	P17505	0	Synthetic Lethality
P08679	P16451	0	Negative Genetic
P08679	P16387	0	Negative Genetic;Synthetic Growth Defect
P08679	P12695	0	Negative Genetic
P08646	Q9V9J3	0	Phenotypic Enhancement;Phenotypic Suppression
P08646	Q8ML92	0	Phenotypic Suppression
P08646	Q24324	0	Phenotypic Suppression
P08646	Q09147	0	Phenotypic Suppression
P08646	Q08012	0	Phenotypic Suppression
P08646	Q07407	0	Phenotypic Suppression
P08646	P92208	0	Phenotypic Suppression
P08646	P92177	0	Phenotypic Suppression
P08646	P48423	0	Phenotypic Enhancement;Phenotypic Suppression
P08646	P40417	0	Phenotypic Enhancement;Phenotypic Suppression
P08646	P23696	0	Phenotypic Enhancement
P08646	P09615	0	Phenotypic Enhancement;Phenotypic Suppression
P08631	P12931	0	Negative Genetic
P08630	Q9V785	0	Phenotypic Suppression
P08622	P25522	0	Positive Genetic
P08622	P0AGB3	0	Negative Genetic
P08622	P0ABH9	0	Negative Genetic
P08622	P0A850	0	Negative Genetic
P08622	P0A6Y8	0	Positive Genetic
P08622	P0A6F9	0	Negative Genetic
P08622	P0A6F5	0	Negative Genetic
P08622	P09372	0	Positive Genetic
P08581	P60484	0	Positive Genetic
P08579	P09012	0	Negative Genetic
P08539	P18851	0	Dosage Growth Defect;Synthetic Growth Defect;Synthetic Rescue
P08539	P16892	0	Phenotypic Enhancement;Phenotypic Suppression;Synthetic Rescue
P08539	P11972	0	Dosage Rescue;Phenotypic Suppression
P08539	P10823	0	Synthetic Lethality
P08536	P16550	0	Synthetic Lethality
P08525	Q01519	0	Positive Genetic
P08525	P30902	0	Negative Genetic
P08525	P11914	0	Negative Genetic
P08525	P10174	0	Positive Genetic
P08525	P09457	0	Negative Genetic
P08524	Q12051	0	Dosage Rescue;Negative Genetic;Phenotypic Enhancement
P08524	P32353	0	Positive Genetic
P08524	P18900	0	Phenotypic Enhancement
P08524	P12683	0	Phenotypic Enhancement
P08518	Q12030	0	Positive Genetic
P08518	Q08726	0	Synthetic Lethality
P08518	Q06697	0	Synthetic Lethality
P08518	Q06543	0	Negative Genetic;Synthetic Lethality
P08518	Q06505	0	Positive Genetic
P08518	Q04673	0	Negative Genetic
P08518	Q02939	0	Negative Genetic
P08518	P53617	0	Synthetic Growth Defect
P08518	P53538	0	Negative Genetic;Synthetic Rescue
P08518	P53064	0	Negative Genetic;Synthetic Growth Defect
P08518	P41805	0	Positive Genetic
P08518	P40422	0	Dosage Lethality
P08518	P39985	0	Positive Genetic
P08518	P39516	0	Negative Genetic
P08518	P38633	0	Synthetic Lethality
P08518	P36012	0	Negative Genetic
P08518	P33308	0	Negative Genetic
P08518	P32611	0	Negative Genetic
P08518	P29055	0	Synthetic Growth Defect;Synthetic Lethality;Synthetic Rescue
P08518	P28000	0	Negative Genetic
P08518	P27999	0	Synthetic Lethality
P08518	P25626	0	Negative Genetic
P08518	P22696	0	Negative Genetic
P08518	P20434	0	Negative Genetic
P08518	P0CX45	0	Negative Genetic
P08510	P31007	0	Phenotypic Enhancement
P08506	P46022	0	Negative Genetic
P08506	P0AD70	0	Positive Genetic
P08506	P0AD65	0	Negative Genetic
P08506	P0ABG7	0	Negative Genetic
P08468	P32522	0	Phenotypic Suppression
P08468	P10834	0	Phenotypic Enhancement;Phenotypic Suppression
P08466	P52923	0	Phenotypic Enhancement
P08456	P42838	0	Dosage Rescue;Phenotypic Suppression;Synthetic Rescue
P08456	P35200	0	Dosage Rescue;Phenotypic Suppression
P08456	P25578	0	Synthetic Lethality
P08456	P19807	0	Synthetic Lethality
P08432	Q12455	0	Positive Genetic;Synthetic Rescue
P08432	Q12074	0	Positive Genetic
P08432	P52893	0	Positive Genetic
P08432	P38791	0	Negative Genetic
P08432	P21182	0	Phenotypic Enhancement;Phenotypic Suppression;Positive Genetic
P08431	P32861	0	Synthetic Lethality
P08431	P13181	0	Negative Genetic;Synthetic Growth Defect
P08431	P13045	0	Negative Genetic;Phenotypic Enhancement
P08417	Q08911	0	Positive Genetic
P08417	Q00711	0	Positive Genetic
P08417	P53598	0	Positive Genetic
P08417	P37298	0	Positive Genetic
P08417	P36013	0	Negative Genetic
P08417	P33421	0	Positive Genetic
P08417	P32614	0	Synthetic Lethality
P08417	P32327	0	Synthetic Lethality
P08417	P32316	0	Positive Genetic
P08417	P28240	0	Positive Genetic
P08417	P21954	0	Negative Genetic
P08417	P21801	0	Positive Genetic
P08417	P19414	0	Positive Genetic
P08417	P19262	0	Positive Genetic
P08417	P16861	0	Negative Genetic
P08417	P11154	0	Synthetic Lethality
P08417	P09624	0	Positive Genetic
P08394	P24230	0	Negative Genetic
P08394	P21893	0	Negative Genetic
P08394	P15043	0	Negative Genetic
P08394	P0A814	0	Negative Genetic
P08394	P0A7H6	0	Negative Genetic;Positive Genetic
P08394	P0A7H3	0	Positive Genetic
P08394	P0A7H0	0	Negative Genetic
P08394	P0A7C2	0	Negative Genetic
P08373	P37773	0	Positive Genetic
P08373	P31120	0	Negative Genetic
P08373	P14900	0	Positive Genetic
P08373	P0ABG7	0	Positive Genetic
P08373	P0ABG4	0	Positive Genetic
P08373	P0A749	0	Positive Genetic
P08373	P0A6W3	0	Positive Genetic
P08373	P0A6J8	0	Positive Genetic
P08365	Q47156	0	Negative Genetic
P08365	Q46865	0	Negative Genetic
P08337	P0AB83	0	Positive Genetic
P08312	P0A7Z4	0	Positive Genetic
P08312	P0A707	0	Positive Genetic
P08254	P14780	0	Negative Genetic
P08254	P09237	0	Negative Genetic
P08253	P50281	0	Negative Genetic
P08253	P14780	0	Negative Genetic
P08253	P09238	0	Negative Genetic
P08253	P09237	0	Negative Genetic
P08245	P60723	0	Negative Genetic
P08245	P0A7W1	0	Positive Genetic
P08245	P0A7V0	0	Negative Genetic
P08226	Q00623	0	Phenotypic Enhancement
P08194	P45568	0	Positive Genetic
P08194	P0A749	0	Positive Genetic
P08194	P08839	0	Negative Genetic
P08192	P0AFS3	0	Positive Genetic
P08192	P0ABQ4	0	Positive Genetic
P08192	P0A6T5	0	Positive Genetic
P08181	P13098	0	Phenotypic Enhancement;Phenotypic Suppression
P08181	P08182	0	Phenotypic Enhancement
P08111	P08646	0	Phenotypic Enhancement
P08069	P60484	0	Negative Genetic
P08067	Q08749	0	Negative Genetic
P08067	Q03429	0	Dosage Rescue;Phenotypic Suppression
P08067	Q02776	0	Positive Genetic
P08067	Q00711	0	Positive Genetic
P08067	P33421	0	Synthetic Lethality
P08067	P32614	0	Synthetic Lethality
P08019	P53732	0	Negative Genetic
P07991	P54885	0	Synthetic Lethality
P07991	P32264	0	Synthetic Lethality
P07948	P12931	0	Negative Genetic
P07948	P08631	0	Negative Genetic
P07947	P12931	0	Negative Genetic
P07947	P09769	0	Negative Genetic
P07900	P60484	0	Positive Genetic
P07884	Q12009	0	Synthetic Growth Defect
P07884	Q08647	0	Phenotypic Enhancement
P07884	P31115	0	Phenotypic Enhancement
P07884	P15565	0	Phenotypic Enhancement;Synthetic Growth Defect
P07862	P0A749	0	Negative Genetic
P07862	P0A6J8	0	Negative Genetic
P07834	Q12157	0	Positive Genetic
P07834	Q12018	0	Dosage Rescue;Negative Genetic;Synthetic Lethality
P07834	Q03919	0	Negative Genetic
P07834	P53068	0	Negative Genetic;Synthetic Rescue
P07834	P52286	0	Dosage Rescue
P07834	P39014	0	Dosage Lethality
P07834	P38042	0	Positive Genetic;Synthetic Rescue
P07834	P30283	0	Dosage Rescue
P07834	P24814	0	Synthetic Growth Defect
P07834	P16522	0	Synthetic Rescue
P07834	P14682	0	Negative Genetic;Synthetic Lethality
P07822	P33941	0	Negative Genetic
P07822	P23878	0	Positive Genetic
P07822	P23877	0	Positive Genetic
P07822	P23876	0	Positive Genetic
P07822	P15030	0	Negative Genetic
P07822	P15028	0	Negative Genetic
P07822	P0AEL6	0	Positive Genetic
P07822	P0ABV2	0	Positive Genetic
P07822	P0ABU7	0	Positive Genetic
P07821	P75957	0	Negative Genetic
P07821	P31134	0	Negative Genetic
P07821	P23886	0	Negative Genetic
P07821	P23877	0	Positive Genetic
P07821	P23876	0	Positive Genetic
P07821	P15030	0	Negative Genetic
P07821	P15028	0	Positive Genetic
P07821	P10907	0	Positive Genetic
P07821	P10906	0	Negative Genetic
P07821	P10905	0	Positive Genetic
P07821	P0AF98	0	Positive Genetic
P07821	P0ABU7	0	Negative Genetic;Positive Genetic
P07807	P38009	0	Negative Genetic
P07807	P37291	0	Negative Genetic
P07738	P18669	0	Negative Genetic
P07703	Q3E757	0	Positive Genetic
P07703	P28000	0	Dosage Rescue
P07703	P22139	0	Dosage Rescue
P07703	P0CX47	0	Positive Genetic
P07702	P32487	0	Synthetic Lethality;Synthetic Rescue
P07649	P0A7Z4	0	Negative Genetic
P07648	P24230	0	Positive Genetic
P07648	P21893	0	Negative Genetic
P07648	P15032	0	Positive Genetic
P07648	P0A7H3	0	Positive Genetic
P07604	P0A881	0	Positive Genetic
P07560	Q12038	0	Dosage Rescue;Negative Genetic;Phenotypic Suppression;Synthetic Growth Defect
P07560	Q00618	0	Negative Genetic
P07560	Q00245	0	Dosage Rescue;Negative Genetic;Synthetic Lethality
P07560	P60010	0	Synthetic Haploinsufficiency
P07560	P39958	0	Negative Genetic;Synthetic Lethality
P07560	P39926	0	Negative Genetic
P07560	P38555	0	Negative Genetic
P07560	P35844	0	Dosage Growth Defect;Negative Genetic
P07560	P33328	0	Negative Genetic
P07560	P32867	0	Negative Genetic
P07560	P32864	0	Negative Genetic;Synthetic Growth Defect
P07560	P32844	0	Dosage Rescue;Negative Genetic;Synthetic Lethality
P07560	P32601	0	Dosage Rescue;Negative Genetic;Synthetic Lethality;Synthetic Rescue
P07560	P32364	0	Dosage Rescue;Negative Genetic;Synthetic Lethality
P07560	P30619	0	Dosage Lethality;Negative Genetic;Synthetic Lethality
P07560	P20133	0	Negative Genetic;Synthetic Lethality
P07560	P19658	0	Dosage Rescue;Negative Genetic;Synthetic Lethality
P07560	P19073	0	Dosage Rescue;Synthetic Lethality
P07560	P17536	0	Negative Genetic;Phenotypic Suppression
P07560	P11433	0	Negative Genetic
P07437	P83881	0	Negative Genetic
P07437	P68371	0	Negative Genetic
P07437	P62888	0	Positive Genetic
P07395	P0A8N3	0	Negative Genetic
P07384	P17655	0	Negative Genetic
P07364	P75933	0	Negative Genetic
P07364	P15070	0	Negative Genetic
P07364	P0AGB6	0	Negative Genetic
P07364	P0AEC3	0	Positive Genetic
P07364	P0AC05	0	Negative Genetic
P07364	P0ABX8	0	Negative Genetic
P07363	P15070	0	Positive Genetic
P07363	P0AC05	0	Negative Genetic
P07363	P0ABX8	0	Negative Genetic
P07347	Q12387	0	Synthetic Growth Defect
P07347	P21691	0	Dosage Rescue
P07342	P54115	0	Phenotypic Enhancement
P07342	P47176	0	Phenotypic Enhancement;Synthetic Lethality
P07342	P38891	0	Phenotypic Enhancement
P07342	P25605	0	Phenotypic Suppression
P07330	P15070	0	Negative Genetic
P07330	P0AC05	0	Negative Genetic
P07286	Q12001	0	Negative Genetic
P07286	P38242	0	Dosage Rescue
P07285	P31116	0	Negative Genetic
P07283	P43636	0	Negative Genetic
P07283	P16661	0	Negative Genetic;Synthetic Rescue
P07283	P14020	0	Negative Genetic
P07281	Q3E757	0	Positive Genetic
P07281	Q08745	0	Positive Genetic
P07281	Q04599	0	Negative Genetic
P07281	P46784	0	Positive Genetic
P07281	P46654	0	Positive Genetic
P07281	P38011	0	Negative Genetic
P07281	P33309	0	Negative Genetic;Synthetic Growth Defect
P07281	P32769	0	Negative Genetic
P07281	P25038	0	Positive Genetic
P07281	P0CX51	0	Positive Genetic
P07281	P0CX47	0	Positive Genetic
P07281	P0CX37	0	Positive Genetic
P07281	P0CX35	0	Positive Genetic
P07281	P0CX33	0	Positive Genetic
P07281	P0C0W9	0	Positive Genetic
P07281	P0C0V8	0	Positive Genetic
P07280	Q3E757	0	Positive Genetic
P07280	Q08745	0	Positive Genetic
P07280	P47047	0	Negative Genetic
P07280	P46948	0	Negative Genetic
P07280	P46784	0	Positive Genetic
P07280	P38882	0	Negative Genetic
P07280	P38801	0	Negative Genetic
P07280	P36048	0	Negative Genetic
P07280	P33309	0	Negative Genetic
P07280	P32769	0	Negative Genetic
P07280	P0CX51	0	Positive Genetic
P07280	P0CX47	0	Positive Genetic
P07280	P07281	0	Synthetic Lethality
P07278	Q08886	0	Phenotypic Suppression
P07277	Q12452	0	Negative Genetic
P07277	Q12051	0	Negative Genetic
P07277	P53199	0	Positive Genetic
P07275	P09368	0	Phenotypic Suppression
P07274	Q03048	0	Positive Genetic
P07274	P60010	0	Negative Genetic;Phenotypic Enhancement;Phenotypic Suppression;Synthetic Haploinsufficiency;Synthetic Lethality;Synthetic Rescue
P07274	P53250	0	Negative Genetic;Synthetic Growth Defect
P07274	P46680	0	Negative Genetic
P07274	P40994	0	Dosage Rescue;Phenotypic Enhancement
P07274	P38696	0	Negative Genetic;Synthetic Growth Defect
P07274	P32599	0	Negative Genetic;Synthetic Growth Defect
P07274	P32381	0	Synthetic Lethality
P07274	P32364	0	Dosage Rescue;Negative Genetic
P07274	P19073	0	Negative Genetic
P07274	P17555	0	Dosage Rescue;Negative Genetic;Phenotypic Suppression;Synthetic Lethality;Synthetic Rescue
P07274	P17536	0	Positive Genetic
P07274	P13517	0	Negative Genetic
P07273	Q12692	0	Negative Genetic;Phenotypic Enhancement;Synthetic Growth Defect
P07273	Q12004	0	Negative Genetic
P07273	Q08278	0	Negative Genetic;Synthetic Growth Defect
P07273	Q07457	0	Negative Genetic;Synthetic Lethality
P07273	Q06697	0	Negative Genetic;Synthetic Growth Defect;Synthetic Lethality
P07273	Q06505	0	Negative Genetic;Synthetic Growth Defect
P07273	Q05949	0	Synthetic Growth Defect;Synthetic Lethality
P07273	Q04673	0	Negative Genetic
P07273	Q03957	0	Negative Genetic;Synthetic Lethality
P07273	Q03254	0	Negative Genetic;Positive Genetic;Synthetic Lethality
P07273	P61830	0	Synthetic Growth Defect;Synthetic Rescue
P07273	P53064	0	Synthetic Growth Defect;Synthetic Lethality
P07273	P46962	0	Negative Genetic;Synthetic Growth Defect
P07273	P46669	0	Positive Genetic
P07273	P39073	0	Positive Genetic
P07273	P38902	0	Negative Genetic
P07273	P38633	0	Negative Genetic;Phenotypic Enhancement;Synthetic Growth Defect;Synthetic Lethality
P07273	P38351	0	Negative Genetic;Synthetic Lethality
P07273	P32914	0	Phenotypic Enhancement;Synthetic Growth Defect;Synthetic Lethality
P07273	P32776	0	Negative Genetic
P07273	P29055	0	Negative Genetic
P07273	P27999	0	Dosage Rescue;Phenotypic Enhancement;Synthetic Growth Defect;Synthetic Lethality;Synthetic Rescue
P07273	P22139	0	Negative Genetic
P07273	P20434	0	Negative Genetic;Synthetic Growth Defect
P07273	P20433	0	Synthetic Lethality;Synthetic Rescue
P07273	P16370	0	Negative Genetic
P07273	P13393	0	Synthetic Lethality
P07273	P08518	0	Phenotypic Enhancement;Synthetic Growth Defect;Synthetic Lethality
P07267	Q08109	0	Phenotypic Enhancement
P07267	P32571	0	Phenotypic Enhancement;Phenotypic Suppression;Synthetic Rescue
P07267	P25641	0	Phenotypic Suppression
P07267	P16474	0	Phenotypic Enhancement
P07267	P11491	0	Phenotypic Enhancement
P07267	P09232	0	Negative Genetic;Synthetic Growth Defect;Synthetic Rescue
P07266	Q9ZZW7	0	Synthetic Rescue
P07266	P32580	0	Dosage Rescue;Phenotypic Suppression
P07264	P39522	0	Positive Genetic
P07264	P28241	0	Positive Genetic
P07264	P19414	0	Negative Genetic
P07264	P13663	0	Negative Genetic
P07263	P53215	0	Dosage Rescue
P07263	P43535	0	Negative Genetic
P07263	P38705	0	Negative Genetic
P07262	Q04728	0	Positive Genetic
P07262	P39708	0	Phenotypic Enhancement;Phenotypic Suppression;Synthetic Growth Defect;Synthetic Lethality
P07262	P33327	0	Dosage Rescue;Synthetic Growth Defect
P07262	P21954	0	Phenotypic Enhancement
P07260	P53235	0	Synthetic Growth Defect
P07260	P39517	0	Synthetic Growth Defect
P07260	P34160	0	Synthetic Growth Defect;Synthetic Lethality
P07260	P10081	0	Synthetic Lethality
P07257	Q08749	0	Negative Genetic
P07257	P47052	0	Negative Genetic
P07257	P37298	0	Positive Genetic
P07256	Q01519	0	Positive Genetic
P07255	P87284	0	Negative Genetic
P07255	P81450	0	Negative Genetic
P07255	P22289	0	Positive Genetic
P07255	P08525	0	Positive Genetic
P07251	Q02608	0	Synthetic Rescue
P07251	P81450	0	Positive Genetic
P07251	P53937	0	Synthetic Rescue
P07251	P53881	0	Synthetic Rescue
P07251	P53312	0	Synthetic Lethality
P07251	P33421	0	Positive Genetic;Synthetic Lethality
P07251	P32795	0	Dosage Rescue;Negative Genetic;Phenotypic Suppression;Synthetic Rescue
P07251	P31334	0	Synthetic Rescue
P07251	P30902	0	Positive Genetic
P07251	P22353	0	Synthetic Rescue
P07251	P20967	0	Synthetic Lethality
P07251	P16387	0	Negative Genetic
P07251	P09457	0	Positive Genetic
P07251	P08417	0	Synthetic Lethality
P07250	Q06667	0	Phenotypic Enhancement;Synthetic Growth Defect
P07250	P32383	0	Phenotypic Enhancement;Phenotypic Suppression
P07246	P54115	0	Negative Genetic
P07246	P40047	0	Negative Genetic
P07246	P38113	0	Phenotypic Enhancement
P07246	P32771	0	Phenotypic Enhancement
P07246	P10127	0	Phenotypic Enhancement
P07245	P40099	0	Phenotypic Enhancement;Synthetic Growth Defect
P07245	P37292	0	Synthetic Lethality
P07245	P37291	0	Dosage Rescue;Synthetic Lethality
P07244	P80210	0	Positive Genetic;Synthetic Growth Defect
P07244	P27616	0	Positive Genetic
P07244	P21264	0	Phenotypic Suppression
P07244	P17064	0	Negative Genetic
P07237	P30101	0	Negative Genetic
P07213	Q92328	0	Negative Genetic;Phenotypic Enhancement
P07213	Q12328	0	Positive Genetic
P07213	Q08749	0	Negative Genetic
P07213	Q07914	0	Negative Genetic
P07213	Q02776	0	Negative Genetic
P07213	P57744	0	Negative Genetic;Synthetic Growth Defect
P07213	P53299	0	Negative Genetic;Synthetic Growth Defect
P07213	P50110	0	Negative Genetic;Synthetic Growth Defect;Synthetic Lethality
P07213	P49334	0	Dosage Rescue
P07213	P43594	0	Negative Genetic
P07213	P42949	0	Synthetic Growth Defect
P07213	P41800	0	Negative Genetic
P07213	P40564	0	Negative Genetic;Synthetic Growth Defect
P07213	P39952	0	Negative Genetic
P07213	P39722	0	Negative Genetic;Synthetic Growth Defect
P07213	P38825	0	Negative Genetic;Phenotypic Enhancement;Synthetic Growth Defect
P07213	P38297	0	Negative Genetic
P07213	P36147	0	Negative Genetic
P07213	P35180	0	Dosage Rescue;Negative Genetic;Synthetic Lethality
P07213	P33448	0	Negative Genetic
P07213	P32897	0	Phenotypic Enhancement
P07213	P23641	0	Negative Genetic
P07213	P18409	0	Negative Genetic
P07143	Q12328	0	Negative Genetic
P07143	Q04304	0	Negative Genetic
P07143	Q00873	0	Positive Genetic;Synthetic Rescue
P07143	P47052	0	Negative Genetic
P07143	P39952	0	Synthetic Rescue
P07143	P38960	0	Negative Genetic
P07143	P32191	0	Phenotypic Suppression
P07143	P30902	0	Negative Genetic
P07143	P26370	0	Negative Genetic
P07143	P22289	0	Positive Genetic;Synthetic Growth Defect
P07143	P18239	0	Synthetic Lethality
P07143	P17505	0	Phenotypic Suppression
P07143	P09457	0	Negative Genetic
P07143	P08067	0	Positive Genetic
P07143	P07255	0	Negative Genetic
P07017	P15070	0	Negative Genetic
P07012	P60785	0	Positive Genetic
P07012	P60723	0	Negative Genetic
P07012	P33643	0	Positive Genetic
P07012	P0ADZ0	0	Negative Genetic
P07012	P0A7W1	0	Negative Genetic
P07012	P0A7U7	0	Negative Genetic
P07012	P0A7Q1	0	Negative Genetic
P07012	P0A7N4	0	Negative Genetic
P07012	P0A7M9	0	Positive Genetic
P07012	P0A7L0	0	Positive Genetic
P07012	P0A7I0	0	Positive Genetic
P07012	P0A6M8	0	Negative Genetic
P06996	P76045	0	Positive Genetic
P06996	P69856	0	Negative Genetic
P06996	P61316	0	Positive Genetic
P06996	P39285	0	Positive Genetic
P06996	P23830	0	Negative Genetic
P06996	P10384	0	Negative Genetic
P06996	P0C0V0	0	Positive Genetic
P06996	P0AFS9	0	Negative Genetic
P06996	P0AE88	0	Negative Genetic
P06996	P0ADW3	0	Negative Genetic
P06996	P0A940	0	Positive Genetic
P06996	P0A910	0	Negative Genetic
P06992	P39286	0	Negative Genetic
P06992	P0C0R7	0	Negative Genetic
P06972	P60752	0	Negative Genetic
P06972	P23878	0	Negative Genetic
P06972	P23876	0	Negative Genetic
P06971	P0AEL6	0	Positive Genetic
P06968	P0A988	0	Positive Genetic
P06968	P0A884	0	Negative Genetic
P06846	P18811	0	Positive Genetic
P06844	Q05027	0	Negative Genetic;Synthetic Lethality
P06844	Q03330	0	Negative Genetic;Phenotypic Enhancement;Synthetic Growth Defect;Synthetic Rescue
P06844	Q03067	0	Negative Genetic
P06844	Q02336	0	Synthetic Growth Defect
P06844	P53040	0	Negative Genetic
P06844	P50102	0	Negative Genetic;Phenotypic Enhancement
P06844	P38915	0	Positive Genetic;Synthetic Rescue
P06844	P38262	0	Negative Genetic;Synthetic Lethality
P06844	P38129	0	Negative Genetic
P06844	P13393	0	Phenotypic Enhancement;Phenotypic Suppression;Synthetic Growth Defect;Synthetic Rescue
P06839	Q04673	0	Synthetic Rescue
P06839	Q00578	0	Synthetic Lethality
P06839	P61830	0	Negative Genetic
P06839	P40469	0	Negative Genetic;Phenotypic Suppression
P06839	P32829	0	Synthetic Lethality
P06839	P32641	0	Phenotypic Enhancement
P06839	P26793	0	Synthetic Growth Defect
P06839	P25847	0	Phenotypic Enhancement
P06839	P25491	0	Negative Genetic;Phenotypic Suppression;Synthetic Growth Defect;Synthetic Rescue
P06839	P25454	0	Synthetic Lethality
P06839	P15436	0	Synthetic Growth Defect
P06839	P07273	0	Negative Genetic
P06838	Q04437	0	Phenotypic Enhancement
P06838	Q04149	0	Phenotypic Enhancement
P06838	P38207	0	Synthetic Growth Defect;Synthetic Lethality
P06838	P33331	0	Negative Genetic
P06838	P32829	0	Phenotypic Enhancement;Positive Genetic
P06838	P32807	0	Phenotypic Enhancement
P06838	P26793	0	Phenotypic Enhancement;Synthetic Growth Defect
P06838	P25847	0	Phenotypic Enhancement;Synthetic Growth Defect
P06838	P22936	0	Negative Genetic;Synthetic Growth Defect;Synthetic Lethality
P06838	P22336	0	Phenotypic Enhancement
P06787	Q04439	0	Dosage Rescue;Negative Genetic
P06787	P60010	0	Negative Genetic
P06787	P53731	0	Dosage Rescue;Negative Genetic
P06787	P46943	0	Negative Genetic
P06787	P32380	0	Dosage Rescue;Negative Genetic;Synthetic Rescue
P06787	P26448	0	Negative Genetic
P06787	P26370	0	Negative Genetic
P06787	P19073	0	Negative Genetic
P06787	P17536	0	Negative Genetic
P06787	P15108	0	Negative Genetic
P06787	P08518	0	Negative Genetic
P06785	Q08032	0	Negative Genetic
P06785	P49723	0	Negative Genetic
P06785	P49095	0	Negative Genetic
P06785	P48015	0	Negative Genetic
P06785	P26793	0	Negative Genetic
P06785	P15873	0	Dosage Rescue;Synthetic Growth Defect
P06785	P12887	0	Negative Genetic;Synthetic Rescue
P06783	P46993	0	Phenotypic Enhancement
P06783	P18851	0	Dosage Rescue
P06783	P08539	0	Dosage Rescue
P06782	Q03330	0	Phenotypic Suppression;Synthetic Growth Defect
P06782	P47821	0	Positive Genetic;Synthetic Rescue
P06782	P39073	0	Positive Genetic;Synthetic Rescue
P06782	P35182	0	Negative Genetic;Positive Genetic
P06782	P32561	0	Negative Genetic;Phenotypic Enhancement;Synthetic Rescue
P06782	P32485	0	Phenotypic Enhancement;Synthetic Rescue
P06782	P32466	0	Dosage Rescue
P06782	P32465	0	Dosage Rescue;Negative Genetic
P06782	P23585	0	Dosage Rescue
P06782	P20604	0	Phenotypic Suppression;Positive Genetic;Synthetic Growth Defect;Synthetic Rescue
P06782	P18961	0	Negative Genetic
P06782	P17157	0	Synthetic Lethality;Synthetic Rescue
P06782	P16649	0	Phenotypic Suppression;Synthetic Rescue
P06782	P13587	0	Dosage Rescue;Synthetic Rescue
P06782	P12904	0	Dosage Rescue;Phenotypic Enhancement;Phenotypic Suppression;Positive Genetic;Synthetic Rescue
P06782	P09959	0	Negative Genetic
P06782	P07278	0	Negative Genetic
P06781	P60010	0	Negative Genetic
P06781	P40850	0	Synthetic Growth Defect
P06781	P38339	0	Dosage Rescue
P06781	P24583	0	Negative Genetic;Phenotypic Suppression
P06781	P07274	0	Dosage Rescue;Phenotypic Enhancement
P06780	Q07533	0	Dosage Rescue
P06780	Q00772	0	Dosage Rescue
P06780	P60010	0	Positive Genetic
P06780	P53046	0	Dosage Rescue;Synthetic Rescue
P06780	P39011	0	Dosage Rescue
P06780	P38339	0	Dosage Rescue
P06780	P35688	0	Phenotypic Enhancement
P06780	P24583	0	Dosage Rescue;Negative Genetic;Phenotypic Suppression;Synthetic Rescue
P06780	P18898	0	Dosage Rescue;Negative Genetic;Phenotypic Suppression
P06780	P14180	0	Dosage Rescue
P06780	P11433	0	Synthetic Rescue
P06780	P07274	0	Negative Genetic
P06780	P06787	0	Negative Genetic
P06779	P40465	0	Synthetic Growth Defect
P06779	P32914	0	Phenotypic Suppression;Synthetic Growth Defect;Synthetic Rescue
P06779	P27999	0	Phenotypic Enhancement;Synthetic Growth Defect;Synthetic Lethality
P06777	Q12223	0	Phenotypic Enhancement;Phenotypic Suppression;Synthetic Growth Defect
P06777	Q08387	0	Negative Genetic;Phenotypic Enhancement
P06777	Q08214	0	Phenotypic Enhancement;Synthetic Growth Defect;Synthetic Lethality
P06777	Q04149	0	Phenotypic Enhancement;Synthetic Growth Defect;Synthetic Rescue
P06777	Q04049	0	Phenotypic Enhancement
P06777	Q03834	0	Phenotypic Enhancement
P06777	Q02574	0	Phenotypic Suppression;Synthetic Rescue
P06777	P53942	0	Phenotypic Suppression;Synthetic Rescue
P06777	P48581	0	Phenotypic Enhancement;Phenotypic Suppression;Synthetic Rescue
P06777	P40562	0	Phenotypic Suppression;Synthetic Growth Defect
P06777	P39735	0	Dosage Rescue
P06777	P38920	0	Phenotypic Enhancement
P06777	P38324	0	Phenotypic Enhancement
P06777	P38319	0	Phenotypic Enhancement;Synthetic Growth Defect;Synthetic Lethality
P06777	P38207	0	Synthetic Growth Defect;Synthetic Lethality
P06777	P32863	0	Phenotypic Enhancement
P06777	P32829	0	Phenotypic Enhancement;Positive Genetic
P06777	P32807	0	Phenotypic Enhancement
P06777	P32641	0	Synthetic Rescue
P06777	P31378	0	Phenotypic Enhancement;Synthetic Growth Defect;Synthetic Lethality
P06777	P26793	0	Phenotypic Enhancement;Synthetic Growth Defect;Synthetic Lethality
P06777	P25847	0	Phenotypic Enhancement
P06777	P25454	0	Phenotypic Enhancement;Phenotypic Suppression;Synthetic Growth Defect
P06777	P25336	0	Dosage Lethality;Phenotypic Enhancement
P06777	P22936	0	Negative Genetic;Phenotypic Enhancement;Synthetic Growth Defect;Synthetic Lethality
P06777	P22336	0	Phenotypic Enhancement;Synthetic Rescue
P06777	P22216	0	Synthetic Lethality
P06777	P15873	0	Negative Genetic;Positive Genetic;Synthetic Growth Defect
P06777	P14736	0	Positive Genetic
P06777	P13099	0	Negative Genetic;Phenotypic Enhancement;Synthetic Growth Defect
P06777	P06838	0	Dosage Rescue
P06776	Q08886	0	Synthetic Rescue
P06776	P22434	0	Negative Genetic;Phenotypic Enhancement;Synthetic Growth Defect
P06776	P15454	0	Negative Genetic
P06776	P10823	0	Dosage Rescue
P06776	P06782	0	Dosage Rescue;Negative Genetic;Synthetic Growth Defect
P06773	Q9URQ3	0	Negative Genetic
P06773	P33317	0	Synthetic Growth Defect
P06773	P06785	0	Negative Genetic
P06738	P33401	0	Negative Genetic
P06722	P23909	0	Positive Genetic
P06722	P21893	0	Positive Genetic
P06722	P0AEK0	0	Positive Genetic
P06722	P0A7G6	0	Negative Genetic
P06722	P08337	0	Positive Genetic
P06710	P28631	0	Positive Genetic
P06710	P0AG11	0	Positive Genetic
P06710	P0AES6	0	Positive Genetic
P06710	P0A7G6	0	Positive Genetic
P06709	P0AAI5	0	Negative Genetic
P06704	P32380	0	Dosage Rescue
P06700	Q08649	0	Dosage Rescue;Phenotypic Suppression;Synthetic Growth Defect;Synthetic Rescue
P06700	Q07794	0	Phenotypic Suppression;Synthetic Growth Defect
P06700	Q04437	0	Synthetic Growth Defect
P06700	Q03330	0	Synthetic Rescue
P06700	Q00684	0	Phenotypic Enhancement
P06700	P61830	0	Phenotypic Suppression
P06700	P53973	0	Synthetic Growth Defect
P06700	P53685	0	Dosage Rescue;Phenotypic Enhancement;Phenotypic Suppression;Synthetic Growth Defect
P06700	P53184	0	Phenotypic Suppression
P06700	P47156	0	Phenotypic Enhancement
P06700	P40963	0	Phenotypic Suppression;Synthetic Growth Defect;Synthetic Rescue
P06700	P39683	0	Dosage Rescue;Synthetic Lethality
P06700	P32807	0	Synthetic Growth Defect;Synthetic Rescue
P06700	P32561	0	Phenotypic Suppression;Synthetic Rescue
P06700	P32447	0	Phenotypic Enhancement;Phenotypic Suppression;Synthetic Growth Defect
P06700	P25651	0	Phenotypic Enhancement
P06700	P22216	0	Phenotypic Suppression;Synthetic Rescue
P06634	Q12315	0	Dosage Growth Defect;Negative Genetic;Phenotypic Suppression;Synthetic Rescue
P06634	Q08972	0	Positive Genetic
P06634	Q08920	0	Dosage Rescue;Negative Genetic
P06634	P53235	0	Negative Genetic;Positive Genetic
P06634	P47017	0	Negative Genetic;Synthetic Growth Defect
P06634	P43588	0	Negative Genetic
P06634	P39730	0	Positive Genetic
P06634	P39517	0	Negative Genetic;Synthetic Growth Defect;Synthetic Lethality
P06634	P38249	0	Negative Genetic
P06634	P36120	0	Negative Genetic
P06634	P34160	0	Dosage Rescue
P06634	P32605	0	Negative Genetic
P06634	P32588	0	Negative Genetic
P06634	P32497	0	Negative Genetic
P06634	P32481	0	Positive Genetic
P06634	P30902	0	Negative Genetic
P06634	P24784	0	Negative Genetic;Phenotypic Enhancement;Phenotypic Suppression;Synthetic Growth Defect
P06634	P16521	0	Positive Genetic
P06634	P10081	0	Dosage Rescue;Negative Genetic;Synthetic Lethality
P06634	P07260	0	Dosage Rescue;Synthetic Lethality
P06616	P25519	0	Negative Genetic;Positive Genetic
P06616	P10121	0	Positive Genetic
P06616	P08373	0	Positive Genetic
P06612	P24230	0	Positive Genetic
P06612	P0AES4	0	Positive Genetic
P06611	P15030	0	Negative Genetic
P06611	P15029	0	Negative Genetic
P06611	P07821	0	Negative Genetic
P06606	P20480	0	Phenotypic Enhancement;Phenotypic Suppression
P06606	P17210	0	Phenotypic Enhancement
P06493	P24941	0	Negative Genetic
P06400	Q16576	0	Negative Genetic
P06400	Q13309	0	Negative Genetic
P06400	P24385	0	Phenotypic Suppression
P06367	Q08972	0	Positive Genetic
P06367	Q07915	0	Positive Genetic
P06367	Q02642	0	Positive Genetic
P06367	P53893	0	Positive Genetic
P06367	P53131	0	Negative Genetic
P06367	P41805	0	Positive Genetic
P06367	P39516	0	Negative Genetic;Synthetic Lethality
P06367	P38912	0	Negative Genetic
P06367	P36048	0	Negative Genetic
P06367	P35691	0	Negative Genetic
P06367	P33309	0	Negative Genetic;Synthetic Growth Defect
P06367	P32769	0	Negative Genetic;Synthetic Growth Defect
P06367	P32481	0	Positive Genetic
P06367	P26321	0	Positive Genetic
P06367	P25808	0	Positive Genetic
P06367	P25586	0	Dosage Rescue
P06367	P25443	0	Positive Genetic
P06367	P0CX29	0	Positive Genetic
P06367	P0C0V8	0	Positive Genetic
P06367	P07281	0	Positive Genetic
P06282	P76091	0	Positive Genetic
P06282	P26647	0	Negative Genetic
P06245	P38147	0	Phenotypic Enhancement
P06245	P32356	0	Phenotypic Enhancement
P06245	P10823	0	Synthetic Rescue
P06245	P07278	0	Dosage Rescue;Synthetic Rescue
P06245	P06776	0	Dosage Growth Defect;Phenotypic Suppression
P06244	P32356	0	Phenotypic Enhancement
P06244	P29311	0	Dosage Rescue;Phenotypic Enhancement;Synthetic Growth Defect;Synthetic Rescue
P06244	P15108	0	Synthetic Growth Defect
P06244	P07278	0	Dosage Rescue
P06244	P06776	0	Dosage Growth Defect;Phenotypic Suppression
P06244	P06245	0	Negative Genetic;Phenotypic Enhancement;Phenotypic Suppression;Synthetic Growth Defect;Synthetic Lethality
P06243	Q08032	0	Negative Genetic
P06243	Q06675	0	Negative Genetic;Positive Genetic
P06243	Q02732	0	Positive Genetic;Synthetic Growth Defect
P06243	Q01454	0	Negative Genetic
P06243	P61830	0	Synthetic Rescue
P06243	P54791	0	Negative Genetic
P06243	P54790	0	Negative Genetic
P06243	P43605	0	Negative Genetic
P06243	P38991	0	Synthetic Growth Defect
P06243	P38147	0	Synthetic Growth Defect
P06243	P38132	0	Negative Genetic;Synthetic Growth Defect
P06243	P32943	0	Dosage Lethality
P06243	P30665	0	Synthetic Lethality
P06243	P30283	0	Dosage Lethality;Negative Genetic;Positive Genetic
P06243	P29496	0	Negative Genetic;Phenotypic Suppression;Synthetic Growth Defect;Synthetic Lethality;Synthetic Rescue
P06243	P29469	0	Negative Genetic;Synthetic Growth Defect;Synthetic Rescue
P06243	P29295	0	Phenotypic Enhancement;Phenotypic Suppression
P06243	P27636	0	Dosage Rescue
P06243	P24279	0	Negative Genetic;Synthetic Growth Defect
P06243	P22216	0	Negative Genetic;Phenotypic Enhancement;Synthetic Lethality
P06243	P07834	0	Positive Genetic
P06242	Q12030	0	Negative Genetic
P06242	Q12004	0	Negative Genetic
P06242	Q08278	0	Negative Genetic
P06242	Q06213	0	Negative Genetic
P06242	Q04673	0	Negative Genetic
P06242	Q04344	0	Dosage Lethality;Synthetic Growth Defect;Synthetic Lethality
P06242	Q04226	0	Negative Genetic
P06242	Q03290	0	Synthetic Lethality
P06242	Q02939	0	Negative Genetic
P06242	Q01159	0	Dosage Rescue;Negative Genetic;Synthetic Lethality
P06242	P53538	0	Negative Genetic;Synthetic Lethality
P06242	P46995	0	Negative Genetic
P06242	P46962	0	Negative Genetic
P06242	P43568	0	Negative Genetic;Synthetic Lethality
P06242	P38902	0	Negative Genetic
P06242	P37366	0	Dosage Rescue;Negative Genetic;Phenotypic Suppression;Synthetic Lethality
P06242	P32914	0	Synthetic Growth Defect
P06242	P32783	0	Dosage Rescue
P06242	P32776	0	Negative Genetic
P06242	P29055	0	Negative Genetic
P06242	P20436	0	Negative Genetic
P06242	P20433	0	Synthetic Lethality
P06242	P16370	0	Negative Genetic
P06242	P13393	0	Phenotypic Suppression
P06242	P11747	0	Negative Genetic
P06242	P06839	0	Synthetic Lethality
P06241	P43403	0	Phenotypic Enhancement
P06241	P12931	0	Negative Genetic
P06241	P07947	0	Negative Genetic
P06239	P12931	0	Negative Genetic
P06239	P08631	0	Negative Genetic
P06239	P07947	0	Negative Genetic
P06239	P06241	0	Negative Genetic
P06213	P08069	0	Negative Genetic
P06208	Q12166	0	Dosage Lethality;Phenotypic Enhancement;Synthetic Growth Defect
P06197	P53230	0	Dosage Lethality
P06182	P40086	0	Phenotypic Enhancement
P06182	P38909	0	Dosage Rescue;Synthetic Growth Defect
P06182	P07143	0	Dosage Rescue;Synthetic Growth Defect
P06174	P53045	0	Synthetic Rescue
P06174	P32353	0	Negative Genetic
P06174	P28789	0	Phenotypic Enhancement
P06174	P10614	0	Negative Genetic
P06169	P46367	0	Negative Genetic
P06169	P38720	0	Negative Genetic
P06169	P26263	0	Phenotypic Enhancement;Synthetic Lethality
P06169	P16467	0	Dosage Rescue;Negative Genetic;Phenotypic Enhancement;Phenotypic Suppression;Synthetic Lethality
P06169	P07246	0	Negative Genetic
P06168	Q02486	0	Dosage Rescue;Phenotypic Suppression
P06168	P47176	0	Phenotypic Enhancement;Synthetic Lethality
P06168	P25605	0	Phenotypic Suppression
P06136	P77173	0	Positive Genetic
P06136	P58034	0	Negative Genetic
P06136	P31554	0	Negative Genetic
P06136	P28630	0	Positive Genetic
P06136	P25714	0	Positive Genetic
P06136	P10121	0	Positive Genetic
P06136	P0AGD7	0	Positive Genetic
P06136	P0ADZ0	0	Positive Genetic
P06136	P0ADS2	0	Positive Genetic
P06136	P0AD65	0	Positive Genetic
P06136	P0A9X4	0	Negative Genetic;Positive Genetic
P06136	P0A7L8	0	Negative Genetic
P06136	P08373	0	Positive Genetic
P06129	P16869	0	Positive Genetic
P06129	P0ABU9	0	Negative Genetic
P06129	P0ABU7	0	Negative Genetic
P06129	P0A927	0	Positive Genetic
P06129	P06611	0	Negative Genetic
P06115	Q08220	0	Synthetic Lethality
P06115	Q04120	0	Phenotypic Suppression
P06115	P41921	0	Synthetic Lethality
P06115	P34760	0	Phenotypic Suppression
P06115	P32477	0	Synthetic Lethality
P06115	P15202	0	Phenotypic Enhancement;Synthetic Lethality
P06106	Q12198	0	Dosage Rescue;Phenotypic Suppression;Synthetic Lethality
P06106	P43616	0	Synthetic Growth Defect
P06106	P40897	0	Synthetic Growth Defect;Synthetic Lethality
P06106	P39954	0	Synthetic Lethality
P06104	Q12692	0	Synthetic Growth Defect;Synthetic Lethality
P06104	Q07457	0	Phenotypic Enhancement;Positive Genetic
P06104	Q06697	0	Phenotypic Enhancement
P06104	P61830	0	Positive Genetic;Synthetic Growth Defect;Synthetic Lethality
P06104	P46995	0	Synthetic Lethality
P06104	P40151	0	Synthetic Growth Defect;Synthetic Lethality
P06104	P34760	0	Negative Genetic;Synthetic Lethality
P06104	P32914	0	Synthetic Lethality
P06104	P32863	0	Negative Genetic;Synthetic Growth Defect
P06104	P32829	0	Phenotypic Enhancement;Synthetic Growth Defect;Synthetic Lethality
P06104	P30620	0	Synthetic Growth Defect
P06104	P28519	0	Negative Genetic;Synthetic Growth Defect
P06104	P25454	0	Synthetic Growth Defect
P06104	P25301	0	Synthetic Growth Defect;Synthetic Lethality
P06104	P15873	0	Negative Genetic;Synthetic Rescue
P06104	P15731	0	Phenotypic Enhancement;Synthetic Rescue
P06104	P14736	0	Negative Genetic;Phenotypic Enhancement
P06104	P06839	0	Synthetic Growth Defect
P06104	P06779	0	Negative Genetic;Phenotypic Enhancement;Synthetic Lethality
P06104	P06777	0	Negative Genetic;Phenotypic Enhancement;Synthetic Growth Defect
P06103	P53235	0	Negative Genetic
P06103	P40217	0	Dosage Rescue
P06103	P39517	0	Phenotypic Suppression
P06103	P38912	0	Negative Genetic
P06103	P38249	0	Negative Genetic;Phenotypic Enhancement
P06103	P32497	0	Negative Genetic
P06103	P32481	0	Negative Genetic
P06103	P30771	0	Phenotypic Enhancement
P06103	P25443	0	Negative Genetic
P06103	P20459	0	Negative Genetic;Synthetic Lethality
P06103	P10081	0	Negative Genetic
P06103	P0CX33	0	Negative Genetic
P06103	P06634	0	Negative Genetic
P06101	Q08446	0	Dosage Growth Defect
P06101	P53834	0	Dosage Rescue
P06101	P47103	0	Phenotypic Enhancement
P06101	P43568	0	Negative Genetic;Synthetic Lethality
P06101	P32589	0	Dosage Rescue;Negative Genetic
P06101	P28707	0	Dosage Rescue
P06101	P25491	0	Dosage Rescue;Negative Genetic;Synthetic Lethality
P06101	P15705	0	Dosage Rescue;Negative Genetic;Phenotypic Enhancement;Phenotypic Suppression;Synthetic Lethality
P06101	P15108	0	Dosage Rescue;Negative Genetic;Synthetic Lethality
P06101	P06242	0	Dosage Rescue;Negative Genetic;Synthetic Lethality
P06100	Q12514	0	Dosage Rescue;Synthetic Growth Defect
P06100	Q05949	0	Synthetic Lethality
P06100	P39008	0	Synthetic Lethality
P06100	P31384	0	Synthetic Lethality
P06002	P91657	0	Phenotypic Suppression
P06002	P40421	0	Phenotypic Suppression
P06002	P23625	0	Phenotypic Suppression
P06002	P19107	0	Phenotypic Suppression
P06002	P15425	0	Phenotypic Suppression
P06002	P13217	0	Phenotypic Suppression
P06002	P08255	0	Phenotypic Suppression
P05986	P32356	0	Negative Genetic
P05986	P22434	0	Negative Genetic
P05986	P15108	0	Phenotypic Suppression
P05986	P12688	0	Phenotypic Suppression
P05986	P07278	0	Dosage Rescue;Phenotypic Enhancement
P05986	P06776	0	Dosage Growth Defect;Phenotypic Enhancement;Phenotypic Suppression
P05986	P06245	0	Phenotypic Suppression;Synthetic Lethality
P05986	P06244	0	Negative Genetic;Phenotypic Enhancement;Phenotypic Suppression;Synthetic Lethality
P05847	P26616	0	Positive Genetic
P05825	P76115	0	Positive Genetic
P05825	P13036	0	Positive Genetic
P05825	P0ABU7	0	Positive Genetic
P05825	P0A910	0	Negative Genetic;Positive Genetic
P05824	P30958	0	Positive Genetic
P05824	P24230	0	Negative Genetic
P05824	P21893	0	Positive Genetic
P05824	P0AG11	0	Positive Genetic
P05824	P0A7H0	0	Negative Genetic
P05824	P0A7G6	0	Positive Genetic
P05824	P08394	0	Positive Genetic
P05771	P17252	0	Negative Genetic
P05759	Q07381	0	Synthetic Growth Defect;Synthetic Rescue
P05759	Q01855	0	Synthetic Lethality
P05759	P38333	0	Synthetic Growth Defect
P05759	P34078	0	Synthetic Lethality;Synthetic Rescue
P05759	P20459	0	Synthetic Growth Defect
P05756	Q08492	0	Negative Genetic
P05756	Q07623	0	Negative Genetic
P05756	Q06106	0	Negative Genetic
P05756	Q04305	0	Negative Genetic
P05756	Q03532	0	Negative Genetic
P05756	Q02354	0	Negative Genetic
P05756	P53276	0	Negative Genetic
P05756	P53131	0	Negative Genetic
P05756	P47077	0	Negative Genetic
P05756	P40992	0	Negative Genetic
P05756	P39990	0	Negative Genetic
P05756	P38882	0	Negative Genetic
P05756	P36048	0	Negative Genetic
P05756	P32459	0	Negative Genetic
P05756	P25627	0	Synthetic Growth Defect
P05756	P25586	0	Negative Genetic
P05756	P23301	0	Negative Genetic
P05756	P0CX47	0	Positive Genetic
P05755	Q08745	0	Negative Genetic
P05755	Q04305	0	Negative Genetic
P05755	P0CX82	0	Negative Genetic
P05750	Q06287	0	Negative Genetic
P05750	P49166	0	Positive Genetic
P05750	P46683	0	Dosage Rescue;Synthetic Growth Defect;Synthetic Lethality;Synthetic Rescue
P05750	P39939	0	Positive Genetic
P05750	P39079	0	Positive Genetic
P05750	P39078	0	Positive Genetic
P05750	P38961	0	Positive Genetic
P05750	P38701	0	Synthetic Rescue
P05750	P38249	0	Phenotypic Enhancement;Phenotypic Suppression
P05750	P38011	0	Negative Genetic;Phenotypic Suppression;Synthetic Growth Defect
P05750	P34078	0	Synthetic Growth Defect
P05750	P33309	0	Phenotypic Suppression
P05750	P32769	0	Negative Genetic
P05750	P32495	0	Negative Genetic
P05750	P30822	0	Negative Genetic
P05750	P29295	0	Negative Genetic
P05750	P16521	0	Phenotypic Suppression
P05750	P15790	0	Negative Genetic
P05750	P0CX51	0	Positive Genetic
P05750	P0CX47	0	Positive Genetic
P05750	P0CX37	0	Positive Genetic
P05750	P0CX33	0	Positive Genetic
P05750	P0CH08	0	Negative Genetic
P05750	P0CG63	0	Negative Genetic
P05750	P08518	0	Positive Genetic
P05750	P06103	0	Negative Genetic
P05749	Q04031	0	Negative Genetic
P05749	Q03532	0	Negative Genetic
P05749	P56628	0	Negative Genetic;Synthetic Growth Defect;Synthetic Rescue
P05749	P53893	0	Negative Genetic
P05749	P53875	0	Positive Genetic
P05749	P53145	0	Negative Genetic
P05749	P49167	0	Negative Genetic
P05749	P39990	0	Negative Genetic
P05749	P38861	0	Negative Genetic
P05749	P38754	0	Negative Genetic
P05749	P25808	0	Negative Genetic
P05749	P23301	0	Negative Genetic
P05749	P14127	0	Negative Genetic
P05749	P0CX45	0	Negative Genetic
P05749	P07281	0	Positive Genetic
P05748	Q3E792	0	Negative Genetic
P05748	Q3E754	0	Negative Genetic
P05748	Q12522	0	Positive Genetic
P05748	Q08962	0	Negative Genetic
P05748	Q08235	0	Negative Genetic
P05748	P54780	0	Synthetic Lethality
P05748	P40991	0	Negative Genetic
P05748	P38789	0	Negative Genetic
P05748	P36008	0	Negative Genetic
P05748	P35691	0	Negative Genetic
P05748	P33309	0	Negative Genetic
P05748	P32915	0	Positive Genetic
P05748	P32769	0	Negative Genetic
P05748	P20081	0	Negative Genetic
P05748	P0CX47	0	Positive Genetic
P05748	P0CX41	0	Positive Genetic
P05748	P0CX37	0	Positive Genetic
P05748	P0CX33	0	Positive Genetic
P05748	P0CX29	0	Positive Genetic
P05748	P06367	0	Positive Genetic
P05747	Q08972	0	Negative Genetic
P05747	Q02892	0	Negative Genetic
P05747	P53742	0	Negative Genetic
P05747	P53723	0	Negative Genetic
P05747	P41805	0	Negative Genetic;Synthetic Lethality
P05747	P39990	0	Negative Genetic
P05747	P32495	0	Negative Genetic
P05747	P05749	0	Negative Genetic
P05745	Q08972	0	Dosage Rescue
P05745	Q08235	0	Negative Genetic
P05745	Q02793	0	Negative Genetic
P05745	P87262	0	Dosage Rescue
P05745	P51402	0	Synthetic Growth Defect
P05745	P49167	0	Dosage Rescue
P05745	P48164	0	Dosage Rescue
P05745	P47019	0	Dosage Rescue
P05745	P46990	0	Dosage Rescue
P05745	P43586	0	Dosage Rescue
P05745	P40007	0	Dosage Rescue
P05745	P39015	0	Dosage Rescue
P05745	P39007	0	Negative Genetic
P05745	P38011	0	Dosage Rescue
P05745	P36520	0	Negative Genetic
P05745	P36049	0	Dosage Rescue;Phenotypic Suppression;Synthetic Growth Defect
P05745	P36008	0	Dosage Rescue
P05745	P35691	0	Negative Genetic
P05745	P33442	0	Dosage Rescue;Synthetic Growth Defect
P05745	P33309	0	Negative Genetic
P05745	P29478	0	Negative Genetic
P05745	P19211	0	Dosage Rescue
P05745	P0CX84	0	Synthetic Growth Defect
P05745	P0CX82	0	Synthetic Growth Defect
P05745	P0CX55	0	Dosage Rescue
P05745	P0CX23	0	Synthetic Growth Defect
P05745	P0C2H9	0	Dosage Rescue
P05745	P0C2H6	0	Dosage Rescue
P05745	P05755	0	Dosage Rescue
P05744	P53261	0	Dosage Rescue
P05744	P41057	0	Positive Genetic
P05744	P41056	0	Synthetic Lethality
P05744	P38789	0	Negative Genetic
P05744	P38711	0	Positive Genetic
P05744	P38011	0	Negative Genetic
P05744	P35691	0	Negative Genetic
P05744	P33309	0	Negative Genetic
P05744	P32769	0	Negative Genetic
P05744	P0CX84	0	Positive Genetic
P05744	P0CX47	0	Positive Genetic
P05744	P0CX37	0	Positive Genetic
P05743	Q12672	0	Positive Genetic
P05743	Q12532	0	Synthetic Growth Defect
P05743	Q04599	0	Negative Genetic
P05743	P53221	0	Dosage Rescue;Negative Genetic;Phenotypic Enhancement;Synthetic Growth Defect
P05743	P53136	0	Negative Genetic
P05743	P0CX82	0	Negative Genetic
P05743	P0C0V8	0	Positive Genetic
P05740	Q3E754	0	Positive Genetic
P05740	Q08972	0	Positive Genetic
P05740	Q08962	0	Synthetic Growth Defect
P05740	P53734	0	Negative Genetic
P05740	P47019	0	Positive Genetic
P05740	P46990	0	Synthetic Lethality
P05740	P39516	0	Negative Genetic
P05740	P38344	0	Negative Genetic
P05740	P38011	0	Negative Genetic
P05740	P35207	0	Negative Genetic
P05740	P33309	0	Negative Genetic
P05740	P32495	0	Negative Genetic
P05740	P20447	0	Negative Genetic
P05740	P15646	0	Negative Genetic;Synthetic Growth Defect
P05740	P05747	0	Negative Genetic
P05739	Q3E792	0	Negative Genetic
P05739	Q02326	0	Negative Genetic;Synthetic Lethality
P05739	P49167	0	Negative Genetic
P05739	P40992	0	Negative Genetic
P05739	P38011	0	Negative Genetic
P05739	P32481	0	Negative Genetic
P05739	P32459	0	Negative Genetic
P05739	P26321	0	Positive Genetic
P05739	P25443	0	Negative Genetic
P05739	P0CX47	0	Positive Genetic
P05739	P0CX41	0	Positive Genetic
P05739	P0CX37	0	Positive Genetic
P05739	P05745	0	Synthetic Growth Defect
P05738	Q08278	0	Negative Genetic
P05738	Q07915	0	Negative Genetic
P05738	P53893	0	Positive Genetic
P05738	P51401	0	Negative Genetic;Synthetic Lethality
P05738	P47822	0	Negative Genetic
P05738	P46784	0	Positive Genetic
P05738	P41805	0	Positive Genetic
P05738	P38803	0	Negative Genetic
P05738	P38011	0	Negative Genetic
P05738	P35691	0	Negative Genetic
P05738	P35178	0	Positive Genetic
P05738	P32915	0	Negative Genetic
P05737	Q12213	0	Synthetic Lethality
P05704	P0AE67	0	Positive Genetic
P05704	P0A9H9	0	Positive Genetic
P05704	P0A964	0	Positive Genetic
P05704	P07330	0	Negative Genetic
P05694	P53128	0	Positive Genetic
P05694	P10659	0	Phenotypic Enhancement
P05694	P07245	0	Dosage Rescue;Phenotypic Enhancement
P05626	P81450	0	Positive Genetic
P05626	P30902	0	Positive Genetic
P05626	P09457	0	Positive Genetic
P05523	P0A7G6	0	Positive Genetic
P05453	Q08972	0	Phenotypic Enhancement;Phenotypic Suppression
P05453	Q04638	0	Dosage Lethality;Synthetic Rescue
P05453	Q03195	0	Negative Genetic;Synthetic Growth Defect
P05453	Q01855	0	Negative Genetic
P05453	P60010	0	Negative Genetic;Positive Genetic
P05453	P38798	0	Dosage Lethality;Positive Genetic
P05453	P38249	0	Phenotypic Enhancement;Positive Genetic;Synthetic Growth Defect
P05453	P38011	0	Phenotypic Suppression;Positive Genetic
P05453	P33442	0	Negative Genetic
P05453	P32644	0	Dosage Lethality
P05453	P32588	0	Negative Genetic;Phenotypic Suppression
P05453	P32497	0	Negative Genetic
P05453	P32481	0	Positive Genetic
P05453	P32324	0	Negative Genetic
P05453	P31539	0	Phenotypic Suppression;Synthetic Rescue
P05453	P30771	0	Dosage Lethality;Positive Genetic;Synthetic Rescue
P05453	P25443	0	Negative Genetic
P05453	P25294	0	Synthetic Rescue
P05453	P16521	0	Dosage Rescue
P05453	P12385	0	Dosage Rescue;Negative Genetic;Phenotypic Enhancement
P05453	P11484	0	Phenotypic Enhancement
P05453	P10081	0	Negative Genetic;Positive Genetic
P05453	P07884	0	Negative Genetic
P05453	P05750	0	Negative Genetic
P05375	Q12382	0	Negative Genetic
P05375	Q08548	0	Synthetic Growth Defect
P05375	P40499	0	Dosage Rescue;Negative Genetic;Phenotypic Suppression
P05375	P40345	0	Negative Genetic;Phenotypic Enhancement
P05375	P40075	0	Dosage Rescue;Phenotypic Suppression;Positive Genetic
P05375	P38221	0	Negative Genetic
P05375	P36148	0	Positive Genetic
P05375	P32784	0	Positive Genetic
P05375	P32361	0	Negative Genetic;Synthetic Growth Defect;Synthetic Lethality
P05375	P22140	0	Positive Genetic
P05375	P20485	0	Negative Genetic
P05375	P19807	0	Negative Genetic
P05375	P17898	0	Negative Genetic
P05375	P13902	0	Negative Genetic
P05375	P13259	0	Negative Genetic
P05374	Q08548	0	Positive Genetic;Synthetic Growth Defect
P05374	P40075	0	Dosage Rescue;Negative Genetic;Synthetic Growth Defect
P05374	P39954	0	Synthetic Rescue
P05374	P38221	0	Negative Genetic
P05374	P25087	0	Negative Genetic
P05374	P20485	0	Negative Genetic
P05374	P19807	0	Negative Genetic
P05374	P13902	0	Negative Genetic
P05374	P13259	0	Negative Genetic;Synthetic Growth Defect
P05374	P05375	0	Dosage Rescue;Negative Genetic;Phenotypic Enhancement;Phenotypic Suppression;Synthetic Growth Defect;Synthetic Lethality
P05373	P53045	0	Synthetic Rescue
P05373	P32347	0	Phenotypic Enhancement;Phenotypic Suppression
P05373	P28789	0	Phenotypic Enhancement;Phenotypic Suppression
P05373	P11353	0	Phenotypic Enhancement
P05373	P06174	0	Phenotypic Enhancement
P05319	P54780	0	Negative Genetic
P05319	P53875	0	Negative Genetic
P05319	P38011	0	Negative Genetic
P05319	P33201	0	Negative Genetic
P05317	Q3E792	0	Negative Genetic
P05317	Q12690	0	Negative Genetic
P05317	Q12522	0	Negative Genetic
P05317	Q08746	0	Negative Genetic
P05317	Q08004	0	Positive Genetic
P05317	Q07953	0	Negative Genetic
P05317	Q07381	0	Negative Genetic
P05317	Q04697	0	Negative Genetic
P05317	Q03862	0	Negative Genetic
P05317	P53893	0	Negative Genetic
P05317	P53251	0	Negative Genetic
P05317	P53131	0	Negative Genetic
P05317	P46654	0	Negative Genetic
P05317	P41805	0	Negative Genetic
P05317	P39990	0	Negative Genetic
P05317	P39007	0	Positive Genetic
P05317	P38961	0	Negative Genetic
P05317	P38861	0	Negative Genetic
P05317	P38344	0	Negative Genetic
P05317	P38011	0	Negative Genetic
P05317	P36160	0	Negative Genetic
P05317	P35178	0	Negative Genetic
P05317	P29478	0	Positive Genetic
P05317	P26784	0	Negative Genetic
P05317	P24000	0	Negative Genetic
P05317	P23301	0	Negative Genetic
P05317	P0CX55	0	Negative Genetic
P05317	P0CX53	0	Negative Genetic
P05317	P0CX47	0	Negative Genetic
P05317	P0CX31	0	Negative Genetic
P05317	P0CH08	0	Negative Genetic
P05317	P0CG63	0	Negative Genetic
P05317	P0C0V8	0	Negative Genetic
P05317	P08518	0	Negative Genetic
P05317	P07251	0	Dosage Rescue
P05317	P05749	0	Negative Genetic
P05317	P05748	0	Negative Genetic
P05317	P05745	0	Negative Genetic
P05317	P05738	0	Negative Genetic
P05317	P05319	0	Synthetic Growth Defect
P05231	P42701	0	Negative Genetic
P05231	P23458	0	Positive Genetic
P05205	P08928	0	Phenotypic Suppression
P05055	P30850	0	Negative Genetic
P05055	P25888	0	Negative Genetic
P05055	P21499	0	Negative Genetic
P05055	P0CE48	0	Positive Genetic
P05055	P0A850	0	Positive Genetic
P05041	P28305	0	Negative Genetic
P05031	P18459	0	Phenotypic Enhancement
P05030	P47040	0	Negative Genetic
P05030	P39940	0	Synthetic Rescue
P05030	P32563	0	Negative Genetic
P05030	P22146	0	Negative Genetic
P05030	P19657	0	Negative Genetic
P05030	P19145	0	Positive Genetic
P05023	P13637	0	Negative Genetic
P04995	P0A7H3	0	Negative Genetic
P04995	P0A7G6	0	Negative Genetic
P04995	P08394	0	Negative Genetic
P04993	P24230	0	Positive Genetic
P04993	P21893	0	Negative Genetic
P04993	P0A809	0	Negative Genetic
P04993	P0A7H3	0	Positive Genetic
P04993	P0A7H0	0	Positive Genetic
P04993	P0A7G6	0	Negative Genetic
P04993	P04995	0	Negative Genetic
P04983	P10906	0	Positive Genetic
P04951	P0AC75	0	Positive Genetic
P04951	P0A725	0	Positive Genetic
P04951	P0A715	0	Negative Genetic
P04950	P06002	0	Phenotypic Suppression
P04949	P50466	0	Negative Genetic
P04912	Q12692	0	Synthetic Growth Defect
P04912	Q04636	0	Dosage Growth Defect;Negative Genetic
P04912	Q03940	0	Positive Genetic
P04912	P38850	0	Synthetic Rescue
P04912	P38144	0	Synthetic Growth Defect
P04912	P36012	0	Negative Genetic
P04912	P32914	0	Positive Genetic
P04912	P32558	0	Phenotypic Suppression;Synthetic Growth Defect
P04912	P22336	0	Dosage Growth Defect
P04911	Q12748	0	Negative Genetic
P04911	Q12692	0	Negative Genetic;Synthetic Growth Defect;Synthetic Lethality
P04911	Q12262	0	Negative Genetic
P04911	Q06675	0	Negative Genetic
P04911	Q06629	0	Synthetic Rescue
P04911	Q06623	0	Synthetic Rescue
P04911	Q04636	0	Dosage Growth Defect;Dosage Rescue;Synthetic Lethality
P04911	Q03330	0	Positive Genetic
P04911	Q02732	0	Negative Genetic
P04911	Q01454	0	Negative Genetic;Synthetic Growth Defect
P04911	P80428	0	Dosage Rescue
P04911	P61830	0	Phenotypic Enhancement;Positive Genetic;Synthetic Growth Defect;Synthetic Rescue
P04911	P53973	0	Negative Genetic;Synthetic Rescue
P04911	P53201	0	Synthetic Growth Defect
P04911	P53067	0	Negative Genetic
P04911	P47167	0	Negative Genetic
P04911	P38850	0	Synthetic Growth Defect;Synthetic Rescue
P04911	P38265	0	Negative Genetic
P04911	P38144	0	Synthetic Growth Defect
P04911	P38132	0	Negative Genetic
P04911	P36012	0	Negative Genetic;Synthetic Growth Defect;Synthetic Rescue
P04911	P32914	0	Phenotypic Suppression
P04911	P32807	0	Synthetic Growth Defect
P04911	P32597	0	Synthetic Growth Defect
P04911	P32558	0	Dosage Growth Defect;Dosage Rescue;Phenotypic Enhancement;Synthetic Growth Defect;Synthetic Lethality
P04911	P32480	0	Negative Genetic
P04911	P32479	0	Negative Genetic;Phenotypic Enhancement
P04911	P32447	0	Negative Genetic;Phenotypic Suppression;Synthetic Growth Defect
P04911	P32345	0	Phenotypic Suppression;Synthetic Rescue
P04911	P30665	0	Negative Genetic
P04911	P29496	0	Negative Genetic
P04911	P0CH08	0	Negative Genetic
P04911	P04912	0	Negative Genetic
P04840	Q92328	0	Negative Genetic
P04840	P60010	0	Negative Genetic
P04840	P53969	0	Synthetic Lethality
P04840	P50110	0	Positive Genetic
P04840	P49334	0	Negative Genetic
P04840	P40478	0	Dosage Rescue;Negative Genetic;Phenotypic Enhancement;Phenotypic Suppression;Synthetic Growth Defect
P04840	P39722	0	Negative Genetic
P04840	P38297	0	Negative Genetic
P04840	P18409	0	Negative Genetic
P04840	P07213	0	Negative Genetic;Synthetic Growth Defect
P04819	Q04437	0	Phenotypic Enhancement
P04819	Q03834	0	Phenotypic Enhancement
P04819	Q02574	0	Phenotypic Suppression
P04819	Q01454	0	Negative Genetic
P04819	P49956	0	Negative Genetic;Phenotypic Suppression
P04819	P40348	0	Negative Genetic
P04819	P40339	0	Negative Genetic
P04819	P38251	0	Negative Genetic;Synthetic Lethality
P04819	P38132	0	Negative Genetic
P04819	P32641	0	Dosage Lethality;Negative Genetic;Phenotypic Suppression
P04819	P32447	0	Negative Genetic
P04819	P26793	0	Negative Genetic;Phenotypic Enhancement;Synthetic Lethality
P04819	P25847	0	Phenotypic Enhancement;Synthetic Lethality
P04819	P25454	0	Negative Genetic;Phenotypic Suppression;Synthetic Lethality
P04819	P25336	0	Negative Genetic
P04819	P22336	0	Negative Genetic
P04819	P22216	0	Phenotypic Suppression
P04819	P15873	0	Phenotypic Enhancement;Phenotypic Suppression;Synthetic Lethality
P04819	P10363	0	Positive Genetic
P04817	P47040	0	Dosage Growth Defect
P04807	Q00764	0	Phenotypic Suppression;Positive Genetic;Synthetic Rescue
P04807	P43577	0	Positive Genetic
P04807	P42826	0	Positive Genetic
P04807	P17709	0	Phenotypic Enhancement;Synthetic Lethality
P04807	P16861	0	Positive Genetic
P04807	P11412	0	Negative Genetic
P04807	P06782	0	Negative Genetic;Synthetic Rescue
P04807	P06169	0	Negative Genetic
P04806	Q00764	0	Negative Genetic
P04806	P17709	0	Phenotypic Enhancement;Synthetic Lethality
P04806	P04807	0	Negative Genetic;Phenotypic Enhancement;Synthetic Growth Defect;Synthetic Lethality;Synthetic Rescue
P04786	Q12749	0	Phenotypic Enhancement;Phenotypic Suppression;Synthetic Growth Defect
P04786	Q08032	0	Negative Genetic;Synthetic Growth Defect;Synthetic Lethality
P04786	Q05635	0	Phenotypic Suppression;Synthetic Rescue
P04786	Q04740	0	Synthetic Lethality
P04786	Q04149	0	Negative Genetic;Synthetic Growth Defect;Synthetic Rescue
P04786	Q03796	0	Synthetic Growth Defect
P04786	Q02685	0	Negative Genetic;Synthetic Growth Defect;Synthetic Lethality
P04786	Q01454	0	Positive Genetic;Synthetic Growth Defect
P04786	P61830	0	Negative Genetic
P04786	P53942	0	Phenotypic Enhancement;Phenotypic Suppression;Synthetic Lethality;Synthetic Rescue
P04786	P53632	0	Negative Genetic;Phenotypic Enhancement;Synthetic Lethality
P04786	P50623	0	Synthetic Lethality;Synthetic Rescue
P04786	P47112	0	Synthetic Lethality
P04786	P38838	0	Phenotypic Suppression;Synthetic Rescue
P04786	P38632	0	Negative Genetic;Phenotypic Enhancement;Phenotypic Suppression;Synthetic Growth Defect;Synthetic Lethality
P04786	P38324	0	Negative Genetic
P04786	P38319	0	Dosage Lethality;Phenotypic Enhancement;Phenotypic Suppression;Synthetic Growth Defect;Synthetic Rescue
P04786	P38207	0	Synthetic Rescue
P04786	P32863	0	Synthetic Growth Defect
P04786	P32829	0	Negative Genetic;Synthetic Growth Defect;Synthetic Lethality;Synthetic Rescue
P04786	P32807	0	Synthetic Rescue
P04786	P32561	0	Positive Genetic;Synthetic Growth Defect
P04786	P29469	0	Phenotypic Suppression
P04786	P26793	0	Synthetic Growth Defect;Synthetic Rescue
P04786	P25454	0	Negative Genetic;Synthetic Growth Defect;Synthetic Rescue
P04786	P13099	0	Negative Genetic;Synthetic Growth Defect;Synthetic Lethality
P04786	P06700	0	Synthetic Growth Defect
P04786	P04819	0	Negative Genetic
P04710	P18239	0	Phenotypic Enhancement;Synthetic Lethality
P04657	P84029	0	Phenotypic Suppression
P04650	Q08422	0	Dosage Growth Defect
P04650	P0C2H9	0	Dosage Rescue;Synthetic Lethality
P04650	P0C2H8	0	Dosage Rescue;Synthetic Lethality
P04637	Q9UNE7	0	Synthetic Rescue
P04637	Q9BUR4	0	Negative Genetic
P04637	Q93009	0	Synthetic Rescue
P04637	Q92630	0	Negative Genetic
P04637	Q6GPH4	0	Phenotypic Enhancement
P04637	Q16611	0	Synthetic Rescue
P04637	Q15291	0	Synthetic Growth Defect
P04637	P50750	0	Negative Genetic;Phenotypic Suppression
P04637	P35968	0	Synthetic Lethality
P04637	P25963	0	Negative Genetic
P04637	P17844	0	Synthetic Rescue
P04637	P11802	0	Negative Genetic
P04637	P11166	0	Negative Genetic
P04637	P10828	0	Negative Genetic
P04637	P10721	0	Positive Genetic
P04637	P10145	0	Synthetic Growth Defect
P04637	P04818	0	Negative Genetic
P04626	P42338	0	Negative Genetic
P04626	P42336	0	Positive Genetic
P04626	P22607	0	Negative Genetic
P04626	P21860	0	Negative Genetic
P04626	P12931	0	Negative Genetic
P04456	P53261	0	Synthetic Growth Defect
P04449	Q07953	0	Negative Genetic
P04449	Q06709	0	Negative Genetic
P04449	Q04311	0	Negative Genetic
P04449	Q02793	0	Negative Genetic
P04449	P46654	0	Positive Genetic
P04449	P39990	0	Negative Genetic
P04449	P39677	0	Negative Genetic
P04449	P38011	0	Negative Genetic
P04449	P32769	0	Negative Genetic
P04449	P24000	0	Negative Genetic;Synthetic Growth Defect
P04449	P23301	0	Negative Genetic
P04449	P05747	0	Negative Genetic
P04449	P05740	0	Negative Genetic
P04449	P05739	0	Positive Genetic
P04449	P05317	0	Negative Genetic
P04426	Q61091	0	Phenotypic Suppression
P04426	P27467	0	Phenotypic Suppression
P04397	P43123	0	Negative Genetic
P04397	P15019	0	Negative Genetic
P04397	P13181	0	Negative Genetic;Synthetic Growth Defect
P04397	P13045	0	Negative Genetic;Phenotypic Enhancement
P04397	P08431	0	Negative Genetic;Synthetic Rescue
P04395	P0A7G6	0	Negative Genetic
P04388	P08646	0	Phenotypic Suppression
P04387	P13181	0	Positive Genetic
P04387	P13045	0	Dosage Rescue;Phenotypic Enhancement;Phenotypic Suppression;Synthetic Rescue
P04387	P08431	0	Positive Genetic
P04385	P13181	0	Negative Genetic;Synthetic Growth Defect
P04385	P13045	0	Dosage Rescue;Negative Genetic;Phenotypic Enhancement;Phenotypic Suppression;Synthetic Growth Defect;Synthetic Rescue
P04385	P08431	0	Negative Genetic;Phenotypic Enhancement;Phenotypic Suppression;Synthetic Growth Defect;Synthetic Rescue
P04385	P04397	0	Negative Genetic;Phenotypic Suppression;Synthetic Growth Defect;Synthetic Rescue
P04385	P04387	0	Positive Genetic
P04173	P07264	0	Phenotypic Suppression
P04173	P06633	0	Synthetic Growth Defect
P04173	P06106	0	Synthetic Rescue
P04161	P80210	0	Positive Genetic
P04161	P40099	0	Synthetic Rescue
P04161	P21264	0	Phenotypic Suppression
P04152	P0A988	0	Positive Genetic
P04152	P0A7G6	0	Negative Genetic
P04152	P08394	0	Negative Genetic
P04147	Q12517	0	Synthetic Growth Defect
P04147	Q12149	0	Synthetic Rescue
P04147	Q08920	0	Negative Genetic
P04147	P53235	0	Negative Genetic
P04147	P47017	0	Positive Genetic;Synthetic Rescue
P04147	P39998	0	Negative Genetic
P04147	P39517	0	Dosage Rescue
P04147	P39008	0	Synthetic Lethality
P04147	P38798	0	Positive Genetic
P04147	P36102	0	Negative Genetic
P04147	P34160	0	Negative Genetic
P04147	P32505	0	Dosage Rescue
P04147	P32324	0	Positive Genetic
P04147	P31384	0	Synthetic Lethality
P04147	P30822	0	Negative Genetic
P04147	P30771	0	Positive Genetic
P04147	P25582	0	Synthetic Rescue
P04147	P20459	0	Negative Genetic
P04147	P20449	0	Dosage Rescue
P04147	P11076	0	Synthetic Lethality
P04147	P10081	0	Synthetic Rescue
P04147	P07260	0	Synthetic Lethality
P04147	P06634	0	Dosage Growth Defect;Dosage Rescue
P04147	P05453	0	Dosage Lethality;Negative Genetic;Synthetic Rescue
P04079	P0A8N3	0	Positive Genetic
P04046	Q05911	0	Dosage Lethality;Negative Genetic;Synthetic Rescue
P04046	P54113	0	Dosage Lethality
P04046	P53909	0	Dosage Rescue;Phenotypic Enhancement
P04046	P38009	0	Dosage Lethality;Synthetic Rescue
P04046	P31373	0	Negative Genetic
P04046	P27616	0	Phenotypic Suppression
P04046	P21264	0	Phenotypic Suppression
P04039	P22289	0	Positive Genetic
P04039	P05626	0	Negative Genetic
P04037	P40215	0	Synthetic Rescue
P04037	P18239	0	Synthetic Lethality
P04035	Q13131	0	Negative Genetic
P03965	P07258	0	Phenotypic Suppression
P03962	P18562	0	Synthetic Lethality
P03962	P06633	0	Synthetic Growth Defect
P03962	P06106	0	Synthetic Rescue
P03960	P31134	0	Negative Genetic
P03956	P14780	0	Negative Genetic
P03956	P09237	0	Negative Genetic
P03956	P08254	0	Negative Genetic
P03956	P08253	0	Negative Genetic
P03879	P11325	0	Phenotypic Suppression
P03874	P36038	0	Positive Genetic
P03030	P0ACQ7	0	Positive Genetic
P03024	P0ACJ8	0	Positive Genetic
P03023	P0A881	0	Positive Genetic
P03018	P33596	0	Negative Genetic
P03018	P30958	0	Negative Genetic
P03018	P24230	0	Negative Genetic
P03018	P23909	0	Negative Genetic
P03018	P21893	0	Negative Genetic
P03018	P21189	0	Negative Genetic
P03018	P10443	0	Negative Genetic
P03018	P0AG11	0	Negative Genetic
P03018	P0ABS5	0	Negative Genetic
P03018	P0ABR1	0	Negative Genetic
P03018	P0A988	0	Negative Genetic
P03018	P0A814	0	Negative Genetic
P03018	P0A7H6	0	Negative Genetic
P03018	P0A7H3	0	Negative Genetic
P03018	P0A7H0	0	Negative Genetic
P03018	P05523	0	Negative Genetic
P03018	P04995	0	Negative Genetic
P03018	P04152	0	Negative Genetic
P03007	P28630	0	Negative Genetic
P03007	P0AGB3	0	Negative Genetic
P03007	P0ABS5	0	Negative Genetic
P03007	P0A988	0	Negative Genetic
P03007	P0A7G6	0	Negative Genetic
P03007	P03018	0	Negative Genetic
P03004	P66817	0	Negative Genetic
P03004	P28905	0	Positive Genetic
P03004	P28638	0	Positive Genetic
P03004	P16525	0	Negative Genetic
P03004	P10443	0	Positive Genetic
P03004	P0ACF4	0	Positive Genetic
P03004	P0ACB0	0	Positive Genetic
P03004	P0A8J2	0	Positive Genetic
P03004	P0A7Y4	0	Negative Genetic
P03004	P0A6U3	0	Negative Genetic
P03004	P0A6R3	0	Positive Genetic
P03004	P06710	0	Negative Genetic
P03004	P06612	0	Positive Genetic
P03004	P03018	0	Negative Genetic
P02994	Q02908	0	Dosage Rescue;Negative Genetic;Phenotypic Enhancement;Phenotypic Suppression
P02994	P60010	0	Dosage Growth Defect;Positive Genetic
P02994	P53303	0	Dosage Rescue;Negative Genetic
P02994	P53200	0	Negative Genetic
P02994	P52918	0	Positive Genetic;Synthetic Growth Defect
P02994	P46672	0	Negative Genetic
P02994	P40554	0	Dosage Rescue;Negative Genetic;Synthetic Growth Defect
P02994	P36008	0	Negative Genetic
P02994	P33418	0	Dosage Rescue;Negative Genetic;Synthetic Growth Defect
P02994	P33201	0	Positive Genetic
P02994	P32471	0	Dosage Rescue;Synthetic Growth Defect
P02994	P26321	0	Negative Genetic
P02994	P23301	0	Positive Genetic
P02994	P11745	0	Negative Genetic
P02994	P05317	0	Negative Genetic
P02992	P46654	0	Negative Genetic
P02992	P25038	0	Positive Genetic
P02992	P15180	0	Positive Genetic
P02992	P0CX47	0	Negative Genetic
P02992	P0CX45	0	Negative Genetic
P02943	P69856	0	Positive Genetic
P02943	P10384	0	Positive Genetic
P02943	P0C0V0	0	Positive Genetic
P02943	P0AEU7	0	Negative Genetic
P02943	P0A940	0	Negative Genetic
P02943	P0A927	0	Positive Genetic
P02943	P0A910	0	Negative Genetic
P02943	P09169	0	Negative Genetic
P02943	P06996	0	Negative Genetic
P02943	P06129	0	Negative Genetic
P02942	P07330	0	Positive Genetic
P02942	P07017	0	Negative Genetic
P02932	P23830	0	Negative Genetic
P02932	P0ADW3	0	Positive Genetic
P02932	P0AB38	0	Negative Genetic
P02932	P0A940	0	Positive Genetic
P02931	P76045	0	Positive Genetic
P02931	P69776	0	Positive Genetic
P02931	P28249	0	Positive Genetic
P02931	P23830	0	Negative Genetic
P02931	P19934	0	Positive Genetic
P02931	P10384	0	Positive Genetic
P02931	P0C0V0	0	Positive Genetic
P02931	P0AFS9	0	Positive Genetic
P02931	P0AF36	0	Positive Genetic
P02931	P0AEG4	0	Negative Genetic
P02931	P0ABV6	0	Positive Genetic
P02931	P0AB38	0	Positive Genetic
P02931	P0A940	0	Positive Genetic
P02931	P0A910	0	Negative Genetic
P02931	P0A855	0	Positive Genetic
P02930	P77774	0	Negative Genetic
P02930	P77747	0	Positive Genetic
P02930	P76399	0	Negative Genetic
P02930	P76398	0	Negative Genetic
P02930	P76397	0	Negative Genetic
P02930	P61316	0	Negative Genetic
P02930	P37340	0	Negative Genetic
P02930	P31554	0	Positive Genetic
P02930	P31224	0	Positive Genetic
P02930	P27303	0	Negative Genetic
P02930	P24177	0	Negative Genetic
P02930	P10384	0	Negative Genetic
P02930	P0AF36	0	Negative Genetic
P02930	P0AEJ0	0	Negative Genetic
P02930	P0AE06	0	Negative Genetic
P02930	P0ADW3	0	Positive Genetic
P02930	P0A910	0	Negative Genetic
P02930	P06129	0	Negative Genetic
P02930	P02931	0	Positive Genetic
P02929	P0AEL6	0	Positive Genetic
P02929	P0ABU7	0	Negative Genetic
P02929	P0A855	0	Negative Genetic
P02924	P0A9E0	0	Positive Genetic
P02919	P28306	0	Negative Genetic
P02919	P11880	0	Negative Genetic
P02919	P0AEN4	0	Negative Genetic
P02919	P0AD65	0	Positive Genetic
P02919	P0ABG7	0	Positive Genetic
P02919	P0ABG4	0	Positive Genetic
P02919	P0A9X4	0	Negative Genetic
P02919	P0A9A6	0	Positive Genetic
P02919	P0A935	0	Positive Genetic
P02919	P06136	0	Negative Genetic
P02918	P76190	0	Positive Genetic
P02918	P46022	0	Negative Genetic
P02918	P28306	0	Negative Genetic
P02918	P27434	0	Negative Genetic
P02918	P17952	0	Positive Genetic
P02918	P16926	0	Negative Genetic
P02918	P0AFS9	0	Negative Genetic
P02918	P0AF16	0	Negative Genetic
P02918	P0ABH4	0	Negative Genetic
P02918	P0ABH0	0	Negative Genetic
P02918	P0ABG7	0	Negative Genetic
P02918	P0ABG4	0	Negative Genetic
P02918	P0AB38	0	Negative Genetic
P02918	P0A9X4	0	Negative Genetic
P02918	P0A9A6	0	Positive Genetic
P02918	P06136	0	Negative Genetic
P02918	P02919	0	Negative Genetic
P02829	Q12464	0	Synthetic Growth Defect
P02829	Q12449	0	Dosage Rescue;Phenotypic Suppression
P02829	Q12118	0	Synthetic Growth Defect
P02829	Q08446	0	Dosage Rescue;Synthetic Growth Defect
P02829	Q02948	0	Synthetic Growth Defect
P02829	P60010	0	Synthetic Growth Defect
P02829	P53973	0	Synthetic Growth Defect
P02829	P53834	0	Dosage Lethality;Dosage Rescue;Synthetic Rescue
P02829	P53691	0	Synthetic Growth Defect
P02829	P52286	0	Synthetic Growth Defect;Synthetic Lethality
P02829	P51534	0	Synthetic Lethality
P02829	P48353	0	Synthetic Growth Defect
P02829	P47103	0	Synthetic Growth Defect;Synthetic Lethality
P02829	P40413	0	Synthetic Growth Defect
P02829	P40358	0	Synthetic Growth Defect
P02829	P39742	0	Synthetic Growth Defect
P02829	P39102	0	Synthetic Growth Defect;Synthetic Lethality
P02829	P38886	0	Synthetic Growth Defect
P02829	P38825	0	Synthetic Lethality
P02829	P38011	0	Synthetic Growth Defect
P02829	P36016	0	Phenotypic Suppression;Synthetic Growth Defect
P02829	P33313	0	Dosage Rescue;Synthetic Growth Defect
P02829	P32485	0	Phenotypic Enhancement
P02829	P32324	0	Synthetic Growth Defect
P02829	P31539	0	Phenotypic Enhancement;Phenotypic Suppression
P02829	P29311	0	Synthetic Growth Defect
P02829	P28707	0	Synthetic Growth Defect
P02829	P25638	0	Dosage Rescue
P02829	P25491	0	Synthetic Growth Defect;Synthetic Lethality
P02829	P25303	0	Synthetic Growth Defect;Synthetic Lethality
P02829	P25294	0	Synthetic Growth Defect
P02829	P24583	0	Negative Genetic
P02829	P23202	0	Negative Genetic;Synthetic Growth Defect
P02829	P20081	0	Synthetic Rescue
P02829	P15705	0	Dosage Rescue;Synthetic Growth Defect;Synthetic Lethality
P02829	P15108	0	Negative Genetic;Synthetic Growth Defect;Synthetic Lethality
P02829	P12612	0	Phenotypic Suppression
P02829	P11484	0	Synthetic Growth Defect
P02829	P0CS90	0	Phenotypic Suppression;Synthetic Growth Defect
P02829	P07251	0	Synthetic Growth Defect;Synthetic Rescue
P02829	P06244	0	Synthetic Growth Defect
P02829	P06101	0	Dosage Rescue
P02828	Q24133	0	Phenotypic Suppression
P02572	P10987	0	Phenotypic Suppression
P02557	Q02647	0	Negative Genetic
P02557	P53086	0	Dosage Rescue;Phenotypic Suppression
P02557	P48606	0	Dosage Rescue;Negative Genetic;Synthetic Rescue
P02557	P46675	0	Negative Genetic;Synthetic Rescue
P02557	P40987	0	Synthetic Lethality
P02557	P40960	0	Negative Genetic
P02557	P40958	0	Negative Genetic;Synthetic Growth Defect;Synthetic Lethality
P02557	P40413	0	Positive Genetic
P02557	P40013	0	Synthetic Lethality
P02557	P39937	0	Synthetic Lethality
P02557	P39110	0	Synthetic Growth Defect;Synthetic Lethality
P02557	P38991	0	Negative Genetic;Phenotypic Suppression;Synthetic Growth Defect
P02557	P38696	0	Negative Genetic
P02557	P38129	0	Negative Genetic
P02557	P32381	0	Negative Genetic
P02557	P17119	0	Negative Genetic;Synthetic Lethality
P02557	P15108	0	Synthetic Growth Defect
P02557	P12612	0	Synthetic Lethality
P02557	P11709	0	Negative Genetic;Synthetic Lethality
P02557	P09734	0	Dosage Rescue;Negative Genetic
P02557	P09733	0	Dosage Rescue;Synthetic Rescue
P02557	P02829	0	Synthetic Growth Defect
P02407	P51998	0	Synthetic Growth Defect
P02407	P36048	0	Negative Genetic
P02407	P33309	0	Negative Genetic
P02407	P15646	0	Negative Genetic
P02407	P14127	0	Dosage Rescue;Negative Genetic;Synthetic Growth Defect;Synthetic Lethality
P02406	Q08972	0	Positive Genetic
P02406	P53313	0	Negative Genetic
P02406	P46654	0	Positive Genetic
P02406	P38711	0	Positive Genetic
P02406	P38011	0	Negative Genetic
P02406	P32495	0	Negative Genetic
P02406	P32324	0	Positive Genetic
P02406	P25642	0	Negative Genetic
P02406	P23248	0	Positive Genetic
P02406	P0CX51	0	Positive Genetic
P02406	P0CX47	0	Positive Genetic
P02406	P0CX37	0	Positive Genetic
P02406	P0C0V8	0	Positive Genetic
P02406	P05747	0	Negative Genetic
P02400	P53732	0	Negative Genetic
P02400	P38260	0	Negative Genetic
P02400	P38011	0	Negative Genetic
P02400	P32459	0	Negative Genetic
P02400	P26784	0	Positive Genetic
P02400	P10664	0	Negative Genetic
P02400	P07281	0	Positive Genetic
P02400	P05319	0	Negative Genetic;Synthetic Growth Defect
P02400	P05317	0	Negative Genetic;Synthetic Growth Defect
P02358	P39286	0	Positive Genetic
P02358	P37624	0	Negative Genetic
P02358	P0CE47	0	Positive Genetic
P02358	P0A910	0	Negative Genetic
P02358	P0A850	0	Positive Genetic
P02358	P0A805	0	Positive Genetic
P02358	P0A7V0	0	Positive Genetic
P02358	P0A7R1	0	Positive Genetic
P02358	P0A7M9	0	Negative Genetic
P02358	P0A7I4	0	Positive Genetic
P02358	P0A707	0	Negative Genetic
P02358	P0A6N4	0	Positive Genetic
P02358	P0A6M8	0	Negative Genetic
P02358	P07012	0	Negative Genetic
P02358	P06616	0	Positive Genetic
P02340	Q9QUG2	0	Phenotypic Enhancement
P02340	Q62120	0	Phenotypic Enhancement
P02340	P49717	0	Synthetic Growth Defect
P02309	Q6WNK7	0	Negative Genetic
P02309	Q12748	0	Negative Genetic;Synthetic Growth Defect
P02309	Q12692	0	Dosage Rescue
P02309	Q12262	0	Negative Genetic
P02309	Q08649	0	Phenotypic Suppression;Synthetic Rescue
P02309	Q06675	0	Negative Genetic;Synthetic Growth Defect
P02309	Q06505	0	Negative Genetic
P02309	Q04751	0	Phenotypic Suppression;Synthetic Growth Defect
P02309	Q04636	0	Dosage Lethality;Synthetic Growth Defect
P02309	Q04199	0	Dosage Growth Defect;Negative Genetic;Synthetic Growth Defect;Synthetic Rescue
P02309	Q04089	0	Phenotypic Suppression;Synthetic Rescue
P02309	Q03973	0	Negative Genetic;Synthetic Rescue
P02309	Q03330	0	Synthetic Lethality;Synthetic Rescue
P02309	Q03012	0	Phenotypic Suppression
P02309	Q02939	0	Negative Genetic
P02309	Q02732	0	Negative Genetic
P02309	P61830	0	Dosage Lethality;Phenotypic Enhancement;Phenotypic Suppression;Synthetic Growth Defect;Synthetic Lethality;Synthetic Rescue
P02309	P60010	0	Negative Genetic
P02309	P53973	0	Negative Genetic
P02309	P53930	0	Phenotypic Enhancement;Positive Genetic;Synthetic Lethality
P02309	P53687	0	Synthetic Rescue
P02309	P53551	0	Phenotypic Suppression;Synthetic Rescue
P02309	P53125	0	Negative Genetic
P02309	P53064	0	Positive Genetic
P02309	P50102	0	Synthetic Growth Defect
P02309	P47167	0	Negative Genetic
P02309	P42935	0	Positive Genetic
P02309	P40969	0	Negative Genetic;Synthetic Growth Defect
P02309	P40963	0	Dosage Lethality;Synthetic Rescue
P02309	P40161	0	Dosage Growth Defect;Negative Genetic;Synthetic Rescue
P02309	P39706	0	Positive Genetic
P02309	P38907	0	Negative Genetic
P02309	P38902	0	Negative Genetic
P02309	P38890	0	Positive Genetic
P02309	P38144	0	Synthetic Growth Defect
P02309	P36053	0	Negative Genetic
P02309	P36012	0	Dosage Lethality;Dosage Rescue;Negative Genetic;Phenotypic Suppression;Positive Genetic;Synthetic Growth Defect;Synthetic Rescue
P02309	P32914	0	Negative Genetic;Phenotypic Suppression
P02309	P32807	0	Synthetic Growth Defect
P02309	P32776	0	Negative Genetic
P02309	P32597	0	Synthetic Lethality;Synthetic Rescue
P02309	P32561	0	Positive Genetic;Synthetic Rescue
P02309	P32558	0	Dosage Lethality;Synthetic Growth Defect
P02309	P32480	0	Negative Genetic
P02309	P32447	0	Negative Genetic;Phenotypic Suppression;Synthetic Lethality
P02309	P29469	0	Phenotypic Suppression;Synthetic Rescue
P02309	P25632	0	Positive Genetic
P02309	P22336	0	Synthetic Growth Defect
P02309	P22216	0	Dosage Growth Defect;Phenotypic Suppression;Synthetic Rescue
P02309	P21691	0	Dosage Rescue;Phenotypic Enhancement
P02309	P13712	0	Negative Genetic
P02309	P10592	0	Negative Genetic
P02309	P10363	0	Positive Genetic
P02309	P06700	0	Dosage Lethality;Dosage Rescue;Phenotypic Suppression
P02309	P04911	0	Dosage Growth Defect;Phenotypic Enhancement;Positive Genetic;Synthetic Growth Defect;Synthetic Lethality
P02294	Q04636	0	Dosage Growth Defect;Negative Genetic
P02294	P53064	0	Negative Genetic
P02294	P50102	0	Synthetic Rescue
P02294	P34087	0	Negative Genetic
P02294	P32558	0	Dosage Rescue;Synthetic Growth Defect
P02294	P22336	0	Dosage Growth Defect
P02294	P04912	0	Synthetic Growth Defect
P02293	Q07457	0	Synthetic Growth Defect
P02293	Q06697	0	Synthetic Lethality
P02293	Q06623	0	Phenotypic Suppression
P02293	Q04636	0	Dosage Growth Defect;Phenotypic Enhancement
P02293	Q03330	0	Phenotypic Suppression;Synthetic Lethality
P02293	Q03010	0	Negative Genetic
P02293	P61830	0	Phenotypic Enhancement;Positive Genetic;Synthetic Growth Defect
P02293	P53973	0	Negative Genetic
P02293	P53067	0	Negative Genetic
P02293	P50102	0	Synthetic Growth Defect;Synthetic Rescue
P02293	P47037	0	Synthetic Lethality
P02293	P38351	0	Phenotypic Suppression
P02293	P32914	0	Phenotypic Suppression
P02293	P32807	0	Synthetic Growth Defect
P02293	P32597	0	Synthetic Growth Defect
P02293	P32558	0	Dosage Growth Defect;Dosage Rescue;Phenotypic Enhancement;Phenotypic Suppression;Synthetic Growth Defect
P02293	P32447	0	Phenotypic Enhancement;Phenotypic Suppression;Synthetic Growth Defect
P02293	P22336	0	Dosage Growth Defect
P02293	P20433	0	Negative Genetic
P02293	P06700	0	Synthetic Rescue
P02293	P04912	0	Negative Genetic;Phenotypic Suppression
P02293	P04911	0	Phenotypic Enhancement;Synthetic Growth Defect;Synthetic Lethality
P02293	P02309	0	Dosage Growth Defect;Phenotypic Enhancement;Positive Genetic;Synthetic Growth Defect
P02293	P02294	0	Phenotypic Suppression
P01732	P04637	0	Negative Genetic
P01375	P61088	0	Phenotypic Suppression
P01375	P23458	0	Positive Genetic
P01375	P08887	0	Negative Genetic
P01123	Q99394	0	Dosage Rescue;Phenotypic Suppression
P01123	Q99260	0	Dosage Growth Defect;Dosage Rescue;Negative Genetic;Phenotypic Suppression
P01123	Q04410	0	Negative Genetic;Synthetic Growth Defect
P01123	Q03784	0	Negative Genetic
P01123	Q03630	0	Dosage Rescue;Negative Genetic
P01123	Q01590	0	Negative Genetic
P01123	Q00618	0	Negative Genetic
P01123	P54837	0	Negative Genetic
P01123	P54787	0	Negative Genetic
P01123	P53622	0	Negative Genetic
P01123	P53600	0	Negative Genetic
P01123	P53271	0	Dosage Rescue;Negative Genetic;Synthetic Lethality
P01123	P51996	0	Dosage Rescue
P01123	P46944	0	Dosage Rescue;Negative Genetic;Phenotypic Suppression
P01123	P43570	0	Dosage Rescue
P01123	P41834	0	Synthetic Lethality
P01123	P41811	0	Negative Genetic
P01123	P41810	0	Negative Genetic
P01123	P39958	0	Negative Genetic
P01123	P38555	0	Dosage Rescue
P01123	P38334	0	Negative Genetic
P01123	P36149	0	Dosage Lethality;Dosage Rescue;Negative Genetic;Phenotypic Suppression;Synthetic Lethality;Synthetic Rescue
P01123	P36015	0	Negative Genetic
P01123	P32864	0	Negative Genetic;Phenotypic Suppression;Synthetic Growth Defect
P01123	P32829	0	Synthetic Lethality
P01123	P32803	0	Negative Genetic
P01123	P32602	0	Negative Genetic
P01123	P32601	0	Dosage Rescue
P01123	P32074	0	Synthetic Lethality
P01123	P30619	0	Synthetic Lethality
P01123	P25385	0	Negative Genetic
P01123	P22804	0	Dosage Rescue;Negative Genetic;Phenotypic Suppression;Synthetic Lethality;Synthetic Rescue
P01123	P22215	0	Dosage Rescue;Phenotypic Suppression
P01123	P22214	0	Dosage Rescue;Negative Genetic;Phenotypic Suppression;Synthetic Lethality
P01123	P22213	0	Dosage Rescue;Negative Genetic;Phenotypic Suppression;Synthetic Rescue
P01123	P20133	0	Negative Genetic;Synthetic Lethality
P01123	P18759	0	Negative Genetic
P01123	P15303	0	Negative Genetic;Synthetic Lethality
P01123	P11655	0	Negative Genetic;Synthetic Lethality
P01123	P11076	0	Synthetic Lethality
P01123	P07560	0	Synthetic Growth Defect;Synthetic Lethality
P01119	P15108	0	Negative Genetic
P01119	P11433	0	Negative Genetic
P01119	P10823	0	Dosage Rescue
P01119	P07278	0	Synthetic Rescue
P01119	P06776	0	Synthetic Rescue
P01119	P06245	0	Dosage Rescue;Synthetic Rescue
P01119	P06244	0	Dosage Rescue;Synthetic Rescue
P01119	P05986	0	Dosage Rescue;Synthetic Rescue
P01116	Q9Y256	0	Synthetic Lethality
P01116	Q9UQ13	0	Synthetic Lethality
P01116	Q969H0	0	Synthetic Lethality
P01116	Q15758	0	Negative Genetic
P01116	Q07889	0	Synthetic Lethality
P01116	Q07817	0	Synthetic Lethality
P01116	Q02750	0	Synthetic Growth Defect
P01116	P62993	0	Synthetic Lethality
P01116	P49356	0	Negative Genetic
P01116	P42336	0	Synthetic Lethality
P01116	P35613	0	Negative Genetic
P01116	P28482	0	Synthetic Lethality
P01116	P24385	0	Negative Genetic
P01116	P23458	0	Synthetic Lethality
P01116	P14210	0	Synthetic Lethality
P01116	P06748	0	Negative Genetic
P01116	P06493	0	Negative Genetic;Synthetic Lethality
P01116	P05556	0	Negative Genetic
P01112	P45983	0	Phenotypic Suppression
P01111	Q9Y256	0	Synthetic Lethality
P01111	Q9UQ13	0	Synthetic Lethality
P01111	Q7Z5G4	0	Synthetic Lethality
P00962	P0ADZ0	0	Positive Genetic
P00962	P0A6M8	0	Positive Genetic
P00958	P46672	0	Synthetic Lethality
P00958	P33418	0	Negative Genetic;Phenotypic Suppression
P00958	P32481	0	Negative Genetic
P00958	P31373	0	Negative Genetic
P00958	P25345	0	Negative Genetic
P00958	P05694	0	Negative Genetic
P00954	P07395	0	Positive Genetic
P00950	Q12326	0	Synthetic Lethality
P00950	Q12008	0	Synthetic Lethality
P00946	P24175	0	Positive Genetic
P00946	P24174	0	Positive Genetic
P00946	P0AC88	0	Positive Genetic
P00942	Q04458	0	Negative Genetic
P00942	P60010	0	Negative Genetic;Positive Genetic
P00942	P32191	0	Synthetic Growth Defect
P00942	P29952	0	Negative Genetic
P00937	P23254	0	Negative Genetic
P00927	P53101	0	Negative Genetic
P00927	P50107	0	Positive Genetic
P00927	P47176	0	Negative Genetic
P00927	P43567	0	Positive Genetic
P00927	P37291	0	Negative Genetic
P00927	P32582	0	Positive Genetic
P00927	P25379	0	Negative Genetic
P00927	P25045	0	Positive Genetic
P00927	P16120	0	Negative Genetic
P00927	P13663	0	Negative Genetic
P00927	P10869	0	Synthetic Rescue
P00925	P32324	0	Negative Genetic
P00925	P10591	0	Negative Genetic
P00924	P00925	0	Negative Genetic;Synthetic Growth Defect;Synthetic Lethality
P00914	P0A7G6	0	Negative Genetic
P00912	P38967	0	Dosage Rescue;Negative Genetic;Phenotypic Suppression;Synthetic Growth Defect
P00912	P38085	0	Dosage Rescue;Phenotypic Suppression;Synthetic Growth Defect;Synthetic Rescue
P00890	Q04013	0	Negative Genetic
P00890	P43635	0	Dosage Rescue;Phenotypic Enhancement;Synthetic Growth Defect;Synthetic Lethality
P00890	P40858	0	Negative Genetic
P00890	P32473	0	Positive Genetic
P00890	P32316	0	Negative Genetic
P00890	P28834	0	Phenotypic Enhancement;Phenotypic Suppression;Synthetic Rescue
P00890	P28241	0	Phenotypic Enhancement;Phenotypic Suppression;Positive Genetic;Synthetic Rescue
P00890	P19414	0	Phenotypic Enhancement;Phenotypic Suppression;Synthetic Rescue
P00890	P16387	0	Positive Genetic
P00890	P09624	0	Positive Genetic;Synthetic Rescue
P00890	P08679	0	Negative Genetic;Phenotypic Enhancement;Synthetic Growth Defect;Synthetic Lethality
P00854	P81449	0	Phenotypic Suppression
P00854	P50273	0	Phenotypic Suppression
P00854	P18496	0	Synthetic Rescue
P00830	P50085	0	Negative Genetic
P00830	P38077	0	Synthetic Rescue
P00830	P32378	0	Negative Genetic
P00830	P21306	0	Positive Genetic
P00830	P15108	0	Synthetic Rescue
P00830	P11914	0	Negative Genetic
P00830	P09457	0	Positive Genetic
P00830	P08525	0	Negative Genetic
P00830	P07257	0	Negative Genetic
P00830	P07256	0	Negative Genetic
P00830	P07251	0	Positive Genetic
P00830	P07143	0	Negative Genetic
P00830	P05626	0	Positive Genetic
P00830	P02992	0	Synthetic Rescue
P00830	P02829	0	Synthetic Rescue
P00817	Q12194	0	Negative Genetic
P00817	P30902	0	Negative Genetic
P00817	P09457	0	Negative Genetic
P00817	P00830	0	Negative Genetic
P00815	P38431	0	Dosage Rescue
P00811	P0AEY8	0	Positive Genetic
P00805	P0A790	0	Negative Genetic
P00804	P61320	0	Positive Genetic
P00804	P61316	0	Negative Genetic
P00804	P0A940	0	Positive Genetic
P00803	P61320	0	Negative Genetic
P00803	P25960	0	Negative Genetic
P00803	P25714	0	Positive Genetic
P00803	P10408	0	Negative Genetic
P00803	P0AGD7	0	Negative Genetic
P00803	P0AFS9	0	Positive Genetic
P00803	P0A940	0	Positive Genetic
P00729	P36015	0	Negative Genetic
P00729	P27614	0	Phenotypic Enhancement
P00729	P09232	0	Phenotypic Enhancement
P00729	P07267	0	Synthetic Rescue
P00724	P04385	0	Negative Genetic
P00635	P38693	0	Phenotypic Enhancement
P00635	P35842	0	Phenotypic Enhancement
P00635	P25297	0	Phenotypic Suppression
P00635	P24031	0	Phenotypic Enhancement
P00582	P24230	0	Positive Genetic
P00582	P21893	0	Positive Genetic
P00582	P10442	0	Positive Genetic
P00582	P0AG11	0	Positive Genetic
P00582	P0AES6	0	Positive Genetic
P00582	P0A7G6	0	Positive Genetic
P00582	P07648	0	Positive Genetic
P00582	P07395	0	Negative Genetic
P00582	P04152	0	Positive Genetic
P00579	P0AES6	0	Positive Genetic
P00579	P0A6Y8	0	Negative Genetic
P00579	P0A6X3	0	Negative Genetic
P00579	P0A6F9	0	Negative Genetic
P00579	P0A6F5	0	Negative Genetic
P00572	P49723	0	Negative Genetic
P00572	P32641	0	Negative Genetic;Synthetic Growth Defect
P00572	P21524	0	Negative Genetic
P00572	P15700	0	Dosage Rescue;Negative Genetic
P00572	P07834	0	Negative Genetic
P00572	P07807	0	Negative Genetic
P00572	P06785	0	Negative Genetic
P00572	P06773	0	Negative Genetic
P00562	P23256	0	Positive Genetic
P00562	P10902	0	Positive Genetic
P00562	P0AGF6	0	Negative Genetic
P00562	P0AF36	0	Negative Genetic
P00562	P0A9J8	0	Negative Genetic
P00562	P06988	0	Negative Genetic
P00562	P06986	0	Negative Genetic
P00561	P23721	0	Positive Genetic
P00561	P0A7D4	0	Positive Genetic
P00561	P06987	0	Positive Genetic
P00561	P06721	0	Positive Genetic
P00561	P00562	0	Negative Genetic
P00558	P52209	0	Positive Genetic
P00549	P52489	0	Synthetic Growth Defect;Synthetic Lethality
P00549	P32611	0	Negative Genetic
P00549	P32327	0	Negative Genetic;Synthetic Lethality
P00549	P25605	0	Negative Genetic
P00549	P22133	0	Negative Genetic
P00549	P19262	0	Negative Genetic
P00549	P04806	0	Synthetic Growth Defect
P00546	Q12018	0	Negative Genetic
P00546	Q07657	0	Synthetic Growth Defect
P00546	Q04377	0	Phenotypic Suppression;Synthetic Rescue
P00546	Q04264	0	Negative Genetic
P00546	Q03330	0	Dosage Lethality;Synthetic Growth Defect
P00546	Q00772	0	Dosage Lethality;Positive Genetic;Synthetic Growth Defect;Synthetic Lethality
P00546	Q00684	0	Negative Genetic;Synthetic Rescue
P00546	Q00362	0	Dosage Lethality;Phenotypic Suppression;Synthetic Rescue
P00546	P60010	0	Negative Genetic;Positive Genetic
P00546	P54791	0	Negative Genetic
P00546	P54790	0	Positive Genetic
P00546	P53551	0	Synthetic Growth Defect
P00546	P53197	0	Synthetic Lethality
P00546	P50082	0	Phenotypic Suppression
P00546	P47037	0	Negative Genetic
P00546	P43605	0	Synthetic Lethality
P00546	P43568	0	Dosage Rescue;Negative Genetic;Phenotypic Suppression;Synthetic Growth Defect;Synthetic Lethality;Synthetic Rescue
P00546	P40958	0	Phenotypic Enhancement;Phenotypic Suppression;Synthetic Rescue
P00546	P38987	0	Negative Genetic
P00546	P38960	0	Dosage Lethality;Negative Genetic
P00546	P38147	0	Dosage Lethality
P00546	P38121	0	Dosage Lethality
P00546	P32943	0	Synthetic Lethality
P00546	P32807	0	Phenotypic Suppression
P00546	P32562	0	Phenotypic Suppression;Synthetic Lethality
P00546	P32458	0	Negative Genetic
P00546	P32457	0	Negative Genetic
P00546	P32380	0	Negative Genetic;Phenotypic Suppression
P00546	P30283	0	Negative Genetic;Phenotypic Enhancement;Synthetic Growth Defect
P00546	P29295	0	Negative Genetic
P00546	P26449	0	Negative Genetic;Phenotypic Enhancement
P00546	P26448	0	Phenotypic Enhancement
P00546	P25454	0	Phenotypic Enhancement
P00546	P24871	0	Dosage Rescue;Phenotypic Enhancement
P00546	P24870	0	Dosage Rescue;Phenotypic Enhancement;Synthetic Growth Defect
P00546	P24869	0	Dosage Rescue;Negative Genetic;Phenotypic Enhancement;Synthetic Lethality
P00546	P24868	0	Dosage Rescue;Phenotypic Suppression
P00546	P24867	0	Dosage Lethality
P00546	P24279	0	Positive Genetic
P00546	P23179	0	Phenotypic Enhancement
P00546	P22336	0	Dosage Lethality;Phenotypic Enhancement
P00546	P22216	0	Phenotypic Enhancement;Synthetic Rescue
P00546	P20486	0	Dosage Rescue
P00546	P20052	0	Dosage Lethality
P00546	P17119	0	Negative Genetic
P00546	P16522	0	Negative Genetic;Synthetic Lethality
P00546	P15873	0	Phenotypic Enhancement
P00546	P15436	0	Negative Genetic
P00546	P15108	0	Negative Genetic;Phenotypic Suppression
P00546	P14682	0	Phenotypic Suppression
P00546	P11433	0	Positive Genetic
P00546	P09959	0	Negative Genetic
P00546	P07834	0	Negative Genetic
P00546	P06243	0	Dosage Lethality;Dosage Rescue;Negative Genetic;Synthetic Lethality
P00546	P06242	0	Negative Genetic;Synthetic Growth Defect
P00546	P06104	0	Phenotypic Enhancement;Synthetic Growth Defect
P00546	P06101	0	Dosage Lethality;Dosage Rescue;Negative Genetic;Synthetic Lethality
P00546	P02829	0	Phenotypic Suppression
P00546	P02309	0	Dosage Lethality
P00533	Q9UI12	0	Negative Genetic
P00533	Q96CW1	0	Negative Genetic
P00533	Q92913	0	Positive Genetic
P00533	Q8WUM4	0	Negative Genetic
P00533	Q14457	0	Negative Genetic
P00533	Q14192	0	Positive Genetic
P00533	Q14145	0	Negative Genetic;Positive Genetic
P00533	Q12933	0	Positive Genetic
P00533	Q06124	0	Negative Genetic
P00533	Q02156	0	Negative Genetic
P00533	P84243	0	Negative Genetic
P00533	P62993	0	Negative Genetic
P00533	P61586	0	Negative Genetic
P00533	P60709	0	Negative Genetic
P00533	P60484	0	Positive Genetic
P00533	P53680	0	Negative Genetic
P00533	P52333	0	Positive Genetic
P00533	P48509	0	Negative Genetic
P00533	P42338	0	Negative Genetic
P00533	P42336	0	Negative Genetic
P00533	P41240	0	Positive Genetic
P00533	P40818	0	Negative Genetic
P00533	P35240	0	Positive Genetic
P00533	P35221	0	Positive Genetic
P00533	P24385	0	Negative Genetic
P00533	P23528	0	Negative Genetic
P00533	P21860	0	Negative Genetic
P00533	P16615	0	Negative Genetic
P00533	P14635	0	Negative Genetic
P00533	P14625	0	Negative Genetic
P00533	P11142	0	Negative Genetic
P00533	P11021	0	Negative Genetic
P00533	P08069	0	Positive Genetic
P00533	P06733	0	Negative Genetic
P00533	P06493	0	Negative Genetic
P00533	P05787	0	Positive Genetic
P00533	P05783	0	Negative Genetic
P00533	P05556	0	Negative Genetic
P00533	P04637	0	Synthetic Growth Defect;Synthetic Lethality
P00533	P04626	0	Negative Genetic
P00533	P04406	0	Negative Genetic
P00533	P02786	0	Negative Genetic
P00533	P01116	0	Synthetic Lethality
P00528	Q08012	0	Phenotypic Suppression
P00528	P48148	0	Phenotypic Suppression
P00528	P08646	0	Phenotypic Suppression
P00528	P08630	0	Phenotypic Enhancement;Phenotypic Suppression
P00509	P00561	0	Positive Genetic
P00452	P37146	0	Negative Genetic
P00452	P0AG24	0	Positive Genetic
P00448	P0A7G6	0	Negative Genetic
P00447	P47124	0	Negative Genetic
P00447	P19414	0	Negative Genetic
P00445	P40202	0	Phenotypic Enhancement;Phenotypic Suppression;Positive Genetic
P00445	P38993	0	Phenotypic Enhancement
P00445	P38072	0	Phenotypic Enhancement;Synthetic Growth Defect
P00445	P34760	0	Phenotypic Enhancement
P00445	P23833	0	Phenotypic Enhancement;Synthetic Growth Defect
P00445	P23254	0	Dosage Rescue;Phenotypic Suppression
P00445	P19516	0	Synthetic Growth Defect
P00445	P19414	0	Phenotypic Suppression
P00445	P13586	0	Phenotypic Enhancement;Synthetic Rescue
P00445	P06115	0	Phenotypic Suppression
P00445	P00447	0	Dosage Rescue;Phenotypic Enhancement;Synthetic Growth Defect;Synthetic Rescue
P00431	P34760	0	Negative Genetic;Synthetic Growth Defect
P00427	Q01519	0	Positive Genetic
P00427	P53266	0	Dosage Rescue
P00427	P39103	0	Phenotypic Suppression
P00427	P33421	0	Negative Genetic
P00427	P32335	0	Phenotypic Suppression
P00427	P18239	0	Negative Genetic
P00427	P09457	0	Negative Genetic
P00427	P08525	0	Positive Genetic
P00427	P07255	0	Positive Genetic
P00427	P07143	0	Positive Genetic
P00427	P00830	0	Negative Genetic
P00425	P07257	0	Negative Genetic
P00425	P07255	0	Negative Genetic
P00425	P07251	0	Negative Genetic
P00425	P07143	0	Negative Genetic
P00424	P53266	0	Dosage Rescue
P00424	P39103	0	Negative Genetic
P00424	P32335	0	Dosage Lethality;Phenotypic Suppression
P00424	P00425	0	Negative Genetic
P00420	P10834	0	Dosage Rescue;Synthetic Rescue
P00420	P10355	0	Dosage Lethality;Dosage Rescue;Synthetic Rescue
P00410	Q04935	0	Dosage Rescue
P00410	P53239	0	Dosage Rescue
P00410	P39952	0	Dosage Rescue;Synthetic Rescue
P00410	P21801	0	Dosage Growth Defect
P00410	P08468	0	Dosage Rescue;Phenotypic Enhancement;Synthetic Rescue
P00401	P33421	0	Synthetic Lethality
P00401	P32335	0	Phenotypic Enhancement;Synthetic Rescue
P00393	P0AFD6	0	Negative Genetic
P00370	P76215	0	Negative Genetic
P00370	P0A6W0	0	Negative Genetic
P00370	P04805	0	Negative Genetic
P00363	P0ABD8	0	Negative Genetic
P00360	P60010	0	Negative Genetic
P00360	P15108	0	Synthetic Growth Defect
P00360	P02829	0	Synthetic Growth Defect
P00359	P60010	0	Negative Genetic
P00359	P16467	0	Negative Genetic
P00359	P11412	0	Negative Genetic
P00359	P06700	0	Dosage Rescue;Phenotypic Suppression
P00359	P00360	0	Synthetic Growth Defect;Synthetic Lethality
P00358	P00360	0	Synthetic Growth Defect;Synthetic Lethality
P00358	P00359	0	Negative Genetic;Phenotypic Enhancement;Synthetic Growth Defect;Synthetic Lethality
P00331	P40047	0	Negative Genetic
P00331	P38113	0	Phenotypic Enhancement
P00331	P32771	0	Phenotypic Enhancement
P00331	P10127	0	Phenotypic Enhancement
P00331	P07246	0	Phenotypic Enhancement
P00330	P60010	0	Negative Genetic
P00330	P38113	0	Phenotypic Enhancement;Synthetic Growth Defect
P00330	P32771	0	Phenotypic Enhancement
P00330	P10127	0	Phenotypic Enhancement;Phenotypic Suppression
P00330	P07264	0	Negative Genetic
P00330	P07246	0	Phenotypic Enhancement
P00330	P00925	0	Negative Genetic;Phenotypic Enhancement
P00330	P00924	0	Phenotypic Enhancement
P00330	P00331	0	Phenotypic Enhancement;Phenotypic Suppression
P00175	Q12166	0	Negative Genetic
P00128	P37299	0	Negative Genetic
P00128	P21801	0	Negative Genetic
P00128	P21560	0	Phenotypic Suppression
P00127	P37299	0	Negative Genetic;Synthetic Growth Defect
P00127	P37267	0	Negative Genetic
P00127	P22289	0	Negative Genetic
P00127	P00128	0	Negative Genetic;Synthetic Growth Defect
P00044	P60010	0	Negative Genetic
P00044	P07143	0	Positive Genetic
P00044	P04039	0	Negative Genetic
P00044	P00045	0	Phenotypic Enhancement;Synthetic Growth Defect
O96020	P24864	0	Negative Genetic
O96019	P61964	0	Negative Genetic
O96011	Q9Y3D6	0	Phenotypic Suppression
O95674	Q92903	0	Negative Genetic
O95487	Q9NR31	0	Positive Genetic
O95487	Q15437	0	Positive Genetic
O95487	P53992	0	Positive Genetic
O95487	P0DI81	0	Positive Genetic
O95486	Q9NR31	0	Positive Genetic
O95486	Q15437	0	Positive Genetic
O95486	P62820	0	Negative Genetic
O95486	P53992	0	Positive Genetic
O95486	O95487	0	Negative Genetic
O95433	P07900	0	Dosage Rescue
O95376	Q93034	0	Positive Genetic
O95352	Q9Y4P8	0	Phenotypic Enhancement
O95352	Q9BSB4	0	Phenotypic Enhancement
O95352	Q99570	0	Phenotypic Enhancement
O95352	Q8NEB9	0	Phenotypic Enhancement
O95352	Q8N122	0	Phenotypic Suppression
O95352	Q7Z3C6	0	Phenotypic Enhancement
O95352	Q6ZNE5	0	Phenotypic Enhancement
O95352	Q14457	0	Phenotypic Enhancement
O95352	P04406	0	Phenotypic Suppression
O95229	Q9NSP4	0	Negative Genetic
O95229	Q6P1K2	0	Negative Genetic
O95178	Q16795	0	Positive Genetic
O95178	P51970	0	Positive Genetic
O95178	P14927	0	Positive Genetic
O95168	Q99643	0	Positive Genetic
O95168	P14927	0	Positive Genetic
O94973	O95782	0	Negative Genetic
O94808	Q06210	0	Negative Genetic
O94742	Q99257	0	Negative Genetic;Synthetic Lethality
O94742	Q6WNK7	0	Negative Genetic;Phenotypic Enhancement;Phenotypic Suppression;Synthetic Growth Defect
O94742	Q12377	0	Negative Genetic
O94742	Q12250	0	Negative Genetic
O94742	Q08723	0	Negative Genetic
O94742	Q08231	0	Positive Genetic
O94742	Q06103	0	Dosage Rescue;Negative Genetic
O94742	Q01939	0	Negative Genetic
O94742	P43593	0	Negative Genetic;Synthetic Growth Defect;Synthetic Rescue
O94742	P43588	0	Negative Genetic
O94742	P40016	0	Dosage Rescue
O94742	P38886	0	Dosage Growth Defect;Negative Genetic;Phenotypic Enhancement;Synthetic Growth Defect;Synthetic Lethality
O94742	P32496	0	Negative Genetic
O94742	P30656	0	Synthetic Lethality
O94742	P23638	0	Synthetic Growth Defect
O89110	Q9CQY1	0	Positive Genetic
O89110	Q99J83	0	Positive Genetic
O77438	P09615	0	Phenotypic Suppression
O77059	P18431	0	Phenotypic Suppression
O77059	P13217	0	Phenotypic Enhancement;Phenotypic Suppression
O76927	P38979	0	Phenotypic Enhancement
O76767	Q9XZ63	0	Phenotypic Suppression
O76324	P54367	0	Phenotypic Enhancement
O76324	P18537	0	Phenotypic Enhancement;Phenotypic Suppression
O75712	P29033	0	Phenotypic Enhancement
O75688	P35813	0	Negative Genetic
O75676	Q16539	0	Phenotypic Enhancement
O75569	P19525	0	Phenotypic Enhancement
O75533	P55081	0	Negative Genetic
O75530	Q9Y483	0	Positive Genetic
O75530	Q15910	0	Positive Genetic
O75530	P35226	0	Positive Genetic
O75529	Q15542	0	Negative Genetic
O75448	Q9NWA0	0	Negative Genetic
O75438	Q16795	0	Positive Genetic
O75438	P51970	0	Positive Genetic
O75438	P14927	0	Positive Genetic
O75438	O95178	0	Positive Genetic
O75438	O95168	0	Positive Genetic
O75396	Q6NUQ1	0	Negative Genetic
O75394	P82675	0	Negative Genetic
O75351	Q9UN37	0	Synthetic Growth Defect
O75317	P62068	0	Negative Genetic
O75312	P00533	0	Negative Genetic
O75192	Q9Y3D6	0	Phenotypic Suppression
O75150	Q5VTR2	0	Negative Genetic
O75027	Q8IWL3	0	Negative Genetic
O75027	P53384	0	Negative Genetic
O74700	Q08749	0	Synthetic Lethality
O74700	P87108	0	Synthetic Rescue
O74700	P32830	0	Synthetic Rescue
O74700	P32795	0	Phenotypic Suppression;Synthetic Rescue
O70421	P28047	0	Phenotypic Enhancement
O70421	P04426	0	Phenotypic Suppression
O64903	Q9LDI3	0	Synthetic Growth Defect
O62618	P49071	0	Phenotypic Enhancement
O61491	O61492	0	Phenotypic Enhancement
O61443	P49071	0	Phenotypic Enhancement
O61443	O62618	0	Phenotypic Suppression
O61267	Q27297	0	Phenotypic Suppression
O61267	P52304	0	Phenotypic Suppression
O61267	O61661	0	Phenotypic Enhancement;Phenotypic Suppression
O60936	Q14790	0	Phenotypic Suppression
O60921	Q06609	0	Negative Genetic
O60921	P40937	0	Negative Genetic
O60921	P35249	0	Negative Genetic
O60921	P35244	0	Negative Genetic
O60907	Q9BZK7	0	Negative Genetic
O60783	Q9Y2Q9	0	Positive Genetic
O60783	Q7Z7H8	0	Positive Genetic
O60783	P82933	0	Positive Genetic
O60783	P82675	0	Positive Genetic
O60783	P82664	0	Positive Genetic
O60725	P01116	0	Negative Genetic;Synthetic Lethality
O60725	P01111	0	Synthetic Lethality
O60674	P27986	0	Negative Genetic
O60512	P15291	0	Negative Genetic
O60508	Q8WYA6	0	Positive Genetic
O60508	P55081	0	Negative Genetic
O60488	O95573	0	Negative Genetic
O60341	Q92769	0	Negative Genetic
O60341	P35226	0	Negative Genetic
O60341	P04637	0	Negative Genetic
O60260	Q9BXM7	0	Phenotypic Suppression
O60260	P37840	0	Phenotypic Suppression
O60200	Q92328	0	Synthetic Rescue
O60200	Q07560	0	Negative Genetic
O60200	Q05776	0	Positive Genetic;Synthetic Rescue
O60200	P38880	0	Negative Genetic
O60200	P38812	0	Negative Genetic
O60200	P35200	0	Dosage Lethality
O60200	P32795	0	Negative Genetic;Phenotypic Suppression;Synthetic Lethality
O60200	P32266	0	Negative Genetic
O60200	P18409	0	Positive Genetic;Synthetic Rescue
O46043	P35875	0	Phenotypic Suppression
O46037	P11584	0	Phenotypic Suppression
O46036	P28159	0	Phenotypic Enhancement
O46036	P18824	0	Phenotypic Enhancement;Phenotypic Suppression
O43865	P23526	0	Negative Genetic
O43837	P51553	0	Negative Genetic
O43684	Q9BS16	0	Negative Genetic
O43684	O95229	0	Negative Genetic
O43639	P16333	0	Negative Genetic
O43513	Q9NPJ6	0	Positive Genetic
O43513	Q96G25	0	Positive Genetic
O43506	Q9UKF2	0	Negative Genetic
O43137	P23724	0	Phenotypic Enhancement
O43137	P07286	0	Phenotypic Enhancement
O35904	Q9JHG7	0	Phenotypic Enhancement
O24617	Q9SMV7	0	Phenotypic Enhancement
O22775	Q7XJ98	0	Phenotypic Suppression
O22476	Q94F62	0	Dosage Growth Defect;Synthetic Rescue
O15530	P01116	0	Negative Genetic
O15519	Q14790	0	Positive Genetic
O15519	Q13158	0	Positive Genetic
O15519	P19438	0	Phenotypic Suppression
O15511	Q9BPX5	0	Negative Genetic
O15392	Q96GD4	0	Phenotypic Enhancement
O15392	P04626	0	Negative Genetic
O15379	Q13547	0	Negative Genetic
O15372	Q99613	0	Negative Genetic
O15372	P60842	0	Negative Genetic
O15371	P82675	0	Negative Genetic
O15371	P62829	0	Negative Genetic
O15197	P54760	0	Negative Genetic
O15143	Q92747	0	Negative Genetic
O15111	P01375	0	Phenotypic Suppression
O15105	Q9Y3F4	0	Phenotypic Enhancement
O15105	Q15796	0	Phenotypic Suppression
O15105	Q13485	0	Phenotypic Suppression
O15105	P84022	0	Phenotypic Suppression
O15066	P52732	0	Negative Genetic
O14965	Q96GD4	0	Negative Genetic
O14965	P04637	0	Phenotypic Suppression
O14893	P57678	0	Negative Genetic
O14757	Q13472	0	Synthetic Lethality
O14757	P63151	0	Synthetic Lethality
O14757	P60484	0	Negative Genetic
O14757	P11387	0	Synthetic Lethality
O14757	P09874	0	Negative Genetic
O14757	P04818	0	Negative Genetic
O14757	O96017	0	Synthetic Lethality
O14746	P04637	0	Dosage Rescue;Phenotypic Enhancement
O14745	P60484	0	Phenotypic Enhancement
O14744	Q96LA8	0	Negative Genetic
O14744	Q86X55	0	Negative Genetic
O14744	O60341	0	Negative Genetic
O14733	P45985	0	Phenotypic Enhancement
O14733	P45983	0	Phenotypic Enhancement
O14579	Q96KG9	0	Negative Genetic
O14467	P38011	0	Phenotypic Suppression
O14467	P0CX31	0	Negative Genetic
O14467	P05750	0	Phenotypic Suppression
O14464	Q3E7Y3	0	Dosage Rescue
O14464	Q04599	0	Negative Genetic;Synthetic Growth Defect
O14464	P53921	0	Negative Genetic
O14464	P53724	0	Positive Genetic;Synthetic Growth Defect
O14464	P43535	0	Synthetic Growth Defect
O14464	P39730	0	Synthetic Growth Defect
O14464	P36533	0	Negative Genetic
O14464	P36528	0	Positive Genetic
O14464	P32905	0	Dosage Rescue
O14464	P32611	0	Positive Genetic
O14464	P32388	0	Negative Genetic
O14464	P26784	0	Synthetic Growth Defect
O14464	P19956	0	Negative Genetic
O14464	P0CX55	0	Dosage Rescue
O14464	P0CX51	0	Dosage Rescue
O14464	P0CX47	0	Synthetic Growth Defect
O14464	P0CX29	0	Dosage Rescue
O14464	P0C0W1	0	Synthetic Growth Defect
O14455	P36049	0	Dosage Rescue;Phenotypic Suppression;Synthetic Growth Defect
O14455	P05745	0	Dosage Rescue;Synthetic Lethality
O13539	Q99257	0	Negative Genetic;Synthetic Growth Defect
O13539	Q12159	0	Dosage Growth Defect;Negative Genetic;Synthetic Lethality
O13539	Q07478	0	Negative Genetic;Synthetic Lethality
O13539	Q06697	0	Negative Genetic;Synthetic Growth Defect;Synthetic Lethality
O13539	Q03957	0	Negative Genetic
O13539	P89105	0	Negative Genetic
O13539	P32914	0	Negative Genetic
O13539	P32505	0	Negative Genetic
O13539	P31384	0	Synthetic Lethality
O13539	P24384	0	Negative Genetic
O13525	P27697	0	Phenotypic Enhancement;Phenotypic Suppression;Positive Genetic
O13516	P38930	0	Negative Genetic
O13516	P25443	0	Phenotypic Enhancement
O13516	P05755	0	Negative Genetic;Synthetic Lethality
O13516	O14464	0	Dosage Rescue
O13329	Q12749	0	Phenotypic Suppression;Synthetic Rescue
O13329	Q01454	0	Phenotypic Suppression;Synthetic Rescue
O13329	Q00684	0	Phenotypic Enhancement
O13329	P25651	0	Phenotypic Suppression
O13329	P06700	0	Phenotypic Enhancement;Phenotypic Suppression;Synthetic Growth Defect;Synthetic Rescue
O13329	P04786	0	Phenotypic Suppression;Synthetic Growth Defect;Synthetic Rescue
O09106	P70288	0	Synthetic Growth Defect
O08586	Q8VBV4	0	Synthetic Haploinsufficiency
O02373	Q9VMA2	0	Phenotypic Suppression
O02373	P09615	0	Phenotypic Suppression
O02372	Q9VT92	0	Phenotypic Suppression
O02002	Q9XYF4	0	Phenotypic Enhancement
O02002	Q24475	0	Phenotypic Enhancement
O02002	Q24306	0	Phenotypic Suppression
O01382	Q24475	0	Phenotypic Enhancement;Phenotypic Suppression
O01382	Q24306	0	Phenotypic Suppression
O01382	O02002	0	Phenotypic Enhancement
O00429	O96011	0	Phenotypic Enhancement
O00429	O75192	0	Phenotypic Enhancement
O00338	P0DMM9	0	Negative Genetic
O00329	P08069	0	Negative Genetic
O00255	P42773	0	Phenotypic Enhancement
O00238	P36894	0	Negative Genetic
O00232	Q92905	0	Positive Genetic
O00232	P62191	0	Positive Genetic
O00206	Q9BQ95	0	Phenotypic Suppression
O00206	Q99836	0	Phenotypic Suppression
O00206	P58753	0	Phenotypic Suppression
O00204	P0DMM9	0	Negative Genetic
O00198	Q9UMX3	0	Negative Genetic
O00148	Q13838	0	Negative Genetic
O00139	Q99598	0	Phenotypic Suppression
C0LGT6	Q94F62	0	Phenotypic Suppression
B5ME19	Q99613	0	Negative Genetic
B5A5T4	P08510	0	Phenotypic Enhancement
B0YJ81	Q6Y1H2	0	Negative Genetic
A5PLN9	Q9UL33	0	Negative Genetic
A5PLN9	Q96Q05	0	Negative Genetic
A5PLN9	Q8IUR0	0	Positive Genetic
A5PLN9	P62820	0	Negative Genetic;Synthetic Lethality
A5PLN9	P48553	0	Negative Genetic
A2A5Z6	Q9CUN6	0	Synthetic Lethality
A1Z9X0	P08111	0	Phenotypic Enhancement;Phenotypic Suppression
A1Z9S1	Q9VVT5	0	Phenotypic Suppression
A0AVT1	P22314	0	Negative Genetic
