accession	branch	go_term
A0A075B6N1	cellular_component	GO:0005886
A0A075B6N1	cellular_component	GO:0016020
A0A075B6N1	cellular_component	GO:0032991
A0A075B6N1	cellular_component	GO:0042101
A0A075B6N1	cellular_component	GO:0042105
A0A075B6N1	cellular_component	GO:0043235
A0A075B6N1	cellular_component	GO:0071944
A0A075B6N1	cellular_component	GO:0098796
A0A075B6N1	cellular_component	GO:0098797
A0A075B6N1	cellular_component	GO:0098802
A0A075B6N1	cellular_component	GO:0110165
A0A075B6T8	biological_process	GO:0002250
A0A075B6T8	biological_process	GO:0002376
A0A075B6T8	biological_process	GO:0006955
A0A075B6T8	biological_process	GO:0050896
A0A075B6T8	cellular_component	GO:0019814
A0A075B6T8	cellular_component	GO:0032991
A0A087WT01	molecular_function	GO:0005488
A0A087WT01	molecular_function	GO:0005515
A0A087WT01	biological_process	GO:0002376
A0A087WT01	biological_process	GO:0006950
A0A087WT01	biological_process	GO:0006952
A0A087WT01	biological_process	GO:0006955
A0A087WT01	biological_process	GO:0009605
A0A087WT01	biological_process	GO:0009607
A0A087WT01	biological_process	GO:0009617
A0A087WT01	biological_process	GO:0042742
A0A087WT01	biological_process	GO:0043207
A0A087WT01	biological_process	GO:0044419
A0A087WT01	biological_process	GO:0050830
A0A087WT01	biological_process	GO:0050896
A0A087WT01	biological_process	GO:0051707
A0A087WT01	cellular_component	GO:0005886
A0A087WT01	cellular_component	GO:0016020
A0A087WT01	cellular_component	GO:0032991
A0A087WT01	cellular_component	GO:0042101
A0A087WT01	cellular_component	GO:0042105
A0A087WT01	cellular_component	GO:0043235
A0A087WT01	cellular_component	GO:0071944
A0A087WT01	cellular_component	GO:0098796
A0A087WT01	cellular_component	GO:0098797
A0A087WT01	cellular_component	GO:0098802
A0A087WT01	cellular_component	GO:0110165
A0A0B4K6F9	molecular_function	GO:0005488
A0A0B4K6F9	molecular_function	GO:0005509
A0A0B4K6F9	molecular_function	GO:0036094
A0A0B4K6F9	molecular_function	GO:0043167
A0A0B4K6F9	molecular_function	GO:0043169
A0A0B4K6F9	molecular_function	GO:0046872
A0A0B4K6F9	biological_process	GO:0006810
A0A0B4K6F9	biological_process	GO:0006836
A0A0B4K6F9	biological_process	GO:0007154
A0A0B4K6F9	biological_process	GO:0007267
A0A0B4K6F9	biological_process	GO:0007268
A0A0B4K6F9	biological_process	GO:0007269
A0A0B4K6F9	biological_process	GO:0009987
A0A0B4K6F9	biological_process	GO:0023052
A0A0B4K6F9	biological_process	GO:0023061
A0A0B4K6F9	biological_process	GO:0032940
A0A0B4K6F9	biological_process	GO:0046903
A0A0B4K6F9	biological_process	GO:0050789
A0A0B4K6F9	biological_process	GO:0051179
A0A0B4K6F9	biological_process	GO:0051234
A0A0B4K6F9	biological_process	GO:0051641
A0A0B4K6F9	biological_process	GO:0051649
A0A0B4K6F9	biological_process	GO:0061670
A0A0B4K6F9	biological_process	GO:0065007
A0A0B4K6F9	biological_process	GO:0098916
A0A0B4K6F9	biological_process	GO:0099536
A0A0B4K6F9	biological_process	GO:0099537
A0A0B4K6F9	biological_process	GO:0099643
A0A0B4K6F9	biological_process	GO:0140352
A0A0B4K6F9	cellular_component	GO:0005622
A0A0B4K6F9	cellular_component	GO:0005737
A0A0B4K6F9	cellular_component	GO:0005783
A0A0B4K6F9	cellular_component	GO:0005789
A0A0B4K6F9	cellular_component	GO:0012505
A0A0B4K6F9	cellular_component	GO:0016020
A0A0B4K6F9	cellular_component	GO:0030054
A0A0B4K6F9	cellular_component	GO:0031090
A0A0B4K6F9	cellular_component	GO:0031984
A0A0B4K6F9	cellular_component	GO:0042175
A0A0B4K6F9	cellular_component	GO:0043226
A0A0B4K6F9	cellular_component	GO:0043227
A0A0B4K6F9	cellular_component	GO:0043229
A0A0B4K6F9	cellular_component	GO:0043231
A0A0B4K6F9	cellular_component	GO:0045202
A0A0B4K6F9	cellular_component	GO:0098793
A0A0B4K6F9	cellular_component	GO:0098827
A0A0B4K6F9	cellular_component	GO:0110165
A0A0B4K6L1	molecular_function	GO:0003824
A0A0B4K6L1	molecular_function	GO:0016787
A0A0B4K6L1	molecular_function	GO:0017171
A0A0B4K7Y4	cellular_component	GO:0005622
A0A0B4K7Y4	cellular_component	GO:0005737
A0A0B4K7Y4	cellular_component	GO:0005783
A0A0B4K7Y4	cellular_component	GO:0012505
A0A0B4K7Y4	cellular_component	GO:0043226
A0A0B4K7Y4	cellular_component	GO:0043227
A0A0B4K7Y4	cellular_component	GO:0043229
A0A0B4K7Y4	cellular_component	GO:0043231
A0A0B4K7Y4	cellular_component	GO:0110165
A0A0B4KGE4	molecular_function	GO:0005215
A0A0B4KGE4	molecular_function	GO:0015171
A0A0B4KGE4	molecular_function	GO:0015175
A0A0B4KGE4	molecular_function	GO:0022857
A0A0B4KGE4	biological_process	GO:0003333
A0A0B4KGE4	biological_process	GO:0006810
A0A0B4KGE4	biological_process	GO:0006865
A0A0B4KGE4	biological_process	GO:0009987
A0A0B4KGE4	biological_process	GO:0015803
A0A0B4KGE4	biological_process	GO:0015804
A0A0B4KGE4	biological_process	GO:0015807
A0A0B4KGE4	biological_process	GO:0015820
A0A0B4KGE4	biological_process	GO:0015849
A0A0B4KGE4	biological_process	GO:0046942
A0A0B4KGE4	biological_process	GO:0051179
A0A0B4KGE4	biological_process	GO:0051234
A0A0B4KGE4	biological_process	GO:0055085
A0A0B4KGE4	biological_process	GO:0071705
A0A0B4KGE4	biological_process	GO:0089718
A0A0B4KGE4	biological_process	GO:0098657
A0A0B4KGE4	biological_process	GO:0098739
A0A0B4KGE4	biological_process	GO:1902475
A0A0B4KGE4	biological_process	GO:1903801
A0A0B4KGE4	biological_process	GO:1905039
A0A0B4KGE4	cellular_component	GO:0005886
A0A0B4KGE4	cellular_component	GO:0016020
A0A0B4KGE4	cellular_component	GO:0032991
A0A0B4KGE4	cellular_component	GO:0071944
A0A0B4KGE4	cellular_component	GO:0098796
A0A0B4KGE4	cellular_component	GO:0098797
A0A0B4KGE4	cellular_component	GO:0110165
A0A0B4KGE4	cellular_component	GO:1990184
A0A0B4KGP4	molecular_function	GO:0004895
A0A0B4KGP4	molecular_function	GO:0005488
A0A0B4KGP4	molecular_function	GO:0005515
A0A0B4KGP4	molecular_function	GO:0038023
A0A0B4KGP4	molecular_function	GO:0050839
A0A0B4KGP4	molecular_function	GO:0060089
A0A0B4KGP4	molecular_function	GO:0098631
A0A0B4KGP4	biological_process	GO:0007275
A0A0B4KGP4	biological_process	GO:0007399
A0A0B4KGP4	biological_process	GO:0007416
A0A0B4KGP4	biological_process	GO:0009987
A0A0B4KGP4	biological_process	GO:0016043
A0A0B4KGP4	biological_process	GO:0022607
A0A0B4KGP4	biological_process	GO:0032501
A0A0B4KGP4	biological_process	GO:0032502
A0A0B4KGP4	biological_process	GO:0034329
A0A0B4KGP4	biological_process	GO:0034330
A0A0B4KGP4	biological_process	GO:0044085
A0A0B4KGP4	biological_process	GO:0048731
A0A0B4KGP4	biological_process	GO:0048856
A0A0B4KGP4	biological_process	GO:0050808
A0A0B4KGP4	biological_process	GO:0071840
A0A0B4KGP4	biological_process	GO:0160108
A0A0B4KGP4	cellular_component	GO:0005886
A0A0B4KGP4	cellular_component	GO:0016020
A0A0B4KGP4	cellular_component	GO:0030054
A0A0B4KGP4	cellular_component	GO:0045202
A0A0B4KGP4	cellular_component	GO:0045211
A0A0B4KGP4	cellular_component	GO:0071944
A0A0B4KGP4	cellular_component	GO:0097060
A0A0B4KGP4	cellular_component	GO:0098590
A0A0B4KGP4	cellular_component	GO:0098794
A0A0B4KGP4	cellular_component	GO:0110165
A0A0B4LF36	cellular_component	GO:0005622
A0A0B4LF36	cellular_component	GO:0005737
A0A0B4LF36	cellular_component	GO:0005739
A0A0B4LF36	cellular_component	GO:0005740
A0A0B4LF36	cellular_component	GO:0005743
A0A0B4LF36	cellular_component	GO:0016020
A0A0B4LF36	cellular_component	GO:0019866
A0A0B4LF36	cellular_component	GO:0031090
A0A0B4LF36	cellular_component	GO:0031966
A0A0B4LF36	cellular_component	GO:0031967
A0A0B4LF36	cellular_component	GO:0043226
A0A0B4LF36	cellular_component	GO:0043227
A0A0B4LF36	cellular_component	GO:0043229
A0A0B4LF36	cellular_component	GO:0043231
A0A0B4LF36	cellular_component	GO:0110165
A0A0B4LHM3	molecular_function	GO:0003824
A0A0B4LHM3	molecular_function	GO:0016787
A0A0B4LHM3	molecular_function	GO:0017171
A0A0C4DHA5	cellular_component	GO:0005622
A0A0C4DHA5	cellular_component	GO:0005737
A0A0C4DHA5	cellular_component	GO:0005794
A0A0C4DHA5	cellular_component	GO:0012505
A0A0C4DHA5	cellular_component	GO:0043226
A0A0C4DHA5	cellular_component	GO:0043227
A0A0C4DHA5	cellular_component	GO:0043229
A0A0C4DHA5	cellular_component	GO:0043231
A0A0C4DHA5	cellular_component	GO:0110165
A0A1B0GTQ4	biological_process	GO:0000768
A0A1B0GTQ4	biological_process	GO:0007520
A0A1B0GTQ4	biological_process	GO:0009987
A0A1B0GTQ4	biological_process	GO:0014902
A0A1B0GTQ4	biological_process	GO:0014905
A0A1B0GTQ4	biological_process	GO:0014908
A0A1B0GTQ4	biological_process	GO:0030154
A0A1B0GTQ4	biological_process	GO:0031099
A0A1B0GTQ4	biological_process	GO:0032502
A0A1B0GTQ4	biological_process	GO:0040007
A0A1B0GTQ4	biological_process	GO:0042246
A0A1B0GTQ4	biological_process	GO:0042692
A0A1B0GTQ4	biological_process	GO:0043403
A0A1B0GTQ4	biological_process	GO:0048589
A0A1B0GTQ4	biological_process	GO:0048856
A0A1B0GTQ4	biological_process	GO:0048869
A0A1B0GTQ4	biological_process	GO:0051146
A0A1B0GTQ4	biological_process	GO:0061061
A0A1B0GTQ4	biological_process	GO:0140253
A0A1B0GTQ4	biological_process	GO:0160108
A0A1B0GUW7	biological_process	GO:0006996
A0A1B0GUW7	biological_process	GO:0009987
A0A1B0GUW7	biological_process	GO:0016043
A0A1B0GUW7	biological_process	GO:0022607
A0A1B0GUW7	biological_process	GO:0030030
A0A1B0GUW7	biological_process	GO:0030031
A0A1B0GUW7	biological_process	GO:0044085
A0A1B0GUW7	biological_process	GO:0044782
A0A1B0GUW7	biological_process	GO:0060271
A0A1B0GUW7	biological_process	GO:0070925
A0A1B0GUW7	biological_process	GO:0071840
A0A1B0GUW7	biological_process	GO:0120031
A0A1B0GUW7	biological_process	GO:0120036
A0A1B0GUW7	cellular_component	GO:0005929
A0A1B0GUW7	cellular_component	GO:0035869
A0A1B0GUW7	cellular_component	GO:0042995
A0A1B0GUW7	cellular_component	GO:0043226
A0A1B0GUW7	cellular_component	GO:0043227
A0A1B0GUW7	cellular_component	GO:0110165
A0A1B0GUW7	cellular_component	GO:0120025
A0A1Z1CH25	molecular_function	GO:0003824
A0A1Z1CH25	molecular_function	GO:0016301
A0A1Z1CH25	molecular_function	GO:0016740
A0A1Z1CH25	molecular_function	GO:0016772
A0A1Z1CH25	molecular_function	GO:0106389
A0A2R8Y4L2	cellular_component	GO:0005622
A0A2R8Y4L2	cellular_component	GO:0005634
A0A2R8Y4L2	cellular_component	GO:0005654
A0A2R8Y4L2	cellular_component	GO:0031974
A0A2R8Y4L2	cellular_component	GO:0031981
A0A2R8Y4L2	cellular_component	GO:0043226
A0A2R8Y4L2	cellular_component	GO:0043227
A0A2R8Y4L2	cellular_component	GO:0043229
A0A2R8Y4L2	cellular_component	GO:0043231
A0A2R8Y4L2	cellular_component	GO:0043233
A0A2R8Y4L2	cellular_component	GO:0070013
A0A2R8Y4L2	cellular_component	GO:0110165
A0A4D6K4L3	cellular_component	GO:0005622
A0A4D6K4L3	cellular_component	GO:0005737
A0A4D6K4L3	cellular_component	GO:0005794
A0A4D6K4L3	cellular_component	GO:0012505
A0A4D6K4L3	cellular_component	GO:0043226
A0A4D6K4L3	cellular_component	GO:0043227
A0A4D6K4L3	cellular_component	GO:0043229
A0A4D6K4L3	cellular_component	GO:0043231
A0A4D6K4L3	cellular_component	GO:0110165
A0A4P1SA55	molecular_function	GO:0003824
A0A4P1SA55	molecular_function	GO:0004553
A0A4P1SA55	molecular_function	GO:0004558
A0A4P1SA55	molecular_function	GO:0015926
A0A4P1SA55	molecular_function	GO:0016787
A0A4P1SA55	molecular_function	GO:0016798
A0A4P1SA55	molecular_function	GO:0090599
A0A5B9	cellular_component	GO:0005886
A0A5B9	cellular_component	GO:0016020
A0A5B9	cellular_component	GO:0032991
A0A5B9	cellular_component	GO:0042101
A0A5B9	cellular_component	GO:0042105
A0A5B9	cellular_component	GO:0043235
A0A5B9	cellular_component	GO:0071944
A0A5B9	cellular_component	GO:0098796
A0A5B9	cellular_component	GO:0098797
A0A5B9	cellular_component	GO:0098802
A0A5B9	cellular_component	GO:0110165
A0A6I8WFJ4	molecular_function	GO:0005179
A0A6I8WFJ4	molecular_function	GO:0030545
A0A6I8WFJ4	molecular_function	GO:0030546
A0A6I8WFJ4	molecular_function	GO:0048018
A0A6I8WFJ4	molecular_function	GO:0098772
A0A6I8WFJ4	molecular_function	GO:0140677
A0A6I8WFJ4	biological_process	GO:0007154
A0A6I8WFJ4	biological_process	GO:0007165
A0A6I8WFJ4	biological_process	GO:0007186
A0A6I8WFJ4	biological_process	GO:0009987
A0A6I8WFJ4	biological_process	GO:0023052
A0A6I8WFJ4	biological_process	GO:0050789
A0A6I8WFJ4	biological_process	GO:0050794
A0A6I8WFJ4	biological_process	GO:0050896
A0A6I8WFJ4	biological_process	GO:0051716
A0A6I8WFJ4	biological_process	GO:0065007
A0A6I8WFJ4	cellular_component	GO:0005576
A0A6I8WFJ4	cellular_component	GO:0110165
A0A6M3Q9I2	molecular_function	GO:0005215
A0A6M3Q9I2	molecular_function	GO:0008519
A0A6M3Q9I2	molecular_function	GO:0015267
A0A6M3Q9I2	molecular_function	GO:0022803
A0A6M3Q9I2	molecular_function	GO:0022857
A0A6M3Q9I2	biological_process	GO:0003008
A0A6M3Q9I2	biological_process	GO:0006810
A0A6M3Q9I2	biological_process	GO:0007600
A0A6M3Q9I2	biological_process	GO:0007606
A0A6M3Q9I2	biological_process	GO:0007608
A0A6M3Q9I2	biological_process	GO:0009593
A0A6M3Q9I2	biological_process	GO:0009987
A0A6M3Q9I2	biological_process	GO:0032501
A0A6M3Q9I2	biological_process	GO:0042221
A0A6M3Q9I2	biological_process	GO:0050877
A0A6M3Q9I2	biological_process	GO:0050896
A0A6M3Q9I2	biological_process	GO:0050906
A0A6M3Q9I2	biological_process	GO:0050907
A0A6M3Q9I2	biological_process	GO:0050911
A0A6M3Q9I2	biological_process	GO:0051179
A0A6M3Q9I2	biological_process	GO:0051234
A0A6M3Q9I2	biological_process	GO:0051606
A0A6M3Q9I2	biological_process	GO:0051716
A0A6M3Q9I2	biological_process	GO:0055085
A0A6M3Q9I2	biological_process	GO:0060359
A0A6M3Q9I2	biological_process	GO:0070887
A0A6M3Q9I2	biological_process	GO:0071242
A0A6M3Q9I2	biological_process	GO:0071705
A0A6M3Q9I2	biological_process	GO:0072488
A0A6M3Q9I2	biological_process	GO:1901698
A0A6M3Q9I2	biological_process	GO:1901699
A0A6M3Q9I2	cellular_component	GO:0005886
A0A6M3Q9I2	cellular_component	GO:0016020
A0A6M3Q9I2	cellular_component	GO:0071944
A0A6M3Q9I2	cellular_component	GO:0110165
A1Z707	molecular_function	GO:0003824
A1Z707	molecular_function	GO:0004368
A1Z707	molecular_function	GO:0016491
A1Z707	molecular_function	GO:0016614
A1Z707	molecular_function	GO:0016901
A1Z707	cellular_component	GO:0005622
A1Z707	cellular_component	GO:0005737
A1Z707	cellular_component	GO:0005739
A1Z707	cellular_component	GO:0043226
A1Z707	cellular_component	GO:0043227
A1Z707	cellular_component	GO:0043229
A1Z707	cellular_component	GO:0043231
A1Z707	cellular_component	GO:0110165
A1Z7S9	biological_process	GO:0006139
A1Z7S9	biological_process	GO:0006396
A1Z7S9	biological_process	GO:0006399
A1Z7S9	biological_process	GO:0008033
A1Z7S9	biological_process	GO:0008152
A1Z7S9	biological_process	GO:0009058
A1Z7S9	biological_process	GO:0009059
A1Z7S9	biological_process	GO:0009987
A1Z7S9	biological_process	GO:0010467
A1Z7S9	biological_process	GO:0016070
A1Z7S9	biological_process	GO:0032774
A1Z7S9	biological_process	GO:0034654
A1Z7S9	biological_process	GO:0043170
A1Z7S9	biological_process	GO:0044238
A1Z7S9	biological_process	GO:0090304
A1Z7S9	biological_process	GO:0141187
A1Z830	molecular_function	GO:0003824
A1Z830	molecular_function	GO:0008168
A1Z830	molecular_function	GO:0008170
A1Z830	molecular_function	GO:0008173
A1Z830	molecular_function	GO:0008649
A1Z830	molecular_function	GO:0008757
A1Z830	molecular_function	GO:0016436
A1Z830	molecular_function	GO:0016740
A1Z830	molecular_function	GO:0016741
A1Z830	molecular_function	GO:0070042
A1Z830	molecular_function	GO:0140098
A1Z830	molecular_function	GO:0140102
A1Z830	molecular_function	GO:0140640
A1Z830	biological_process	GO:0000154
A1Z830	biological_process	GO:0001510
A1Z830	biological_process	GO:0006139
A1Z830	biological_process	GO:0006364
A1Z830	biological_process	GO:0006396
A1Z830	biological_process	GO:0008152
A1Z830	biological_process	GO:0009058
A1Z830	biological_process	GO:0009059
A1Z830	biological_process	GO:0009451
A1Z830	biological_process	GO:0009987
A1Z830	biological_process	GO:0010467
A1Z830	biological_process	GO:0016070
A1Z830	biological_process	GO:0016072
A1Z830	biological_process	GO:0022613
A1Z830	biological_process	GO:0031167
A1Z830	biological_process	GO:0032259
A1Z830	biological_process	GO:0032774
A1Z830	biological_process	GO:0034654
A1Z830	biological_process	GO:0042254
A1Z830	biological_process	GO:0043170
A1Z830	biological_process	GO:0043412
A1Z830	biological_process	GO:0043414
A1Z830	biological_process	GO:0044085
A1Z830	biological_process	GO:0044238
A1Z830	biological_process	GO:0070475
A1Z830	biological_process	GO:0071840
A1Z830	biological_process	GO:0090304
A1Z830	biological_process	GO:0141187
A1Z830	cellular_component	GO:0005622
A1Z830	cellular_component	GO:0005634
A1Z830	cellular_component	GO:0005730
A1Z830	cellular_component	GO:0031974
A1Z830	cellular_component	GO:0031981
A1Z830	cellular_component	GO:0043226
A1Z830	cellular_component	GO:0043227
A1Z830	cellular_component	GO:0043228
A1Z830	cellular_component	GO:0043229
A1Z830	cellular_component	GO:0043231
A1Z830	cellular_component	GO:0043232
A1Z830	cellular_component	GO:0043233
A1Z830	cellular_component	GO:0070013
A1Z830	cellular_component	GO:0110165
A1Z8I0	biological_process	GO:0006810
A1Z8I0	biological_process	GO:0009987
A1Z8I0	biological_process	GO:0016192
A1Z8I0	biological_process	GO:0048193
A1Z8I0	biological_process	GO:0051179
A1Z8I0	biological_process	GO:0051234
A1Z8I0	cellular_component	GO:0005622
A1Z8I0	cellular_component	GO:0005737
A1Z8I0	cellular_component	GO:0005768
A1Z8I0	cellular_component	GO:0005794
A1Z8I0	cellular_component	GO:0012505
A1Z8I0	cellular_component	GO:0030008
A1Z8I0	cellular_component	GO:0031410
A1Z8I0	cellular_component	GO:0031982
A1Z8I0	cellular_component	GO:0032991
A1Z8I0	cellular_component	GO:0043226
A1Z8I0	cellular_component	GO:0043227
A1Z8I0	cellular_component	GO:0043229
A1Z8I0	cellular_component	GO:0043231
A1Z8I0	cellular_component	GO:0097708
A1Z8I0	cellular_component	GO:0099023
A1Z8I0	cellular_component	GO:0110165
A1Z8I0	cellular_component	GO:0140535
A1Z8I0	cellular_component	GO:1990071
A1Z8I0	cellular_component	GO:1990072
A1Z917	molecular_function	GO:0005488
A1Z917	molecular_function	GO:0005515
A1Z9G9	cellular_component	GO:0000428
A1Z9G9	cellular_component	GO:0005622
A1Z9G9	cellular_component	GO:0005634
A1Z9G9	cellular_component	GO:0005654
A1Z9G9	cellular_component	GO:0005730
A1Z9G9	cellular_component	GO:0008023
A1Z9G9	cellular_component	GO:0016591
A1Z9G9	cellular_component	GO:0016593
A1Z9G9	cellular_component	GO:0030880
A1Z9G9	cellular_component	GO:0031974
A1Z9G9	cellular_component	GO:0031981
A1Z9G9	cellular_component	GO:0032991
A1Z9G9	cellular_component	GO:0043226
A1Z9G9	cellular_component	GO:0043227
A1Z9G9	cellular_component	GO:0043228
A1Z9G9	cellular_component	GO:0043229
A1Z9G9	cellular_component	GO:0043231
A1Z9G9	cellular_component	GO:0043232
A1Z9G9	cellular_component	GO:0043233
A1Z9G9	cellular_component	GO:0055029
A1Z9G9	cellular_component	GO:0061695
A1Z9G9	cellular_component	GO:0070013
A1Z9G9	cellular_component	GO:0110165
A1Z9G9	cellular_component	GO:0140513
A1Z9G9	cellular_component	GO:0140535
A1Z9G9	cellular_component	GO:1902494
A1Z9G9	cellular_component	GO:1990234
A1Z9I6	molecular_function	GO:0005488
A1Z9I6	molecular_function	GO:0005515
A1Z9M0	biological_process	GO:0006810
A1Z9M0	biological_process	GO:0006839
A1Z9M0	biological_process	GO:0009987
A1Z9M0	biological_process	GO:0046907
A1Z9M0	biological_process	GO:0051179
A1Z9M0	biological_process	GO:0051234
A1Z9M0	biological_process	GO:0051641
A1Z9M0	biological_process	GO:0051649
A1Z9M0	biological_process	GO:0055085
A1Z9M0	biological_process	GO:1990542
A1ZA77	molecular_function	GO:0005102
A1ZA77	molecular_function	GO:0005488
A1ZA77	molecular_function	GO:0005515
A1ZA77	biological_process	GO:0001736
A1ZA77	biological_process	GO:0001738
A1ZA77	biological_process	GO:0002009
A1ZA77	biological_process	GO:0007164
A1ZA77	biological_process	GO:0008104
A1ZA77	biological_process	GO:0009653
A1ZA77	biological_process	GO:0009888
A1ZA77	biological_process	GO:0032502
A1ZA77	biological_process	GO:0033036
A1ZA77	biological_process	GO:0048729
A1ZA77	biological_process	GO:0048856
A1ZA77	biological_process	GO:0051179
A1ZA77	biological_process	GO:0060429
A1ZA77	biological_process	GO:0090251
A1ZA77	biological_process	GO:0160108
A1ZA77	cellular_component	GO:0005622
A1ZA77	cellular_component	GO:0005737
A1ZA77	cellular_component	GO:0005783
A1ZA77	cellular_component	GO:0005789
A1ZA77	cellular_component	GO:0012505
A1ZA77	cellular_component	GO:0016020
A1ZA77	cellular_component	GO:0031090
A1ZA77	cellular_component	GO:0031984
A1ZA77	cellular_component	GO:0042175
A1ZA77	cellular_component	GO:0043226
A1ZA77	cellular_component	GO:0043227
A1ZA77	cellular_component	GO:0043229
A1ZA77	cellular_component	GO:0043231
A1ZA77	cellular_component	GO:0098827
A1ZA77	cellular_component	GO:0110165
A1ZAJ3	biological_process	GO:0007320
A1ZAJ3	biological_process	GO:0007610
A1ZAJ3	biological_process	GO:0007617
A1ZAJ3	biological_process	GO:0007620
A1ZAJ3	biological_process	GO:0019098
A1ZAJ3	biological_process	GO:0022414
A1ZAJ3	biological_process	GO:0032501
A1ZAJ3	biological_process	GO:0044703
A1ZAJ3	biological_process	GO:0044706
A1ZAJ3	biological_process	GO:0048609
A1ZAJ3	cellular_component	GO:0005576
A1ZAJ3	cellular_component	GO:0110165
A1ZAP7	molecular_function	GO:0003676
A1ZAP7	molecular_function	GO:0003723
A1ZAP7	molecular_function	GO:0003729
A1ZAP7	molecular_function	GO:0005488
A1ZAP7	molecular_function	GO:0043021
A1ZAP7	molecular_function	GO:0044877
A1ZAP7	molecular_function	GO:1905172
A1ZAP7	molecular_function	GO:1990825
A1ZAP7	biological_process	GO:0009889
A1ZAP7	biological_process	GO:0010468
A1ZAP7	biological_process	GO:0010556
A1ZAP7	biological_process	GO:0019222
A1ZAP7	biological_process	GO:0048518
A1ZAP7	biological_process	GO:0050789
A1ZAP7	biological_process	GO:0050794
A1ZAP7	biological_process	GO:0060147
A1ZAP7	biological_process	GO:0060148
A1ZAP7	biological_process	GO:0060255
A1ZAP7	biological_process	GO:0060964
A1ZAP7	biological_process	GO:0060966
A1ZAP7	biological_process	GO:0065007
A1ZAP7	biological_process	GO:1900368
A1ZAP7	biological_process	GO:1900370
A1ZAP7	biological_process	GO:2000637
A1ZAP7	cellular_component	GO:0005622
A1ZAP7	cellular_component	GO:0005737
A1ZAP7	cellular_component	GO:0005829
A1ZAP7	cellular_component	GO:0110165
A1ZAX2	cellular_component	GO:0005622
A1ZAX2	cellular_component	GO:0005737
A1ZAX2	cellular_component	GO:0005739
A1ZAX2	cellular_component	GO:0005740
A1ZAX2	cellular_component	GO:0005741
A1ZAX2	cellular_component	GO:0016020
A1ZAX2	cellular_component	GO:0019867
A1ZAX2	cellular_component	GO:0031090
A1ZAX2	cellular_component	GO:0031966
A1ZAX2	cellular_component	GO:0031967
A1ZAX2	cellular_component	GO:0031968
A1ZAX2	cellular_component	GO:0043226
A1ZAX2	cellular_component	GO:0043227
A1ZAX2	cellular_component	GO:0043229
A1ZAX2	cellular_component	GO:0043231
A1ZAX2	cellular_component	GO:0098588
A1ZAX2	cellular_component	GO:0110165
A1ZB29	molecular_function	GO:0003824
A1ZB29	molecular_function	GO:0004798
A1ZB29	molecular_function	GO:0016301
A1ZB29	molecular_function	GO:0016740
A1ZB29	molecular_function	GO:0016772
A1ZB29	molecular_function	GO:0016776
A1ZB29	molecular_function	GO:0019205
A1ZB29	molecular_function	GO:0047507
A1ZB29	molecular_function	GO:0120136
A1ZBF1	molecular_function	GO:0005488
A1ZBF1	molecular_function	GO:0005515
A1ZBF1	molecular_function	GO:0008017
A1ZBF1	molecular_function	GO:0008092
A1ZBF1	molecular_function	GO:0015631
A1ZBF1	molecular_function	GO:0051010
A1ZBF1	biological_process	GO:0032886
A1ZBF1	biological_process	GO:0033043
A1ZBF1	biological_process	GO:0050789
A1ZBF1	biological_process	GO:0050794
A1ZBF1	biological_process	GO:0051128
A1ZBF1	biological_process	GO:0051493
A1ZBF1	biological_process	GO:0065007
A1ZBF1	biological_process	GO:0070507
A1ZBH3	molecular_function	GO:0003824
A1ZBH3	molecular_function	GO:0004620
A1ZBH3	molecular_function	GO:0016298
A1ZBH3	molecular_function	GO:0016787
A1ZBH3	molecular_function	GO:0016788
A1ZBH3	molecular_function	GO:0052689
A1ZBH3	molecular_function	GO:0120558
A1ZBH3	molecular_function	GO:0120560
A1ZBH3	molecular_function	GO:0120569
A1ZBH3	molecular_function	GO:0140322
A1ZBR1	molecular_function	GO:0003824
A1ZBR1	molecular_function	GO:0016301
A1ZBR1	molecular_function	GO:0016740
A1ZBR1	molecular_function	GO:0016772
A1ZBR1	molecular_function	GO:0106389
A2A2Y4	molecular_function	GO:0005488
A2A2Y4	molecular_function	GO:0005515
A2A3L6	molecular_function	GO:0005488
A2A3L6	molecular_function	GO:0005515
A2RTY3	molecular_function	GO:0005488
A2RTY3	molecular_function	GO:0005515
A4D256	cellular_component	GO:0005622
A4D256	cellular_component	GO:0005737
A4D256	cellular_component	GO:0005783
A4D256	cellular_component	GO:0005789
A4D256	cellular_component	GO:0012505
A4D256	cellular_component	GO:0016020
A4D256	cellular_component	GO:0031090
A4D256	cellular_component	GO:0031984
A4D256	cellular_component	GO:0042175
A4D256	cellular_component	GO:0043226
A4D256	cellular_component	GO:0043227
A4D256	cellular_component	GO:0043229
A4D256	cellular_component	GO:0043231
A4D256	cellular_component	GO:0098827
A4D256	cellular_component	GO:0110165
A4QMS7	molecular_function	GO:0005488
A4QMS7	molecular_function	GO:0005515
A4QMS7	cellular_component	GO:0005622
A4QMS7	cellular_component	GO:0005737
A4QMS7	cellular_component	GO:0005815
A4QMS7	cellular_component	GO:0005856
A4QMS7	cellular_component	GO:0005929
A4QMS7	cellular_component	GO:0005930
A4QMS7	cellular_component	GO:0015630
A4QMS7	cellular_component	GO:0036064
A4QMS7	cellular_component	GO:0042995
A4QMS7	cellular_component	GO:0043226
A4QMS7	cellular_component	GO:0043227
A4QMS7	cellular_component	GO:0043228
A4QMS7	cellular_component	GO:0043229
A4QMS7	cellular_component	GO:0043232
A4QMS7	cellular_component	GO:0097014
A4QMS7	cellular_component	GO:0110165
A4QMS7	cellular_component	GO:0120025
A6NGH8	cellular_component	GO:0005622
A6NGH8	cellular_component	GO:0005634
A6NGH8	cellular_component	GO:0005654
A6NGH8	cellular_component	GO:0031974
A6NGH8	cellular_component	GO:0031981
A6NGH8	cellular_component	GO:0043226
A6NGH8	cellular_component	GO:0043227
A6NGH8	cellular_component	GO:0043229
A6NGH8	cellular_component	GO:0043231
A6NGH8	cellular_component	GO:0043233
A6NGH8	cellular_component	GO:0070013
A6NGH8	cellular_component	GO:0110165
A6NKD2	molecular_function	GO:0005488
A6NKD2	molecular_function	GO:0005515
A6NL82	molecular_function	GO:0005488
A6NL82	molecular_function	GO:0005515
A6NL82	molecular_function	GO:0008017
A6NL82	molecular_function	GO:0008092
A6NL82	molecular_function	GO:0015631
A6NL82	cellular_component	GO:0005622
A6NL82	cellular_component	GO:0005737
A6NL82	cellular_component	GO:0005856
A6NL82	cellular_component	GO:0005874
A6NL82	cellular_component	GO:0005879
A6NL82	cellular_component	GO:0005881
A6NL82	cellular_component	GO:0005929
A6NL82	cellular_component	GO:0005930
A6NL82	cellular_component	GO:0015630
A6NL82	cellular_component	GO:0042995
A6NL82	cellular_component	GO:0043226
A6NL82	cellular_component	GO:0043227
A6NL82	cellular_component	GO:0043228
A6NL82	cellular_component	GO:0043229
A6NL82	cellular_component	GO:0043232
A6NL82	cellular_component	GO:0097014
A6NL82	cellular_component	GO:0099080
A6NL82	cellular_component	GO:0099081
A6NL82	cellular_component	GO:0099512
A6NL82	cellular_component	GO:0099513
A6NL82	cellular_component	GO:0110165
A6NL82	cellular_component	GO:0120025
A6NLP5	molecular_function	GO:0140311
A6NLP5	molecular_function	GO:0140313
A6NLP5	biological_process	GO:0001932
A6NLP5	biological_process	GO:0001933
A6NLP5	biological_process	GO:0009892
A6NLP5	biological_process	GO:0009894
A6NLP5	biological_process	GO:0009895
A6NLP5	biological_process	GO:0010605
A6NLP5	biological_process	GO:0010799
A6NLP5	biological_process	GO:0010801
A6NLP5	biological_process	GO:0019222
A6NLP5	biological_process	GO:0031396
A6NLP5	biological_process	GO:0031397
A6NLP5	biological_process	GO:0031399
A6NLP5	biological_process	GO:0031400
A6NLP5	biological_process	GO:0032434
A6NLP5	biological_process	GO:0032435
A6NLP5	biological_process	GO:0042176
A6NLP5	biological_process	GO:0042177
A6NLP5	biological_process	GO:0042325
A6NLP5	biological_process	GO:0042326
A6NLP5	biological_process	GO:0045936
A6NLP5	biological_process	GO:0048519
A6NLP5	biological_process	GO:0048523
A6NLP5	biological_process	GO:0050789
A6NLP5	biological_process	GO:0050794
A6NLP5	biological_process	GO:0051246
A6NLP5	biological_process	GO:0051248
A6NLP5	biological_process	GO:0060255
A6NLP5	biological_process	GO:0061136
A6NLP5	biological_process	GO:0062025
A6NLP5	biological_process	GO:0062026
A6NLP5	biological_process	GO:0065007
A6NLP5	biological_process	GO:0080090
A6NLP5	biological_process	GO:1901799
A6NLP5	biological_process	GO:1901873
A6NLP5	biological_process	GO:1901874
A6NLP5	biological_process	GO:1902914
A6NLP5	biological_process	GO:1902915
A6NLP5	biological_process	GO:1903320
A6NLP5	biological_process	GO:1903321
A6NLP5	biological_process	GO:2000058
A6NLP5	biological_process	GO:2000059
A6NLP5	cellular_component	GO:0005622
A6NLP5	cellular_component	GO:0005737
A6NLP5	cellular_component	GO:0005829
A6NLP5	cellular_component	GO:0110165
A6NLU0	molecular_function	GO:0005488
A6NLU0	molecular_function	GO:0005515
A6NLW8	molecular_function	GO:0003676
A6NLW8	molecular_function	GO:0003677
A6NLW8	molecular_function	GO:0003690
A6NLW8	molecular_function	GO:0005488
A6NLW8	molecular_function	GO:0043565
A6NLW8	molecular_function	GO:1990837
A6NLW8	cellular_component	GO:0005622
A6NLW8	cellular_component	GO:0005634
A6NLW8	cellular_component	GO:0005654
A6NLW8	cellular_component	GO:0031974
A6NLW8	cellular_component	GO:0031981
A6NLW8	cellular_component	GO:0043226
A6NLW8	cellular_component	GO:0043227
A6NLW8	cellular_component	GO:0043229
A6NLW8	cellular_component	GO:0043231
A6NLW8	cellular_component	GO:0043233
A6NLW8	cellular_component	GO:0070013
A6NLW8	cellular_component	GO:0110165
A6NNL5	cellular_component	GO:0005622
A6NNL5	cellular_component	GO:0005737
A6NNL5	cellular_component	GO:0005739
A6NNL5	cellular_component	GO:0043226
A6NNL5	cellular_component	GO:0043227
A6NNL5	cellular_component	GO:0043229
A6NNL5	cellular_component	GO:0043231
A6NNL5	cellular_component	GO:0110165
A6PVI3	molecular_function	GO:0005488
A6PVI3	molecular_function	GO:0005515
A6XGL0	molecular_function	GO:0005488
A6XGL0	molecular_function	GO:0005515
A8DYP7	molecular_function	GO:0003676
A8DYP7	molecular_function	GO:0003723
A8DYP7	molecular_function	GO:0003725
A8DYP7	molecular_function	GO:0003824
A8DYP7	molecular_function	GO:0005488
A8DYP7	molecular_function	GO:0016740
A8DYP7	molecular_function	GO:0016772
A8DYP7	molecular_function	GO:0016779
A8DYP7	molecular_function	GO:0061501
A8DYP7	molecular_function	GO:0140699
A8DYP7	molecular_function	GO:0140700
A8DYP7	biological_process	GO:0002218
A8DYP7	biological_process	GO:0002221
A8DYP7	biological_process	GO:0002253
A8DYP7	biological_process	GO:0002376
A8DYP7	biological_process	GO:0002682
A8DYP7	biological_process	GO:0002684
A8DYP7	biological_process	GO:0002753
A8DYP7	biological_process	GO:0002757
A8DYP7	biological_process	GO:0002758
A8DYP7	biological_process	GO:0002764
A8DYP7	biological_process	GO:0002831
A8DYP7	biological_process	GO:0002833
A8DYP7	biological_process	GO:0006950
A8DYP7	biological_process	GO:0006952
A8DYP7	biological_process	GO:0006955
A8DYP7	biological_process	GO:0007154
A8DYP7	biological_process	GO:0007165
A8DYP7	biological_process	GO:0009605
A8DYP7	biological_process	GO:0009607
A8DYP7	biological_process	GO:0009615
A8DYP7	biological_process	GO:0009987
A8DYP7	biological_process	GO:0023052
A8DYP7	biological_process	GO:0030522
A8DYP7	biological_process	GO:0031347
A8DYP7	biological_process	GO:0031349
A8DYP7	biological_process	GO:0032101
A8DYP7	biological_process	GO:0032103
A8DYP7	biological_process	GO:0035556
A8DYP7	biological_process	GO:0042221
A8DYP7	biological_process	GO:0043207
A8DYP7	biological_process	GO:0043330
A8DYP7	biological_process	GO:0043331
A8DYP7	biological_process	GO:0044419
A8DYP7	biological_process	GO:0045088
A8DYP7	biological_process	GO:0045089
A8DYP7	biological_process	GO:0048518
A8DYP7	biological_process	GO:0048583
A8DYP7	biological_process	GO:0048584
A8DYP7	biological_process	GO:0050776
A8DYP7	biological_process	GO:0050778
A8DYP7	biological_process	GO:0050789
A8DYP7	biological_process	GO:0050794
A8DYP7	biological_process	GO:0050896
A8DYP7	biological_process	GO:0051607
A8DYP7	biological_process	GO:0051707
A8DYP7	biological_process	GO:0051716
A8DYP7	biological_process	GO:0065007
A8DYP7	biological_process	GO:0080134
A8DYP7	biological_process	GO:0098586
A8DYP7	biological_process	GO:0140896
A8DYP7	biological_process	GO:1901698
A8DYP7	biological_process	GO:1902615
A8DYP7	cellular_component	GO:0005622
A8DYP7	cellular_component	GO:0005737
A8DYP7	cellular_component	GO:0005829
A8DYP7	cellular_component	GO:0110165
A8MSI8	cellular_component	GO:0005622
A8MSI8	cellular_component	GO:0005737
A8MSI8	cellular_component	GO:0005739
A8MSI8	cellular_component	GO:0043226
A8MSI8	cellular_component	GO:0043227
A8MSI8	cellular_component	GO:0043229
A8MSI8	cellular_component	GO:0043231
A8MSI8	cellular_component	GO:0110165
A8MTT3	cellular_component	GO:0005622
A8MTT3	cellular_component	GO:0005737
A8MTT3	cellular_component	GO:0005739
A8MTT3	cellular_component	GO:0005740
A8MTT3	cellular_component	GO:0016020
A8MTT3	cellular_component	GO:0031090
A8MTT3	cellular_component	GO:0031966
A8MTT3	cellular_component	GO:0031967
A8MTT3	cellular_component	GO:0043226
A8MTT3	cellular_component	GO:0043227
A8MTT3	cellular_component	GO:0043229
A8MTT3	cellular_component	GO:0043231
A8MTT3	cellular_component	GO:0110165
A8MVS5	molecular_function	GO:0005488
A8MVS5	molecular_function	GO:0005515
A8MWY0	molecular_function	GO:0005488
A8MWY0	molecular_function	GO:0005515
B2RC85	cellular_component	GO:0005929
B2RC85	cellular_component	GO:0031514
B2RC85	cellular_component	GO:0036126
B2RC85	cellular_component	GO:0042995
B2RC85	cellular_component	GO:0043226
B2RC85	cellular_component	GO:0043227
B2RC85	cellular_component	GO:0097729
B2RC85	cellular_component	GO:0110165
B2RC85	cellular_component	GO:0120025
B2RV13	molecular_function	GO:0005488
B2RV13	molecular_function	GO:0005515
B2RXH8	molecular_function	GO:0005488
B2RXH8	molecular_function	GO:0005515
B2RXH8	molecular_function	GO:0042802
B5ME19	molecular_function	GO:0005488
B5ME19	molecular_function	GO:0005515
B7Z0M0	molecular_function	GO:0005488
B7Z0M0	molecular_function	GO:0005515
C0HKF7	molecular_function	GO:0003824
C0HKF7	molecular_function	GO:0016787
C0HKF7	molecular_function	GO:0017171
C0HM01	molecular_function	GO:0005488
C0HM01	molecular_function	GO:0005515
C0HM01	biological_process	GO:0009889
C0HM01	biological_process	GO:0009891
C0HM01	biological_process	GO:0009892
C0HM01	biological_process	GO:0009893
C0HM01	biological_process	GO:0009894
C0HM01	biological_process	GO:0009895
C0HM01	biological_process	GO:0010468
C0HM01	biological_process	GO:0010556
C0HM01	biological_process	GO:0010557
C0HM01	biological_process	GO:0010604
C0HM01	biological_process	GO:0010605
C0HM01	biological_process	GO:0010608
C0HM01	biological_process	GO:0010628
C0HM01	biological_process	GO:0019219
C0HM01	biological_process	GO:0019222
C0HM01	biological_process	GO:0043487
C0HM01	biological_process	GO:0043488
C0HM01	biological_process	GO:0043489
C0HM01	biological_process	GO:0044093
C0HM01	biological_process	GO:0045934
C0HM01	biological_process	GO:0048255
C0HM01	biological_process	GO:0048518
C0HM01	biological_process	GO:0048519
C0HM01	biological_process	GO:0048522
C0HM01	biological_process	GO:0048523
C0HM01	biological_process	GO:0050789
C0HM01	biological_process	GO:0050794
C0HM01	biological_process	GO:0051098
C0HM01	biological_process	GO:0051099
C0HM01	biological_process	GO:0051252
C0HM01	biological_process	GO:0051253
C0HM01	biological_process	GO:0060255
C0HM01	biological_process	GO:0061013
C0HM01	biological_process	GO:0065007
C0HM01	biological_process	GO:0065008
C0HM01	biological_process	GO:0065009
C0HM01	biological_process	GO:0080090
C0HM01	biological_process	GO:1902369
C0HM01	biological_process	GO:1902373
C0HM01	biological_process	GO:1902415
C0HM01	biological_process	GO:1902416
C0HM01	biological_process	GO:1903311
C0HM01	biological_process	GO:1903312
C0HM01	biological_process	GO:1905216
H3BRN8	molecular_function	GO:0005488
H3BRN8	molecular_function	GO:0005515
H3BRN8	cellular_component	GO:0005622
H3BRN8	cellular_component	GO:0005737
H3BRN8	cellular_component	GO:0005856
H3BRN8	cellular_component	GO:0005874
H3BRN8	cellular_component	GO:0005879
H3BRN8	cellular_component	GO:0005881
H3BRN8	cellular_component	GO:0005929
H3BRN8	cellular_component	GO:0005930
H3BRN8	cellular_component	GO:0015630
H3BRN8	cellular_component	GO:0042995
H3BRN8	cellular_component	GO:0043226
H3BRN8	cellular_component	GO:0043227
H3BRN8	cellular_component	GO:0043228
H3BRN8	cellular_component	GO:0043229
H3BRN8	cellular_component	GO:0043232
H3BRN8	cellular_component	GO:0097014
H3BRN8	cellular_component	GO:0099080
H3BRN8	cellular_component	GO:0099081
H3BRN8	cellular_component	GO:0099512
H3BRN8	cellular_component	GO:0099513
H3BRN8	cellular_component	GO:0110165
H3BRN8	cellular_component	GO:0120025
H3BS89	molecular_function	GO:0005488
H3BS89	molecular_function	GO:0005515
H3BU77	molecular_function	GO:0005488
H3BU77	molecular_function	GO:0005515
L0R819	cellular_component	GO:0005622
L0R819	cellular_component	GO:0005737
L0R819	cellular_component	GO:0032991
L0R819	cellular_component	GO:0110165
L0R819	cellular_component	GO:1990062
M9MS20	molecular_function	GO:0003824
M9MS20	molecular_function	GO:0016787
M9MS20	molecular_function	GO:0017171
M9PCU5	molecular_function	GO:0003824
M9PCU5	molecular_function	GO:0016787
M9PCU5	molecular_function	GO:0017171
M9PE19	biological_process	GO:0002165
M9PE19	biological_process	GO:0007275
M9PE19	biological_process	GO:0007444
M9PE19	biological_process	GO:0007552
M9PE19	biological_process	GO:0007560
M9PE19	biological_process	GO:0009653
M9PE19	biological_process	GO:0009791
M9PE19	biological_process	GO:0009886
M9PE19	biological_process	GO:0009887
M9PE19	biological_process	GO:0032501
M9PE19	biological_process	GO:0032502
M9PE19	biological_process	GO:0046528
M9PE19	biological_process	GO:0046529
M9PE19	biological_process	GO:0048513
M9PE19	biological_process	GO:0048707
M9PE19	biological_process	GO:0048856
M9PE19	biological_process	GO:0160108
M9PEU1	biological_process	GO:0003333
M9PEU1	biological_process	GO:0006810
M9PEU1	biological_process	GO:0006865
M9PEU1	biological_process	GO:0009987
M9PEU1	biological_process	GO:0051179
M9PEU1	biological_process	GO:0051234
M9PEU1	biological_process	GO:0055085
M9PEU1	cellular_component	GO:0005886
M9PEU1	cellular_component	GO:0016020
M9PEU1	cellular_component	GO:0071944
M9PEU1	cellular_component	GO:0110165
M9PHA4	molecular_function	GO:0005215
M9PHA4	molecular_function	GO:0005319
M9PHA4	molecular_function	GO:0017128
M9PHA4	molecular_function	GO:0140104
M9PHA4	molecular_function	GO:0140303
M9PHA4	biological_process	GO:0006810
M9PHA4	biological_process	GO:0006869
M9PHA4	biological_process	GO:0007009
M9PHA4	biological_process	GO:0009987
M9PHA4	biological_process	GO:0010256
M9PHA4	biological_process	GO:0010876
M9PHA4	biological_process	GO:0015748
M9PHA4	biological_process	GO:0015914
M9PHA4	biological_process	GO:0016043
M9PHA4	biological_process	GO:0017121
M9PHA4	biological_process	GO:0033036
M9PHA4	biological_process	GO:0034204
M9PHA4	biological_process	GO:0045332
M9PHA4	biological_process	GO:0051179
M9PHA4	biological_process	GO:0051234
M9PHA4	biological_process	GO:0061024
M9PHA4	biological_process	GO:0065007
M9PHA4	biological_process	GO:0065008
M9PHA4	biological_process	GO:0071840
M9PHA4	biological_process	GO:0097035
M9PHA4	cellular_component	GO:0005886
M9PHA4	cellular_component	GO:0016020
M9PHA4	cellular_component	GO:0071944
M9PHA4	cellular_component	GO:0110165
O00160	molecular_function	GO:0005488
O00160	molecular_function	GO:0005515
O00160	molecular_function	GO:0030674
O00160	molecular_function	GO:0060090
O00160	biological_process	GO:0002376
O00160	biological_process	GO:0002682
O00160	biological_process	GO:0002684
O00160	biological_process	GO:0002831
O00160	biological_process	GO:0002833
O00160	biological_process	GO:0006950
O00160	biological_process	GO:0006952
O00160	biological_process	GO:0006955
O00160	biological_process	GO:0006996
O00160	biological_process	GO:0007010
O00160	biological_process	GO:0007015
O00160	biological_process	GO:0008104
O00160	biological_process	GO:0009605
O00160	biological_process	GO:0009607
O00160	biological_process	GO:0009615
O00160	biological_process	GO:0009620
O00160	biological_process	GO:0009966
O00160	biological_process	GO:0009967
O00160	biological_process	GO:0009987
O00160	biological_process	GO:0010646
O00160	biological_process	GO:0010647
O00160	biological_process	GO:0016043
O00160	biological_process	GO:0023051
O00160	biological_process	GO:0023056
O00160	biological_process	GO:0030029
O00160	biological_process	GO:0030036
O00160	biological_process	GO:0031347
O00160	biological_process	GO:0031349
O00160	biological_process	GO:0032101
O00160	biological_process	GO:0032103
O00160	biological_process	GO:0033036
O00160	biological_process	GO:0039531
O00160	biological_process	GO:0043207
O00160	biological_process	GO:0044419
O00160	biological_process	GO:0045087
O00160	biological_process	GO:0045088
O00160	biological_process	GO:0045089
O00160	biological_process	GO:0048518
O00160	biological_process	GO:0048522
O00160	biological_process	GO:0048583
O00160	biological_process	GO:0048584
O00160	biological_process	GO:0050776
O00160	biological_process	GO:0050778
O00160	biological_process	GO:0050789
O00160	biological_process	GO:0050794
O00160	biological_process	GO:0050832
O00160	biological_process	GO:0050896
O00160	biological_process	GO:0051179
O00160	biological_process	GO:0051607
O00160	biological_process	GO:0051641
O00160	biological_process	GO:0051668
O00160	biological_process	GO:0051707
O00160	biological_process	GO:0061760
O00160	biological_process	GO:0062207
O00160	biological_process	GO:0062208
O00160	biological_process	GO:0065007
O00160	biological_process	GO:0071840
O00160	biological_process	GO:0072657
O00160	biological_process	GO:0072659
O00160	biological_process	GO:0080134
O00160	biological_process	GO:0097435
O00160	biological_process	GO:0098542
O00160	biological_process	GO:0140374
O00160	biological_process	GO:0140546
O00160	biological_process	GO:0141111
O00160	biological_process	GO:1902531
O00160	biological_process	GO:1902533
O00160	biological_process	GO:1990778
O00160	cellular_component	GO:0005622
O00160	cellular_component	GO:0005737
O00160	cellular_component	GO:0005829
O00160	cellular_component	GO:0005886
O00160	cellular_component	GO:0009898
O00160	cellular_component	GO:0016020
O00160	cellular_component	GO:0071944
O00160	cellular_component	GO:0098552
O00160	cellular_component	GO:0098562
O00160	cellular_component	GO:0110165
O00591	molecular_function	GO:0004888
O00591	molecular_function	GO:0004890
O00591	molecular_function	GO:0005215
O00591	molecular_function	GO:0005216
O00591	molecular_function	GO:0005230
O00591	molecular_function	GO:0005253
O00591	molecular_function	GO:0005254
O00591	molecular_function	GO:0008509
O00591	molecular_function	GO:0015075
O00591	molecular_function	GO:0015108
O00591	molecular_function	GO:0015267
O00591	molecular_function	GO:0015276
O00591	molecular_function	GO:0016917
O00591	molecular_function	GO:0022803
O00591	molecular_function	GO:0022824
O00591	molecular_function	GO:0022834
O00591	molecular_function	GO:0022835
O00591	molecular_function	GO:0022836
O00591	molecular_function	GO:0022851
O00591	molecular_function	GO:0022857
O00591	molecular_function	GO:0030594
O00591	molecular_function	GO:0038023
O00591	molecular_function	GO:0060089
O00591	molecular_function	GO:0099095
O15480	molecular_function	GO:0005488
O15480	molecular_function	GO:0005515
O17444	cellular_component	GO:0030054
O17444	cellular_component	GO:0030424
O17444	cellular_component	GO:0042995
O17444	cellular_component	GO:0043005
O17444	cellular_component	GO:0043195
O17444	cellular_component	GO:0043679
O17444	cellular_component	GO:0044306
O17444	cellular_component	GO:0045202
O17444	cellular_component	GO:0098793
O17444	cellular_component	GO:0110165
O17444	cellular_component	GO:0120025
O17444	cellular_component	GO:0150034
O60423	cellular_component	GO:0005622
O60423	cellular_component	GO:0005737
O60423	cellular_component	GO:0005783
O60423	cellular_component	GO:0005789
O60423	cellular_component	GO:0012505
O60423	cellular_component	GO:0016020
O60423	cellular_component	GO:0031090
O60423	cellular_component	GO:0031984
O60423	cellular_component	GO:0042175
O60423	cellular_component	GO:0043226
O60423	cellular_component	GO:0043227
O60423	cellular_component	GO:0043229
O60423	cellular_component	GO:0043231
O60423	cellular_component	GO:0098827
O60423	cellular_component	GO:0110165
O60575	molecular_function	GO:0005488
O60575	molecular_function	GO:0005515
O60676	molecular_function	GO:0004857
O60676	molecular_function	GO:0004866
O60676	molecular_function	GO:0004869
O60676	molecular_function	GO:0030234
O60676	molecular_function	GO:0030414
O60676	molecular_function	GO:0061134
O60676	molecular_function	GO:0061135
O60676	molecular_function	GO:0098772
O60676	molecular_function	GO:0140678
O60809	molecular_function	GO:0005488
O60809	molecular_function	GO:0005515
O60928	molecular_function	GO:0005215
O60928	molecular_function	GO:0005216
O60928	molecular_function	GO:0005242
O60928	molecular_function	GO:0005244
O60928	molecular_function	GO:0005249
O60928	molecular_function	GO:0005261
O60928	molecular_function	GO:0005267
O60928	molecular_function	GO:0008324
O60928	molecular_function	GO:0015075
O60928	molecular_function	GO:0015079
O60928	molecular_function	GO:0015267
O60928	molecular_function	GO:0015276
O60928	molecular_function	GO:0022803
O60928	molecular_function	GO:0022832
O60928	molecular_function	GO:0022834
O60928	molecular_function	GO:0022836
O60928	molecular_function	GO:0022843
O60928	molecular_function	GO:0022857
O60928	molecular_function	GO:0046873
O60928	molecular_function	GO:0099094
O60928	biological_process	GO:0006873
O60928	biological_process	GO:0019725
O60928	biological_process	GO:0030003
O60928	biological_process	GO:0030007
O60928	biological_process	GO:0042391
O60928	biological_process	GO:0042592
O60928	biological_process	GO:0048878
O60928	biological_process	GO:0050801
O60928	biological_process	GO:0055075
O60928	biological_process	GO:0055080
O60928	biological_process	GO:0055082
O60928	biological_process	GO:0065007
O60928	biological_process	GO:0065008
O60928	biological_process	GO:0098771
O60928	cellular_component	GO:0005886
O60928	cellular_component	GO:0016020
O60928	cellular_component	GO:0032991
O60928	cellular_component	GO:0034702
O60928	cellular_component	GO:0071944
O60928	cellular_component	GO:0098796
O60928	cellular_component	GO:0110165
O60928	cellular_component	GO:1902495
O60928	cellular_component	GO:1990351
O75290	molecular_function	GO:0005488
O75290	molecular_function	GO:0005515
O75343	cellular_component	GO:0005622
O75343	cellular_component	GO:0005737
O75343	cellular_component	GO:0005829
O75343	cellular_component	GO:0110165
O75425	molecular_function	GO:0005488
O75425	molecular_function	GO:0005515
O75764	molecular_function	GO:0005488
O75764	molecular_function	GO:0005515
O76454	molecular_function	GO:0003824
O76454	molecular_function	GO:0008124
O76454	molecular_function	GO:0016829
O76454	molecular_function	GO:0016835
O76454	molecular_function	GO:0016836
O76454	biological_process	GO:0006066
O76454	biological_process	GO:0006729
O76454	biological_process	GO:0008152
O76454	biological_process	GO:0009058
O76454	biological_process	GO:0009987
O76454	biological_process	GO:0019751
O76454	biological_process	GO:0034311
O76454	biological_process	GO:0034312
O76454	biological_process	GO:0042558
O76454	biological_process	GO:0042559
O76454	biological_process	GO:0044281
O76454	biological_process	GO:0044283
O76454	biological_process	GO:0046146
O76454	biological_process	GO:0046165
O76454	biological_process	GO:0046173
O77134	cellular_component	GO:0005622
O77134	cellular_component	GO:0005737
O77134	cellular_component	GO:0005739
O77134	cellular_component	GO:0005740
O77134	cellular_component	GO:0005743
O77134	cellular_component	GO:0016020
O77134	cellular_component	GO:0019866
O77134	cellular_component	GO:0031090
O77134	cellular_component	GO:0031966
O77134	cellular_component	GO:0031967
O77134	cellular_component	GO:0043226
O77134	cellular_component	GO:0043227
O77134	cellular_component	GO:0043229
O77134	cellular_component	GO:0043231
O77134	cellular_component	GO:0110165
O77263	molecular_function	GO:0003824
O77263	molecular_function	GO:0005488
O77263	molecular_function	GO:0005515
O77263	molecular_function	GO:0008168
O77263	molecular_function	GO:0008173
O77263	molecular_function	GO:0008175
O77263	molecular_function	GO:0008176
O77263	molecular_function	GO:0008757
O77263	molecular_function	GO:0016423
O77263	molecular_function	GO:0016740
O77263	molecular_function	GO:0016741
O77263	molecular_function	GO:0140098
O77263	molecular_function	GO:0140101
O77263	molecular_function	GO:0140640
O77263	biological_process	GO:0001510
O77263	biological_process	GO:0006139
O77263	biological_process	GO:0006396
O77263	biological_process	GO:0006399
O77263	biological_process	GO:0006400
O77263	biological_process	GO:0008033
O77263	biological_process	GO:0008152
O77263	biological_process	GO:0009058
O77263	biological_process	GO:0009059
O77263	biological_process	GO:0009451
O77263	biological_process	GO:0009987
O77263	biological_process	GO:0010467
O77263	biological_process	GO:0016070
O77263	biological_process	GO:0030488
O77263	biological_process	GO:0032259
O77263	biological_process	GO:0032774
O77263	biological_process	GO:0034654
O77263	biological_process	GO:0043170
O77263	biological_process	GO:0043412
O77263	biological_process	GO:0043414
O77263	biological_process	GO:0044238
O77263	biological_process	GO:0090304
O77263	biological_process	GO:0141187
O77263	cellular_component	GO:0005622
O77263	cellular_component	GO:0032991
O77263	cellular_component	GO:0034708
O77263	cellular_component	GO:0043527
O77263	cellular_component	GO:0106143
O77263	cellular_component	GO:0110165
O77263	cellular_component	GO:1902494
O77263	cellular_component	GO:1990234
O94898	molecular_function	GO:0005488
O94898	molecular_function	GO:0005515
O97418	biological_process	GO:0006091
O97418	biological_process	GO:0006119
O97418	biological_process	GO:0006120
O97418	biological_process	GO:0008152
O97418	biological_process	GO:0009060
O97418	biological_process	GO:0009987
O97418	biological_process	GO:0015980
O97418	biological_process	GO:0019646
O97418	biological_process	GO:0022900
O97418	biological_process	GO:0022904
O97418	biological_process	GO:0042773
O97418	biological_process	GO:0042775
O97418	biological_process	GO:0045333
O97418	cellular_component	GO:0005622
O97418	cellular_component	GO:0005737
O97418	cellular_component	GO:0005739
O97418	cellular_component	GO:0005740
O97418	cellular_component	GO:0005743
O97418	cellular_component	GO:0016020
O97418	cellular_component	GO:0019866
O97418	cellular_component	GO:0030964
O97418	cellular_component	GO:0031090
O97418	cellular_component	GO:0031966
O97418	cellular_component	GO:0031967
O97418	cellular_component	GO:0032991
O97418	cellular_component	GO:0043226
O97418	cellular_component	GO:0043227
O97418	cellular_component	GO:0043229
O97418	cellular_component	GO:0043231
O97418	cellular_component	GO:0045271
O97418	cellular_component	GO:0098796
O97418	cellular_component	GO:0098803
O97418	cellular_component	GO:0110165
O97418	cellular_component	GO:1902494
O97418	cellular_component	GO:1902495
O97418	cellular_component	GO:1990204
O97418	cellular_component	GO:1990351
O97479	molecular_function	GO:0003824
O97479	molecular_function	GO:0003939
O97479	molecular_function	GO:0004022
O97479	molecular_function	GO:0016491
O97479	molecular_function	GO:0016614
O97479	molecular_function	GO:0016616
O97479	molecular_function	GO:0018455
O97479	molecular_function	GO:0047833
O97479	biological_process	GO:0005975
O97479	biological_process	GO:0005996
O97479	biological_process	GO:0006000
O97479	biological_process	GO:0006059
O97479	biological_process	GO:0006060
O97479	biological_process	GO:0006062
O97479	biological_process	GO:0006066
O97479	biological_process	GO:0008152
O97479	biological_process	GO:0009056
O97479	biological_process	GO:0009058
O97479	biological_process	GO:0009987
O97479	biological_process	GO:0016051
O97479	biological_process	GO:0016052
O97479	biological_process	GO:0019318
O97479	biological_process	GO:0019319
O97479	biological_process	GO:0019405
O97479	biological_process	GO:0019407
O97479	biological_process	GO:0019751
O97479	biological_process	GO:0044238
O97479	biological_process	GO:0044281
O97479	biological_process	GO:0044282
O97479	biological_process	GO:0044283
O97479	biological_process	GO:0046164
O97479	biological_process	GO:0046174
O97479	biological_process	GO:0046364
O97479	biological_process	GO:0046370
P01889	molecular_function	GO:0003823
P01889	molecular_function	GO:0005102
P01889	molecular_function	GO:0005488
P01889	molecular_function	GO:0005515
P01889	molecular_function	GO:0042277
P01889	molecular_function	GO:0042605
P01889	molecular_function	GO:0046977
P01889	molecular_function	GO:0051087
P01889	biological_process	GO:0001817
P01889	biological_process	GO:0001910
P01889	biological_process	GO:0001911
P01889	biological_process	GO:0001912
P01889	biological_process	GO:0001914
P01889	biological_process	GO:0001916
P01889	biological_process	GO:0002376
P01889	biological_process	GO:0002428
P01889	biological_process	GO:0002474
P01889	biological_process	GO:0002475
P01889	biological_process	GO:0002477
P01889	biological_process	GO:0002478
P01889	biological_process	GO:0002483
P01889	biological_process	GO:0002484
P01889	biological_process	GO:0002486
P01889	biological_process	GO:0002643
P01889	biological_process	GO:0002664
P01889	biological_process	GO:0002667
P01889	biological_process	GO:0002682
P01889	biological_process	GO:0002683
P01889	biological_process	GO:0002684
P01889	biological_process	GO:0002697
P01889	biological_process	GO:0002698
P01889	biological_process	GO:0002699
P01889	biological_process	GO:0002703
P01889	biological_process	GO:0002704
P01889	biological_process	GO:0002705
P01889	biological_process	GO:0002706
P01889	biological_process	GO:0002707
P01889	biological_process	GO:0002708
P01889	biological_process	GO:0002709
P01889	biological_process	GO:0002711
P01889	biological_process	GO:0002715
P01889	biological_process	GO:0002716
P01889	biological_process	GO:0002819
P01889	biological_process	GO:0002821
P01889	biological_process	GO:0002822
P01889	biological_process	GO:0002824
P01889	biological_process	GO:0002831
P01889	biological_process	GO:0002832
P01889	biological_process	GO:0002911
P01889	biological_process	GO:0006950
P01889	biological_process	GO:0006952
P01889	biological_process	GO:0006955
P01889	biological_process	GO:0009595
P01889	biological_process	GO:0009605
P01889	biological_process	GO:0009607
P01889	biological_process	GO:0009617
P01889	biological_process	GO:0009889
P01889	biological_process	GO:0010468
P01889	biological_process	GO:0010556
P01889	biological_process	GO:0016045
P01889	biological_process	GO:0019222
P01889	biological_process	GO:0019882
P01889	biological_process	GO:0019883
P01889	biological_process	GO:0019884
P01889	biological_process	GO:0019885
P01889	biological_process	GO:0031341
P01889	biological_process	GO:0031342
P01889	biological_process	GO:0031343
P01889	biological_process	GO:0031347
P01889	biological_process	GO:0031348
P01889	biological_process	GO:0032101
P01889	biological_process	GO:0032102
P01889	biological_process	GO:0032655
P01889	biological_process	GO:0032675
P01889	biological_process	GO:0042269
P01889	biological_process	GO:0042270
P01889	biological_process	GO:0043207
P01889	biological_process	GO:0044419
P01889	biological_process	GO:0045088
P01889	biological_process	GO:0045595
P01889	biological_process	GO:0045824
P01889	biological_process	GO:0045953
P01889	biological_process	GO:0048002
P01889	biological_process	GO:0048518
P01889	biological_process	GO:0048519
P01889	biological_process	GO:0048522
P01889	biological_process	GO:0048523
P01889	biological_process	GO:0048583
P01889	biological_process	GO:0048584
P01889	biological_process	GO:0048585
P01889	biological_process	GO:0050776
P01889	biological_process	GO:0050777
P01889	biological_process	GO:0050778
P01889	biological_process	GO:0050789
P01889	biological_process	GO:0050793
P01889	biological_process	GO:0050794
P01889	biological_process	GO:0050896
P01889	biological_process	GO:0051239
P01889	biological_process	GO:0051606
P01889	biological_process	GO:0051707
P01889	biological_process	GO:0060255
P01889	biological_process	GO:0060284
P01889	biological_process	GO:0065007
P01889	biological_process	GO:0080134
P01889	biological_process	GO:0098543
P01889	biological_process	GO:0098581
P01889	biological_process	GO:1902105
P01889	biological_process	GO:1903706
P01889	biological_process	GO:2000026
P01889	biological_process	GO:2001198
P01889	cellular_component	GO:0000139
P01889	cellular_component	GO:0005576
P01889	cellular_component	GO:0005622
P01889	cellular_component	GO:0005737
P01889	cellular_component	GO:0005768
P01889	cellular_component	GO:0005769
P01889	cellular_component	GO:0005783
P01889	cellular_component	GO:0005789
P01889	cellular_component	GO:0005794
P01889	cellular_component	GO:0005886
P01889	cellular_component	GO:0009986
P01889	cellular_component	GO:0010008
P01889	cellular_component	GO:0012505
P01889	cellular_component	GO:0012506
P01889	cellular_component	GO:0012507
P01889	cellular_component	GO:0016020
P01889	cellular_component	GO:0030133
P01889	cellular_component	GO:0030134
P01889	cellular_component	GO:0030135
P01889	cellular_component	GO:0030139
P01889	cellular_component	GO:0030141
P01889	cellular_component	GO:0030658
P01889	cellular_component	GO:0030659
P01889	cellular_component	GO:0030662
P01889	cellular_component	GO:0030666
P01889	cellular_component	GO:0030667
P01889	cellular_component	GO:0030670
P01889	cellular_component	GO:0031090
P01889	cellular_component	GO:0031410
P01889	cellular_component	GO:0031901
P01889	cellular_component	GO:0031982
P01889	cellular_component	GO:0031984
P01889	cellular_component	GO:0032398
P01889	cellular_component	GO:0032991
P01889	cellular_component	GO:0042175
P01889	cellular_component	GO:0042611
P01889	cellular_component	GO:0042612
P01889	cellular_component	GO:0043226
P01889	cellular_component	GO:0043227
P01889	cellular_component	GO:0043229
P01889	cellular_component	GO:0043230
P01889	cellular_component	GO:0043231
P01889	cellular_component	GO:0045335
P01889	cellular_component	GO:0055037
P01889	cellular_component	GO:0055038
P01889	cellular_component	GO:0065010
P01889	cellular_component	GO:0070062
P01889	cellular_component	GO:0071944
P01889	cellular_component	GO:0097708
P01889	cellular_component	GO:0098552
P01889	cellular_component	GO:0098553
P01889	cellular_component	GO:0098576
P01889	cellular_component	GO:0098588
P01889	cellular_component	GO:0098796
P01889	cellular_component	GO:0098797
P01889	cellular_component	GO:0098827
P01889	cellular_component	GO:0099503
P01889	cellular_component	GO:0110165
P01889	cellular_component	GO:1903561
P04439	molecular_function	GO:0003676
P04439	molecular_function	GO:0003723
P04439	molecular_function	GO:0003823
P04439	molecular_function	GO:0005102
P04439	molecular_function	GO:0005488
P04439	molecular_function	GO:0005515
P04439	molecular_function	GO:0030881
P04439	molecular_function	GO:0042277
P04439	molecular_function	GO:0042605
P04439	molecular_function	GO:0042608
P04439	molecular_function	GO:0042610
P04439	molecular_function	GO:0044877
P04439	molecular_function	GO:0046977
P04439	molecular_function	GO:0062061
P04439	biological_process	GO:0001775
P04439	biological_process	GO:0001817
P04439	biological_process	GO:0001819
P04439	biological_process	GO:0001906
P04439	biological_process	GO:0001909
P04439	biological_process	GO:0001910
P04439	biological_process	GO:0001911
P04439	biological_process	GO:0001912
P04439	biological_process	GO:0001913
P04439	biological_process	GO:0001914
P04439	biological_process	GO:0001916
P04439	biological_process	GO:0002250
P04439	biological_process	GO:0002252
P04439	biological_process	GO:0002253
P04439	biological_process	GO:0002347
P04439	biological_process	GO:0002376
P04439	biological_process	GO:0002396
P04439	biological_process	GO:0002397
P04439	biological_process	GO:0002418
P04439	biological_process	GO:0002419
P04439	biological_process	GO:0002424
P04439	biological_process	GO:0002428
P04439	biological_process	GO:0002429
P04439	biological_process	GO:0002443
P04439	biological_process	GO:0002449
P04439	biological_process	GO:0002456
P04439	biological_process	GO:0002460
P04439	biological_process	GO:0002474
P04439	biological_process	GO:0002475
P04439	biological_process	GO:0002477
P04439	biological_process	GO:0002478
P04439	biological_process	GO:0002483
P04439	biological_process	GO:0002484
P04439	biological_process	GO:0002485
P04439	biological_process	GO:0002486
P04439	biological_process	GO:0002501
P04439	biological_process	GO:0002502
P04439	biological_process	GO:0002682
P04439	biological_process	GO:0002683
P04439	biological_process	GO:0002684
P04439	biological_process	GO:0002694
P04439	biological_process	GO:0002696
P04439	biological_process	GO:0002697
P04439	biological_process	GO:0002698
P04439	biological_process	GO:0002699
P04439	biological_process	GO:0002700
P04439	biological_process	GO:0002702
P04439	biological_process	GO:0002703
P04439	biological_process	GO:0002704
P04439	biological_process	GO:0002705
P04439	biological_process	GO:0002706
P04439	biological_process	GO:0002707
P04439	biological_process	GO:0002708
P04439	biological_process	GO:0002709
P04439	biological_process	GO:0002711
P04439	biological_process	GO:0002715
P04439	biological_process	GO:0002716
P04439	biological_process	GO:0002718
P04439	biological_process	GO:0002720
P04439	biological_process	GO:0002724
P04439	biological_process	GO:0002726
P04439	biological_process	GO:0002757
P04439	biological_process	GO:0002764
P04439	biological_process	GO:0002768
P04439	biological_process	GO:0002819
P04439	biological_process	GO:0002821
P04439	biological_process	GO:0002822
P04439	biological_process	GO:0002824
P04439	biological_process	GO:0002831
P04439	biological_process	GO:0002832
P04439	biological_process	GO:0006950
P04439	biological_process	GO:0006952
P04439	biological_process	GO:0006955
P04439	biological_process	GO:0006959
P04439	biological_process	GO:0007154
P04439	biological_process	GO:0007165
P04439	biological_process	GO:0007166
P04439	biological_process	GO:0008284
P04439	biological_process	GO:0009595
P04439	biological_process	GO:0009605
P04439	biological_process	GO:0009607
P04439	biological_process	GO:0009617
P04439	biological_process	GO:0009889
P04439	biological_process	GO:0009891
P04439	biological_process	GO:0009893
P04439	biological_process	GO:0009987
P04439	biological_process	GO:0010468
P04439	biological_process	GO:0010556
P04439	biological_process	GO:0010557
P04439	biological_process	GO:0010604
P04439	biological_process	GO:0010628
P04439	biological_process	GO:0016043
P04439	biological_process	GO:0016045
P04439	biological_process	GO:0019222
P04439	biological_process	GO:0019730
P04439	biological_process	GO:0019731
P04439	biological_process	GO:0019882
P04439	biological_process	GO:0019883
P04439	biological_process	GO:0019884
P04439	biological_process	GO:0019885
P04439	biological_process	GO:0022407
P04439	biological_process	GO:0022409
P04439	biological_process	GO:0022607
P04439	biological_process	GO:0023052
P04439	biological_process	GO:0030155
P04439	biological_process	GO:0031341
P04439	biological_process	GO:0031342
P04439	biological_process	GO:0031343
P04439	biological_process	GO:0031347
P04439	biological_process	GO:0031348
P04439	biological_process	GO:0032101
P04439	biological_process	GO:0032102
P04439	biological_process	GO:0032501
P04439	biological_process	GO:0032649
P04439	biological_process	GO:0032729
P04439	biological_process	GO:0032944
P04439	biological_process	GO:0032946
P04439	biological_process	GO:0036037
P04439	biological_process	GO:0042102
P04439	biological_process	GO:0042110
P04439	biological_process	GO:0042127
P04439	biological_process	GO:0042129
P04439	biological_process	GO:0042269
P04439	biological_process	GO:0042270
P04439	biological_process	GO:0042590
P04439	biological_process	GO:0042742
P04439	biological_process	GO:0043207
P04439	biological_process	GO:0043933
P04439	biological_process	GO:0044085
P04439	biological_process	GO:0044419
P04439	biological_process	GO:0045088
P04439	biological_process	GO:0045321
P04439	biological_process	GO:0045785
P04439	biological_process	GO:0045824
P04439	biological_process	GO:0045953
P04439	biological_process	GO:0046631
P04439	biological_process	GO:0046634
P04439	biological_process	GO:0046635
P04439	biological_process	GO:0046640
P04439	biological_process	GO:0046641
P04439	biological_process	GO:0046649
P04439	biological_process	GO:0048002
P04439	biological_process	GO:0048518
P04439	biological_process	GO:0048519
P04439	biological_process	GO:0048522
P04439	biological_process	GO:0048523
P04439	biological_process	GO:0048583
P04439	biological_process	GO:0048584
P04439	biological_process	GO:0048585
P04439	biological_process	GO:0050670
P04439	biological_process	GO:0050671
P04439	biological_process	GO:0050776
P04439	biological_process	GO:0050777
P04439	biological_process	GO:0050778
P04439	biological_process	GO:0050789
P04439	biological_process	GO:0050794
P04439	biological_process	GO:0050830
P04439	biological_process	GO:0050851
P04439	biological_process	GO:0050852
P04439	biological_process	GO:0050863
P04439	biological_process	GO:0050865
P04439	biological_process	GO:0050867
P04439	biological_process	GO:0050870
P04439	biological_process	GO:0050896
P04439	biological_process	GO:0051239
P04439	biological_process	GO:0051240
P04439	biological_process	GO:0051249
P04439	biological_process	GO:0051251
P04439	biological_process	GO:0051606
P04439	biological_process	GO:0051707
P04439	biological_process	GO:0051716
P04439	biological_process	GO:0060255
P04439	biological_process	GO:0065003
P04439	biological_process	GO:0065007
P04439	biological_process	GO:0070663
P04439	biological_process	GO:0070665
P04439	biological_process	GO:0071840
P04439	biological_process	GO:0080134
P04439	biological_process	GO:0098542
P04439	biological_process	GO:0098543
P04439	biological_process	GO:0098581
P04439	biological_process	GO:0140546
P04439	biological_process	GO:1903037
P04439	biological_process	GO:1903039
P04439	biological_process	GO:2000564
P04439	biological_process	GO:2000566
P04439	biological_process	GO:2000567
P04439	biological_process	GO:2000568
P04439	biological_process	GO:2001185
P04439	biological_process	GO:2001187
P04439	cellular_component	GO:0000139
P04439	cellular_component	GO:0005576
P04439	cellular_component	GO:0005622
P04439	cellular_component	GO:0005737
P04439	cellular_component	GO:0005768
P04439	cellular_component	GO:0005769
P04439	cellular_component	GO:0005783
P04439	cellular_component	GO:0005789
P04439	cellular_component	GO:0005794
P04439	cellular_component	GO:0005795
P04439	cellular_component	GO:0005797
P04439	cellular_component	GO:0005886
P04439	cellular_component	GO:0009986
P04439	cellular_component	GO:0010008
P04439	cellular_component	GO:0012505
P04439	cellular_component	GO:0012506
P04439	cellular_component	GO:0012507
P04439	cellular_component	GO:0016020
P04439	cellular_component	GO:0030133
P04439	cellular_component	GO:0030134
P04439	cellular_component	GO:0030135
P04439	cellular_component	GO:0030139
P04439	cellular_component	GO:0030658
P04439	cellular_component	GO:0030659
P04439	cellular_component	GO:0030662
P04439	cellular_component	GO:0030666
P04439	cellular_component	GO:0030670
P04439	cellular_component	GO:0031090
P04439	cellular_component	GO:0031410
P04439	cellular_component	GO:0031901
P04439	cellular_component	GO:0031982
P04439	cellular_component	GO:0031984
P04439	cellular_component	GO:0031985
P04439	cellular_component	GO:0032398
P04439	cellular_component	GO:0032991
P04439	cellular_component	GO:0042175
P04439	cellular_component	GO:0042611
P04439	cellular_component	GO:0042612
P04439	cellular_component	GO:0042824
P04439	cellular_component	GO:0043226
P04439	cellular_component	GO:0043227
P04439	cellular_component	GO:0043229
P04439	cellular_component	GO:0043230
P04439	cellular_component	GO:0043231
P04439	cellular_component	GO:0045335
P04439	cellular_component	GO:0055037
P04439	cellular_component	GO:0055038
P04439	cellular_component	GO:0065010
P04439	cellular_component	GO:0070062
P04439	cellular_component	GO:0070971
P04439	cellular_component	GO:0071944
P04439	cellular_component	GO:0097708
P04439	cellular_component	GO:0098552
P04439	cellular_component	GO:0098553
P04439	cellular_component	GO:0098576
P04439	cellular_component	GO:0098588
P04439	cellular_component	GO:0098791
P04439	cellular_component	GO:0098796
P04439	cellular_component	GO:0098797
P04439	cellular_component	GO:0098827
P04439	cellular_component	GO:0110165
P04439	cellular_component	GO:0140534
P04439	cellular_component	GO:1903561
P04814	molecular_function	GO:0003824
P04814	molecular_function	GO:0016787
P04814	molecular_function	GO:0017171
P05552	molecular_function	GO:0000976
P05552	molecular_function	GO:0000981
P05552	molecular_function	GO:0001067
P05552	molecular_function	GO:0001216
P05552	molecular_function	GO:0001228
P05552	molecular_function	GO:0003676
P05552	molecular_function	GO:0003677
P05552	molecular_function	GO:0003690
P05552	molecular_function	GO:0003700
P05552	molecular_function	GO:0005488
P05552	molecular_function	GO:0043565
P05552	molecular_function	GO:0140110
P05552	molecular_function	GO:1990837
P05552	biological_process	GO:0006355
P05552	biological_process	GO:0006357
P05552	biological_process	GO:0009889
P05552	biological_process	GO:0009891
P05552	biological_process	GO:0009893
P05552	biological_process	GO:0010468
P05552	biological_process	GO:0010556
P05552	biological_process	GO:0010557
P05552	biological_process	GO:0010604
P05552	biological_process	GO:0019219
P05552	biological_process	GO:0019222
P05552	biological_process	GO:0045893
P05552	biological_process	GO:0045944
P05552	biological_process	GO:0048518
P05552	biological_process	GO:0048522
P05552	biological_process	GO:0050789
P05552	biological_process	GO:0050794
P05552	biological_process	GO:0051252
P05552	biological_process	GO:0051254
P05552	biological_process	GO:0060255
P05552	biological_process	GO:0065007
P05552	biological_process	GO:0080090
P05552	biological_process	GO:1902680
P05552	biological_process	GO:2001141
P05552	cellular_component	GO:0005622
P05552	cellular_component	GO:0005634
P05552	cellular_component	GO:0043226
P05552	cellular_component	GO:0043227
P05552	cellular_component	GO:0043229
P05552	cellular_component	GO:0043231
P05552	cellular_component	GO:0110165
P07316	molecular_function	GO:0005488
P07316	molecular_function	GO:0005515
P0C264	molecular_function	GO:0005488
P0C264	molecular_function	GO:0005515
P0C7M7	cellular_component	GO:0005622
P0C7M7	cellular_component	GO:0005737
P0C7M7	cellular_component	GO:0005739
P0C7M7	cellular_component	GO:0043226
P0C7M7	cellular_component	GO:0043227
P0C7M7	cellular_component	GO:0043229
P0C7M7	cellular_component	GO:0043231
P0C7M7	cellular_component	GO:0110165
P0C7P4	cellular_component	GO:0005622
P0C7P4	cellular_component	GO:0005737
P0C7P4	cellular_component	GO:0005739
P0C7P4	cellular_component	GO:0043226
P0C7P4	cellular_component	GO:0043227
P0C7P4	cellular_component	GO:0043229
P0C7P4	cellular_component	GO:0043231
P0C7P4	cellular_component	GO:0110165
P0C881	cellular_component	GO:0005929
P0C881	cellular_component	GO:0031514
P0C881	cellular_component	GO:0036126
P0C881	cellular_component	GO:0042995
P0C881	cellular_component	GO:0043226
P0C881	cellular_component	GO:0043227
P0C881	cellular_component	GO:0097729
P0C881	cellular_component	GO:0110165
P0C881	cellular_component	GO:0120025
P0CB47	molecular_function	GO:0005488
P0CB47	molecular_function	GO:0005515
P0CD97	cellular_component	GO:0005622
P0CD97	cellular_component	GO:0005737
P0CD97	cellular_component	GO:0005829
P0CD97	cellular_component	GO:0110165
P0CG08	molecular_function	GO:0005488
P0CG08	molecular_function	GO:0005515
P0CG08	cellular_component	GO:0000139
P0CG08	cellular_component	GO:0005622
P0CG08	cellular_component	GO:0005737
P0CG08	cellular_component	GO:0005794
P0CG08	cellular_component	GO:0012505
P0CG08	cellular_component	GO:0016020
P0CG08	cellular_component	GO:0031090
P0CG08	cellular_component	GO:0043226
P0CG08	cellular_component	GO:0043227
P0CG08	cellular_component	GO:0043229
P0CG08	cellular_component	GO:0043231
P0CG08	cellular_component	GO:0098588
P0CG08	cellular_component	GO:0110165
P0CG24	molecular_function	GO:0005488
P0CG24	molecular_function	GO:0005515
P0CI26	molecular_function	GO:0005488
P0CI26	molecular_function	GO:0005515
P0DJ07	cellular_component	GO:0005622
P0DJ07	cellular_component	GO:0005737
P0DJ07	cellular_component	GO:0005739
P0DJ07	cellular_component	GO:0005740
P0DJ07	cellular_component	GO:0005743
P0DJ07	cellular_component	GO:0016020
P0DJ07	cellular_component	GO:0019866
P0DJ07	cellular_component	GO:0031090
P0DJ07	cellular_component	GO:0031966
P0DJ07	cellular_component	GO:0031967
P0DJ07	cellular_component	GO:0043226
P0DJ07	cellular_component	GO:0043227
P0DJ07	cellular_component	GO:0043229
P0DJ07	cellular_component	GO:0043231
P0DJ07	cellular_component	GO:0110165
P0DN78	molecular_function	GO:0004888
P0DN78	molecular_function	GO:0004930
P0DN78	molecular_function	GO:0008020
P0DN78	molecular_function	GO:0009881
P0DN78	molecular_function	GO:0038023
P0DN78	molecular_function	GO:0060089
P0DN78	biological_process	GO:0003008
P0DN78	biological_process	GO:0007154
P0DN78	biological_process	GO:0007165
P0DN78	biological_process	GO:0007186
P0DN78	biological_process	GO:0007600
P0DN78	biological_process	GO:0007601
P0DN78	biological_process	GO:0007602
P0DN78	biological_process	GO:0007603
P0DN78	biological_process	GO:0009314
P0DN78	biological_process	GO:0009416
P0DN78	biological_process	GO:0009581
P0DN78	biological_process	GO:0009582
P0DN78	biological_process	GO:0009583
P0DN78	biological_process	GO:0009584
P0DN78	biological_process	GO:0009605
P0DN78	biological_process	GO:0009628
P0DN78	biological_process	GO:0009987
P0DN78	biological_process	GO:0016037
P0DN78	biological_process	GO:0016038
P0DN78	biological_process	GO:0016056
P0DN78	biological_process	GO:0023052
P0DN78	biological_process	GO:0032501
P0DN78	biological_process	GO:0050789
P0DN78	biological_process	GO:0050794
P0DN78	biological_process	GO:0050877
P0DN78	biological_process	GO:0050896
P0DN78	biological_process	GO:0050953
P0DN78	biological_process	GO:0051606
P0DN78	biological_process	GO:0051716
P0DN78	biological_process	GO:0065007
P0DN78	biological_process	GO:0071214
P0DN78	biological_process	GO:0071478
P0DN78	biological_process	GO:0071482
P0DN78	biological_process	GO:0104004
P0DN78	biological_process	GO:0141190
P0DN78	cellular_component	GO:0001750
P0DN78	cellular_component	GO:0005886
P0DN78	cellular_component	GO:0005929
P0DN78	cellular_component	GO:0016020
P0DN78	cellular_component	GO:0031090
P0DN78	cellular_component	GO:0031253
P0DN78	cellular_component	GO:0042995
P0DN78	cellular_component	GO:0043005
P0DN78	cellular_component	GO:0043226
P0DN78	cellular_component	GO:0043227
P0DN78	cellular_component	GO:0060170
P0DN78	cellular_component	GO:0071944
P0DN78	cellular_component	GO:0097381
P0DN78	cellular_component	GO:0097730
P0DN78	cellular_component	GO:0097731
P0DN78	cellular_component	GO:0097733
P0DN78	cellular_component	GO:0098588
P0DN78	cellular_component	GO:0098590
P0DN78	cellular_component	GO:0110165
P0DN78	cellular_component	GO:0120025
P0DN78	cellular_component	GO:0120201
P0DTE7	molecular_function	GO:0003824
P0DTE7	molecular_function	GO:0004553
P0DTE7	molecular_function	GO:0004556
P0DTE7	molecular_function	GO:0005488
P0DTE7	molecular_function	GO:0005509
P0DTE7	molecular_function	GO:0016160
P0DTE7	molecular_function	GO:0016787
P0DTE7	molecular_function	GO:0016798
P0DTE7	molecular_function	GO:0031404
P0DTE7	molecular_function	GO:0036094
P0DTE7	molecular_function	GO:0043167
P0DTE7	molecular_function	GO:0043168
P0DTE7	molecular_function	GO:0043169
P0DTE7	molecular_function	GO:0046872
P0DTE7	biological_process	GO:0005975
P0DTE7	biological_process	GO:0008152
P0DTE7	biological_process	GO:0009311
P0DTE7	biological_process	GO:0009987
P0DTE7	biological_process	GO:0044238
P0DTE7	cellular_component	GO:0005576
P0DTE7	cellular_component	GO:0031982
P0DTE7	cellular_component	GO:0043226
P0DTE7	cellular_component	GO:0043227
P0DTE7	cellular_component	GO:0043230
P0DTE7	cellular_component	GO:0065010
P0DTE7	cellular_component	GO:0070062
P0DTE7	cellular_component	GO:0110165
P0DTE7	cellular_component	GO:1903561
P0DTL5	molecular_function	GO:0005488
P0DTL5	molecular_function	GO:0005515
P15812	cellular_component	GO:0005622
P15812	cellular_component	GO:0005737
P15812	cellular_component	GO:0005794
P15812	cellular_component	GO:0012505
P15812	cellular_component	GO:0043226
P15812	cellular_component	GO:0043227
P15812	cellular_component	GO:0043229
P15812	cellular_component	GO:0043231
P15812	cellular_component	GO:0110165
P17023	molecular_function	GO:0005488
P17023	molecular_function	GO:0005515
P17030	molecular_function	GO:0000981
P17030	molecular_function	GO:0001217
P17030	molecular_function	GO:0001227
P17030	molecular_function	GO:0003700
P17030	molecular_function	GO:0005488
P17030	molecular_function	GO:0005515
P17030	molecular_function	GO:0140110
P17030	biological_process	GO:0001503
P17030	biological_process	GO:0001649
P17030	biological_process	GO:0009987
P17030	biological_process	GO:0030154
P17030	biological_process	GO:0032501
P17030	biological_process	GO:0032502
P17030	biological_process	GO:0048869
P17030	cellular_component	GO:0005622
P17030	cellular_component	GO:0005634
P17030	cellular_component	GO:0043226
P17030	cellular_component	GO:0043227
P17030	cellular_component	GO:0043229
P17030	cellular_component	GO:0043231
P17030	cellular_component	GO:0110165
P17038	molecular_function	GO:0003676
P17038	molecular_function	GO:0003677
P17038	molecular_function	GO:0005488
P17207	molecular_function	GO:0003824
P17207	molecular_function	GO:0016787
P17207	molecular_function	GO:0017171
P18933	biological_process	GO:0006091
P18933	biological_process	GO:0006119
P18933	biological_process	GO:0006120
P18933	biological_process	GO:0008152
P18933	biological_process	GO:0009060
P18933	biological_process	GO:0009987
P18933	biological_process	GO:0015980
P18933	biological_process	GO:0019646
P18933	biological_process	GO:0022900
P18933	biological_process	GO:0022904
P18933	biological_process	GO:0042773
P18933	biological_process	GO:0042775
P18933	biological_process	GO:0045333
P18933	cellular_component	GO:0005622
P18933	cellular_component	GO:0005737
P18933	cellular_component	GO:0005739
P18933	cellular_component	GO:0005740
P18933	cellular_component	GO:0005743
P18933	cellular_component	GO:0016020
P18933	cellular_component	GO:0019866
P18933	cellular_component	GO:0030964
P18933	cellular_component	GO:0031090
P18933	cellular_component	GO:0031966
P18933	cellular_component	GO:0031967
P18933	cellular_component	GO:0032991
P18933	cellular_component	GO:0043226
P18933	cellular_component	GO:0043227
P18933	cellular_component	GO:0043229
P18933	cellular_component	GO:0043231
P18933	cellular_component	GO:0045271
P18933	cellular_component	GO:0098796
P18933	cellular_component	GO:0098803
P18933	cellular_component	GO:0110165
P18933	cellular_component	GO:1902494
P18933	cellular_component	GO:1902495
P18933	cellular_component	GO:1990204
P18933	cellular_component	GO:1990351
P20007	biological_process	GO:0005975
P20007	biological_process	GO:0005984
P20007	biological_process	GO:0005991
P20007	biological_process	GO:0005992
P20007	biological_process	GO:0005996
P20007	biological_process	GO:0006006
P20007	biological_process	GO:0006066
P20007	biological_process	GO:0006071
P20007	biological_process	GO:0006094
P20007	biological_process	GO:0006114
P20007	biological_process	GO:0006629
P20007	biological_process	GO:0006638
P20007	biological_process	GO:0006639
P20007	biological_process	GO:0006641
P20007	biological_process	GO:0008152
P20007	biological_process	GO:0008610
P20007	biological_process	GO:0009058
P20007	biological_process	GO:0009311
P20007	biological_process	GO:0009312
P20007	biological_process	GO:0009987
P20007	biological_process	GO:0016051
P20007	biological_process	GO:0019318
P20007	biological_process	GO:0019319
P20007	biological_process	GO:0019401
P20007	biological_process	GO:0019432
P20007	biological_process	GO:0019751
P20007	biological_process	GO:0044238
P20007	biological_process	GO:0044281
P20007	biological_process	GO:0044283
P20007	biological_process	GO:0045017
P20007	biological_process	GO:0046165
P20007	biological_process	GO:0046173
P20007	biological_process	GO:0046351
P20007	biological_process	GO:0046364
P20007	biological_process	GO:0046460
P20007	biological_process	GO:0046463
P20007	biological_process	GO:0046486
P29377	molecular_function	GO:0005488
P29377	molecular_function	GO:0005509
P29377	molecular_function	GO:0005515
P29377	molecular_function	GO:0036094
P29377	molecular_function	GO:0043167
P29377	molecular_function	GO:0043169
P29377	molecular_function	GO:0046872
P34251	molecular_function	GO:0003824
P34251	molecular_function	GO:0004029
P34251	molecular_function	GO:0004030
P34251	molecular_function	GO:0016491
P34251	molecular_function	GO:0016620
P34251	molecular_function	GO:0016903
P34251	biological_process	GO:0042221
P34251	biological_process	GO:0050896
P34251	biological_process	GO:1901426
P34251	biological_process	GO:1901700
P34251	cellular_component	GO:0005622
P34251	cellular_component	GO:0005737
P34251	cellular_component	GO:0005783
P34251	cellular_component	GO:0012505
P34251	cellular_component	GO:0043226
P34251	cellular_component	GO:0043227
P34251	cellular_component	GO:0043229
P34251	cellular_component	GO:0043231
P34251	cellular_component	GO:0110165
P38239	biological_process	GO:0002181
P38239	biological_process	GO:0002183
P38239	biological_process	GO:0002190
P38239	biological_process	GO:0002192
P38239	biological_process	GO:0006412
P38239	biological_process	GO:0006413
P38239	biological_process	GO:0008152
P38239	biological_process	GO:0009058
P38239	biological_process	GO:0009059
P38239	biological_process	GO:0009987
P38239	biological_process	GO:0010467
P38239	biological_process	GO:0019538
P38239	biological_process	GO:0043170
P38239	biological_process	GO:0044238
P38239	biological_process	GO:0110017
P38239	biological_process	GO:0160307
P39684	biological_process	GO:0006139
P39684	biological_process	GO:0006403
P39684	biological_process	GO:0006417
P39684	biological_process	GO:0008152
P39684	biological_process	GO:0008298
P39684	biological_process	GO:0009889
P39684	biological_process	GO:0009987
P39684	biological_process	GO:0010468
P39684	biological_process	GO:0010556
P39684	biological_process	GO:0010608
P39684	biological_process	GO:0010609
P39684	biological_process	GO:0016070
P39684	biological_process	GO:0016071
P39684	biological_process	GO:0019222
P39684	biological_process	GO:0032502
P39684	biological_process	GO:0033036
P39684	biological_process	GO:0043170
P39684	biological_process	GO:0043934
P39684	biological_process	GO:0044238
P39684	biological_process	GO:0050789
P39684	biological_process	GO:0050794
P39684	biological_process	GO:0051179
P39684	biological_process	GO:0051246
P39684	biological_process	GO:0060255
P39684	biological_process	GO:0065007
P39684	biological_process	GO:0080090
P39684	biological_process	GO:0090304
P39684	cellular_component	GO:0005628
P39684	cellular_component	GO:0016020
P39684	cellular_component	GO:0042763
P39684	cellular_component	GO:0042764
P39684	cellular_component	GO:0110165
P41732	molecular_function	GO:0005488
P41732	molecular_function	GO:0005515
P41732	cellular_component	GO:0005886
P41732	cellular_component	GO:0016020
P41732	cellular_component	GO:0071944
P41732	cellular_component	GO:0110165
P42278	molecular_function	GO:0003824
P42278	molecular_function	GO:0016787
P42278	molecular_function	GO:0017171
P45891	biological_process	GO:0003006
P45891	biological_process	GO:0007276
P45891	biological_process	GO:0007281
P45891	biological_process	GO:0007283
P45891	biological_process	GO:0007286
P45891	biological_process	GO:0009987
P45891	biological_process	GO:0019953
P45891	biological_process	GO:0022412
P45891	biological_process	GO:0022414
P45891	biological_process	GO:0030154
P45891	biological_process	GO:0032502
P45891	biological_process	GO:0040019
P45891	biological_process	GO:0045995
P45891	biological_process	GO:0048232
P45891	biological_process	GO:0048468
P45891	biological_process	GO:0048515
P45891	biological_process	GO:0048518
P45891	biological_process	GO:0048609
P45891	biological_process	GO:0048856
P45891	biological_process	GO:0048869
P45891	biological_process	GO:0050789
P45891	biological_process	GO:0050793
P45891	biological_process	GO:0051094
P45891	biological_process	GO:0051239
P45891	biological_process	GO:0051240
P45891	biological_process	GO:0065007
P45891	biological_process	GO:2000026
P45891	cellular_component	GO:0005622
P45891	cellular_component	GO:0005737
P45891	cellular_component	GO:0005856
P45891	cellular_component	GO:0015629
P45891	cellular_component	GO:0043226
P45891	cellular_component	GO:0043228
P45891	cellular_component	GO:0043229
P45891	cellular_component	GO:0043232
P45891	cellular_component	GO:0045169
P45891	cellular_component	GO:0110165
P47016	molecular_function	GO:0003824
P47016	molecular_function	GO:0004721
P47016	molecular_function	GO:0016787
P47016	molecular_function	GO:0016788
P47016	molecular_function	GO:0016791
P47016	molecular_function	GO:0016810
P47016	molecular_function	GO:0016811
P47016	molecular_function	GO:0042578
P47016	molecular_function	GO:0050406
P47016	molecular_function	GO:0110050
P47016	molecular_function	GO:0140096
P47086	molecular_function	GO:0005488
P47086	molecular_function	GO:0005515
P51504	molecular_function	GO:0005488
P51504	molecular_function	GO:0005515
P52905	molecular_function	GO:0003824
P52905	molecular_function	GO:0016787
P52905	molecular_function	GO:0017171
P53242	biological_process	GO:0006950
P53242	biological_process	GO:0006970
P53242	biological_process	GO:0008152
P53242	biological_process	GO:0009056
P53242	biological_process	GO:0009057
P53242	biological_process	GO:0009628
P53242	biological_process	GO:0009987
P53242	biological_process	GO:0019538
P53242	biological_process	GO:0030163
P53242	biological_process	GO:0031667
P53242	biological_process	GO:0042594
P53242	biological_process	GO:0043170
P53242	biological_process	GO:0044238
P53242	biological_process	GO:0050896
P53242	cellular_component	GO:0000151
P53242	cellular_component	GO:0032991
P53242	cellular_component	GO:0034657
P53242	cellular_component	GO:0140535
P53242	cellular_component	GO:1902494
P53242	cellular_component	GO:1990234
P54192	molecular_function	GO:0005488
P54192	molecular_function	GO:0005515
P56746	molecular_function	GO:0005215
P56746	molecular_function	GO:0160187
P56746	biological_process	GO:0006810
P56746	biological_process	GO:0051179
P56746	biological_process	GO:0051234
P56746	biological_process	GO:0160184
P56746	cellular_component	GO:0005886
P56746	cellular_component	GO:0005911
P56746	cellular_component	GO:0016020
P56746	cellular_component	GO:0030054
P56746	cellular_component	GO:0070160
P56746	cellular_component	GO:0070161
P56746	cellular_component	GO:0071944
P56746	cellular_component	GO:0110165
P56856	molecular_function	GO:0005488
P56856	molecular_function	GO:0005515
P57772	molecular_function	GO:0003824
P57772	molecular_function	GO:0003924
P57772	molecular_function	GO:0016462
P57772	molecular_function	GO:0016787
P57772	molecular_function	GO:0016817
P57772	molecular_function	GO:0016818
P57772	molecular_function	GO:0017111
P57772	biological_process	GO:0001514
P57772	biological_process	GO:0006412
P57772	biological_process	GO:0006414
P57772	biological_process	GO:0006417
P57772	biological_process	GO:0006451
P57772	biological_process	GO:0008152
P57772	biological_process	GO:0009058
P57772	biological_process	GO:0009059
P57772	biological_process	GO:0009889
P57772	biological_process	GO:0009987
P57772	biological_process	GO:0010467
P57772	biological_process	GO:0010468
P57772	biological_process	GO:0010556
P57772	biological_process	GO:0010608
P57772	biological_process	GO:0019222
P57772	biological_process	GO:0019538
P57772	biological_process	GO:0043170
P57772	biological_process	GO:0044238
P57772	biological_process	GO:0050789
P57772	biological_process	GO:0050794
P57772	biological_process	GO:0051246
P57772	biological_process	GO:0060255
P57772	biological_process	GO:0065007
P57772	biological_process	GO:0080090
P57772	biological_process	GO:0160307
P58511	molecular_function	GO:0005488
P58511	molecular_function	GO:0005515
P59047	molecular_function	GO:0005488
P59047	molecular_function	GO:0005515
P59047	molecular_function	GO:0008092
P59047	molecular_function	GO:0015631
P59047	cellular_component	GO:0005622
P59047	cellular_component	GO:0005634
P59047	cellular_component	GO:0005737
P59047	cellular_component	GO:0005739
P59047	cellular_component	GO:0005794
P59047	cellular_component	GO:0012505
P59047	cellular_component	GO:0030141
P59047	cellular_component	GO:0031410
P59047	cellular_component	GO:0031982
P59047	cellular_component	GO:0032991
P59047	cellular_component	GO:0043226
P59047	cellular_component	GO:0043227
P59047	cellular_component	GO:0043228
P59047	cellular_component	GO:0043229
P59047	cellular_component	GO:0043231
P59047	cellular_component	GO:0043232
P59047	cellular_component	GO:0060473
P59047	cellular_component	GO:0097708
P59047	cellular_component	GO:0099503
P59047	cellular_component	GO:0106333
P59047	cellular_component	GO:0110165
P59047	cellular_component	GO:0140095
P59047	cellular_component	GO:1990917
P69849	molecular_function	GO:0005488
P69849	molecular_function	GO:0005515
P69849	molecular_function	GO:0043021
P69849	molecular_function	GO:0043022
P69849	molecular_function	GO:0044877
P69849	biological_process	GO:0006996
P69849	biological_process	GO:0007029
P69849	biological_process	GO:0008104
P69849	biological_process	GO:0009987
P69849	biological_process	GO:0010256
P69849	biological_process	GO:0016043
P69849	biological_process	GO:0033036
P69849	biological_process	GO:0033365
P69849	biological_process	GO:0045048
P69849	biological_process	GO:0045184
P69849	biological_process	GO:0051179
P69849	biological_process	GO:0051205
P69849	biological_process	GO:0051234
P69849	biological_process	GO:0051641
P69849	biological_process	GO:0051668
P69849	biological_process	GO:0061024
P69849	biological_process	GO:0071840
P69849	biological_process	GO:0090150
P69849	biological_process	GO:0160063
P69849	cellular_component	GO:0005622
P69849	cellular_component	GO:0005737
P69849	cellular_component	GO:0005783
P69849	cellular_component	GO:0005789
P69849	cellular_component	GO:0005829
P69849	cellular_component	GO:0012505
P69849	cellular_component	GO:0016020
P69849	cellular_component	GO:0031090
P69849	cellular_component	GO:0031984
P69849	cellular_component	GO:0032991
P69849	cellular_component	GO:0042175
P69849	cellular_component	GO:0043226
P69849	cellular_component	GO:0043227
P69849	cellular_component	GO:0043229
P69849	cellular_component	GO:0043231
P69849	cellular_component	GO:0072379
P69849	cellular_component	GO:0098827
P69849	cellular_component	GO:0110165
P69849	cellular_component	GO:0160064
P82295	biological_process	GO:0009987
P82295	biological_process	GO:0016043
P82295	biological_process	GO:0030030
P82295	biological_process	GO:0032528
P82295	biological_process	GO:0071840
P82295	biological_process	GO:0120036
P82295	cellular_component	GO:0005886
P82295	cellular_component	GO:0016020
P82295	cellular_component	GO:0016324
P82295	cellular_component	GO:0045177
P82295	cellular_component	GO:0071944
P82295	cellular_component	GO:0098590
P82295	cellular_component	GO:0110165
P82890	molecular_function	GO:0003824
P82890	molecular_function	GO:0004721
P82890	molecular_function	GO:0004725
P82890	molecular_function	GO:0016787
P82890	molecular_function	GO:0016788
P82890	molecular_function	GO:0016791
P82890	molecular_function	GO:0042578
P82890	molecular_function	GO:0140096
P83103	molecular_function	GO:0003824
P83103	molecular_function	GO:0004672
P83103	molecular_function	GO:0004674
P83103	molecular_function	GO:0005488
P83103	molecular_function	GO:0005515
P83103	molecular_function	GO:0016301
P83103	molecular_function	GO:0016740
P83103	molecular_function	GO:0016772
P83103	molecular_function	GO:0016773
P83103	molecular_function	GO:0035173
P83103	molecular_function	GO:0072354
P83103	molecular_function	GO:0140096
P83103	molecular_function	GO:0140993
P83103	molecular_function	GO:0140996
P83103	biological_process	GO:0007063
P83103	biological_process	GO:0008152
P83103	biological_process	GO:0009987
P83103	biological_process	GO:0010564
P83103	biological_process	GO:0010638
P83103	biological_process	GO:0019538
P83103	biological_process	GO:0032879
P83103	biological_process	GO:0032880
P83103	biological_process	GO:0033043
P83103	biological_process	GO:0033044
P83103	biological_process	GO:0034091
P83103	biological_process	GO:0034093
P83103	biological_process	GO:0034182
P83103	biological_process	GO:0034184
P83103	biological_process	GO:0036211
P83103	biological_process	GO:0043170
P83103	biological_process	GO:0043412
P83103	biological_process	GO:0043687
P83103	biological_process	GO:0044238
P83103	biological_process	GO:0045787
P83103	biological_process	GO:0045876
P83103	biological_process	GO:0048518
P83103	biological_process	GO:0048522
P83103	biological_process	GO:0050789
P83103	biological_process	GO:0050794
P83103	biological_process	GO:0051128
P83103	biological_process	GO:0051130
P83103	biological_process	GO:0051726
P83103	biological_process	GO:0065007
P83103	biological_process	GO:0070602
P83103	biological_process	GO:0090068
P83103	biological_process	GO:0120187
P83103	biological_process	GO:1903829
P83103	biological_process	GO:1905634
P83103	biological_process	GO:2000718
P83103	biological_process	GO:2000720
P83103	biological_process	GO:2001252
P83103	cellular_component	GO:0000785
P83103	cellular_component	GO:0005622
P83103	cellular_component	GO:0005634
P83103	cellular_component	GO:0005635
P83103	cellular_component	GO:0005652
P83103	cellular_component	GO:0005694
P83103	cellular_component	GO:0012505
P83103	cellular_component	GO:0031967
P83103	cellular_component	GO:0031974
P83103	cellular_component	GO:0031981
P83103	cellular_component	GO:0034399
P83103	cellular_component	GO:0043226
P83103	cellular_component	GO:0043227
P83103	cellular_component	GO:0043228
P83103	cellular_component	GO:0043229
P83103	cellular_component	GO:0043231
P83103	cellular_component	GO:0043232
P83103	cellular_component	GO:0043233
P83103	cellular_component	GO:0070013
P83103	cellular_component	GO:0110165
P84101	biological_process	GO:0031647
P84101	biological_process	GO:0031648
P84101	biological_process	GO:0065007
P84101	biological_process	GO:0065008
Q00889	biological_process	GO:0007565
Q00889	biological_process	GO:0022414
Q00889	biological_process	GO:0032501
Q00889	biological_process	GO:0044703
Q00889	biological_process	GO:0044706
Q02161	cellular_component	GO:0005886
Q02161	cellular_component	GO:0016020
Q02161	cellular_component	GO:0071944
Q02161	cellular_component	GO:0110165
Q05473	molecular_function	GO:0000166
Q05473	molecular_function	GO:0005488
Q05473	molecular_function	GO:0017076
Q05473	molecular_function	GO:0019001
Q05473	molecular_function	GO:0036094
Q05473	molecular_function	GO:1901265
Q05473	molecular_function	GO:1901363
Q05473	biological_process	GO:0006412
Q05473	biological_process	GO:0006413
Q05473	biological_process	GO:0006414
Q05473	biological_process	GO:0008152
Q05473	biological_process	GO:0009058
Q05473	biological_process	GO:0009059
Q05473	biological_process	GO:0009987
Q05473	biological_process	GO:0010467
Q05473	biological_process	GO:0019538
Q05473	biological_process	GO:0032543
Q05473	biological_process	GO:0043170
Q05473	biological_process	GO:0044238
Q05473	biological_process	GO:0070124
Q05473	biological_process	GO:0070125
Q05473	biological_process	GO:0140053
Q05473	biological_process	GO:0160307
Q05473	cellular_component	GO:0005622
Q05473	cellular_component	GO:0005737
Q05473	cellular_component	GO:0005739
Q05473	cellular_component	GO:0005740
Q05473	cellular_component	GO:0005743
Q05473	cellular_component	GO:0016020
Q05473	cellular_component	GO:0019866
Q05473	cellular_component	GO:0031090
Q05473	cellular_component	GO:0031966
Q05473	cellular_component	GO:0031967
Q05473	cellular_component	GO:0043226
Q05473	cellular_component	GO:0043227
Q05473	cellular_component	GO:0043229
Q05473	cellular_component	GO:0043231
Q05473	cellular_component	GO:0098552
Q05473	cellular_component	GO:0098576
Q05473	cellular_component	GO:0099617
Q05473	cellular_component	GO:0110165
Q06098	biological_process	GO:0006468
Q06098	biological_process	GO:0006796
Q06098	biological_process	GO:0008152
Q06098	biological_process	GO:0009889
Q06098	biological_process	GO:0009890
Q06098	biological_process	GO:0009892
Q06098	biological_process	GO:0009987
Q06098	biological_process	GO:0010563
Q06098	biological_process	GO:0016310
Q06098	biological_process	GO:0018105
Q06098	biological_process	GO:0018107
Q06098	biological_process	GO:0019219
Q06098	biological_process	GO:0019222
Q06098	biological_process	GO:0019538
Q06098	biological_process	GO:0036211
Q06098	biological_process	GO:0043170
Q06098	biological_process	GO:0043412
Q06098	biological_process	GO:0044238
Q06098	biological_process	GO:0045934
Q06098	biological_process	GO:0048519
Q06098	biological_process	GO:0048523
Q06098	biological_process	GO:0050789
Q06098	biological_process	GO:0050794
Q06098	biological_process	GO:0051174
Q06098	biological_process	GO:0062012
Q06098	biological_process	GO:0062014
Q06098	biological_process	GO:0065007
Q06098	biological_process	GO:0080090
Q06098	biological_process	GO:0106278
Q06098	biological_process	GO:0106279
Q06204	molecular_function	GO:0003824
Q06204	molecular_function	GO:0016301
Q06204	molecular_function	GO:0016740
Q06204	molecular_function	GO:0016772
Q06204	molecular_function	GO:0019200
Q06204	molecular_function	GO:0045127
Q06204	biological_process	GO:0006022
Q06204	biological_process	GO:0006023
Q06204	biological_process	GO:0006030
Q06204	biological_process	GO:0006031
Q06204	biological_process	GO:0006040
Q06204	biological_process	GO:0006047
Q06204	biological_process	GO:0006048
Q06204	biological_process	GO:0006139
Q06204	biological_process	GO:0006753
Q06204	biological_process	GO:0006793
Q06204	biological_process	GO:0008152
Q06204	biological_process	GO:0009058
Q06204	biological_process	GO:0009059
Q06204	biological_process	GO:0009225
Q06204	biological_process	GO:0009226
Q06204	biological_process	GO:0009987
Q06204	biological_process	GO:0019637
Q06204	biological_process	GO:0034654
Q06204	biological_process	GO:0043170
Q06204	biological_process	GO:0044238
Q06204	biological_process	GO:0044281
Q06204	biological_process	GO:0046349
Q06204	biological_process	GO:0055086
Q06204	biological_process	GO:0090407
Q06204	biological_process	GO:1901073
Q06204	biological_process	GO:1901135
Q06204	biological_process	GO:1901137
Q06204	biological_process	GO:1901293
Q06537	biological_process	GO:0001101
Q06537	biological_process	GO:0006950
Q06537	biological_process	GO:0008104
Q06537	biological_process	GO:0009415
Q06537	biological_process	GO:0009628
Q06537	biological_process	GO:0009987
Q06537	biological_process	GO:0033036
Q06537	biological_process	GO:0033554
Q06537	biological_process	GO:0042221
Q06537	biological_process	GO:0044860
Q06537	biological_process	GO:0050896
Q06537	biological_process	GO:0051179
Q06537	biological_process	GO:0051599
Q06537	biological_process	GO:0051641
Q06537	biological_process	GO:0051668
Q06537	biological_process	GO:0051716
Q06537	biological_process	GO:0062197
Q06537	biological_process	GO:0070887
Q06537	biological_process	GO:0071214
Q06537	biological_process	GO:0071229
Q06537	biological_process	GO:0071462
Q06537	biological_process	GO:0071464
Q06537	biological_process	GO:0072657
Q06537	biological_process	GO:0104004
Q06537	biological_process	GO:1901700
Q06537	biological_process	GO:1901701
Q06537	biological_process	GO:1903044
Q06537	biological_process	GO:1990778
Q06537	cellular_component	GO:0005622
Q06537	cellular_component	GO:0005737
Q06537	cellular_component	GO:0005783
Q06537	cellular_component	GO:0005789
Q06537	cellular_component	GO:0005938
Q06537	cellular_component	GO:0012505
Q06537	cellular_component	GO:0016020
Q06537	cellular_component	GO:0031090
Q06537	cellular_component	GO:0031984
Q06537	cellular_component	GO:0032541
Q06537	cellular_component	GO:0042175
Q06537	cellular_component	GO:0043226
Q06537	cellular_component	GO:0043227
Q06537	cellular_component	GO:0043229
Q06537	cellular_component	GO:0043231
Q06537	cellular_component	GO:0071782
Q06537	cellular_component	GO:0071944
Q06537	cellular_component	GO:0098827
Q06537	cellular_component	GO:0110165
Q075Z2	cellular_component	GO:0005576
Q075Z2	cellular_component	GO:0005614
Q075Z2	cellular_component	GO:0030312
Q075Z2	cellular_component	GO:0031012
Q075Z2	cellular_component	GO:0110165
Q075Z2	cellular_component	GO:0140149
Q075Z2	cellular_component	GO:0140151
Q08980	cellular_component	GO:0005622
Q08980	cellular_component	GO:0005737
Q08980	cellular_component	GO:0005783
Q08980	cellular_component	GO:0012505
Q08980	cellular_component	GO:0043226
Q08980	cellular_component	GO:0043227
Q08980	cellular_component	GO:0043229
Q08980	cellular_component	GO:0043231
Q08980	cellular_component	GO:0110165
Q08AI6	molecular_function	GO:0005488
Q08AI6	molecular_function	GO:0005515
Q0D2K0	molecular_function	GO:0005488
Q0D2K0	molecular_function	GO:0005515
Q0E8E7	biological_process	GO:0006139
Q0E8E7	biological_process	GO:0006396
Q0E8E7	biological_process	GO:0006399
Q0E8E7	biological_process	GO:0008033
Q0E8E7	biological_process	GO:0008152
Q0E8E7	biological_process	GO:0009058
Q0E8E7	biological_process	GO:0009059
Q0E8E7	biological_process	GO:0009987
Q0E8E7	biological_process	GO:0010467
Q0E8E7	biological_process	GO:0016070
Q0E8E7	biological_process	GO:0032774
Q0E8E7	biological_process	GO:0034654
Q0E8E7	biological_process	GO:0043170
Q0E8E7	biological_process	GO:0044238
Q0E8E7	biological_process	GO:0090304
Q0E8E7	biological_process	GO:0141187
Q0E8K6	cellular_component	GO:0005622
Q0E8K6	cellular_component	GO:0005737
Q0E8K6	cellular_component	GO:0005739
Q0E8K6	cellular_component	GO:0005759
Q0E8K6	cellular_component	GO:0031974
Q0E8K6	cellular_component	GO:0043226
Q0E8K6	cellular_component	GO:0043227
Q0E8K6	cellular_component	GO:0043229
Q0E8K6	cellular_component	GO:0043231
Q0E8K6	cellular_component	GO:0043233
Q0E8K6	cellular_component	GO:0070013
Q0E8K6	cellular_component	GO:0110165
Q0KHQ1	cellular_component	GO:0005622
Q0KHQ1	cellular_component	GO:0005737
Q0KHQ1	cellular_component	GO:0005739
Q0KHQ1	cellular_component	GO:0005759
Q0KHQ1	cellular_component	GO:0031974
Q0KHQ1	cellular_component	GO:0043226
Q0KHQ1	cellular_component	GO:0043227
Q0KHQ1	cellular_component	GO:0043229
Q0KHQ1	cellular_component	GO:0043231
Q0KHQ1	cellular_component	GO:0043233
Q0KHQ1	cellular_component	GO:0070013
Q0KHQ1	cellular_component	GO:0110165
Q0VAF6	molecular_function	GO:0005488
Q0VAF6	molecular_function	GO:0005515
Q0VDI3	molecular_function	GO:0005488
Q0VDI3	molecular_function	GO:0005515
Q107I8	molecular_function	GO:0003824
Q107I8	molecular_function	GO:0016301
Q107I8	molecular_function	GO:0016740
Q107I8	molecular_function	GO:0016772
Q107I8	molecular_function	GO:0106389
Q12027	biological_process	GO:0000147
Q12027	biological_process	GO:0006996
Q12027	biological_process	GO:0007010
Q12027	biological_process	GO:0009987
Q12027	biological_process	GO:0016043
Q12027	biological_process	GO:0022607
Q12027	biological_process	GO:0030029
Q12027	biological_process	GO:0030036
Q12027	biological_process	GO:0030865
Q12027	biological_process	GO:0030866
Q12027	biological_process	GO:0043254
Q12027	biological_process	GO:0044085
Q12027	biological_process	GO:0044087
Q12027	biological_process	GO:0044396
Q12027	biological_process	GO:0050789
Q12027	biological_process	GO:0050794
Q12027	biological_process	GO:0051128
Q12027	biological_process	GO:0065007
Q12027	biological_process	GO:0071840
Q12198	molecular_function	GO:0003824
Q12198	molecular_function	GO:0003961
Q12198	molecular_function	GO:0004124
Q12198	molecular_function	GO:0016740
Q12198	molecular_function	GO:0016765
Q12198	molecular_function	GO:0016829
Q12198	molecular_function	GO:0016835
Q12198	molecular_function	GO:0051009
Q12198	biological_process	GO:0000096
Q12198	biological_process	GO:0000097
Q12198	biological_process	GO:0000103
Q12198	biological_process	GO:0006520
Q12198	biological_process	GO:0006790
Q12198	biological_process	GO:0006791
Q12198	biological_process	GO:0008152
Q12198	biological_process	GO:0008652
Q12198	biological_process	GO:0009058
Q12198	biological_process	GO:0009070
Q12198	biological_process	GO:0009987
Q12198	biological_process	GO:0019752
Q12198	biological_process	GO:0031667
Q12198	biological_process	GO:0043436
Q12198	biological_process	GO:0044238
Q12198	biological_process	GO:0044272
Q12198	biological_process	GO:0044281
Q12198	biological_process	GO:0044283
Q12198	biological_process	GO:0046394
Q12198	biological_process	GO:0050667
Q12198	biological_process	GO:0050896
Q12198	biological_process	GO:0071269
Q12198	biological_process	GO:0170041
Q12198	biological_process	GO:0170043
Q13505	molecular_function	GO:0005488
Q13505	molecular_function	GO:0005515
Q13505	biological_process	GO:0006996
Q13505	biological_process	GO:0007005
Q13505	biological_process	GO:0007006
Q13505	biological_process	GO:0007007
Q13505	biological_process	GO:0009987
Q13505	biological_process	GO:0016043
Q13505	biological_process	GO:0061024
Q13505	biological_process	GO:0071840
Q13505	cellular_component	GO:0001401
Q13505	cellular_component	GO:0005622
Q13505	cellular_component	GO:0005737
Q13505	cellular_component	GO:0005739
Q13505	cellular_component	GO:0005740
Q13505	cellular_component	GO:0005741
Q13505	cellular_component	GO:0005742
Q13505	cellular_component	GO:0005743
Q13505	cellular_component	GO:0016020
Q13505	cellular_component	GO:0019866
Q13505	cellular_component	GO:0019867
Q13505	cellular_component	GO:0031090
Q13505	cellular_component	GO:0031966
Q13505	cellular_component	GO:0031967
Q13505	cellular_component	GO:0031968
Q13505	cellular_component	GO:0032991
Q13505	cellular_component	GO:0043226
Q13505	cellular_component	GO:0043227
Q13505	cellular_component	GO:0043229
Q13505	cellular_component	GO:0043231
Q13505	cellular_component	GO:0098588
Q13505	cellular_component	GO:0098796
Q13505	cellular_component	GO:0098798
Q13505	cellular_component	GO:0098799
Q13505	cellular_component	GO:0098800
Q13505	cellular_component	GO:0110165
Q13505	cellular_component	GO:0140275
Q14406	molecular_function	GO:0005488
Q14406	molecular_function	GO:0005515
Q147U7	molecular_function	GO:0005488
Q147U7	molecular_function	GO:0005515
Q17RN3	molecular_function	GO:0005488
Q17RN3	molecular_function	GO:0005515
Q1L5Z9	molecular_function	GO:0005488
Q1L5Z9	molecular_function	GO:0005515
Q1LZ08	molecular_function	GO:0008047
Q1LZ08	molecular_function	GO:0016504
Q1LZ08	molecular_function	GO:0030234
Q1LZ08	molecular_function	GO:0035800
Q1LZ08	molecular_function	GO:0061134
Q1LZ08	molecular_function	GO:0098772
Q1LZ08	molecular_function	GO:0140677
Q1LZ08	biological_process	GO:0009892
Q1LZ08	biological_process	GO:0009894
Q1LZ08	biological_process	GO:0009895
Q1LZ08	biological_process	GO:0009966
Q1LZ08	biological_process	GO:0009967
Q1LZ08	biological_process	GO:0010605
Q1LZ08	biological_process	GO:0010646
Q1LZ08	biological_process	GO:0010647
Q1LZ08	biological_process	GO:0019222
Q1LZ08	biological_process	GO:0023051
Q1LZ08	biological_process	GO:0023056
Q1LZ08	biological_process	GO:0030111
Q1LZ08	biological_process	GO:0030177
Q1LZ08	biological_process	GO:0042176
Q1LZ08	biological_process	GO:0042177
Q1LZ08	biological_process	GO:0048518
Q1LZ08	biological_process	GO:0048519
Q1LZ08	biological_process	GO:0048522
Q1LZ08	biological_process	GO:0048523
Q1LZ08	biological_process	GO:0048583
Q1LZ08	biological_process	GO:0048584
Q1LZ08	biological_process	GO:0050789
Q1LZ08	biological_process	GO:0050794
Q1LZ08	biological_process	GO:0051246
Q1LZ08	biological_process	GO:0051248
Q1LZ08	biological_process	GO:0060255
Q1LZ08	biological_process	GO:0060828
Q1LZ08	biological_process	GO:0065007
Q1LZ08	biological_process	GO:0080090
Q1LZ08	biological_process	GO:0090263
Q1LZ08	biological_process	GO:2000058
Q1LZ08	biological_process	GO:2000059
Q1LZ08	cellular_component	GO:0032991
Q1LZ08	cellular_component	GO:1902494
Q1LZ08	cellular_component	GO:1905368
Q24468	molecular_function	GO:0003824
Q24468	molecular_function	GO:0004672
Q24468	molecular_function	GO:0004674
Q24468	molecular_function	GO:0004675
Q24468	molecular_function	GO:0004888
Q24468	molecular_function	GO:0005488
Q24468	molecular_function	GO:0005515
Q24468	molecular_function	GO:0016301
Q24468	molecular_function	GO:0016362
Q24468	molecular_function	GO:0016740
Q24468	molecular_function	GO:0016772
Q24468	molecular_function	GO:0016773
Q24468	molecular_function	GO:0017002
Q24468	molecular_function	GO:0019199
Q24468	molecular_function	GO:0019955
Q24468	molecular_function	GO:0036122
Q24468	molecular_function	GO:0038023
Q24468	molecular_function	GO:0044877
Q24468	molecular_function	GO:0048185
Q24468	molecular_function	GO:0060089
Q24468	molecular_function	GO:0098821
Q24468	molecular_function	GO:0140096
Q24468	biological_process	GO:0000902
Q24468	biological_process	GO:0001654
Q24468	biological_process	GO:0001678
Q24468	biological_process	GO:0001700
Q24468	biological_process	GO:0001708
Q24468	biological_process	GO:0001745
Q24468	biological_process	GO:0001751
Q24468	biological_process	GO:0001752
Q24468	biological_process	GO:0001754
Q24468	biological_process	GO:0001763
Q24468	biological_process	GO:0002009
Q24468	biological_process	GO:0002165
Q24468	biological_process	GO:0003002
Q24468	biological_process	GO:0003006
Q24468	biological_process	GO:0005981
Q24468	biological_process	GO:0006109
Q24468	biological_process	GO:0007154
Q24468	biological_process	GO:0007165
Q24468	biological_process	GO:0007166
Q24468	biological_process	GO:0007167
Q24468	biological_process	GO:0007178
Q24468	biological_process	GO:0007275
Q24468	biological_process	GO:0007276
Q24468	biological_process	GO:0007281
Q24468	biological_process	GO:0007389
Q24468	biological_process	GO:0007391
Q24468	biological_process	GO:0007399
Q24468	biological_process	GO:0007409
Q24468	biological_process	GO:0007411
Q24468	biological_process	GO:0007423
Q24468	biological_process	GO:0007424
Q24468	biological_process	GO:0007428
Q24468	biological_process	GO:0007442
Q24468	biological_process	GO:0007443
Q24468	biological_process	GO:0007444
Q24468	biological_process	GO:0007447
Q24468	biological_process	GO:0007460
Q24468	biological_process	GO:0007472
Q24468	biological_process	GO:0007476
Q24468	biological_process	GO:0007552
Q24468	biological_process	GO:0007560
Q24468	biological_process	GO:0008258
Q24468	biological_process	GO:0009653
Q24468	biological_process	GO:0009719
Q24468	biological_process	GO:0009743
Q24468	biological_process	GO:0009746
Q24468	biological_process	GO:0009749
Q24468	biological_process	GO:0009790
Q24468	biological_process	GO:0009791
Q24468	biological_process	GO:0009792
Q24468	biological_process	GO:0009886
Q24468	biological_process	GO:0009887
Q24468	biological_process	GO:0009888
Q24468	biological_process	GO:0009893
Q24468	biological_process	GO:0009894
Q24468	biological_process	GO:0009896
Q24468	biological_process	GO:0009953
Q24468	biological_process	GO:0009966
Q24468	biological_process	GO:0009967
Q24468	biological_process	GO:0009987
Q24468	biological_process	GO:0010604
Q24468	biological_process	GO:0010646
Q24468	biological_process	GO:0010647
Q24468	biological_process	GO:0010906
Q24468	biological_process	GO:0010907
Q24468	biological_process	GO:0016043
Q24468	biological_process	GO:0016331
Q24468	biological_process	GO:0017145
Q24468	biological_process	GO:0019222
Q24468	biological_process	GO:0019725
Q24468	biological_process	GO:0019827
Q24468	biological_process	GO:0019953
Q24468	biological_process	GO:0022008
Q24468	biological_process	GO:0022412
Q24468	biological_process	GO:0022414
Q24468	biological_process	GO:0023051
Q24468	biological_process	GO:0023052
Q24468	biological_process	GO:0023056
Q24468	biological_process	GO:0030030
Q24468	biological_process	GO:0030154
Q24468	biological_process	GO:0030182
Q24468	biological_process	GO:0030509
Q24468	biological_process	GO:0030718
Q24468	biological_process	GO:0031175
Q24468	biological_process	GO:0032501
Q24468	biological_process	GO:0032502
Q24468	biological_process	GO:0032881
Q24468	biological_process	GO:0032924
Q24468	biological_process	GO:0033500
Q24468	biological_process	GO:0034284
Q24468	biological_process	GO:0035107
Q24468	biological_process	GO:0035114
Q24468	biological_process	GO:0035120
Q24468	biological_process	GO:0035220
Q24468	biological_process	GO:0035222
Q24468	biological_process	GO:0035239
Q24468	biological_process	GO:0035295
Q24468	biological_process	GO:0042078
Q24468	biological_process	GO:0042221
Q24468	biological_process	GO:0042592
Q24468	biological_process	GO:0042593
Q24468	biological_process	GO:0042706
Q24468	biological_process	GO:0043467
Q24468	biological_process	GO:0043470
Q24468	biological_process	GO:0043704
Q24468	biological_process	GO:0045165
Q24468	biological_process	GO:0045464
Q24468	biological_process	GO:0045465
Q24468	biological_process	GO:0045704
Q24468	biological_process	GO:0045705
Q24468	biological_process	GO:0045819
Q24468	biological_process	GO:0045913
Q24468	biological_process	GO:0046530
Q24468	biological_process	GO:0046552
Q24468	biological_process	GO:0048468
Q24468	biological_process	GO:0048513
Q24468	biological_process	GO:0048518
Q24468	biological_process	GO:0048519
Q24468	biological_process	GO:0048522
Q24468	biological_process	GO:0048546
Q24468	biological_process	GO:0048565
Q24468	biological_process	GO:0048583
Q24468	biological_process	GO:0048584
Q24468	biological_process	GO:0048592
Q24468	biological_process	GO:0048598
Q24468	biological_process	GO:0048609
Q24468	biological_process	GO:0048619
Q24468	biological_process	GO:0048663
Q24468	biological_process	GO:0048665
Q24468	biological_process	GO:0048666
Q24468	biological_process	GO:0048667
Q24468	biological_process	GO:0048699
Q24468	biological_process	GO:0048707
Q24468	biological_process	GO:0048729
Q24468	biological_process	GO:0048731
Q24468	biological_process	GO:0048736
Q24468	biological_process	GO:0048737
Q24468	biological_process	GO:0048749
Q24468	biological_process	GO:0048754
Q24468	biological_process	GO:0048812
Q24468	biological_process	GO:0048856
Q24468	biological_process	GO:0048858
Q24468	biological_process	GO:0048869
Q24468	biological_process	GO:0048878
Q24468	biological_process	GO:0048880
Q24468	biological_process	GO:0050789
Q24468	biological_process	GO:0050793
Q24468	biological_process	GO:0050794
Q24468	biological_process	GO:0050803
Q24468	biological_process	GO:0050807
Q24468	biological_process	GO:0050896
Q24468	biological_process	GO:0051093
Q24468	biological_process	GO:0051128
Q24468	biological_process	GO:0051130
Q24468	biological_process	GO:0051239
Q24468	biological_process	GO:0051241
Q24468	biological_process	GO:0051301
Q24468	biological_process	GO:0051716
Q24468	biological_process	GO:0055082
Q24468	biological_process	GO:0055123
Q24468	biological_process	GO:0060255
Q24468	biological_process	GO:0060390
Q24468	biological_process	GO:0060391
Q24468	biological_process	GO:0060429
Q24468	biological_process	GO:0060446
Q24468	biological_process	GO:0060541
Q24468	biological_process	GO:0060562
Q24468	biological_process	GO:0061138
Q24468	biological_process	GO:0061326
Q24468	biological_process	GO:0061333
Q24468	biological_process	GO:0061525
Q24468	biological_process	GO:0061564
Q24468	biological_process	GO:0062012
Q24468	biological_process	GO:0062013
Q24468	biological_process	GO:0065007
Q24468	biological_process	GO:0065008
Q24468	biological_process	GO:0070848
Q24468	biological_process	GO:0070873
Q24468	biological_process	GO:0070875
Q24468	biological_process	GO:0070887
Q24468	biological_process	GO:0071322
Q24468	biological_process	GO:0071326
Q24468	biological_process	GO:0071331
Q24468	biological_process	GO:0071333
Q24468	biological_process	GO:0071363
Q24468	biological_process	GO:0071495
Q24468	biological_process	GO:0071772
Q24468	biological_process	GO:0071773
Q24468	biological_process	GO:0071840
Q24468	biological_process	GO:0072001
Q24468	biological_process	GO:0072002
Q24468	biological_process	GO:0080090
Q24468	biological_process	GO:0090092
Q24468	biological_process	GO:0090100
Q24468	biological_process	GO:0090596
Q24468	biological_process	GO:0097485
Q24468	biological_process	GO:0098727
Q24468	biological_process	GO:0120036
Q24468	biological_process	GO:0120039
Q24468	biological_process	GO:0141091
Q24468	biological_process	GO:0150063
Q24468	biological_process	GO:0160108
Q24468	biological_process	GO:1901700
Q24468	biological_process	GO:1901701
Q24468	biological_process	GO:1902531
Q24468	biological_process	GO:1902533
Q24468	biological_process	GO:1904396
Q24468	biological_process	GO:1904398
Q24468	cellular_component	GO:0005886
Q24468	cellular_component	GO:0009925
Q24468	cellular_component	GO:0016020
Q24468	cellular_component	GO:0016323
Q24468	cellular_component	GO:0016324
Q24468	cellular_component	GO:0032991
Q24468	cellular_component	GO:0043235
Q24468	cellular_component	GO:0045177
Q24468	cellular_component	GO:0045178
Q24468	cellular_component	GO:0048179
Q24468	cellular_component	GO:0061695
Q24468	cellular_component	GO:0070724
Q24468	cellular_component	GO:0071944
Q24468	cellular_component	GO:0098590
Q24468	cellular_component	GO:0098796
Q24468	cellular_component	GO:0098797
Q24468	cellular_component	GO:0098802
Q24468	cellular_component	GO:0110165
Q24468	cellular_component	GO:1902494
Q24468	cellular_component	GO:1902554
Q24468	cellular_component	GO:1902911
Q24468	cellular_component	GO:1990234
Q24JQ0	molecular_function	GO:0005215
Q24JQ0	molecular_function	GO:0005338
Q24JQ0	molecular_function	GO:0005462
Q24JQ0	molecular_function	GO:0005488
Q24JQ0	molecular_function	GO:0005515
Q24JQ0	molecular_function	GO:0015165
Q24JQ0	molecular_function	GO:0015605
Q24JQ0	molecular_function	GO:0015932
Q24JQ0	molecular_function	GO:0022857
Q24JQ0	molecular_function	GO:1901505
Q24JQ0	biological_process	GO:0006810
Q24JQ0	biological_process	GO:0009987
Q24JQ0	biological_process	GO:0015748
Q24JQ0	biological_process	GO:0015780
Q24JQ0	biological_process	GO:0015931
Q24JQ0	biological_process	GO:0051179
Q24JQ0	biological_process	GO:0051234
Q24JQ0	biological_process	GO:0055085
Q24JQ0	biological_process	GO:0071705
Q24JQ0	biological_process	GO:0090481
Q24JQ0	biological_process	GO:1901264
Q24JQ0	biological_process	GO:1990569
Q24JQ0	cellular_component	GO:0005622
Q24JQ0	cellular_component	GO:0005737
Q24JQ0	cellular_component	GO:0005794
Q24JQ0	cellular_component	GO:0012505
Q24JQ0	cellular_component	GO:0043226
Q24JQ0	cellular_component	GO:0043227
Q24JQ0	cellular_component	GO:0043229
Q24JQ0	cellular_component	GO:0043231
Q24JQ0	cellular_component	GO:0110165
Q27377	biological_process	GO:0003008
Q27377	biological_process	GO:0007600
Q27377	biological_process	GO:0007606
Q27377	biological_process	GO:0032501
Q27377	biological_process	GO:0050877
Q2KHN1	molecular_function	GO:0005488
Q2KHN1	molecular_function	GO:0005515
Q2M3D2	molecular_function	GO:0005488
Q2M3D2	molecular_function	GO:0005515
Q2NKX9	molecular_function	GO:0005488
Q2NKX9	molecular_function	GO:0005515
Q2NL98	molecular_function	GO:0005488
Q2NL98	molecular_function	GO:0005515
Q2PE22	molecular_function	GO:0005488
Q2PE22	molecular_function	GO:0005515
Q2TBA0	molecular_function	GO:0005488
Q2TBA0	molecular_function	GO:0005515
Q30KQ5	molecular_function	GO:0005488
Q30KQ5	molecular_function	GO:0005515
Q32NC0	biological_process	GO:0006139
Q32NC0	biological_process	GO:0006396
Q32NC0	biological_process	GO:0008152
Q32NC0	biological_process	GO:0009058
Q32NC0	biological_process	GO:0009059
Q32NC0	biological_process	GO:0009987
Q32NC0	biological_process	GO:0010467
Q32NC0	biological_process	GO:0016070
Q32NC0	biological_process	GO:0032774
Q32NC0	biological_process	GO:0034654
Q32NC0	biological_process	GO:0043170
Q32NC0	biological_process	GO:0044238
Q32NC0	biological_process	GO:0090304
Q32NC0	biological_process	GO:0141187
Q32NC0	cellular_component	GO:0000172
Q32NC0	cellular_component	GO:0005622
Q32NC0	cellular_component	GO:0005634
Q32NC0	cellular_component	GO:0005732
Q32NC0	cellular_component	GO:0032991
Q32NC0	cellular_component	GO:0043226
Q32NC0	cellular_component	GO:0043227
Q32NC0	cellular_component	GO:0043229
Q32NC0	cellular_component	GO:0043231
Q32NC0	cellular_component	GO:0110165
Q32NC0	cellular_component	GO:0140535
Q32NC0	cellular_component	GO:1902494
Q32NC0	cellular_component	GO:1902555
Q32NC0	cellular_component	GO:1905348
Q32NC0	cellular_component	GO:1990904
Q3KNT9	molecular_function	GO:0005488
Q3KNT9	molecular_function	GO:0005515
Q3KNT9	biological_process	GO:0007338
Q3KNT9	biological_process	GO:0007342
Q3KNT9	biological_process	GO:0009566
Q3KNT9	biological_process	GO:0009987
Q3KNT9	biological_process	GO:0019953
Q3KNT9	biological_process	GO:0022412
Q3KNT9	biological_process	GO:0022414
Q3KNT9	biological_process	GO:0048609
Q3MHD2	molecular_function	GO:0005488
Q3MHD2	molecular_function	GO:0005515
Q3MHD2	cellular_component	GO:0005622
Q3MHD2	cellular_component	GO:0005737
Q3MHD2	cellular_component	GO:0110165
Q494V2	molecular_function	GO:0005488
Q494V2	molecular_function	GO:0005515
Q494V2	molecular_function	GO:0008017
Q494V2	molecular_function	GO:0008092
Q494V2	molecular_function	GO:0015631
Q494V2	biological_process	GO:0000226
Q494V2	biological_process	GO:0000278
Q494V2	biological_process	GO:0006996
Q494V2	biological_process	GO:0007010
Q494V2	biological_process	GO:0007017
Q494V2	biological_process	GO:0007049
Q494V2	biological_process	GO:0007051
Q494V2	biological_process	GO:0007052
Q494V2	biological_process	GO:0007059
Q494V2	biological_process	GO:0008283
Q494V2	biological_process	GO:0009987
Q494V2	biological_process	GO:0016043
Q494V2	biological_process	GO:0022402
Q494V2	biological_process	GO:0022607
Q494V2	biological_process	GO:0031109
Q494V2	biological_process	GO:0043616
Q494V2	biological_process	GO:0043933
Q494V2	biological_process	GO:0044085
Q494V2	biological_process	GO:0046785
Q494V2	biological_process	GO:0050673
Q494V2	biological_process	GO:0051258
Q494V2	biological_process	GO:0065003
Q494V2	biological_process	GO:0071840
Q494V2	biological_process	GO:0097435
Q494V2	biological_process	GO:1902850
Q494V2	biological_process	GO:1903047
Q494V2	cellular_component	GO:0000922
Q494V2	cellular_component	GO:0005622
Q494V2	cellular_component	GO:0005815
Q494V2	cellular_component	GO:0005819
Q494V2	cellular_component	GO:0005856
Q494V2	cellular_component	GO:0005874
Q494V2	cellular_component	GO:0005929
Q494V2	cellular_component	GO:0015630
Q494V2	cellular_component	GO:0036064
Q494V2	cellular_component	GO:0042995
Q494V2	cellular_component	GO:0043226
Q494V2	cellular_component	GO:0043227
Q494V2	cellular_component	GO:0043228
Q494V2	cellular_component	GO:0043229
Q494V2	cellular_component	GO:0043232
Q494V2	cellular_component	GO:0099080
Q494V2	cellular_component	GO:0099081
Q494V2	cellular_component	GO:0099512
Q494V2	cellular_component	GO:0099513
Q494V2	cellular_component	GO:0110165
Q494V2	cellular_component	GO:0120025
Q495B1	molecular_function	GO:0005488
Q495B1	molecular_function	GO:0005515
Q495X7	molecular_function	GO:0003824
Q495X7	molecular_function	GO:0005488
Q495X7	molecular_function	GO:0005515
Q495X7	molecular_function	GO:0016740
Q495X7	molecular_function	GO:0016746
Q495X7	molecular_function	GO:0016755
Q495X7	molecular_function	GO:0019787
Q495X7	molecular_function	GO:0019789
Q495X7	molecular_function	GO:0061659
Q495X7	molecular_function	GO:0061665
Q495X7	molecular_function	GO:0140082
Q495X7	molecular_function	GO:0140096
Q495X7	biological_process	GO:0009966
Q495X7	biological_process	GO:0009968
Q495X7	biological_process	GO:0010646
Q495X7	biological_process	GO:0010648
Q495X7	biological_process	GO:0023051
Q495X7	biological_process	GO:0023057
Q495X7	biological_process	GO:0048519
Q495X7	biological_process	GO:0048523
Q495X7	biological_process	GO:0048583
Q495X7	biological_process	GO:0048585
Q495X7	biological_process	GO:0050789
Q495X7	biological_process	GO:0050794
Q495X7	biological_process	GO:0065007
Q495X7	biological_process	GO:1901222
Q495X7	biological_process	GO:1901223
Q495X7	biological_process	GO:1902531
Q495X7	biological_process	GO:1902532
Q495X7	cellular_component	GO:0005622
Q495X7	cellular_component	GO:0005737
Q495X7	cellular_component	GO:0110165
Q4AE62	molecular_function	GO:0000030
Q4AE62	molecular_function	GO:0003824
Q4AE62	molecular_function	GO:0016438
Q4AE62	molecular_function	GO:0016740
Q4AE62	molecular_function	GO:0016757
Q4AE62	molecular_function	GO:0016758
Q4AE62	molecular_function	GO:0140098
Q4AE62	molecular_function	GO:0140101
Q4AE62	molecular_function	GO:0140640
Q4AE62	biological_process	GO:0002097
Q4AE62	biological_process	GO:0002099
Q4AE62	biological_process	GO:0006139
Q4AE62	biological_process	GO:0006396
Q4AE62	biological_process	GO:0006399
Q4AE62	biological_process	GO:0006400
Q4AE62	biological_process	GO:0006417
Q4AE62	biological_process	GO:0008033
Q4AE62	biological_process	GO:0008152
Q4AE62	biological_process	GO:0009058
Q4AE62	biological_process	GO:0009059
Q4AE62	biological_process	GO:0009451
Q4AE62	biological_process	GO:0009889
Q4AE62	biological_process	GO:0009987
Q4AE62	biological_process	GO:0010467
Q4AE62	biological_process	GO:0010468
Q4AE62	biological_process	GO:0010556
Q4AE62	biological_process	GO:0010608
Q4AE62	biological_process	GO:0016070
Q4AE62	biological_process	GO:0019222
Q4AE62	biological_process	GO:0032774
Q4AE62	biological_process	GO:0034654
Q4AE62	biological_process	GO:0043170
Q4AE62	biological_process	GO:0043412
Q4AE62	biological_process	GO:0044238
Q4AE62	biological_process	GO:0050789
Q4AE62	biological_process	GO:0050794
Q4AE62	biological_process	GO:0051246
Q4AE62	biological_process	GO:0060255
Q4AE62	biological_process	GO:0065007
Q4AE62	biological_process	GO:0080090
Q4AE62	biological_process	GO:0090304
Q4AE62	biological_process	GO:0141187
Q4AE62	cellular_component	GO:0005622
Q4AE62	cellular_component	GO:0005634
Q4AE62	cellular_component	GO:0005737
Q4AE62	cellular_component	GO:0043226
Q4AE62	cellular_component	GO:0043227
Q4AE62	cellular_component	GO:0043229
Q4AE62	cellular_component	GO:0043231
Q4AE62	cellular_component	GO:0110165
Q4G0G5	molecular_function	GO:0005488
Q4G0G5	molecular_function	GO:0005515
Q4G0Z9	molecular_function	GO:0005488
Q4G0Z9	molecular_function	GO:0005515
Q4LEZ3	molecular_function	GO:0005488
Q4LEZ3	molecular_function	GO:0005515
Q504Y3	molecular_function	GO:0005488
Q504Y3	molecular_function	GO:0005515
Q504Y3	molecular_function	GO:0030674
Q504Y3	molecular_function	GO:0060090
Q504Y3	molecular_function	GO:0140002
Q504Y3	molecular_function	GO:0140006
Q504Y3	molecular_function	GO:0140463
Q504Y3	molecular_function	GO:0140566
Q53FP2	molecular_function	GO:0005488
Q53FP2	molecular_function	GO:0005515
Q53FP2	molecular_function	GO:0030545
Q53FP2	molecular_function	GO:0030548
Q53FP2	molecular_function	GO:0098772
Q53FP2	molecular_function	GO:0099602
Q53FP2	biological_process	GO:0009987
Q53FP2	biological_process	GO:0016043
Q53FP2	biological_process	GO:0022607
Q53FP2	biological_process	GO:0032879
Q53FP2	biological_process	GO:0032880
Q53FP2	biological_process	GO:0043933
Q53FP2	biological_process	GO:0044085
Q53FP2	biological_process	GO:0048518
Q53FP2	biological_process	GO:0050789
Q53FP2	biological_process	GO:0051131
Q53FP2	biological_process	GO:0065003
Q53FP2	biological_process	GO:0065007
Q53FP2	biological_process	GO:0071840
Q53FP2	biological_process	GO:1903829
Q53FP2	biological_process	GO:2000008
Q53FP2	biological_process	GO:2000010
Q53FP2	cellular_component	GO:0005622
Q53FP2	cellular_component	GO:0005737
Q53FP2	cellular_component	GO:0005783
Q53FP2	cellular_component	GO:0012505
Q53FP2	cellular_component	GO:0043226
Q53FP2	cellular_component	GO:0043227
Q53FP2	cellular_component	GO:0043229
Q53FP2	cellular_component	GO:0043231
Q53FP2	cellular_component	GO:0110165
Q53FZ2	molecular_function	GO:0003824
Q53FZ2	molecular_function	GO:0015645
Q53FZ2	molecular_function	GO:0016405
Q53FZ2	molecular_function	GO:0016874
Q53FZ2	molecular_function	GO:0016877
Q53FZ2	molecular_function	GO:0016878
Q53FZ2	molecular_function	GO:0031956
Q53FZ2	molecular_function	GO:0120515
Q53FZ2	molecular_function	GO:0140657
Q53FZ2	biological_process	GO:0003008
Q53FZ2	biological_process	GO:0003013
Q53FZ2	biological_process	GO:0008015
Q53FZ2	biological_process	GO:0008217
Q53FZ2	biological_process	GO:0032501
Q53FZ2	biological_process	GO:0065007
Q53FZ2	biological_process	GO:0065008
Q53FZ2	cellular_component	GO:0005622
Q53FZ2	cellular_component	GO:0005737
Q53FZ2	cellular_component	GO:0005739
Q53FZ2	cellular_component	GO:0043226
Q53FZ2	cellular_component	GO:0043227
Q53FZ2	cellular_component	GO:0043229
Q53FZ2	cellular_component	GO:0043231
Q53FZ2	cellular_component	GO:0110165
Q53HC5	molecular_function	GO:0005488
Q53HC5	molecular_function	GO:0005515
Q5BJE1	cellular_component	GO:0005622
Q5BJE1	cellular_component	GO:0005815
Q5BJE1	cellular_component	GO:0005856
Q5BJE1	cellular_component	GO:0005929
Q5BJE1	cellular_component	GO:0015630
Q5BJE1	cellular_component	GO:0036064
Q5BJE1	cellular_component	GO:0042995
Q5BJE1	cellular_component	GO:0043226
Q5BJE1	cellular_component	GO:0043227
Q5BJE1	cellular_component	GO:0043228
Q5BJE1	cellular_component	GO:0043229
Q5BJE1	cellular_component	GO:0043232
Q5BJE1	cellular_component	GO:0110165
Q5BJE1	cellular_component	GO:0120025
Q5BKX5	molecular_function	GO:0003824
Q5BKX5	molecular_function	GO:0004177
Q5BKX5	molecular_function	GO:0004239
Q5BKX5	molecular_function	GO:0008233
Q5BKX5	molecular_function	GO:0008234
Q5BKX5	molecular_function	GO:0008238
Q5BKX5	molecular_function	GO:0016787
Q5BKX5	molecular_function	GO:0070004
Q5BKX5	molecular_function	GO:0070005
Q5BKX5	molecular_function	GO:0140096
Q5BKX5	biological_process	GO:0006508
Q5BKX5	biological_process	GO:0008152
Q5BKX5	biological_process	GO:0009058
Q5BKX5	biological_process	GO:0009059
Q5BKX5	biological_process	GO:0009987
Q5BKX5	biological_process	GO:0010467
Q5BKX5	biological_process	GO:0016485
Q5BKX5	biological_process	GO:0019538
Q5BKX5	biological_process	GO:0043170
Q5BKX5	biological_process	GO:0044238
Q5BKX5	biological_process	GO:0051604
Q5FWF7	molecular_function	GO:0005488
Q5FWF7	molecular_function	GO:0005515
Q5HYL7	biological_process	GO:0001558
Q5HYL7	biological_process	GO:0008285
Q5HYL7	biological_process	GO:0030308
Q5HYL7	biological_process	GO:0030334
Q5HYL7	biological_process	GO:0030336
Q5HYL7	biological_process	GO:0040008
Q5HYL7	biological_process	GO:0040012
Q5HYL7	biological_process	GO:0040013
Q5HYL7	biological_process	GO:0042127
Q5HYL7	biological_process	GO:0042981
Q5HYL7	biological_process	GO:0043065
Q5HYL7	biological_process	GO:0043067
Q5HYL7	biological_process	GO:0043068
Q5HYL7	biological_process	GO:0045926
Q5HYL7	biological_process	GO:0048518
Q5HYL7	biological_process	GO:0048519
Q5HYL7	biological_process	GO:0048522
Q5HYL7	biological_process	GO:0048523
Q5HYL7	biological_process	GO:0050789
Q5HYL7	biological_process	GO:0050794
Q5HYL7	biological_process	GO:0051128
Q5HYL7	biological_process	GO:0065007
Q5HYL7	biological_process	GO:2000145
Q5HYL7	biological_process	GO:2000146
Q5HYL7	cellular_component	GO:0005622
Q5HYL7	cellular_component	GO:0005737
Q5HYL7	cellular_component	GO:0110165
Q5JS54	cellular_component	GO:0005622
Q5JS54	cellular_component	GO:0005737
Q5JS54	cellular_component	GO:0005829
Q5JS54	cellular_component	GO:0032991
Q5JS54	cellular_component	GO:0101031
Q5JS54	cellular_component	GO:0110165
Q5JS54	cellular_component	GO:0140535
Q5M8T2	molecular_function	GO:0005215
Q5M8T2	molecular_function	GO:0005338
Q5M8T2	molecular_function	GO:0005460
Q5M8T2	molecular_function	GO:0005488
Q5M8T2	molecular_function	GO:0005515
Q5M8T2	molecular_function	GO:0015165
Q5M8T2	molecular_function	GO:0015605
Q5M8T2	molecular_function	GO:0015932
Q5M8T2	molecular_function	GO:0022857
Q5M8T2	molecular_function	GO:1901505
Q5M8T2	biological_process	GO:0006810
Q5M8T2	biological_process	GO:0009987
Q5M8T2	biological_process	GO:0015748
Q5M8T2	biological_process	GO:0015780
Q5M8T2	biological_process	GO:0015786
Q5M8T2	biological_process	GO:0015931
Q5M8T2	biological_process	GO:0051179
Q5M8T2	biological_process	GO:0051234
Q5M8T2	biological_process	GO:0055085
Q5M8T2	biological_process	GO:0071705
Q5M8T2	biological_process	GO:0090481
Q5M8T2	biological_process	GO:1901264
Q5M8T2	cellular_component	GO:0005622
Q5M8T2	cellular_component	GO:0005737
Q5M8T2	cellular_component	GO:0008021
Q5M8T2	cellular_component	GO:0012505
Q5M8T2	cellular_component	GO:0012506
Q5M8T2	cellular_component	GO:0016020
Q5M8T2	cellular_component	GO:0030054
Q5M8T2	cellular_component	GO:0030133
Q5M8T2	cellular_component	GO:0030658
Q5M8T2	cellular_component	GO:0030659
Q5M8T2	cellular_component	GO:0030672
Q5M8T2	cellular_component	GO:0031090
Q5M8T2	cellular_component	GO:0031410
Q5M8T2	cellular_component	GO:0031982
Q5M8T2	cellular_component	GO:0043226
Q5M8T2	cellular_component	GO:0043227
Q5M8T2	cellular_component	GO:0043229
Q5M8T2	cellular_component	GO:0043231
Q5M8T2	cellular_component	GO:0045202
Q5M8T2	cellular_component	GO:0070382
Q5M8T2	cellular_component	GO:0097708
Q5M8T2	cellular_component	GO:0098588
Q5M8T2	cellular_component	GO:0098793
Q5M8T2	cellular_component	GO:0099501
Q5M8T2	cellular_component	GO:0099503
Q5M8T2	cellular_component	GO:0110165
Q5SR56	molecular_function	GO:0005488
Q5SR56	molecular_function	GO:0005515
Q5SSQ6	molecular_function	GO:0005488
Q5SSQ6	molecular_function	GO:0005515
Q5T1B0	cellular_component	GO:0005622
Q5T1B0	cellular_component	GO:0005737
Q5T1B0	cellular_component	GO:0005829
Q5T1B0	cellular_component	GO:0110165
Q5T6J7	molecular_function	GO:0003824
Q5T6J7	molecular_function	GO:0016301
Q5T6J7	molecular_function	GO:0016740
Q5T6J7	molecular_function	GO:0016772
Q5T6J7	molecular_function	GO:0016773
Q5T6J7	molecular_function	GO:0046316
Q5T7M4	cellular_component	GO:0005576
Q5T7M4	cellular_component	GO:0110165
Q5TAH2	cellular_component	GO:0005886
Q5TAH2	cellular_component	GO:0016020
Q5TAH2	cellular_component	GO:0071944
Q5TAH2	cellular_component	GO:0110165
Q5TEA6	cellular_component	GO:0005622
Q5TEA6	cellular_component	GO:0005634
Q5TEA6	cellular_component	GO:0005654
Q5TEA6	cellular_component	GO:0005929
Q5TEA6	cellular_component	GO:0016604
Q5TEA6	cellular_component	GO:0016607
Q5TEA6	cellular_component	GO:0031974
Q5TEA6	cellular_component	GO:0031981
Q5TEA6	cellular_component	GO:0035770
Q5TEA6	cellular_component	GO:0042995
Q5TEA6	cellular_component	GO:0043226
Q5TEA6	cellular_component	GO:0043227
Q5TEA6	cellular_component	GO:0043228
Q5TEA6	cellular_component	GO:0043229
Q5TEA6	cellular_component	GO:0043231
Q5TEA6	cellular_component	GO:0043232
Q5TEA6	cellular_component	GO:0043233
Q5TEA6	cellular_component	GO:0070013
Q5TEA6	cellular_component	GO:0099080
Q5TEA6	cellular_component	GO:0110165
Q5TEA6	cellular_component	GO:0120025
Q5TEA6	cellular_component	GO:0140168
Q5TF39	molecular_function	GO:0005488
Q5TF39	molecular_function	GO:0005515
Q5TGY1	molecular_function	GO:0005488
Q5TGY1	molecular_function	GO:0005515
Q5TGY1	cellular_component	GO:0005622
Q5TGY1	cellular_component	GO:0005737
Q5TGY1	cellular_component	GO:0005783
Q5TGY1	cellular_component	GO:0005789
Q5TGY1	cellular_component	GO:0012505
Q5TGY1	cellular_component	GO:0016020
Q5TGY1	cellular_component	GO:0031090
Q5TGY1	cellular_component	GO:0031984
Q5TGY1	cellular_component	GO:0042175
Q5TGY1	cellular_component	GO:0043226
Q5TGY1	cellular_component	GO:0043227
Q5TGY1	cellular_component	GO:0043229
Q5TGY1	cellular_component	GO:0043231
Q5TGY1	cellular_component	GO:0098827
Q5TGY1	cellular_component	GO:0110165
Q5VTH2	cellular_component	GO:0005622
Q5VTH2	cellular_component	GO:0005737
Q5VTH2	cellular_component	GO:0005856
Q5VTH2	cellular_component	GO:0005874
Q5VTH2	cellular_component	GO:0005879
Q5VTH2	cellular_component	GO:0005881
Q5VTH2	cellular_component	GO:0005929
Q5VTH2	cellular_component	GO:0005930
Q5VTH2	cellular_component	GO:0015630
Q5VTH2	cellular_component	GO:0042995
Q5VTH2	cellular_component	GO:0043226
Q5VTH2	cellular_component	GO:0043227
Q5VTH2	cellular_component	GO:0043228
Q5VTH2	cellular_component	GO:0043229
Q5VTH2	cellular_component	GO:0043232
Q5VTH2	cellular_component	GO:0097014
Q5VTH2	cellular_component	GO:0099080
Q5VTH2	cellular_component	GO:0099081
Q5VTH2	cellular_component	GO:0099512
Q5VTH2	cellular_component	GO:0099513
Q5VTH2	cellular_component	GO:0110165
Q5VTH2	cellular_component	GO:0120025
Q5VTL7	cellular_component	GO:0005576
Q5VTL7	cellular_component	GO:0005614
Q5VTL7	cellular_component	GO:0030312
Q5VTL7	cellular_component	GO:0031012
Q5VTL7	cellular_component	GO:0110165
Q5VTL7	cellular_component	GO:0140149
Q5VTL7	cellular_component	GO:0140151
Q5VU97	molecular_function	GO:0016247
Q5VU97	molecular_function	GO:0098772
Q5VU97	molecular_function	GO:0099103
Q5VU97	molecular_function	GO:0140677
Q5VU97	molecular_function	GO:0141108
Q5VU97	molecular_function	GO:0141109
Q5VU97	biological_process	GO:0007275
Q5VU97	biological_process	GO:0007399
Q5VU97	biological_process	GO:0009987
Q5VU97	biological_process	GO:0022008
Q5VU97	biological_process	GO:0030154
Q5VU97	biological_process	GO:0032501
Q5VU97	biological_process	GO:0032502
Q5VU97	biological_process	GO:0032879
Q5VU97	biological_process	GO:0032880
Q5VU97	biological_process	GO:0048518
Q5VU97	biological_process	GO:0048731
Q5VU97	biological_process	GO:0048856
Q5VU97	biological_process	GO:0048869
Q5VU97	biological_process	GO:0050789
Q5VU97	biological_process	GO:0065007
Q5VU97	biological_process	GO:0160108
Q5VU97	biological_process	GO:1903829
Q5VU97	biological_process	GO:2000008
Q5VU97	biological_process	GO:2000010
Q5VU97	cellular_component	GO:0005886
Q5VU97	cellular_component	GO:0016020
Q5VU97	cellular_component	GO:0071944
Q5VU97	cellular_component	GO:0110165
Q5VUE5	cellular_component	GO:0005622
Q5VUE5	cellular_component	GO:0005737
Q5VUE5	cellular_component	GO:0005739
Q5VUE5	cellular_component	GO:0043226
Q5VUE5	cellular_component	GO:0043227
Q5VUE5	cellular_component	GO:0043229
Q5VUE5	cellular_component	GO:0043231
Q5VUE5	cellular_component	GO:0110165
Q5VV63	molecular_function	GO:0005488
Q5VV63	molecular_function	GO:0005515
Q5VXH4	molecular_function	GO:0030674
Q5VXH4	molecular_function	GO:0060090
Q5VXH4	molecular_function	GO:0140767
Q5VXH4	molecular_function	GO:1990756
Q5VXH4	biological_process	GO:0006511
Q5VXH4	biological_process	GO:0008152
Q5VXH4	biological_process	GO:0009056
Q5VXH4	biological_process	GO:0009057
Q5VXH4	biological_process	GO:0009987
Q5VXH4	biological_process	GO:0010498
Q5VXH4	biological_process	GO:0019538
Q5VXH4	biological_process	GO:0019941
Q5VXH4	biological_process	GO:0030163
Q5VXH4	biological_process	GO:0043161
Q5VXH4	biological_process	GO:0043170
Q5VXH4	biological_process	GO:0043632
Q5VXH4	biological_process	GO:0044238
Q5VXH4	cellular_component	GO:0000151
Q5VXH4	cellular_component	GO:0031461
Q5VXH4	cellular_component	GO:0031462
Q5VXH4	cellular_component	GO:0032991
Q5VXH4	cellular_component	GO:0140535
Q5VXH4	cellular_component	GO:1902494
Q5VXH4	cellular_component	GO:1990234
Q5VXM1	cellular_component	GO:0005576
Q5VXM1	cellular_component	GO:0005614
Q5VXM1	cellular_component	GO:0030312
Q5VXM1	cellular_component	GO:0031012
Q5VXM1	cellular_component	GO:0110165
Q5VXM1	cellular_component	GO:0140149
Q5VXM1	cellular_component	GO:0140151
Q5VZ52	molecular_function	GO:0005488
Q5VZ52	molecular_function	GO:0005515
Q5W0U4	cellular_component	GO:0005622
Q5W0U4	cellular_component	GO:0005737
Q5W0U4	cellular_component	GO:0005829
Q5W0U4	cellular_component	GO:0110165
Q63HM1	molecular_function	GO:0005488
Q63HM1	molecular_function	GO:0005515
Q63HM9	molecular_function	GO:0005488
Q63HM9	molecular_function	GO:0005515
Q63HM9	cellular_component	GO:0005622
Q63HM9	cellular_component	GO:0005737
Q63HM9	cellular_component	GO:0110165
Q69YU5	molecular_function	GO:0005488
Q69YU5	molecular_function	GO:0005515
Q69YU5	biological_process	GO:0006996
Q69YU5	biological_process	GO:0007005
Q69YU5	biological_process	GO:0008535
Q69YU5	biological_process	GO:0009987
Q69YU5	biological_process	GO:0016043
Q69YU5	biological_process	GO:0017004
Q69YU5	biological_process	GO:0017062
Q69YU5	biological_process	GO:0022607
Q69YU5	biological_process	GO:0033108
Q69YU5	biological_process	GO:0033617
Q69YU5	biological_process	GO:0034551
Q69YU5	biological_process	GO:0043933
Q69YU5	biological_process	GO:0044085
Q69YU5	biological_process	GO:0065003
Q69YU5	biological_process	GO:0071840
Q69YU5	cellular_component	GO:0005622
Q69YU5	cellular_component	GO:0005737
Q69YU5	cellular_component	GO:0005739
Q69YU5	cellular_component	GO:0005740
Q69YU5	cellular_component	GO:0005743
Q69YU5	cellular_component	GO:0016020
Q69YU5	cellular_component	GO:0019866
Q69YU5	cellular_component	GO:0031090
Q69YU5	cellular_component	GO:0031966
Q69YU5	cellular_component	GO:0031967
Q69YU5	cellular_component	GO:0043226
Q69YU5	cellular_component	GO:0043227
Q69YU5	cellular_component	GO:0043229
Q69YU5	cellular_component	GO:0043231
Q69YU5	cellular_component	GO:0110165
Q6B0K9	molecular_function	GO:0005488
Q6B0K9	molecular_function	GO:0005515
Q6B8I1	molecular_function	GO:0003824
Q6B8I1	molecular_function	GO:0016787
Q6B8I1	molecular_function	GO:0016788
Q6B8I1	molecular_function	GO:0016791
Q6B8I1	molecular_function	GO:0042578
Q6B8I1	biological_process	GO:0006796
Q6B8I1	biological_process	GO:0008152
Q6B8I1	biological_process	GO:0009987
Q6B8I1	biological_process	GO:0016311
Q6B8I1	cellular_component	GO:0005622
Q6B8I1	cellular_component	GO:0005737
Q6B8I1	cellular_component	GO:0110165
Q6EEV6	biological_process	GO:0006355
Q6EEV6	biological_process	GO:0006950
Q6EEV6	biological_process	GO:0006979
Q6EEV6	biological_process	GO:0008152
Q6EEV6	biological_process	GO:0009889
Q6EEV6	biological_process	GO:0009890
Q6EEV6	biological_process	GO:0009892
Q6EEV6	biological_process	GO:0009966
Q6EEV6	biological_process	GO:0009987
Q6EEV6	biological_process	GO:0010468
Q6EEV6	biological_process	GO:0010556
Q6EEV6	biological_process	GO:0010558
Q6EEV6	biological_process	GO:0010605
Q6EEV6	biological_process	GO:0010646
Q6EEV6	biological_process	GO:0016925
Q6EEV6	biological_process	GO:0018205
Q6EEV6	biological_process	GO:0019219
Q6EEV6	biological_process	GO:0019222
Q6EEV6	biological_process	GO:0019538
Q6EEV6	biological_process	GO:0023051
Q6EEV6	biological_process	GO:0032446
Q6EEV6	biological_process	GO:0032879
Q6EEV6	biological_process	GO:0032880
Q6EEV6	biological_process	GO:0033554
Q6EEV6	biological_process	GO:0034599
Q6EEV6	biological_process	GO:0036211
Q6EEV6	biological_process	GO:0042221
Q6EEV6	biological_process	GO:0043122
Q6EEV6	biological_process	GO:0043170
Q6EEV6	biological_process	GO:0043388
Q6EEV6	biological_process	GO:0043392
Q6EEV6	biological_process	GO:0043412
Q6EEV6	biological_process	GO:0043687
Q6EEV6	biological_process	GO:0044092
Q6EEV6	biological_process	GO:0044093
Q6EEV6	biological_process	GO:0044238
Q6EEV6	biological_process	GO:0045892
Q6EEV6	biological_process	GO:0045934
Q6EEV6	biological_process	GO:0048519
Q6EEV6	biological_process	GO:0048523
Q6EEV6	biological_process	GO:0048583
Q6EEV6	biological_process	GO:0050789
Q6EEV6	biological_process	GO:0050794
Q6EEV6	biological_process	GO:0050896
Q6EEV6	biological_process	GO:0051098
Q6EEV6	biological_process	GO:0051099
Q6EEV6	biological_process	GO:0051100
Q6EEV6	biological_process	GO:0051101
Q6EEV6	biological_process	GO:0051252
Q6EEV6	biological_process	GO:0051253
Q6EEV6	biological_process	GO:0051716
Q6EEV6	biological_process	GO:0060255
Q6EEV6	biological_process	GO:0062197
Q6EEV6	biological_process	GO:0065007
Q6EEV6	biological_process	GO:0065009
Q6EEV6	biological_process	GO:0070647
Q6EEV6	biological_process	GO:0070887
Q6EEV6	biological_process	GO:0080090
Q6EEV6	biological_process	GO:1900180
Q6EEV6	biological_process	GO:1902531
Q6EEV6	biological_process	GO:1902679
Q6EEV6	biological_process	GO:2001141
Q6EEV6	cellular_component	GO:0005622
Q6EEV6	cellular_component	GO:0005634
Q6EEV6	cellular_component	GO:0005654
Q6EEV6	cellular_component	GO:0016604
Q6EEV6	cellular_component	GO:0031974
Q6EEV6	cellular_component	GO:0031981
Q6EEV6	cellular_component	GO:0032991
Q6EEV6	cellular_component	GO:0043226
Q6EEV6	cellular_component	GO:0043227
Q6EEV6	cellular_component	GO:0043228
Q6EEV6	cellular_component	GO:0043229
Q6EEV6	cellular_component	GO:0043231
Q6EEV6	cellular_component	GO:0043232
Q6EEV6	cellular_component	GO:0043233
Q6EEV6	cellular_component	GO:0070013
Q6EEV6	cellular_component	GO:0106068
Q6EEV6	cellular_component	GO:0110165
Q6EEV6	cellular_component	GO:1902494
Q6EEV6	cellular_component	GO:1990234
Q6GMV2	molecular_function	GO:0003824
Q6GMV2	molecular_function	GO:0005488
Q6GMV2	molecular_function	GO:0005515
Q6GMV2	molecular_function	GO:0008168
Q6GMV2	molecular_function	GO:0008170
Q6GMV2	molecular_function	GO:0008276
Q6GMV2	molecular_function	GO:0008757
Q6GMV2	molecular_function	GO:0016278
Q6GMV2	molecular_function	GO:0016279
Q6GMV2	molecular_function	GO:0016740
Q6GMV2	molecular_function	GO:0016741
Q6GMV2	molecular_function	GO:0140096
Q6GMV2	biological_process	GO:0006325
Q6GMV2	biological_process	GO:0006338
Q6GMV2	biological_process	GO:0006417
Q6GMV2	biological_process	GO:0006448
Q6GMV2	biological_process	GO:0009889
Q6GMV2	biological_process	GO:0009890
Q6GMV2	biological_process	GO:0009891
Q6GMV2	biological_process	GO:0009892
Q6GMV2	biological_process	GO:0009893
Q6GMV2	biological_process	GO:0009987
Q6GMV2	biological_process	GO:0010468
Q6GMV2	biological_process	GO:0010526
Q6GMV2	biological_process	GO:0010556
Q6GMV2	biological_process	GO:0010557
Q6GMV2	biological_process	GO:0010558
Q6GMV2	biological_process	GO:0010604
Q6GMV2	biological_process	GO:0010605
Q6GMV2	biological_process	GO:0010608
Q6GMV2	biological_process	GO:0010628
Q6GMV2	biological_process	GO:0010629
Q6GMV2	biological_process	GO:0016043
Q6GMV2	biological_process	GO:0019222
Q6GMV2	biological_process	GO:0022607
Q6GMV2	biological_process	GO:0031507
Q6GMV2	biological_process	GO:0040029
Q6GMV2	biological_process	GO:0044085
Q6GMV2	biological_process	GO:0045595
Q6GMV2	biological_process	GO:0045727
Q6GMV2	biological_process	GO:0045814
Q6GMV2	biological_process	GO:0045901
Q6GMV2	biological_process	GO:0048518
Q6GMV2	biological_process	GO:0048519
Q6GMV2	biological_process	GO:0048522
Q6GMV2	biological_process	GO:0048523
Q6GMV2	biological_process	GO:0050789
Q6GMV2	biological_process	GO:0050793
Q6GMV2	biological_process	GO:0050794
Q6GMV2	biological_process	GO:0051246
Q6GMV2	biological_process	GO:0051247
Q6GMV2	biological_process	GO:0060255
Q6GMV2	biological_process	GO:0065007
Q6GMV2	biological_process	GO:0070828
Q6GMV2	biological_process	GO:0071840
Q6GMV2	biological_process	GO:0080090
Q6GMV2	biological_process	GO:0140719
Q6GMV2	biological_process	GO:0141005
Q6GMV2	biological_process	GO:1900247
Q6GMV2	biological_process	GO:1900249
Q6GMV2	biological_process	GO:2000736
Q6GMV2	cellular_component	GO:0005622
Q6GMV2	cellular_component	GO:0005737
Q6GMV2	cellular_component	GO:0110165
Q6GMV3	molecular_function	GO:0005488
Q6GMV3	molecular_function	GO:0005515
Q6GMV3	cellular_component	GO:0005622
Q6GMV3	cellular_component	GO:0005737
Q6GMV3	cellular_component	GO:0005739
Q6GMV3	cellular_component	GO:0043226
Q6GMV3	cellular_component	GO:0043227
Q6GMV3	cellular_component	GO:0043229
Q6GMV3	cellular_component	GO:0043231
Q6GMV3	cellular_component	GO:0110165
Q6ICL7	molecular_function	GO:0005488
Q6ICL7	molecular_function	GO:0005515
Q6IPR3	molecular_function	GO:0005488
Q6IPR3	molecular_function	GO:0005515
Q6NUM6	molecular_function	GO:0005488
Q6NUM6	molecular_function	GO:0005515
Q6NUN0	cellular_component	GO:0005622
Q6NUN0	cellular_component	GO:0005737
Q6NUN0	cellular_component	GO:0005739
Q6NUN0	cellular_component	GO:0043226
Q6NUN0	cellular_component	GO:0043227
Q6NUN0	cellular_component	GO:0043229
Q6NUN0	cellular_component	GO:0043231
Q6NUN0	cellular_component	GO:0110165
Q6NVU6	molecular_function	GO:0003824
Q6NVU6	molecular_function	GO:0005488
Q6NVU6	molecular_function	GO:0005515
Q6NVU6	molecular_function	GO:0008233
Q6NVU6	molecular_function	GO:0008234
Q6NVU6	molecular_function	GO:0016787
Q6NVU6	molecular_function	GO:0019783
Q6NVU6	molecular_function	GO:0071567
Q6NVU6	molecular_function	GO:0140096
Q6NVU6	biological_process	GO:0008152
Q6NVU6	biological_process	GO:0009058
Q6NVU6	biological_process	GO:0009059
Q6NVU6	biological_process	GO:0009987
Q6NVU6	biological_process	GO:0010467
Q6NVU6	biological_process	GO:0019538
Q6NVU6	biological_process	GO:0032446
Q6NVU6	biological_process	GO:0036211
Q6NVU6	biological_process	GO:0043170
Q6NVU6	biological_process	GO:0043412
Q6NVU6	biological_process	GO:0043687
Q6NVU6	biological_process	GO:0044238
Q6NVU6	biological_process	GO:0051604
Q6NVU6	biological_process	GO:0070647
Q6NVU6	biological_process	GO:0071569
Q6NVU6	cellular_component	GO:0005622
Q6NVU6	cellular_component	GO:0005737
Q6NVU6	cellular_component	GO:0005829
Q6NVU6	cellular_component	GO:0110165
Q6NW29	molecular_function	GO:0005488
Q6NW29	molecular_function	GO:0005515
Q6NZ63	molecular_function	GO:0005488
Q6NZ63	molecular_function	GO:0005515
Q6P0A1	molecular_function	GO:0005488
Q6P0A1	molecular_function	GO:0005515
Q6P2I3	molecular_function	GO:0003824
Q6P2I3	molecular_function	GO:0005488
Q6P2I3	molecular_function	GO:0005515
Q6P2I3	molecular_function	GO:0016853
Q6P2I3	molecular_function	GO:0016860
Q6P2I3	molecular_function	GO:0016862
Q6P2I3	molecular_function	GO:0050163
Q6P2I3	biological_process	GO:0006107
Q6P2I3	biological_process	GO:0008152
Q6P2I3	biological_process	GO:0009987
Q6P2I3	biological_process	GO:0019752
Q6P2I3	biological_process	GO:0043436
Q6P2I3	biological_process	GO:0043648
Q6P2I3	biological_process	GO:0044281
Q6P2I3	cellular_component	GO:0005622
Q6P2I3	cellular_component	GO:0005737
Q6P2I3	cellular_component	GO:0005739
Q6P2I3	cellular_component	GO:0043226
Q6P2I3	cellular_component	GO:0043227
Q6P2I3	cellular_component	GO:0043229
Q6P2I3	cellular_component	GO:0043231
Q6P2I3	cellular_component	GO:0110165
Q6P474	molecular_function	GO:0005488
Q6P474	molecular_function	GO:0005515
Q6Q0C1	cellular_component	GO:0005622
Q6Q0C1	cellular_component	GO:0005737
Q6Q0C1	cellular_component	GO:0005739
Q6Q0C1	cellular_component	GO:0005740
Q6Q0C1	cellular_component	GO:0005743
Q6Q0C1	cellular_component	GO:0016020
Q6Q0C1	cellular_component	GO:0019866
Q6Q0C1	cellular_component	GO:0031090
Q6Q0C1	cellular_component	GO:0031966
Q6Q0C1	cellular_component	GO:0031967
Q6Q0C1	cellular_component	GO:0043226
Q6Q0C1	cellular_component	GO:0043227
Q6Q0C1	cellular_component	GO:0043229
Q6Q0C1	cellular_component	GO:0043231
Q6Q0C1	cellular_component	GO:0110165
Q6Q8B3	molecular_function	GO:0005488
Q6Q8B3	molecular_function	GO:0005515
Q6TDU7	molecular_function	GO:0005488
Q6TDU7	molecular_function	GO:0005515
Q6U736	molecular_function	GO:0005488
Q6U736	molecular_function	GO:0005501
Q6U736	molecular_function	GO:0005502
Q6U736	molecular_function	GO:0008289
Q6U736	molecular_function	GO:0016918
Q6U736	molecular_function	GO:0019840
Q6U736	molecular_function	GO:0019842
Q6U736	molecular_function	GO:0036094
Q6U736	biological_process	GO:0007154
Q6U736	biological_process	GO:0007165
Q6U736	biological_process	GO:0007602
Q6U736	biological_process	GO:0007604
Q6U736	biological_process	GO:0009314
Q6U736	biological_process	GO:0009411
Q6U736	biological_process	GO:0009416
Q6U736	biological_process	GO:0009581
Q6U736	biological_process	GO:0009582
Q6U736	biological_process	GO:0009583
Q6U736	biological_process	GO:0009589
Q6U736	biological_process	GO:0009605
Q6U736	biological_process	GO:0009628
Q6U736	biological_process	GO:0009987
Q6U736	biological_process	GO:0023052
Q6U736	biological_process	GO:0034644
Q6U736	biological_process	GO:0050789
Q6U736	biological_process	GO:0050794
Q6U736	biological_process	GO:0050896
Q6U736	biological_process	GO:0051606
Q6U736	biological_process	GO:0051716
Q6U736	biological_process	GO:0065007
Q6U736	biological_process	GO:0070141
Q6U736	biological_process	GO:0071214
Q6U736	biological_process	GO:0071478
Q6U736	biological_process	GO:0071482
Q6U736	biological_process	GO:0071492
Q6U736	biological_process	GO:0104004
Q6U736	cellular_component	GO:0005622
Q6U736	cellular_component	GO:0005737
Q6U736	cellular_component	GO:0005886
Q6U736	cellular_component	GO:0016020
Q6U736	cellular_component	GO:0071944
Q6U736	cellular_component	GO:0110165
Q6UXK5	molecular_function	GO:0005488
Q6UXK5	molecular_function	GO:0005515
Q6V702	molecular_function	GO:0005488
Q6V702	molecular_function	GO:0005515
Q6ZMD2	molecular_function	GO:0005488
Q6ZMD2	molecular_function	GO:0005515
Q6ZN16	molecular_function	GO:0003824
Q6ZN16	molecular_function	GO:0004672
Q6ZN16	molecular_function	GO:0004674
Q6ZN16	molecular_function	GO:0004709
Q6ZN16	molecular_function	GO:0016301
Q6ZN16	molecular_function	GO:0016740
Q6ZN16	molecular_function	GO:0016772
Q6ZN16	molecular_function	GO:0016773
Q6ZN16	molecular_function	GO:0106310
Q6ZN16	molecular_function	GO:0140096
Q6ZNG9	molecular_function	GO:0005488
Q6ZNG9	molecular_function	GO:0005515
Q6ZSC3	molecular_function	GO:0005488
Q6ZSC3	molecular_function	GO:0005515
Q6ZUI0	molecular_function	GO:0005488
Q6ZUI0	molecular_function	GO:0005515
Q6ZUI0	cellular_component	GO:0005622
Q6ZUI0	cellular_component	GO:0005634
Q6ZUI0	cellular_component	GO:0005654
Q6ZUI0	cellular_component	GO:0031974
Q6ZUI0	cellular_component	GO:0031981
Q6ZUI0	cellular_component	GO:0043226
Q6ZUI0	cellular_component	GO:0043227
Q6ZUI0	cellular_component	GO:0043229
Q6ZUI0	cellular_component	GO:0043231
Q6ZUI0	cellular_component	GO:0043233
Q6ZUI0	cellular_component	GO:0070013
Q6ZUI0	cellular_component	GO:0110165
Q71RC9	molecular_function	GO:0005488
Q71RC9	molecular_function	GO:0005515
Q7JUR6	biological_process	GO:0006950
Q7JUR6	biological_process	GO:0006979
Q7JUR6	biological_process	GO:0031667
Q7JUR6	biological_process	GO:0042594
Q7JUR6	biological_process	GO:0050896
Q7K0F0	molecular_function	GO:0005488
Q7K0F0	molecular_function	GO:0005515
Q7K0L4	cellular_component	GO:0000151
Q7K0L4	cellular_component	GO:0032991
Q7K0L4	cellular_component	GO:0034657
Q7K0L4	cellular_component	GO:0140535
Q7K0L4	cellular_component	GO:1902494
Q7K0L4	cellular_component	GO:1990234
Q7K332	biological_process	GO:0010821
Q7K332	biological_process	GO:0033043
Q7K332	biological_process	GO:0050789
Q7K332	biological_process	GO:0050794
Q7K332	biological_process	GO:0051128
Q7K332	biological_process	GO:0065007
Q7K332	cellular_component	GO:0005622
Q7K332	cellular_component	GO:0005737
Q7K332	cellular_component	GO:0005739
Q7K332	cellular_component	GO:0005740
Q7K332	cellular_component	GO:0005743
Q7K332	cellular_component	GO:0016020
Q7K332	cellular_component	GO:0019866
Q7K332	cellular_component	GO:0031090
Q7K332	cellular_component	GO:0031966
Q7K332	cellular_component	GO:0031967
Q7K332	cellular_component	GO:0043226
Q7K332	cellular_component	GO:0043227
Q7K332	cellular_component	GO:0043229
Q7K332	cellular_component	GO:0043231
Q7K332	cellular_component	GO:0110165
Q7K5K9	biological_process	GO:0003006
Q7K5K9	biological_process	GO:0007276
Q7K5K9	biological_process	GO:0007281
Q7K5K9	biological_process	GO:0007283
Q7K5K9	biological_process	GO:0007286
Q7K5K9	biological_process	GO:0009987
Q7K5K9	biological_process	GO:0019953
Q7K5K9	biological_process	GO:0022412
Q7K5K9	biological_process	GO:0022414
Q7K5K9	biological_process	GO:0030154
Q7K5K9	biological_process	GO:0032502
Q7K5K9	biological_process	GO:0048232
Q7K5K9	biological_process	GO:0048468
Q7K5K9	biological_process	GO:0048515
Q7K5K9	biological_process	GO:0048609
Q7K5K9	biological_process	GO:0048856
Q7K5K9	biological_process	GO:0048869
Q7K5K9	cellular_component	GO:0005622
Q7K5K9	cellular_component	GO:0016007
Q7K5K9	cellular_component	GO:0016008
Q7K5K9	cellular_component	GO:0043226
Q7K5K9	cellular_component	GO:0043227
Q7K5K9	cellular_component	GO:0043229
Q7K5K9	cellular_component	GO:0043231
Q7K5K9	cellular_component	GO:0110165
Q7KRU8	molecular_function	GO:0005488
Q7KRU8	molecular_function	GO:0005506
Q7KRU8	molecular_function	GO:0008198
Q7KRU8	molecular_function	GO:0036094
Q7KRU8	molecular_function	GO:0043167
Q7KRU8	molecular_function	GO:0043169
Q7KRU8	molecular_function	GO:0046872
Q7KRU8	molecular_function	GO:0046914
Q7KRU8	biological_process	GO:0000041
Q7KRU8	biological_process	GO:0006810
Q7KRU8	biological_process	GO:0006811
Q7KRU8	biological_process	GO:0006812
Q7KRU8	biological_process	GO:0006826
Q7KRU8	biological_process	GO:0006873
Q7KRU8	biological_process	GO:0006879
Q7KRU8	biological_process	GO:0007275
Q7KRU8	biological_process	GO:0008283
Q7KRU8	biological_process	GO:0009605
Q7KRU8	biological_process	GO:0009607
Q7KRU8	biological_process	GO:0009620
Q7KRU8	biological_process	GO:0009636
Q7KRU8	biological_process	GO:0009791
Q7KRU8	biological_process	GO:0009987
Q7KRU8	biological_process	GO:0010038
Q7KRU8	biological_process	GO:0010039
Q7KRU8	biological_process	GO:0019725
Q7KRU8	biological_process	GO:0030001
Q7KRU8	biological_process	GO:0030003
Q7KRU8	biological_process	GO:0030431
Q7KRU8	biological_process	GO:0032501
Q7KRU8	biological_process	GO:0032502
Q7KRU8	biological_process	GO:0033212
Q7KRU8	biological_process	GO:0034220
Q7KRU8	biological_process	GO:0034755
Q7KRU8	biological_process	GO:0042221
Q7KRU8	biological_process	GO:0042592
Q7KRU8	biological_process	GO:0043207
Q7KRU8	biological_process	GO:0044419
Q7KRU8	biological_process	GO:0048856
Q7KRU8	biological_process	GO:0048878
Q7KRU8	biological_process	GO:0050801
Q7KRU8	biological_process	GO:0050896
Q7KRU8	biological_process	GO:0051179
Q7KRU8	biological_process	GO:0051234
Q7KRU8	biological_process	GO:0051641
Q7KRU8	biological_process	GO:0051649
Q7KRU8	biological_process	GO:0051707
Q7KRU8	biological_process	GO:0055080
Q7KRU8	biological_process	GO:0055082
Q7KRU8	biological_process	GO:0055085
Q7KRU8	biological_process	GO:0061687
Q7KRU8	biological_process	GO:0098655
Q7KRU8	biological_process	GO:0098657
Q7KRU8	biological_process	GO:0098659
Q7KRU8	biological_process	GO:0098711
Q7KRU8	biological_process	GO:0098739
Q7KRU8	biological_process	GO:0098754
Q7KRU8	biological_process	GO:0098771
Q7KRU8	biological_process	GO:0099587
Q7KRU8	biological_process	GO:1990461
Q7KRU8	cellular_component	GO:0005576
Q7KRU8	cellular_component	GO:0005622
Q7KRU8	cellular_component	GO:0005737
Q7KRU8	cellular_component	GO:0005794
Q7KRU8	cellular_component	GO:0012505
Q7KRU8	cellular_component	GO:0032991
Q7KRU8	cellular_component	GO:0043226
Q7KRU8	cellular_component	GO:0043227
Q7KRU8	cellular_component	GO:0043229
Q7KRU8	cellular_component	GO:0043231
Q7KRU8	cellular_component	GO:0045169
Q7KRU8	cellular_component	GO:0070288
Q7KRU8	cellular_component	GO:0110165
Q7KTW9	biological_process	GO:0006520
Q7KTW9	biological_process	GO:0008152
Q7KTW9	biological_process	GO:0008652
Q7KTW9	biological_process	GO:0009058
Q7KTW9	biological_process	GO:0009067
Q7KTW9	biological_process	GO:0009987
Q7KTW9	biological_process	GO:0019752
Q7KTW9	biological_process	GO:0043436
Q7KTW9	biological_process	GO:0044238
Q7KTW9	biological_process	GO:0044281
Q7KTW9	biological_process	GO:0044283
Q7KTW9	biological_process	GO:0046394
Q7KTW9	biological_process	GO:0070981
Q7KTW9	biological_process	GO:0170038
Q7KTW9	biological_process	GO:0170039
Q7KUL3	molecular_function	GO:0005488
Q7KUL3	molecular_function	GO:0005515
Q7L3T8	cellular_component	GO:0005622
Q7L3T8	cellular_component	GO:0005737
Q7L3T8	cellular_component	GO:0005739
Q7L3T8	cellular_component	GO:0043226
Q7L3T8	cellular_component	GO:0043227
Q7L3T8	cellular_component	GO:0043229
Q7L3T8	cellular_component	GO:0043231
Q7L3T8	cellular_component	GO:0110165
Q7L9B9	molecular_function	GO:0005488
Q7L9B9	molecular_function	GO:0005515
Q7L9B9	biological_process	GO:0010874
Q7L9B9	biological_process	GO:0010875
Q7L9B9	biological_process	GO:0032368
Q7L9B9	biological_process	GO:0032370
Q7L9B9	biological_process	GO:0032371
Q7L9B9	biological_process	GO:0032373
Q7L9B9	biological_process	GO:0032374
Q7L9B9	biological_process	GO:0032376
Q7L9B9	biological_process	GO:0032879
Q7L9B9	biological_process	GO:0048518
Q7L9B9	biological_process	GO:0050789
Q7L9B9	biological_process	GO:0051049
Q7L9B9	biological_process	GO:0051050
Q7L9B9	biological_process	GO:0065007
Q7L9B9	biological_process	GO:1905952
Q7L9B9	biological_process	GO:1905954
Q7L9B9	cellular_component	GO:0005886
Q7L9B9	cellular_component	GO:0016020
Q7L9B9	cellular_component	GO:0071944
Q7L9B9	cellular_component	GO:0110165
Q7PLE6	biological_process	GO:0006520
Q7PLE6	biological_process	GO:0006550
Q7PLE6	biological_process	GO:0006551
Q7PLE6	biological_process	GO:0006552
Q7PLE6	biological_process	GO:0006574
Q7PLE6	biological_process	GO:0008152
Q7PLE6	biological_process	GO:0009056
Q7PLE6	biological_process	GO:0009063
Q7PLE6	biological_process	GO:0009081
Q7PLE6	biological_process	GO:0009083
Q7PLE6	biological_process	GO:0009987
Q7PLE6	biological_process	GO:0019752
Q7PLE6	biological_process	GO:0043436
Q7PLE6	biological_process	GO:0044238
Q7PLE6	biological_process	GO:0044281
Q7PLE6	biological_process	GO:0044282
Q7PLE6	biological_process	GO:0046395
Q7PLE6	biological_process	GO:0170039
Q7PLE6	biological_process	GO:0170040
Q7RTS6	molecular_function	GO:0005488
Q7RTS6	molecular_function	GO:0005515
Q7Z2G1	molecular_function	GO:0005198
Q7Z2G1	molecular_function	GO:0005488
Q7Z2G1	molecular_function	GO:0005515
Q7Z2G1	molecular_function	GO:0030527
Q7Z2G1	cellular_component	GO:0000781
Q7Z2G1	cellular_component	GO:0000785
Q7Z2G1	cellular_component	GO:0000786
Q7Z2G1	cellular_component	GO:0005622
Q7Z2G1	cellular_component	GO:0005634
Q7Z2G1	cellular_component	GO:0005635
Q7Z2G1	cellular_component	GO:0005694
Q7Z2G1	cellular_component	GO:0012505
Q7Z2G1	cellular_component	GO:0016020
Q7Z2G1	cellular_component	GO:0031090
Q7Z2G1	cellular_component	GO:0031965
Q7Z2G1	cellular_component	GO:0031967
Q7Z2G1	cellular_component	GO:0032991
Q7Z2G1	cellular_component	GO:0032993
Q7Z2G1	cellular_component	GO:0043226
Q7Z2G1	cellular_component	GO:0043227
Q7Z2G1	cellular_component	GO:0043228
Q7Z2G1	cellular_component	GO:0043229
Q7Z2G1	cellular_component	GO:0043231
Q7Z2G1	cellular_component	GO:0043232
Q7Z2G1	cellular_component	GO:0098687
Q7Z2G1	cellular_component	GO:0110165
Q7Z3V4	molecular_function	GO:0003824
Q7Z3V4	molecular_function	GO:0004842
Q7Z3V4	molecular_function	GO:0005488
Q7Z3V4	molecular_function	GO:0005515
Q7Z3V4	molecular_function	GO:0016740
Q7Z3V4	molecular_function	GO:0016746
Q7Z3V4	molecular_function	GO:0016755
Q7Z3V4	molecular_function	GO:0019787
Q7Z3V4	molecular_function	GO:0061630
Q7Z3V4	molecular_function	GO:0061659
Q7Z3V4	molecular_function	GO:0140096
Q7Z3V4	cellular_component	GO:0005622
Q7Z3V4	cellular_component	GO:0005737
Q7Z3V4	cellular_component	GO:0005739
Q7Z3V4	cellular_component	GO:0043226
Q7Z3V4	cellular_component	GO:0043227
Q7Z3V4	cellular_component	GO:0043229
Q7Z3V4	cellular_component	GO:0043231
Q7Z3V4	cellular_component	GO:0110165
Q7Z429	molecular_function	GO:0005488
Q7Z429	molecular_function	GO:0005515
Q7Z429	cellular_component	GO:0000139
Q7Z429	cellular_component	GO:0005622
Q7Z429	cellular_component	GO:0005737
Q7Z429	cellular_component	GO:0005794
Q7Z429	cellular_component	GO:0012505
Q7Z429	cellular_component	GO:0016020
Q7Z429	cellular_component	GO:0031090
Q7Z429	cellular_component	GO:0043226
Q7Z429	cellular_component	GO:0043227
Q7Z429	cellular_component	GO:0043229
Q7Z429	cellular_component	GO:0043231
Q7Z429	cellular_component	GO:0098588
Q7Z429	cellular_component	GO:0110165
Q7Z444	molecular_function	GO:0005488
Q7Z444	molecular_function	GO:0005515
Q7Z5A7	molecular_function	GO:0001664
Q7Z5A7	molecular_function	GO:0005102
Q7Z5A7	molecular_function	GO:0005488
Q7Z5A7	molecular_function	GO:0005515
Q7Z5A7	molecular_function	GO:0030545
Q7Z5A7	molecular_function	GO:0030546
Q7Z5A7	molecular_function	GO:0048018
Q7Z5A7	molecular_function	GO:0098772
Q7Z5A7	molecular_function	GO:0140677
Q7Z5A7	biological_process	GO:0007154
Q7Z5A7	biological_process	GO:0007165
Q7Z5A7	biological_process	GO:0007186
Q7Z5A7	biological_process	GO:0008285
Q7Z5A7	biological_process	GO:0009987
Q7Z5A7	biological_process	GO:0023052
Q7Z5A7	biological_process	GO:0042127
Q7Z5A7	biological_process	GO:0048519
Q7Z5A7	biological_process	GO:0048523
Q7Z5A7	biological_process	GO:0048660
Q7Z5A7	biological_process	GO:0048662
Q7Z5A7	biological_process	GO:0050789
Q7Z5A7	biological_process	GO:0050794
Q7Z5A7	biological_process	GO:0050896
Q7Z5A7	biological_process	GO:0051716
Q7Z5A7	biological_process	GO:0065007
Q7Z5A7	biological_process	GO:1904705
Q7Z5A7	biological_process	GO:1904706
Q7Z5A7	cellular_component	GO:0005576
Q7Z5A7	cellular_component	GO:0110165
Q7Z602	molecular_function	GO:0005488
Q7Z602	molecular_function	GO:0005515
Q7Z6K3	molecular_function	GO:0005488
Q7Z6K3	molecular_function	GO:0005515
Q7Z6K3	cellular_component	GO:0005622
Q7Z6K3	cellular_component	GO:0005737
Q7Z6K3	cellular_component	GO:0005739
Q7Z6K3	cellular_component	GO:0043226
Q7Z6K3	cellular_component	GO:0043227
Q7Z6K3	cellular_component	GO:0043229
Q7Z6K3	cellular_component	GO:0043231
Q7Z6K3	cellular_component	GO:0110165
Q7Z7G2	molecular_function	GO:0005488
Q7Z7G2	molecular_function	GO:0005515
Q86B53	molecular_function	GO:0005488
Q86B53	molecular_function	GO:0005515
Q86SM8	molecular_function	GO:0004888
Q86SM8	molecular_function	GO:0004930
Q86SM8	molecular_function	GO:0005488
Q86SM8	molecular_function	GO:0005515
Q86SM8	molecular_function	GO:0038023
Q86SM8	molecular_function	GO:0038182
Q86SM8	molecular_function	GO:0060089
Q86SM8	biological_process	GO:0001678
Q86SM8	biological_process	GO:0002791
Q86SM8	biological_process	GO:0002793
Q86SM8	biological_process	GO:0007154
Q86SM8	biological_process	GO:0007165
Q86SM8	biological_process	GO:0007166
Q86SM8	biological_process	GO:0007186
Q86SM8	biological_process	GO:0007188
Q86SM8	biological_process	GO:0007189
Q86SM8	biological_process	GO:0009987
Q86SM8	biological_process	GO:0010646
Q86SM8	biological_process	GO:0010647
Q86SM8	biological_process	GO:0010817
Q86SM8	biological_process	GO:0019725
Q86SM8	biological_process	GO:0023051
Q86SM8	biological_process	GO:0023052
Q86SM8	biological_process	GO:0023056
Q86SM8	biological_process	GO:0032024
Q86SM8	biological_process	GO:0032879
Q86SM8	biological_process	GO:0032880
Q86SM8	biological_process	GO:0033500
Q86SM8	biological_process	GO:0035774
Q86SM8	biological_process	GO:0038183
Q86SM8	biological_process	GO:0038184
Q86SM8	biological_process	GO:0042592
Q86SM8	biological_process	GO:0042593
Q86SM8	biological_process	GO:0046883
Q86SM8	biological_process	GO:0046887
Q86SM8	biological_process	GO:0048518
Q86SM8	biological_process	GO:0048522
Q86SM8	biological_process	GO:0048878
Q86SM8	biological_process	GO:0050708
Q86SM8	biological_process	GO:0050714
Q86SM8	biological_process	GO:0050789
Q86SM8	biological_process	GO:0050794
Q86SM8	biological_process	GO:0050796
Q86SM8	biological_process	GO:0050896
Q86SM8	biological_process	GO:0051046
Q86SM8	biological_process	GO:0051047
Q86SM8	biological_process	GO:0051049
Q86SM8	biological_process	GO:0051050
Q86SM8	biological_process	GO:0051222
Q86SM8	biological_process	GO:0051223
Q86SM8	biological_process	GO:0051716
Q86SM8	biological_process	GO:0055082
Q86SM8	biological_process	GO:0060341
Q86SM8	biological_process	GO:0061178
Q86SM8	biological_process	GO:0065007
Q86SM8	biological_process	GO:0065008
Q86SM8	biological_process	GO:0070201
Q86SM8	biological_process	GO:0090087
Q86SM8	biological_process	GO:0090276
Q86SM8	biological_process	GO:0090277
Q86SM8	biological_process	GO:1903530
Q86SM8	biological_process	GO:1903532
Q86SM8	biological_process	GO:1903829
Q86SM8	biological_process	GO:1904951
Q86SM8	cellular_component	GO:0005886
Q86SM8	cellular_component	GO:0016020
Q86SM8	cellular_component	GO:0071944
Q86SM8	cellular_component	GO:0110165
Q86TL0	molecular_function	GO:0003824
Q86TL0	molecular_function	GO:0008233
Q86TL0	molecular_function	GO:0008234
Q86TL0	molecular_function	GO:0016787
Q86TL0	molecular_function	GO:0140096
Q86TL0	biological_process	GO:0000045
Q86TL0	biological_process	GO:0000422
Q86TL0	biological_process	GO:0000423
Q86TL0	biological_process	GO:0006508
Q86TL0	biological_process	GO:0006914
Q86TL0	biological_process	GO:0006996
Q86TL0	biological_process	GO:0007033
Q86TL0	biological_process	GO:0008104
Q86TL0	biological_process	GO:0008152
Q86TL0	biological_process	GO:0009056
Q86TL0	biological_process	GO:0009987
Q86TL0	biological_process	GO:0016043
Q86TL0	biological_process	GO:0016236
Q86TL0	biological_process	GO:0019538
Q86TL0	biological_process	GO:0022607
Q86TL0	biological_process	GO:0033036
Q86TL0	biological_process	GO:0034497
Q86TL0	biological_process	GO:0036211
Q86TL0	biological_process	GO:0043170
Q86TL0	biological_process	GO:0043412
Q86TL0	biological_process	GO:0044085
Q86TL0	biological_process	GO:0044238
Q86TL0	biological_process	GO:0051179
Q86TL0	biological_process	GO:0051697
Q86TL0	biological_process	GO:0061919
Q86TL0	biological_process	GO:0070925
Q86TL0	biological_process	GO:0071840
Q86TL0	biological_process	GO:1905037
Q86TL0	cellular_component	GO:0005622
Q86TL0	cellular_component	GO:0005737
Q86TL0	cellular_component	GO:0005739
Q86TL0	cellular_component	GO:0005759
Q86TL0	cellular_component	GO:0031974
Q86TL0	cellular_component	GO:0043226
Q86TL0	cellular_component	GO:0043227
Q86TL0	cellular_component	GO:0043229
Q86TL0	cellular_component	GO:0043231
Q86TL0	cellular_component	GO:0043233
Q86TL0	cellular_component	GO:0070013
Q86TL0	cellular_component	GO:0110165
Q86TM3	molecular_function	GO:0005488
Q86TM3	molecular_function	GO:0005515
Q86TM3	cellular_component	GO:0005622
Q86TM3	cellular_component	GO:0005634
Q86TM3	cellular_component	GO:0005654
Q86TM3	cellular_component	GO:0031974
Q86TM3	cellular_component	GO:0031981
Q86TM3	cellular_component	GO:0043226
Q86TM3	cellular_component	GO:0043227
Q86TM3	cellular_component	GO:0043229
Q86TM3	cellular_component	GO:0043231
Q86TM3	cellular_component	GO:0043233
Q86TM3	cellular_component	GO:0070013
Q86TM3	cellular_component	GO:0110165
Q86TN4	molecular_function	GO:0000215
Q86TN4	molecular_function	GO:0003824
Q86TN4	molecular_function	GO:0016740
Q86TN4	molecular_function	GO:0016772
Q86TN4	molecular_function	GO:0016773
Q86TN4	molecular_function	GO:0140098
Q86TN4	molecular_function	GO:0140101
Q86TN4	molecular_function	GO:0140640
Q86UT8	molecular_function	GO:0005488
Q86UT8	molecular_function	GO:0005515
Q86UT8	biological_process	GO:0000375
Q86UT8	biological_process	GO:0000377
Q86UT8	biological_process	GO:0000398
Q86UT8	biological_process	GO:0006139
Q86UT8	biological_process	GO:0006396
Q86UT8	biological_process	GO:0006397
Q86UT8	biological_process	GO:0007049
Q86UT8	biological_process	GO:0007059
Q86UT8	biological_process	GO:0008152
Q86UT8	biological_process	GO:0008380
Q86UT8	biological_process	GO:0009058
Q86UT8	biological_process	GO:0009059
Q86UT8	biological_process	GO:0009894
Q86UT8	biological_process	GO:0009987
Q86UT8	biological_process	GO:0010467
Q86UT8	biological_process	GO:0010564
Q86UT8	biological_process	GO:0010639
Q86UT8	biological_process	GO:0010824
Q86UT8	biological_process	GO:0010826
Q86UT8	biological_process	GO:0010948
Q86UT8	biological_process	GO:0016070
Q86UT8	biological_process	GO:0016071
Q86UT8	biological_process	GO:0019222
Q86UT8	biological_process	GO:0022402
Q86UT8	biological_process	GO:0032774
Q86UT8	biological_process	GO:0032886
Q86UT8	biological_process	GO:0033043
Q86UT8	biological_process	GO:0034654
Q86UT8	biological_process	GO:0042176
Q86UT8	biological_process	GO:0043170
Q86UT8	biological_process	GO:0044238
Q86UT8	biological_process	GO:0045786
Q86UT8	biological_process	GO:0046605
Q86UT8	biological_process	GO:0046606
Q86UT8	biological_process	GO:0048519
Q86UT8	biological_process	GO:0048523
Q86UT8	biological_process	GO:0050789
Q86UT8	biological_process	GO:0050794
Q86UT8	biological_process	GO:0051128
Q86UT8	biological_process	GO:0051129
Q86UT8	biological_process	GO:0051246
Q86UT8	biological_process	GO:0051304
Q86UT8	biological_process	GO:0051493
Q86UT8	biological_process	GO:0051494
Q86UT8	biological_process	GO:0051726
Q86UT8	biological_process	GO:0060255
Q86UT8	biological_process	GO:0065007
Q86UT8	biological_process	GO:0080090
Q86UT8	biological_process	GO:0090304
Q86UT8	biological_process	GO:0141187
Q86UT8	cellular_component	GO:0005622
Q86UT8	cellular_component	GO:0005634
Q86UT8	cellular_component	GO:0005681
Q86UT8	cellular_component	GO:0005689
Q86UT8	cellular_component	GO:0005813
Q86UT8	cellular_component	GO:0005815
Q86UT8	cellular_component	GO:0005856
Q86UT8	cellular_component	GO:0015630
Q86UT8	cellular_component	GO:0032991
Q86UT8	cellular_component	GO:0043226
Q86UT8	cellular_component	GO:0043227
Q86UT8	cellular_component	GO:0043228
Q86UT8	cellular_component	GO:0043229
Q86UT8	cellular_component	GO:0043231
Q86UT8	cellular_component	GO:0043232
Q86UT8	cellular_component	GO:0071011
Q86UT8	cellular_component	GO:0071016
Q86UT8	cellular_component	GO:0110165
Q86UT8	cellular_component	GO:0140513
Q86UT8	cellular_component	GO:1990904
Q86UW8	cellular_component	GO:0005576
Q86UW8	cellular_component	GO:0005614
Q86UW8	cellular_component	GO:0030312
Q86UW8	cellular_component	GO:0031012
Q86UW8	cellular_component	GO:0110165
Q86UW8	cellular_component	GO:0140150
Q86VI1	molecular_function	GO:0005488
Q86VI1	molecular_function	GO:0005515
Q86VR8	cellular_component	GO:0005576
Q86VR8	cellular_component	GO:0110165
Q86VZ2	cellular_component	GO:0005622
Q86VZ2	cellular_component	GO:0005634
Q86VZ2	cellular_component	GO:0005654
Q86VZ2	cellular_component	GO:0031974
Q86VZ2	cellular_component	GO:0031981
Q86VZ2	cellular_component	GO:0043226
Q86VZ2	cellular_component	GO:0043227
Q86VZ2	cellular_component	GO:0043229
Q86VZ2	cellular_component	GO:0043231
Q86VZ2	cellular_component	GO:0043233
Q86VZ2	cellular_component	GO:0070013
Q86VZ2	cellular_component	GO:0110165
Q86W34	cellular_component	GO:0005622
Q86W34	cellular_component	GO:0005634
Q86W34	cellular_component	GO:0005654
Q86W34	cellular_component	GO:0031974
Q86W34	cellular_component	GO:0031981
Q86W34	cellular_component	GO:0043226
Q86W34	cellular_component	GO:0043227
Q86W34	cellular_component	GO:0043229
Q86W34	cellular_component	GO:0043231
Q86W34	cellular_component	GO:0043233
Q86W34	cellular_component	GO:0070013
Q86W34	cellular_component	GO:0110165
Q86WI0	molecular_function	GO:0005488
Q86WI0	molecular_function	GO:0005515
Q86WK9	molecular_function	GO:0005488
Q86WK9	molecular_function	GO:0005515
Q86WS3	molecular_function	GO:0005488
Q86WS3	molecular_function	GO:0005515
Q86WS3	biological_process	GO:0001556
Q86WS3	biological_process	GO:0003006
Q86WS3	biological_process	GO:0007276
Q86WS3	biological_process	GO:0007281
Q86WS3	biological_process	GO:0007292
Q86WS3	biological_process	GO:0009987
Q86WS3	biological_process	GO:0009994
Q86WS3	biological_process	GO:0019953
Q86WS3	biological_process	GO:0021700
Q86WS3	biological_process	GO:0022412
Q86WS3	biological_process	GO:0022414
Q86WS3	biological_process	GO:0030154
Q86WS3	biological_process	GO:0032502
Q86WS3	biological_process	GO:0048468
Q86WS3	biological_process	GO:0048469
Q86WS3	biological_process	GO:0048477
Q86WS3	biological_process	GO:0048599
Q86WS3	biological_process	GO:0048609
Q86WS3	biological_process	GO:0048856
Q86WS3	biological_process	GO:0048869
Q86WS3	biological_process	GO:0071695
Q86WS3	cellular_component	GO:0005576
Q86WS3	cellular_component	GO:0005622
Q86WS3	cellular_component	GO:0005737
Q86WS3	cellular_component	GO:0110165
Q86WS5	cellular_component	GO:0005886
Q86WS5	cellular_component	GO:0016020
Q86WS5	cellular_component	GO:0071944
Q86WS5	cellular_component	GO:0110165
Q86XK7	molecular_function	GO:0005488
Q86XK7	molecular_function	GO:0005515
Q86XP6	molecular_function	GO:0005488
Q86XP6	molecular_function	GO:0005515
Q86XR2	molecular_function	GO:0005488
Q86XR2	molecular_function	GO:0005515
Q86Z23	molecular_function	GO:0005488
Q86Z23	molecular_function	GO:0005515
Q8IMT3	molecular_function	GO:0003824
Q8IMT3	molecular_function	GO:0016301
Q8IMT3	molecular_function	GO:0016740
Q8IMT3	molecular_function	GO:0016772
Q8IMT3	molecular_function	GO:0106389
Q8IN78	biological_process	GO:0006810
Q8IN78	biological_process	GO:0006839
Q8IN78	biological_process	GO:0006996
Q8IN78	biological_process	GO:0007005
Q8IN78	biological_process	GO:0007006
Q8IN78	biological_process	GO:0007007
Q8IN78	biological_process	GO:0009987
Q8IN78	biological_process	GO:0016043
Q8IN78	biological_process	GO:0045039
Q8IN78	biological_process	GO:0046907
Q8IN78	biological_process	GO:0051179
Q8IN78	biological_process	GO:0051234
Q8IN78	biological_process	GO:0051641
Q8IN78	biological_process	GO:0051649
Q8IN78	biological_process	GO:0061024
Q8IN78	biological_process	GO:0071840
Q8IN78	biological_process	GO:7770058
Q8IN78	biological_process	GO:7770061
Q8IN78	cellular_component	GO:0005622
Q8IN78	cellular_component	GO:0005737
Q8IN78	cellular_component	GO:0005739
Q8IN78	cellular_component	GO:0005740
Q8IN78	cellular_component	GO:0005743
Q8IN78	cellular_component	GO:0016020
Q8IN78	cellular_component	GO:0019866
Q8IN78	cellular_component	GO:0031090
Q8IN78	cellular_component	GO:0031966
Q8IN78	cellular_component	GO:0031967
Q8IN78	cellular_component	GO:0043226
Q8IN78	cellular_component	GO:0043227
Q8IN78	cellular_component	GO:0043229
Q8IN78	cellular_component	GO:0043231
Q8IN78	cellular_component	GO:0110165
Q8IP11	biological_process	GO:0006139
Q8IP11	biological_process	GO:0006396
Q8IP11	biological_process	GO:0006399
Q8IP11	biological_process	GO:0008033
Q8IP11	biological_process	GO:0008152
Q8IP11	biological_process	GO:0009058
Q8IP11	biological_process	GO:0009059
Q8IP11	biological_process	GO:0009987
Q8IP11	biological_process	GO:0010467
Q8IP11	biological_process	GO:0016070
Q8IP11	biological_process	GO:0032774
Q8IP11	biological_process	GO:0034654
Q8IP11	biological_process	GO:0043170
Q8IP11	biological_process	GO:0044238
Q8IP11	biological_process	GO:0090304
Q8IP11	biological_process	GO:0141187
Q8IPT0	cellular_component	GO:0005622
Q8IPT0	cellular_component	GO:0005737
Q8IPT0	cellular_component	GO:0005783
Q8IPT0	cellular_component	GO:0005789
Q8IPT0	cellular_component	GO:0012505
Q8IPT0	cellular_component	GO:0016020
Q8IPT0	cellular_component	GO:0031090
Q8IPT0	cellular_component	GO:0031984
Q8IPT0	cellular_component	GO:0032991
Q8IPT0	cellular_component	GO:0042175
Q8IPT0	cellular_component	GO:0043226
Q8IPT0	cellular_component	GO:0043227
Q8IPT0	cellular_component	GO:0043229
Q8IPT0	cellular_component	GO:0043231
Q8IPT0	cellular_component	GO:0072546
Q8IPT0	cellular_component	GO:0098796
Q8IPT0	cellular_component	GO:0098827
Q8IPT0	cellular_component	GO:0110165
Q8IPT0	cellular_component	GO:0140534
Q8IPW7	biological_process	GO:0000375
Q8IPW7	biological_process	GO:0000377
Q8IPW7	biological_process	GO:0000380
Q8IPW7	biological_process	GO:0000398
Q8IPW7	biological_process	GO:0006139
Q8IPW7	biological_process	GO:0006396
Q8IPW7	biological_process	GO:0006397
Q8IPW7	biological_process	GO:0008152
Q8IPW7	biological_process	GO:0008380
Q8IPW7	biological_process	GO:0009058
Q8IPW7	biological_process	GO:0009059
Q8IPW7	biological_process	GO:0009987
Q8IPW7	biological_process	GO:0010467
Q8IPW7	biological_process	GO:0016070
Q8IPW7	biological_process	GO:0016071
Q8IPW7	biological_process	GO:0032774
Q8IPW7	biological_process	GO:0034654
Q8IPW7	biological_process	GO:0043170
Q8IPW7	biological_process	GO:0044238
Q8IPW7	biological_process	GO:0090304
Q8IPW7	biological_process	GO:0141187
Q8IPW7	cellular_component	GO:0005622
Q8IPW7	cellular_component	GO:0005634
Q8IPW7	cellular_component	GO:0005681
Q8IPW7	cellular_component	GO:0005689
Q8IPW7	cellular_component	GO:0030532
Q8IPW7	cellular_component	GO:0032991
Q8IPW7	cellular_component	GO:0034693
Q8IPW7	cellular_component	GO:0043226
Q8IPW7	cellular_component	GO:0043227
Q8IPW7	cellular_component	GO:0043229
Q8IPW7	cellular_component	GO:0043231
Q8IPW7	cellular_component	GO:0097525
Q8IPW7	cellular_component	GO:0110165
Q8IPW7	cellular_component	GO:0120114
Q8IPW7	cellular_component	GO:0140513
Q8IPW7	cellular_component	GO:1990904
Q8IQA0	molecular_function	GO:0005488
Q8IQA0	molecular_function	GO:0005515
Q8IQI5	molecular_function	GO:0003824
Q8IQI5	molecular_function	GO:0004620
Q8IQI5	molecular_function	GO:0016298
Q8IQI5	molecular_function	GO:0016787
Q8IQI5	molecular_function	GO:0016788
Q8IQI5	molecular_function	GO:0120569
Q8IQI5	biological_process	GO:0006629
Q8IQI5	biological_process	GO:0006644
Q8IQI5	biological_process	GO:0006650
Q8IQI5	biological_process	GO:0006793
Q8IQI5	biological_process	GO:0008152
Q8IQI5	biological_process	GO:0009987
Q8IQI5	biological_process	GO:0019637
Q8IQI5	biological_process	GO:0032048
Q8IQI5	biological_process	GO:0035965
Q8IQI5	biological_process	GO:0044238
Q8IQI5	biological_process	GO:0046471
Q8IQI5	biological_process	GO:0046486
Q8IQS5	molecular_function	GO:0003824
Q8IQS5	molecular_function	GO:0016301
Q8IQS5	molecular_function	GO:0016740
Q8IQS5	molecular_function	GO:0016772
Q8IQS5	molecular_function	GO:0106389
Q8IR80	molecular_function	GO:0003824
Q8IR80	molecular_function	GO:0003924
Q8IR80	molecular_function	GO:0016462
Q8IR80	molecular_function	GO:0016787
Q8IR80	molecular_function	GO:0016817
Q8IR80	molecular_function	GO:0016818
Q8IR80	molecular_function	GO:0017111
Q8IR80	biological_process	GO:0006914
Q8IR80	biological_process	GO:0006996
Q8IR80	biological_process	GO:0007030
Q8IR80	biological_process	GO:0008152
Q8IR80	biological_process	GO:0009056
Q8IR80	biological_process	GO:0009987
Q8IR80	biological_process	GO:0010256
Q8IR80	biological_process	GO:0016043
Q8IR80	biological_process	GO:0016236
Q8IR80	biological_process	GO:0061724
Q8IR80	biological_process	GO:0061919
Q8IR80	biological_process	GO:0071840
Q8IR80	cellular_component	GO:0005622
Q8IR80	cellular_component	GO:0005737
Q8IR80	cellular_component	GO:0005794
Q8IR80	cellular_component	GO:0005811
Q8IR80	cellular_component	GO:0005829
Q8IR80	cellular_component	GO:0012505
Q8IR80	cellular_component	GO:0043226
Q8IR80	cellular_component	GO:0043227
Q8IR80	cellular_component	GO:0043228
Q8IR80	cellular_component	GO:0043229
Q8IR80	cellular_component	GO:0043231
Q8IR80	cellular_component	GO:0043232
Q8IR80	cellular_component	GO:0110165
Q8IRI8	molecular_function	GO:0003824
Q8IRI8	molecular_function	GO:0016787
Q8IRI8	molecular_function	GO:0017171
Q8IRK1	biological_process	GO:0009605
Q8IRK1	biological_process	GO:0009607
Q8IRK1	biological_process	GO:0009615
Q8IRK1	biological_process	GO:0043207
Q8IRK1	biological_process	GO:0044419
Q8IRK1	biological_process	GO:0050896
Q8IRK1	biological_process	GO:0051707
Q8IUB2	molecular_function	GO:0005488
Q8IUB2	molecular_function	GO:0005515
Q8IUB3	molecular_function	GO:0005488
Q8IUB3	molecular_function	GO:0005515
Q8IUZ0	cellular_component	GO:0005622
Q8IUZ0	cellular_component	GO:0005813
Q8IUZ0	cellular_component	GO:0005815
Q8IUZ0	cellular_component	GO:0005856
Q8IUZ0	cellular_component	GO:0015630
Q8IUZ0	cellular_component	GO:0034451
Q8IUZ0	cellular_component	GO:0043226
Q8IUZ0	cellular_component	GO:0043228
Q8IUZ0	cellular_component	GO:0043229
Q8IUZ0	cellular_component	GO:0043232
Q8IUZ0	cellular_component	GO:0110165
Q8IVU9	molecular_function	GO:0005488
Q8IVU9	molecular_function	GO:0005515
Q8IW00	molecular_function	GO:0005488
Q8IW00	molecular_function	GO:0005515
Q8IW92	molecular_function	GO:0005488
Q8IW92	molecular_function	GO:0005515
Q8IWZ4	molecular_function	GO:0003824
Q8IWZ4	molecular_function	GO:0004842
Q8IWZ4	molecular_function	GO:0005488
Q8IWZ4	molecular_function	GO:0005515
Q8IWZ4	molecular_function	GO:0016740
Q8IWZ4	molecular_function	GO:0016746
Q8IWZ4	molecular_function	GO:0016755
Q8IWZ4	molecular_function	GO:0019787
Q8IWZ4	molecular_function	GO:0061630
Q8IWZ4	molecular_function	GO:0061659
Q8IWZ4	molecular_function	GO:0140096
Q8IWZ4	biological_process	GO:0006511
Q8IWZ4	biological_process	GO:0008152
Q8IWZ4	biological_process	GO:0009056
Q8IWZ4	biological_process	GO:0009057
Q8IWZ4	biological_process	GO:0009987
Q8IWZ4	biological_process	GO:0010498
Q8IWZ4	biological_process	GO:0019538
Q8IWZ4	biological_process	GO:0019941
Q8IWZ4	biological_process	GO:0030163
Q8IWZ4	biological_process	GO:0043161
Q8IWZ4	biological_process	GO:0043170
Q8IWZ4	biological_process	GO:0043632
Q8IWZ4	biological_process	GO:0044238
Q8IWZ4	cellular_component	GO:0005622
Q8IWZ4	cellular_component	GO:0005737
Q8IWZ4	cellular_component	GO:0005829
Q8IWZ4	cellular_component	GO:0110165
Q8IXM7	molecular_function	GO:0005488
Q8IXM7	molecular_function	GO:0005515
Q8IXY8	molecular_function	GO:0005488
Q8IXY8	molecular_function	GO:0005515
Q8IY47	molecular_function	GO:0005488
Q8IY47	molecular_function	GO:0005515
Q8IY47	molecular_function	GO:0030674
Q8IY47	molecular_function	GO:0060090
Q8IY47	molecular_function	GO:0140767
Q8IY47	molecular_function	GO:1990756
Q8IY47	biological_process	GO:0000209
Q8IY47	biological_process	GO:0008152
Q8IY47	biological_process	GO:0009987
Q8IY47	biological_process	GO:0016567
Q8IY47	biological_process	GO:0019538
Q8IY47	biological_process	GO:0032446
Q8IY47	biological_process	GO:0036211
Q8IY47	biological_process	GO:0043170
Q8IY47	biological_process	GO:0043412
Q8IY47	biological_process	GO:0043687
Q8IY47	biological_process	GO:0044238
Q8IY47	biological_process	GO:0048583
Q8IY47	biological_process	GO:0050789
Q8IY47	biological_process	GO:0050794
Q8IY47	biological_process	GO:0065007
Q8IY47	biological_process	GO:0070647
Q8IY47	biological_process	GO:0070936
Q8IY47	biological_process	GO:1900076
Q8IY47	cellular_component	GO:0000151
Q8IY47	cellular_component	GO:0005622
Q8IY47	cellular_component	GO:0005634
Q8IY47	cellular_component	GO:0005737
Q8IY47	cellular_component	GO:0031461
Q8IY47	cellular_component	GO:0031463
Q8IY47	cellular_component	GO:0032991
Q8IY47	cellular_component	GO:0043226
Q8IY47	cellular_component	GO:0043227
Q8IY47	cellular_component	GO:0043229
Q8IY47	cellular_component	GO:0043231
Q8IY47	cellular_component	GO:0110165
Q8IY47	cellular_component	GO:0140535
Q8IY47	cellular_component	GO:1902494
Q8IY47	cellular_component	GO:1990234
Q8IYD2	molecular_function	GO:0005488
Q8IYD2	molecular_function	GO:0005515
Q8IYQ7	cellular_component	GO:0005622
Q8IYQ7	cellular_component	GO:0005737
Q8IYQ7	cellular_component	GO:0005739
Q8IYQ7	cellular_component	GO:0043226
Q8IYQ7	cellular_component	GO:0043227
Q8IYQ7	cellular_component	GO:0043229
Q8IYQ7	cellular_component	GO:0043231
Q8IYQ7	cellular_component	GO:0110165
Q8IYR2	molecular_function	GO:0003824
Q8IYR2	molecular_function	GO:0005488
Q8IYR2	molecular_function	GO:0005515
Q8IYR2	molecular_function	GO:0008168
Q8IYR2	molecular_function	GO:0008170
Q8IYR2	molecular_function	GO:0008276
Q8IYR2	molecular_function	GO:0008757
Q8IYR2	molecular_function	GO:0016278
Q8IYR2	molecular_function	GO:0016279
Q8IYR2	molecular_function	GO:0016740
Q8IYR2	molecular_function	GO:0016741
Q8IYR2	molecular_function	GO:0140096
Q8IYR2	biological_process	GO:0007275
Q8IYR2	biological_process	GO:0007507
Q8IYR2	biological_process	GO:0032501
Q8IYR2	biological_process	GO:0032502
Q8IYR2	biological_process	GO:0048513
Q8IYR2	biological_process	GO:0048731
Q8IYR2	biological_process	GO:0048856
Q8IYR2	biological_process	GO:0072359
Q8IYR2	biological_process	GO:0160108
Q8IYR2	cellular_component	GO:0005622
Q8IYR2	cellular_component	GO:0005634
Q8IYR2	cellular_component	GO:0005737
Q8IYR2	cellular_component	GO:0043226
Q8IYR2	cellular_component	GO:0043227
Q8IYR2	cellular_component	GO:0043229
Q8IYR2	cellular_component	GO:0043231
Q8IYR2	cellular_component	GO:0110165
Q8IZD6	molecular_function	GO:0005215
Q8IZD6	molecular_function	GO:0015199
Q8IZD6	molecular_function	GO:0015651
Q8IZD6	molecular_function	GO:0022857
Q8IZD6	molecular_function	GO:0072349
Q8IZD6	cellular_component	GO:0005886
Q8IZD6	cellular_component	GO:0016020
Q8IZD6	cellular_component	GO:0071944
Q8IZD6	cellular_component	GO:0110165
Q8IZF5	molecular_function	GO:0004888
Q8IZF5	molecular_function	GO:0004930
Q8IZF5	molecular_function	GO:0038023
Q8IZF5	molecular_function	GO:0060089
Q8IZF5	biological_process	GO:0007154
Q8IZF5	biological_process	GO:0007165
Q8IZF5	biological_process	GO:0007186
Q8IZF5	biological_process	GO:0009987
Q8IZF5	biological_process	GO:0023052
Q8IZF5	biological_process	GO:0050789
Q8IZF5	biological_process	GO:0050794
Q8IZF5	biological_process	GO:0050896
Q8IZF5	biological_process	GO:0051716
Q8IZF5	biological_process	GO:0065007
Q8IZF5	cellular_component	GO:0016020
Q8IZF5	cellular_component	GO:0110165
Q8IZF7	molecular_function	GO:0004888
Q8IZF7	molecular_function	GO:0004930
Q8IZF7	molecular_function	GO:0038023
Q8IZF7	molecular_function	GO:0060089
Q8IZF7	biological_process	GO:0007154
Q8IZF7	biological_process	GO:0007165
Q8IZF7	biological_process	GO:0007186
Q8IZF7	biological_process	GO:0009987
Q8IZF7	biological_process	GO:0023052
Q8IZF7	biological_process	GO:0050789
Q8IZF7	biological_process	GO:0050794
Q8IZF7	biological_process	GO:0050896
Q8IZF7	biological_process	GO:0051716
Q8IZF7	biological_process	GO:0065007
Q8IZF7	cellular_component	GO:0016020
Q8IZF7	cellular_component	GO:0110165
Q8MLP9	biological_process	GO:0003008
Q8MLP9	biological_process	GO:0007600
Q8MLP9	biological_process	GO:0007606
Q8MLP9	biological_process	GO:0032501
Q8MLP9	biological_process	GO:0050877
Q8MLQ7	molecular_function	GO:0005215
Q8MLQ7	molecular_function	GO:0015144
Q8MLQ7	molecular_function	GO:0015145
Q8MLQ7	molecular_function	GO:0015149
Q8MLQ7	molecular_function	GO:0015154
Q8MLQ7	molecular_function	GO:0015157
Q8MLQ7	molecular_function	GO:0015574
Q8MLQ7	molecular_function	GO:0022857
Q8MLQ7	molecular_function	GO:0051119
Q8MLQ7	molecular_function	GO:0055056
Q8MLQ7	biological_process	GO:0006810
Q8MLQ7	biological_process	GO:0008643
Q8MLQ7	biological_process	GO:0008645
Q8MLQ7	biological_process	GO:0009987
Q8MLQ7	biological_process	GO:0015749
Q8MLQ7	biological_process	GO:0015766
Q8MLQ7	biological_process	GO:0015771
Q8MLQ7	biological_process	GO:0015772
Q8MLQ7	biological_process	GO:0034219
Q8MLQ7	biological_process	GO:0051179
Q8MLQ7	biological_process	GO:0051234
Q8MLQ7	biological_process	GO:0055085
Q8MLQ7	biological_process	GO:1904659
Q8MLQ7	cellular_component	GO:0005886
Q8MLQ7	cellular_component	GO:0016020
Q8MLQ7	cellular_component	GO:0071944
Q8MLQ7	cellular_component	GO:0110165
Q8MSW4	molecular_function	GO:0003824
Q8MSW4	molecular_function	GO:0005488
Q8MSW4	molecular_function	GO:0005515
Q8MSW4	molecular_function	GO:0008168
Q8MSW4	molecular_function	GO:0008170
Q8MSW4	molecular_function	GO:0008173
Q8MSW4	molecular_function	GO:0008649
Q8MSW4	molecular_function	GO:0008757
Q8MSW4	molecular_function	GO:0008988
Q8MSW4	molecular_function	GO:0016433
Q8MSW4	molecular_function	GO:0016740
Q8MSW4	molecular_function	GO:0016741
Q8MSW4	molecular_function	GO:0140098
Q8MSW4	molecular_function	GO:0140102
Q8MSW4	molecular_function	GO:0140640
Q8MSW4	biological_process	GO:0000154
Q8MSW4	biological_process	GO:0001510
Q8MSW4	biological_process	GO:0006139
Q8MSW4	biological_process	GO:0006364
Q8MSW4	biological_process	GO:0006396
Q8MSW4	biological_process	GO:0008152
Q8MSW4	biological_process	GO:0009058
Q8MSW4	biological_process	GO:0009059
Q8MSW4	biological_process	GO:0009451
Q8MSW4	biological_process	GO:0009987
Q8MSW4	biological_process	GO:0010467
Q8MSW4	biological_process	GO:0016070
Q8MSW4	biological_process	GO:0016072
Q8MSW4	biological_process	GO:0022613
Q8MSW4	biological_process	GO:0031167
Q8MSW4	biological_process	GO:0032259
Q8MSW4	biological_process	GO:0032774
Q8MSW4	biological_process	GO:0034654
Q8MSW4	biological_process	GO:0042254
Q8MSW4	biological_process	GO:0043170
Q8MSW4	biological_process	GO:0043412
Q8MSW4	biological_process	GO:0043414
Q8MSW4	biological_process	GO:0044085
Q8MSW4	biological_process	GO:0044238
Q8MSW4	biological_process	GO:0071840
Q8MSW4	biological_process	GO:0090304
Q8MSW4	biological_process	GO:0141187
Q8MSW4	cellular_component	GO:0005622
Q8MSW4	cellular_component	GO:0005737
Q8MSW4	cellular_component	GO:0110165
Q8N109	molecular_function	GO:0005488
Q8N109	molecular_function	GO:0005515
Q8N136	molecular_function	GO:0005488
Q8N136	molecular_function	GO:0005515
Q8N1C3	molecular_function	GO:0005488
Q8N1C3	molecular_function	GO:0005515
Q8N1C3	cellular_component	GO:0005886
Q8N1C3	cellular_component	GO:0016020
Q8N1C3	cellular_component	GO:0071944
Q8N1C3	cellular_component	GO:0110165
Q8N1D5	cellular_component	GO:0005622
Q8N1D5	cellular_component	GO:0005737
Q8N1D5	cellular_component	GO:0005856
Q8N1D5	cellular_component	GO:0005874
Q8N1D5	cellular_component	GO:0005879
Q8N1D5	cellular_component	GO:0005881
Q8N1D5	cellular_component	GO:0005929
Q8N1D5	cellular_component	GO:0005930
Q8N1D5	cellular_component	GO:0015630
Q8N1D5	cellular_component	GO:0042995
Q8N1D5	cellular_component	GO:0043226
Q8N1D5	cellular_component	GO:0043227
Q8N1D5	cellular_component	GO:0043228
Q8N1D5	cellular_component	GO:0043229
Q8N1D5	cellular_component	GO:0043232
Q8N1D5	cellular_component	GO:0097014
Q8N1D5	cellular_component	GO:0099080
Q8N1D5	cellular_component	GO:0099081
Q8N1D5	cellular_component	GO:0099512
Q8N1D5	cellular_component	GO:0099513
Q8N1D5	cellular_component	GO:0110165
Q8N1D5	cellular_component	GO:0120025
Q8N2M4	molecular_function	GO:0003824
Q8N2M4	molecular_function	GO:0005488
Q8N2M4	molecular_function	GO:0005515
Q8N2M4	molecular_function	GO:0016787
Q8N2M4	molecular_function	GO:0016801
Q8N2M4	molecular_function	GO:0016803
Q8N2M4	molecular_function	GO:0047408
Q8N2U9	molecular_function	GO:0005488
Q8N2U9	molecular_function	GO:0005515
Q8N323	molecular_function	GO:0003824
Q8N323	molecular_function	GO:0005488
Q8N323	molecular_function	GO:0005515
Q8N323	molecular_function	GO:0016407
Q8N323	molecular_function	GO:0016413
Q8N323	molecular_function	GO:0016740
Q8N323	molecular_function	GO:0016746
Q8N323	molecular_function	GO:0016747
Q8N323	molecular_function	GO:0047186
Q8N323	cellular_component	GO:0005622
Q8N323	cellular_component	GO:0005737
Q8N323	cellular_component	GO:0005794
Q8N323	cellular_component	GO:0012505
Q8N323	cellular_component	GO:0043226
Q8N323	cellular_component	GO:0043227
Q8N323	cellular_component	GO:0043229
Q8N323	cellular_component	GO:0043231
Q8N323	cellular_component	GO:0110165
Q8N339	molecular_function	GO:0005488
Q8N339	molecular_function	GO:0005515
Q8N3J2	molecular_function	GO:0003824
Q8N3J2	molecular_function	GO:0008168
Q8N3J2	molecular_function	GO:0008173
Q8N3J2	molecular_function	GO:0008757
Q8N3J2	molecular_function	GO:0009007
Q8N3J2	molecular_function	GO:0009008
Q8N3J2	molecular_function	GO:0016491
Q8N3J2	molecular_function	GO:0016705
Q8N3J2	molecular_function	GO:0016706
Q8N3J2	molecular_function	GO:0016740
Q8N3J2	molecular_function	GO:0016741
Q8N3J2	molecular_function	GO:0032451
Q8N3J2	molecular_function	GO:0035515
Q8N3J2	molecular_function	GO:0051213
Q8N3J2	molecular_function	GO:0106346
Q8N3J2	molecular_function	GO:0106347
Q8N3J2	molecular_function	GO:0140097
Q8N3J2	molecular_function	GO:0140098
Q8N3J2	molecular_function	GO:0140640
Q8N3J2	molecular_function	GO:1990931
Q8N3J2	biological_process	GO:0006139
Q8N3J2	biological_process	GO:0006275
Q8N3J2	biological_process	GO:0006355
Q8N3J2	biological_process	GO:0006396
Q8N3J2	biological_process	GO:0008152
Q8N3J2	biological_process	GO:0009058
Q8N3J2	biological_process	GO:0009059
Q8N3J2	biological_process	GO:0009451
Q8N3J2	biological_process	GO:0009889
Q8N3J2	biological_process	GO:0009892
Q8N3J2	biological_process	GO:0009894
Q8N3J2	biological_process	GO:0009895
Q8N3J2	biological_process	GO:0009987
Q8N3J2	biological_process	GO:0010467
Q8N3J2	biological_process	GO:0010468
Q8N3J2	biological_process	GO:0010556
Q8N3J2	biological_process	GO:0010605
Q8N3J2	biological_process	GO:0010608
Q8N3J2	biological_process	GO:0016070
Q8N3J2	biological_process	GO:0016073
Q8N3J2	biological_process	GO:0016180
Q8N3J2	biological_process	GO:0019219
Q8N3J2	biological_process	GO:0019222
Q8N3J2	biological_process	GO:0032774
Q8N3J2	biological_process	GO:0034654
Q8N3J2	biological_process	GO:0040031
Q8N3J2	biological_process	GO:0043170
Q8N3J2	biological_process	GO:0043412
Q8N3J2	biological_process	GO:0043484
Q8N3J2	biological_process	GO:0043487
Q8N3J2	biological_process	GO:0043489
Q8N3J2	biological_process	GO:0044238
Q8N3J2	biological_process	GO:0045934
Q8N3J2	biological_process	GO:0048519
Q8N3J2	biological_process	GO:0048523
Q8N3J2	biological_process	GO:0050789
Q8N3J2	biological_process	GO:0050794
Q8N3J2	biological_process	GO:0051052
Q8N3J2	biological_process	GO:0051252
Q8N3J2	biological_process	GO:0051253
Q8N3J2	biological_process	GO:0060255
Q8N3J2	biological_process	GO:0062125
Q8N3J2	biological_process	GO:0065007
Q8N3J2	biological_process	GO:0065008
Q8N3J2	biological_process	GO:0080090
Q8N3J2	biological_process	GO:0090296
Q8N3J2	biological_process	GO:0090304
Q8N3J2	biological_process	GO:0090329
Q8N3J2	biological_process	GO:0120049
Q8N3J2	biological_process	GO:0141187
Q8N3J2	biological_process	GO:1901858
Q8N3J2	biological_process	GO:1902369
Q8N3J2	biological_process	GO:1903108
Q8N3J2	biological_process	GO:2001141
Q8N3J2	cellular_component	GO:0005622
Q8N3J2	cellular_component	GO:0005634
Q8N3J2	cellular_component	GO:0005737
Q8N3J2	cellular_component	GO:0005739
Q8N3J2	cellular_component	GO:0005759
Q8N3J2	cellular_component	GO:0005829
Q8N3J2	cellular_component	GO:0031974
Q8N3J2	cellular_component	GO:0032991
Q8N3J2	cellular_component	GO:0034708
Q8N3J2	cellular_component	GO:0036396
Q8N3J2	cellular_component	GO:0043226
Q8N3J2	cellular_component	GO:0043227
Q8N3J2	cellular_component	GO:0043229
Q8N3J2	cellular_component	GO:0043231
Q8N3J2	cellular_component	GO:0043233
Q8N3J2	cellular_component	GO:0070013
Q8N3J2	cellular_component	GO:0110165
Q8N3J2	cellular_component	GO:1902494
Q8N3J2	cellular_component	GO:1990234
Q8N413	molecular_function	GO:0005215
Q8N413	molecular_function	GO:0015171
Q8N413	molecular_function	GO:0015179
Q8N413	molecular_function	GO:0022857
Q8N413	molecular_function	GO:0046943
Q8N413	molecular_function	GO:7770026
Q8N413	molecular_function	GO:7770027
Q8N413	biological_process	GO:0003333
Q8N413	biological_process	GO:0006575
Q8N413	biological_process	GO:0006577
Q8N413	biological_process	GO:0006578
Q8N413	biological_process	GO:0006810
Q8N413	biological_process	GO:0006865
Q8N413	biological_process	GO:0008152
Q8N413	biological_process	GO:0009058
Q8N413	biological_process	GO:0009437
Q8N413	biological_process	GO:0009987
Q8N413	biological_process	GO:0042398
Q8N413	biological_process	GO:0045329
Q8N413	biological_process	GO:0051179
Q8N413	biological_process	GO:0051234
Q8N413	biological_process	GO:0055085
Q8N413	cellular_component	GO:0005622
Q8N413	cellular_component	GO:0005737
Q8N413	cellular_component	GO:0005739
Q8N413	cellular_component	GO:0005740
Q8N413	cellular_component	GO:0005743
Q8N413	cellular_component	GO:0016020
Q8N413	cellular_component	GO:0019866
Q8N413	cellular_component	GO:0031090
Q8N413	cellular_component	GO:0031966
Q8N413	cellular_component	GO:0031967
Q8N413	cellular_component	GO:0043226
Q8N413	cellular_component	GO:0043227
Q8N413	cellular_component	GO:0043229
Q8N413	cellular_component	GO:0043231
Q8N413	cellular_component	GO:0110165
Q8N485	molecular_function	GO:0005488
Q8N485	molecular_function	GO:0005515
Q8N4B4	molecular_function	GO:0005488
Q8N4B4	molecular_function	GO:0005515
Q8N4S7	molecular_function	GO:0060090
Q8N4S7	biological_process	GO:0009889
Q8N4S7	biological_process	GO:0010556
Q8N4S7	biological_process	GO:0019216
Q8N4S7	biological_process	GO:0019222
Q8N4S7	biological_process	GO:0031647
Q8N4S7	biological_process	GO:0044087
Q8N4S7	biological_process	GO:0046890
Q8N4S7	biological_process	GO:0050789
Q8N4S7	biological_process	GO:0050794
Q8N4S7	biological_process	GO:0050821
Q8N4S7	biological_process	GO:0060255
Q8N4S7	biological_process	GO:0065007
Q8N4S7	biological_process	GO:0065008
Q8N4S7	biological_process	GO:0080090
Q8N4S7	biological_process	GO:0090153
Q8N4S7	biological_process	GO:2000303
Q8N4S7	cellular_component	GO:0000139
Q8N4S7	cellular_component	GO:0005622
Q8N4S7	cellular_component	GO:0005737
Q8N4S7	cellular_component	GO:0005794
Q8N4S7	cellular_component	GO:0012505
Q8N4S7	cellular_component	GO:0016020
Q8N4S7	cellular_component	GO:0031090
Q8N4S7	cellular_component	GO:0043226
Q8N4S7	cellular_component	GO:0043227
Q8N4S7	cellular_component	GO:0043229
Q8N4S7	cellular_component	GO:0043231
Q8N4S7	cellular_component	GO:0098588
Q8N4S7	cellular_component	GO:0110165
Q8N4U5	molecular_function	GO:0005488
Q8N4U5	molecular_function	GO:0005515
Q8N4U5	cellular_component	GO:0005622
Q8N4U5	cellular_component	GO:0005634
Q8N4U5	cellular_component	GO:0005654
Q8N4U5	cellular_component	GO:0016604
Q8N4U5	cellular_component	GO:0016607
Q8N4U5	cellular_component	GO:0031974
Q8N4U5	cellular_component	GO:0031981
Q8N4U5	cellular_component	GO:0035770
Q8N4U5	cellular_component	GO:0043226
Q8N4U5	cellular_component	GO:0043227
Q8N4U5	cellular_component	GO:0043228
Q8N4U5	cellular_component	GO:0043229
Q8N4U5	cellular_component	GO:0043231
Q8N4U5	cellular_component	GO:0043232
Q8N4U5	cellular_component	GO:0043233
Q8N4U5	cellular_component	GO:0070013
Q8N4U5	cellular_component	GO:0099080
Q8N4U5	cellular_component	GO:0110165
Q8N4U5	cellular_component	GO:0140168
Q8N4W6	molecular_function	GO:0005488
Q8N4W6	molecular_function	GO:0005515
Q8N5C1	molecular_function	GO:0005215
Q8N5C1	molecular_function	GO:0005216
Q8N5C1	molecular_function	GO:0005488
Q8N5C1	molecular_function	GO:0005515
Q8N5C1	molecular_function	GO:0015075
Q8N5C1	molecular_function	GO:0015267
Q8N5C1	molecular_function	GO:0022803
Q8N5C1	molecular_function	GO:0022857
Q8N5C1	cellular_component	GO:0005886
Q8N5C1	cellular_component	GO:0016020
Q8N5C1	cellular_component	GO:0071944
Q8N5C1	cellular_component	GO:0110165
Q8N5C6	cellular_component	GO:0005622
Q8N5C6	cellular_component	GO:0005634
Q8N5C6	cellular_component	GO:0005694
Q8N5C6	cellular_component	GO:0005737
Q8N5C6	cellular_component	GO:0043226
Q8N5C6	cellular_component	GO:0043227
Q8N5C6	cellular_component	GO:0043228
Q8N5C6	cellular_component	GO:0043229
Q8N5C6	cellular_component	GO:0043231
Q8N5C6	cellular_component	GO:0043232
Q8N5C6	cellular_component	GO:0110165
Q8N5C7	molecular_function	GO:0003824
Q8N5C7	molecular_function	GO:0016432
Q8N5C7	molecular_function	GO:0016740
Q8N5C7	molecular_function	GO:0016765
Q8N5C7	molecular_function	GO:0140098
Q8N5C7	molecular_function	GO:0140101
Q8N5C7	molecular_function	GO:0140640
Q8N5C7	biological_process	GO:0006139
Q8N5C7	biological_process	GO:0006396
Q8N5C7	biological_process	GO:0006399
Q8N5C7	biological_process	GO:0006400
Q8N5C7	biological_process	GO:0008033
Q8N5C7	biological_process	GO:0008152
Q8N5C7	biological_process	GO:0009058
Q8N5C7	biological_process	GO:0009059
Q8N5C7	biological_process	GO:0009451
Q8N5C7	biological_process	GO:0009987
Q8N5C7	biological_process	GO:0010467
Q8N5C7	biological_process	GO:0016070
Q8N5C7	biological_process	GO:0032774
Q8N5C7	biological_process	GO:0034654
Q8N5C7	biological_process	GO:0043170
Q8N5C7	biological_process	GO:0043412
Q8N5C7	biological_process	GO:0044238
Q8N5C7	biological_process	GO:0090304
Q8N5C7	biological_process	GO:0141187
Q8N5C7	cellular_component	GO:0005622
Q8N5C7	cellular_component	GO:0005634
Q8N5C7	cellular_component	GO:0043226
Q8N5C7	cellular_component	GO:0043227
Q8N5C7	cellular_component	GO:0043229
Q8N5C7	cellular_component	GO:0043231
Q8N5C7	cellular_component	GO:0110165
Q8N5I9	molecular_function	GO:0005488
Q8N5I9	molecular_function	GO:0005515
Q8N5I9	molecular_function	GO:0030519
Q8N5I9	molecular_function	GO:0043021
Q8N5I9	molecular_function	GO:0044877
Q8N5I9	molecular_function	GO:0062064
Q8N5I9	biological_process	GO:0000491
Q8N5I9	biological_process	GO:0000492
Q8N5I9	biological_process	GO:0009987
Q8N5I9	biological_process	GO:0016043
Q8N5I9	biological_process	GO:0022607
Q8N5I9	biological_process	GO:0022613
Q8N5I9	biological_process	GO:0022618
Q8N5I9	biological_process	GO:0043933
Q8N5I9	biological_process	GO:0044085
Q8N5I9	biological_process	GO:0065003
Q8N5I9	biological_process	GO:0071826
Q8N5I9	biological_process	GO:0071840
Q8N609	molecular_function	GO:0005488
Q8N609	molecular_function	GO:0005515
Q8N6L7	molecular_function	GO:0005488
Q8N6L7	molecular_function	GO:0005515
Q8N6M9	molecular_function	GO:0005488
Q8N6M9	molecular_function	GO:0005515
Q8N743	molecular_function	GO:0005488
Q8N743	molecular_function	GO:0005515
Q8N7B1	molecular_function	GO:0005488
Q8N7B1	molecular_function	GO:0005515
Q8N7B1	cellular_component	GO:0005622
Q8N7B1	cellular_component	GO:0005634
Q8N7B1	cellular_component	GO:0005654
Q8N7B1	cellular_component	GO:0031974
Q8N7B1	cellular_component	GO:0031981
Q8N7B1	cellular_component	GO:0043226
Q8N7B1	cellular_component	GO:0043227
Q8N7B1	cellular_component	GO:0043229
Q8N7B1	cellular_component	GO:0043231
Q8N7B1	cellular_component	GO:0043233
Q8N7B1	cellular_component	GO:0070013
Q8N7B1	cellular_component	GO:0110165
Q8N7P1	cellular_component	GO:0005622
Q8N7P1	cellular_component	GO:0005737
Q8N7P1	cellular_component	GO:0005739
Q8N7P1	cellular_component	GO:0043226
Q8N7P1	cellular_component	GO:0043227
Q8N7P1	cellular_component	GO:0043229
Q8N7P1	cellular_component	GO:0043231
Q8N7P1	cellular_component	GO:0110165
Q8N7P3	molecular_function	GO:0005488
Q8N7P3	molecular_function	GO:0005515
Q8N8I0	molecular_function	GO:0005488
Q8N8I0	molecular_function	GO:0005515
Q8N8R5	biological_process	GO:0006091
Q8N8R5	biological_process	GO:0006119
Q8N8R5	biological_process	GO:0008152
Q8N8R5	biological_process	GO:0009060
Q8N8R5	biological_process	GO:0009987
Q8N8R5	biological_process	GO:0015980
Q8N8R5	biological_process	GO:0045333
Q8N8R5	cellular_component	GO:0005622
Q8N8R5	cellular_component	GO:0005737
Q8N8R5	cellular_component	GO:0005739
Q8N8R5	cellular_component	GO:0005759
Q8N8R5	cellular_component	GO:0031974
Q8N8R5	cellular_component	GO:0043226
Q8N8R5	cellular_component	GO:0043227
Q8N8R5	cellular_component	GO:0043229
Q8N8R5	cellular_component	GO:0043231
Q8N8R5	cellular_component	GO:0043233
Q8N8R5	cellular_component	GO:0070013
Q8N8R5	cellular_component	GO:0110165
Q8N8V2	molecular_function	GO:0005488
Q8N8V2	molecular_function	GO:0005515
Q8N8V2	biological_process	GO:0001817
Q8N8V2	biological_process	GO:0001818
Q8N8V2	biological_process	GO:0006950
Q8N8V2	biological_process	GO:0006952
Q8N8V2	biological_process	GO:0009605
Q8N8V2	biological_process	GO:0009607
Q8N8V2	biological_process	GO:0009615
Q8N8V2	biological_process	GO:0009889
Q8N8V2	biological_process	GO:0009890
Q8N8V2	biological_process	GO:0009892
Q8N8V2	biological_process	GO:0009966
Q8N8V2	biological_process	GO:0009968
Q8N8V2	biological_process	GO:0010468
Q8N8V2	biological_process	GO:0010556
Q8N8V2	biological_process	GO:0010558
Q8N8V2	biological_process	GO:0010605
Q8N8V2	biological_process	GO:0010629
Q8N8V2	biological_process	GO:0010646
Q8N8V2	biological_process	GO:0010648
Q8N8V2	biological_process	GO:0019222
Q8N8V2	biological_process	GO:0023051
Q8N8V2	biological_process	GO:0023057
Q8N8V2	biological_process	GO:0032479
Q8N8V2	biological_process	GO:0032480
Q8N8V2	biological_process	GO:0034344
Q8N8V2	biological_process	GO:0034345
Q8N8V2	biological_process	GO:0043122
Q8N8V2	biological_process	GO:0043207
Q8N8V2	biological_process	GO:0044419
Q8N8V2	biological_process	GO:0045069
Q8N8V2	biological_process	GO:0045070
Q8N8V2	biological_process	GO:0046425
Q8N8V2	biological_process	GO:0046426
Q8N8V2	biological_process	GO:0048518
Q8N8V2	biological_process	GO:0048519
Q8N8V2	biological_process	GO:0048523
Q8N8V2	biological_process	GO:0048524
Q8N8V2	biological_process	GO:0048583
Q8N8V2	biological_process	GO:0048585
Q8N8V2	biological_process	GO:0050789
Q8N8V2	biological_process	GO:0050792
Q8N8V2	biological_process	GO:0050794
Q8N8V2	biological_process	GO:0050896
Q8N8V2	biological_process	GO:0051239
Q8N8V2	biological_process	GO:0051241
Q8N8V2	biological_process	GO:0051607
Q8N8V2	biological_process	GO:0051707
Q8N8V2	biological_process	GO:0060255
Q8N8V2	biological_process	GO:0065007
Q8N8V2	biological_process	GO:1902531
Q8N8V2	biological_process	GO:1903900
Q8N8V2	biological_process	GO:1904892
Q8N8V2	biological_process	GO:1904893
Q8N9F8	molecular_function	GO:0003676
Q8N9F8	molecular_function	GO:0003677
Q8N9F8	molecular_function	GO:0003690
Q8N9F8	molecular_function	GO:0005488
Q8N9F8	molecular_function	GO:0043565
Q8N9F8	molecular_function	GO:1990837
Q8N9I5	molecular_function	GO:0005488
Q8N9I5	molecular_function	GO:0005515
Q8NA56	biological_process	GO:0003341
Q8NA56	biological_process	GO:0006996
Q8NA56	biological_process	GO:0007017
Q8NA56	biological_process	GO:0007018
Q8NA56	biological_process	GO:0009987
Q8NA56	biological_process	GO:0016043
Q8NA56	biological_process	GO:0030030
Q8NA56	biological_process	GO:0044782
Q8NA56	biological_process	GO:0071840
Q8NA56	biological_process	GO:0120036
Q8NA56	cellular_component	GO:0005929
Q8NA56	cellular_component	GO:0031514
Q8NA56	cellular_component	GO:0036126
Q8NA56	cellular_component	GO:0042995
Q8NA56	cellular_component	GO:0043226
Q8NA56	cellular_component	GO:0043227
Q8NA56	cellular_component	GO:0097228
Q8NA56	cellular_component	GO:0097729
Q8NA56	cellular_component	GO:0110165
Q8NA56	cellular_component	GO:0120025
Q8NCK3	molecular_function	GO:0005488
Q8NCK3	molecular_function	GO:0005515
Q8NDW8	biological_process	GO:0001539
Q8NDW8	biological_process	GO:0003006
Q8NDW8	biological_process	GO:0003341
Q8NDW8	biological_process	GO:0007017
Q8NDW8	biological_process	GO:0007018
Q8NDW8	biological_process	GO:0007276
Q8NDW8	biological_process	GO:0007281
Q8NDW8	biological_process	GO:0007283
Q8NDW8	biological_process	GO:0007286
Q8NDW8	biological_process	GO:0009987
Q8NDW8	biological_process	GO:0019953
Q8NDW8	biological_process	GO:0022412
Q8NDW8	biological_process	GO:0022414
Q8NDW8	biological_process	GO:0030154
Q8NDW8	biological_process	GO:0030317
Q8NDW8	biological_process	GO:0032502
Q8NDW8	biological_process	GO:0048232
Q8NDW8	biological_process	GO:0048468
Q8NDW8	biological_process	GO:0048515
Q8NDW8	biological_process	GO:0048609
Q8NDW8	biological_process	GO:0048856
Q8NDW8	biological_process	GO:0048869
Q8NDW8	biological_process	GO:0048870
Q8NDW8	biological_process	GO:0060285
Q8NDW8	biological_process	GO:0060294
Q8NDW8	biological_process	GO:0097722
Q8NFK1	molecular_function	GO:0005488
Q8NFK1	molecular_function	GO:0005515
Q8NFV4	molecular_function	GO:0003824
Q8NFV4	molecular_function	GO:0016298
Q8NFV4	molecular_function	GO:0016787
Q8NFV4	molecular_function	GO:0016788
Q8NFV4	cellular_component	GO:0005622
Q8NFV4	cellular_component	GO:0005737
Q8NFV4	cellular_component	GO:0005739
Q8NFV4	cellular_component	GO:0005759
Q8NFV4	cellular_component	GO:0031974
Q8NFV4	cellular_component	GO:0032991
Q8NFV4	cellular_component	GO:0043226
Q8NFV4	cellular_component	GO:0043227
Q8NFV4	cellular_component	GO:0043229
Q8NFV4	cellular_component	GO:0043231
Q8NFV4	cellular_component	GO:0043233
Q8NFV4	cellular_component	GO:0045239
Q8NFV4	cellular_component	GO:0045240
Q8NFV4	cellular_component	GO:0045252
Q8NFV4	cellular_component	GO:0070013
Q8NFV4	cellular_component	GO:0110165
Q8NFV4	cellular_component	GO:1902494
Q8NFV4	cellular_component	GO:1990204
Q8NFV4	cellular_component	GO:1990234
Q8NHR9	cellular_component	GO:0005622
Q8NHR9	cellular_component	GO:0005737
Q8NHR9	cellular_component	GO:0110165
Q8NHS1	molecular_function	GO:0005488
Q8NHS1	molecular_function	GO:0005515
Q8NHS2	molecular_function	GO:0003824
Q8NHS2	molecular_function	GO:0004069
Q8NHS2	molecular_function	GO:0005488
Q8NHS2	molecular_function	GO:0005515
Q8NHS2	molecular_function	GO:0008483
Q8NHS2	molecular_function	GO:0016740
Q8NHS2	molecular_function	GO:0016769
Q8NHS2	molecular_function	GO:0140385
Q8NHU2	biological_process	GO:0001539
Q8NHU2	biological_process	GO:0003006
Q8NHU2	biological_process	GO:0003341
Q8NHU2	biological_process	GO:0006996
Q8NHU2	biological_process	GO:0007017
Q8NHU2	biological_process	GO:0007018
Q8NHU2	biological_process	GO:0007276
Q8NHU2	biological_process	GO:0007281
Q8NHU2	biological_process	GO:0007283
Q8NHU2	biological_process	GO:0007286
Q8NHU2	biological_process	GO:0009987
Q8NHU2	biological_process	GO:0016043
Q8NHU2	biological_process	GO:0019953
Q8NHU2	biological_process	GO:0022412
Q8NHU2	biological_process	GO:0022414
Q8NHU2	biological_process	GO:0022607
Q8NHU2	biological_process	GO:0030030
Q8NHU2	biological_process	GO:0030031
Q8NHU2	biological_process	GO:0030154
Q8NHU2	biological_process	GO:0030317
Q8NHU2	biological_process	GO:0032502
Q8NHU2	biological_process	GO:0044085
Q8NHU2	biological_process	GO:0044458
Q8NHU2	biological_process	GO:0044782
Q8NHU2	biological_process	GO:0048232
Q8NHU2	biological_process	GO:0048468
Q8NHU2	biological_process	GO:0048515
Q8NHU2	biological_process	GO:0048609
Q8NHU2	biological_process	GO:0048856
Q8NHU2	biological_process	GO:0048869
Q8NHU2	biological_process	GO:0048870
Q8NHU2	biological_process	GO:0060271
Q8NHU2	biological_process	GO:0060285
Q8NHU2	biological_process	GO:0060294
Q8NHU2	biological_process	GO:0070925
Q8NHU2	biological_process	GO:0071840
Q8NHU2	biological_process	GO:0097722
Q8NHU2	biological_process	GO:0120031
Q8NHU2	biological_process	GO:0120036
Q8NHU2	biological_process	GO:0120316
Q8NHU2	cellular_component	GO:0005622
Q8NHU2	cellular_component	GO:0005737
Q8NHU2	cellular_component	GO:0005856
Q8NHU2	cellular_component	GO:0005929
Q8NHU2	cellular_component	GO:0005930
Q8NHU2	cellular_component	GO:0031514
Q8NHU2	cellular_component	GO:0036126
Q8NHU2	cellular_component	GO:0042995
Q8NHU2	cellular_component	GO:0043226
Q8NHU2	cellular_component	GO:0043227
Q8NHU2	cellular_component	GO:0043228
Q8NHU2	cellular_component	GO:0043229
Q8NHU2	cellular_component	GO:0043232
Q8NHU2	cellular_component	GO:0097014
Q8NHU2	cellular_component	GO:0097729
Q8NHU2	cellular_component	GO:0110165
Q8NHU2	cellular_component	GO:0120025
Q8NHW6	molecular_function	GO:0005488
Q8NHW6	molecular_function	GO:0005515
Q8SWR2	molecular_function	GO:0030674
Q8SWR2	molecular_function	GO:0060090
Q8SWR2	molecular_function	GO:0140312
Q8SWR2	biological_process	GO:0006810
Q8SWR2	biological_process	GO:0006886
Q8SWR2	biological_process	GO:0007017
Q8SWR2	biological_process	GO:0007018
Q8SWR2	biological_process	GO:0007423
Q8SWR2	biological_process	GO:0008104
Q8SWR2	biological_process	GO:0009987
Q8SWR2	biological_process	GO:0010970
Q8SWR2	biological_process	GO:0015031
Q8SWR2	biological_process	GO:0022416
Q8SWR2	biological_process	GO:0030705
Q8SWR2	biological_process	GO:0032502
Q8SWR2	biological_process	GO:0033036
Q8SWR2	biological_process	GO:0045184
Q8SWR2	biological_process	GO:0046907
Q8SWR2	biological_process	GO:0048513
Q8SWR2	biological_process	GO:0048856
Q8SWR2	biological_process	GO:0051179
Q8SWR2	biological_process	GO:0051234
Q8SWR2	biological_process	GO:0051641
Q8SWR2	biological_process	GO:0051649
Q8SWR2	biological_process	GO:0098840
Q8SWR2	biological_process	GO:0099111
Q8SWR2	biological_process	GO:0099118
Q8SWR2	biological_process	GO:0160108
Q8SWR2	cellular_component	GO:0005622
Q8SWR2	cellular_component	GO:0005737
Q8SWR2	cellular_component	GO:0005829
Q8SWR2	cellular_component	GO:0110165
Q8SZ63	molecular_function	GO:0060090
Q8SZ63	molecular_function	GO:0140177
Q8SZ63	molecular_function	GO:7770062
Q8SZ63	biological_process	GO:0006810
Q8SZ63	biological_process	GO:0006891
Q8SZ63	biological_process	GO:0009987
Q8SZ63	biological_process	GO:0016192
Q8SZ63	biological_process	GO:0048193
Q8SZ63	biological_process	GO:0051179
Q8SZ63	biological_process	GO:0051234
Q8SZ63	cellular_component	GO:0005622
Q8SZ63	cellular_component	GO:0005737
Q8SZ63	cellular_component	GO:0005794
Q8SZ63	cellular_component	GO:0005801
Q8SZ63	cellular_component	GO:0012505
Q8SZ63	cellular_component	GO:0016020
Q8SZ63	cellular_component	GO:0031090
Q8SZ63	cellular_component	GO:0033106
Q8SZ63	cellular_component	GO:0043226
Q8SZ63	cellular_component	GO:0043227
Q8SZ63	cellular_component	GO:0043229
Q8SZ63	cellular_component	GO:0043231
Q8SZ63	cellular_component	GO:0098588
Q8SZ63	cellular_component	GO:0110165
Q8T3L6	cellular_component	GO:0005622
Q8T3L6	cellular_component	GO:0005737
Q8T3L6	cellular_component	GO:0005739
Q8T3L6	cellular_component	GO:0005759
Q8T3L6	cellular_component	GO:0031974
Q8T3L6	cellular_component	GO:0043226
Q8T3L6	cellular_component	GO:0043227
Q8T3L6	cellular_component	GO:0043229
Q8T3L6	cellular_component	GO:0043231
Q8T3L6	cellular_component	GO:0043233
Q8T3L6	cellular_component	GO:0070013
Q8T3L6	cellular_component	GO:0110165
Q8T4E1	biological_process	GO:0008152
Q8T4E1	biological_process	GO:0009058
Q8T4E1	biological_process	GO:0009059
Q8T4E1	biological_process	GO:0009987
Q8T4E1	biological_process	GO:0010467
Q8T4E1	biological_process	GO:0016255
Q8T4E1	biological_process	GO:0019538
Q8T4E1	biological_process	GO:0043170
Q8T4E1	biological_process	GO:0044238
Q8T4E1	biological_process	GO:0051604
Q8T4E1	biological_process	GO:0180046
Q8T4E1	cellular_component	GO:0005622
Q8T4E1	cellular_component	GO:0005737
Q8T4E1	cellular_component	GO:0005783
Q8T4E1	cellular_component	GO:0005789
Q8T4E1	cellular_component	GO:0008303
Q8T4E1	cellular_component	GO:0012505
Q8T4E1	cellular_component	GO:0016020
Q8T4E1	cellular_component	GO:0031090
Q8T4E1	cellular_component	GO:0031984
Q8T4E1	cellular_component	GO:0032991
Q8T4E1	cellular_component	GO:0042175
Q8T4E1	cellular_component	GO:0042765
Q8T4E1	cellular_component	GO:0043226
Q8T4E1	cellular_component	GO:0043227
Q8T4E1	cellular_component	GO:0043229
Q8T4E1	cellular_component	GO:0043231
Q8T4E1	cellular_component	GO:0098796
Q8T4E1	cellular_component	GO:0098827
Q8T4E1	cellular_component	GO:0110165
Q8T4E1	cellular_component	GO:0140534
Q8T4E1	cellular_component	GO:1902494
Q8T4E1	cellular_component	GO:1905368
Q8T4E1	cellular_component	GO:1905369
Q8T4E1	cellular_component	GO:1990234
Q8T8L8	biological_process	GO:0006487
Q8T8L8	biological_process	GO:0008152
Q8T8L8	biological_process	GO:0009058
Q8T8L8	biological_process	GO:0009059
Q8T8L8	biological_process	GO:0009100
Q8T8L8	biological_process	GO:0009101
Q8T8L8	biological_process	GO:0009987
Q8T8L8	biological_process	GO:0019538
Q8T8L8	biological_process	GO:0043170
Q8T8L8	biological_process	GO:0044238
Q8T8L8	biological_process	GO:1901135
Q8T8L8	biological_process	GO:1901137
Q8TAX9	cellular_component	GO:0005622
Q8TAX9	cellular_component	GO:0005737
Q8TAX9	cellular_component	GO:0005829
Q8TAX9	cellular_component	GO:0005886
Q8TAX9	cellular_component	GO:0016020
Q8TAX9	cellular_component	GO:0071944
Q8TAX9	cellular_component	GO:0110165
Q8TB22	cellular_component	GO:0005622
Q8TB22	cellular_component	GO:0005737
Q8TB22	cellular_component	GO:0005739
Q8TB22	cellular_component	GO:0043226
Q8TB22	cellular_component	GO:0043227
Q8TB22	cellular_component	GO:0043229
Q8TB22	cellular_component	GO:0043231
Q8TB22	cellular_component	GO:0110165
Q8TBY0	molecular_function	GO:0005488
Q8TBY0	molecular_function	GO:0005515
Q8TC27	molecular_function	GO:0005488
Q8TC27	molecular_function	GO:0005515
Q8TC27	cellular_component	GO:0005929
Q8TC27	cellular_component	GO:0031514
Q8TC27	cellular_component	GO:0036126
Q8TC27	cellular_component	GO:0042995
Q8TC27	cellular_component	GO:0043226
Q8TC27	cellular_component	GO:0043227
Q8TC27	cellular_component	GO:0097228
Q8TC27	cellular_component	GO:0097729
Q8TC27	cellular_component	GO:0110165
Q8TC27	cellular_component	GO:0120025
Q8TC29	molecular_function	GO:0005488
Q8TC29	molecular_function	GO:0005515
Q8TC29	biological_process	GO:0003002
Q8TC29	biological_process	GO:0007275
Q8TC29	biological_process	GO:0007368
Q8TC29	biological_process	GO:0007389
Q8TC29	biological_process	GO:0009799
Q8TC29	biological_process	GO:0009855
Q8TC29	biological_process	GO:0032501
Q8TC29	biological_process	GO:0032502
Q8TC29	biological_process	GO:0048856
Q8TC29	biological_process	GO:0060972
Q8TC29	biological_process	GO:0061966
Q8TC29	cellular_component	GO:0005622
Q8TC29	cellular_component	GO:0005737
Q8TC29	cellular_component	GO:0005856
Q8TC29	cellular_component	GO:0005874
Q8TC29	cellular_component	GO:0005879
Q8TC29	cellular_component	GO:0005881
Q8TC29	cellular_component	GO:0005929
Q8TC29	cellular_component	GO:0005930
Q8TC29	cellular_component	GO:0015630
Q8TC29	cellular_component	GO:0031514
Q8TC29	cellular_component	GO:0036126
Q8TC29	cellular_component	GO:0042995
Q8TC29	cellular_component	GO:0043226
Q8TC29	cellular_component	GO:0043227
Q8TC29	cellular_component	GO:0043228
Q8TC29	cellular_component	GO:0043229
Q8TC29	cellular_component	GO:0043232
Q8TC29	cellular_component	GO:0097014
Q8TC29	cellular_component	GO:0097225
Q8TC29	cellular_component	GO:0097228
Q8TC29	cellular_component	GO:0097729
Q8TC29	cellular_component	GO:0099080
Q8TC29	cellular_component	GO:0099081
Q8TC29	cellular_component	GO:0099512
Q8TC29	cellular_component	GO:0099513
Q8TC29	cellular_component	GO:0110165
Q8TC29	cellular_component	GO:0120025
Q8TC94	molecular_function	GO:0005488
Q8TC94	molecular_function	GO:0005515
Q8TC94	biological_process	GO:0001675
Q8TC94	biological_process	GO:0003006
Q8TC94	biological_process	GO:0006996
Q8TC94	biological_process	GO:0007276
Q8TC94	biological_process	GO:0007281
Q8TC94	biological_process	GO:0007283
Q8TC94	biological_process	GO:0007286
Q8TC94	biological_process	GO:0009566
Q8TC94	biological_process	GO:0009653
Q8TC94	biological_process	GO:0009987
Q8TC94	biological_process	GO:0010256
Q8TC94	biological_process	GO:0010927
Q8TC94	biological_process	GO:0016043
Q8TC94	biological_process	GO:0016050
Q8TC94	biological_process	GO:0019953
Q8TC94	biological_process	GO:0022412
Q8TC94	biological_process	GO:0022414
Q8TC94	biological_process	GO:0022607
Q8TC94	biological_process	GO:0030154
Q8TC94	biological_process	GO:0032502
Q8TC94	biological_process	GO:0032989
Q8TC94	biological_process	GO:0033363
Q8TC94	biological_process	GO:0044085
Q8TC94	biological_process	GO:0048232
Q8TC94	biological_process	GO:0048468
Q8TC94	biological_process	GO:0048515
Q8TC94	biological_process	GO:0048609
Q8TC94	biological_process	GO:0048646
Q8TC94	biological_process	GO:0048856
Q8TC94	biological_process	GO:0048869
Q8TC94	biological_process	GO:0070925
Q8TC94	biological_process	GO:0071840
Q8TC94	cellular_component	GO:0001669
Q8TC94	cellular_component	GO:0005622
Q8TC94	cellular_component	GO:0005737
Q8TC94	cellular_component	GO:0005856
Q8TC94	cellular_component	GO:0012505
Q8TC94	cellular_component	GO:0030141
Q8TC94	cellular_component	GO:0031410
Q8TC94	cellular_component	GO:0031982
Q8TC94	cellular_component	GO:0033011
Q8TC94	cellular_component	GO:0043226
Q8TC94	cellular_component	GO:0043227
Q8TC94	cellular_component	GO:0043228
Q8TC94	cellular_component	GO:0043229
Q8TC94	cellular_component	GO:0043231
Q8TC94	cellular_component	GO:0043232
Q8TC94	cellular_component	GO:0048471
Q8TC94	cellular_component	GO:0061827
Q8TC94	cellular_component	GO:0097708
Q8TC94	cellular_component	GO:0099503
Q8TC94	cellular_component	GO:0110165
Q8TCB7	molecular_function	GO:0003824
Q8TCB7	molecular_function	GO:0005488
Q8TCB7	molecular_function	GO:0005515
Q8TCB7	molecular_function	GO:0008168
Q8TCB7	molecular_function	GO:0008173
Q8TCB7	molecular_function	GO:0008175
Q8TCB7	molecular_function	GO:0008757
Q8TCB7	molecular_function	GO:0016427
Q8TCB7	molecular_function	GO:0016740
Q8TCB7	molecular_function	GO:0016741
Q8TCB7	molecular_function	GO:0019899
Q8TCB7	molecular_function	GO:0052735
Q8TCB7	molecular_function	GO:0140098
Q8TCB7	molecular_function	GO:0140101
Q8TCB7	molecular_function	GO:0140640
Q8TCB7	biological_process	GO:0001510
Q8TCB7	biological_process	GO:0006139
Q8TCB7	biological_process	GO:0006396
Q8TCB7	biological_process	GO:0006399
Q8TCB7	biological_process	GO:0006400
Q8TCB7	biological_process	GO:0008033
Q8TCB7	biological_process	GO:0008152
Q8TCB7	biological_process	GO:0009058
Q8TCB7	biological_process	GO:0009059
Q8TCB7	biological_process	GO:0009451
Q8TCB7	biological_process	GO:0009987
Q8TCB7	biological_process	GO:0010467
Q8TCB7	biological_process	GO:0016070
Q8TCB7	biological_process	GO:0030488
Q8TCB7	biological_process	GO:0032259
Q8TCB7	biological_process	GO:0032774
Q8TCB7	biological_process	GO:0034654
Q8TCB7	biological_process	GO:0043170
Q8TCB7	biological_process	GO:0043412
Q8TCB7	biological_process	GO:0043414
Q8TCB7	biological_process	GO:0044238
Q8TCB7	biological_process	GO:0090304
Q8TCB7	biological_process	GO:0106217
Q8TCB7	biological_process	GO:0141187
Q8TCB7	cellular_component	GO:0005622
Q8TCB7	cellular_component	GO:0005634
Q8TCB7	cellular_component	GO:0005737
Q8TCB7	cellular_component	GO:0032991
Q8TCB7	cellular_component	GO:0034708
Q8TCB7	cellular_component	GO:0043226
Q8TCB7	cellular_component	GO:0043227
Q8TCB7	cellular_component	GO:0043229
Q8TCB7	cellular_component	GO:0043231
Q8TCB7	cellular_component	GO:0043527
Q8TCB7	cellular_component	GO:0110165
Q8TCB7	cellular_component	GO:1902494
Q8TCB7	cellular_component	GO:1990234
Q8TD86	molecular_function	GO:0005488
Q8TD86	molecular_function	GO:0005515
Q8TD86	cellular_component	GO:0005622
Q8TD86	cellular_component	GO:0005634
Q8TD86	cellular_component	GO:0005654
Q8TD86	cellular_component	GO:0005737
Q8TD86	cellular_component	GO:0005829
Q8TD86	cellular_component	GO:0016604
Q8TD86	cellular_component	GO:0016607
Q8TD86	cellular_component	GO:0031974
Q8TD86	cellular_component	GO:0031981
Q8TD86	cellular_component	GO:0035770
Q8TD86	cellular_component	GO:0043226
Q8TD86	cellular_component	GO:0043227
Q8TD86	cellular_component	GO:0043228
Q8TD86	cellular_component	GO:0043229
Q8TD86	cellular_component	GO:0043231
Q8TD86	cellular_component	GO:0043232
Q8TD86	cellular_component	GO:0043233
Q8TD86	cellular_component	GO:0070013
Q8TD86	cellular_component	GO:0099080
Q8TD86	cellular_component	GO:0110165
Q8TD86	cellular_component	GO:0140168
Q8TDT2	molecular_function	GO:0005488
Q8TDT2	molecular_function	GO:0005515
Q8TDT2	molecular_function	GO:0042802
Q8WU08	cellular_component	GO:0005886
Q8WU08	cellular_component	GO:0016020
Q8WU08	cellular_component	GO:0071944
Q8WU08	cellular_component	GO:0110165
Q8WU39	molecular_function	GO:0005488
Q8WU39	molecular_function	GO:0005515
Q8WU39	cellular_component	GO:0005576
Q8WU39	cellular_component	GO:0005622
Q8WU39	cellular_component	GO:0005737
Q8WU39	cellular_component	GO:0005783
Q8WU39	cellular_component	GO:0005788
Q8WU39	cellular_component	GO:0012505
Q8WU39	cellular_component	GO:0031974
Q8WU39	cellular_component	GO:0043226
Q8WU39	cellular_component	GO:0043227
Q8WU39	cellular_component	GO:0043229
Q8WU39	cellular_component	GO:0043231
Q8WU39	cellular_component	GO:0043233
Q8WU39	cellular_component	GO:0070013
Q8WU39	cellular_component	GO:0110165
Q8WUA8	cellular_component	GO:0005576
Q8WUA8	cellular_component	GO:0005614
Q8WUA8	cellular_component	GO:0030312
Q8WUA8	cellular_component	GO:0031012
Q8WUA8	cellular_component	GO:0110165
Q8WUA8	cellular_component	GO:0140150
Q8WUH1	molecular_function	GO:0005488
Q8WUH1	molecular_function	GO:0005515
Q8WUN7	molecular_function	GO:0005488
Q8WUN7	molecular_function	GO:0005515
Q8WUR7	cellular_component	GO:0005622
Q8WUR7	cellular_component	GO:0005737
Q8WUR7	cellular_component	GO:0005739
Q8WUR7	cellular_component	GO:0043226
Q8WUR7	cellular_component	GO:0043227
Q8WUR7	cellular_component	GO:0043229
Q8WUR7	cellular_component	GO:0043231
Q8WUR7	cellular_component	GO:0110165
Q8WUY8	molecular_function	GO:0005488
Q8WUY8	molecular_function	GO:0005515
Q8WV74	cellular_component	GO:0005622
Q8WV74	cellular_component	GO:0005737
Q8WV74	cellular_component	GO:0005739
Q8WV74	cellular_component	GO:0043226
Q8WV74	cellular_component	GO:0043227
Q8WV74	cellular_component	GO:0043229
Q8WV74	cellular_component	GO:0043231
Q8WV74	cellular_component	GO:0110165
Q8WV83	molecular_function	GO:0005215
Q8WV83	molecular_function	GO:0015220
Q8WV83	molecular_function	GO:0022857
Q8WV83	biological_process	GO:0006810
Q8WV83	biological_process	GO:0015871
Q8WV83	biological_process	GO:0051179
Q8WV83	biological_process	GO:0051234
Q8WV83	biological_process	GO:0071705
Q8WVF2	molecular_function	GO:0005488
Q8WVF2	molecular_function	GO:0005515
Q8WVF2	molecular_function	GO:0019955
Q8WVF2	molecular_function	GO:0036122
Q8WVF2	biological_process	GO:0009966
Q8WVF2	biological_process	GO:0009968
Q8WVF2	biological_process	GO:0010646
Q8WVF2	biological_process	GO:0010648
Q8WVF2	biological_process	GO:0023051
Q8WVF2	biological_process	GO:0023057
Q8WVF2	biological_process	GO:0048519
Q8WVF2	biological_process	GO:0048523
Q8WVF2	biological_process	GO:0048583
Q8WVF2	biological_process	GO:0048585
Q8WVF2	biological_process	GO:0050789
Q8WVF2	biological_process	GO:0050794
Q8WVF2	biological_process	GO:0060390
Q8WVF2	biological_process	GO:0060392
Q8WVF2	biological_process	GO:0065007
Q8WVF2	biological_process	GO:0090092
Q8WVF2	biological_process	GO:0090101
Q8WVF2	biological_process	GO:1902531
Q8WVF2	biological_process	GO:1902532
Q8WVF2	cellular_component	GO:0005622
Q8WVF2	cellular_component	GO:0005737
Q8WVF2	cellular_component	GO:0110165
Q8WW27	molecular_function	GO:0005488
Q8WW27	molecular_function	GO:0005515
Q8WWU7	molecular_function	GO:0005488
Q8WWU7	molecular_function	GO:0005515
Q8WX39	molecular_function	GO:0005488
Q8WX39	molecular_function	GO:0005515
Q8WYK1	cellular_component	GO:0001650
Q8WYK1	cellular_component	GO:0005622
Q8WYK1	cellular_component	GO:0005634
Q8WYK1	cellular_component	GO:0005730
Q8WYK1	cellular_component	GO:0031974
Q8WYK1	cellular_component	GO:0031981
Q8WYK1	cellular_component	GO:0043226
Q8WYK1	cellular_component	GO:0043227
Q8WYK1	cellular_component	GO:0043228
Q8WYK1	cellular_component	GO:0043229
Q8WYK1	cellular_component	GO:0043231
Q8WYK1	cellular_component	GO:0043232
Q8WYK1	cellular_component	GO:0043233
Q8WYK1	cellular_component	GO:0070013
Q8WYK1	cellular_component	GO:0110165
Q8WZA6	molecular_function	GO:0004888
Q8WZA6	molecular_function	GO:0004930
Q8WZA6	molecular_function	GO:0004984
Q8WZA6	molecular_function	GO:0038022
Q8WZA6	molecular_function	GO:0038023
Q8WZA6	molecular_function	GO:0060089
Q8WZA6	biological_process	GO:0007154
Q8WZA6	biological_process	GO:0007165
Q8WZA6	biological_process	GO:0007186
Q8WZA6	biological_process	GO:0007188
Q8WZA6	biological_process	GO:0007189
Q8WZA6	biological_process	GO:0009987
Q8WZA6	biological_process	GO:0023052
Q8WZA6	biological_process	GO:0050789
Q8WZA6	biological_process	GO:0050794
Q8WZA6	biological_process	GO:0050896
Q8WZA6	biological_process	GO:0051716
Q8WZA6	biological_process	GO:0065007
Q94511	biological_process	GO:0006091
Q94511	biological_process	GO:0006119
Q94511	biological_process	GO:0006120
Q94511	biological_process	GO:0008152
Q94511	biological_process	GO:0009060
Q94511	biological_process	GO:0009987
Q94511	biological_process	GO:0015980
Q94511	biological_process	GO:0019646
Q94511	biological_process	GO:0022900
Q94511	biological_process	GO:0022904
Q94511	biological_process	GO:0042773
Q94511	biological_process	GO:0042775
Q94511	biological_process	GO:0045333
Q94511	cellular_component	GO:0005622
Q94511	cellular_component	GO:0005737
Q94511	cellular_component	GO:0005739
Q94511	cellular_component	GO:0005740
Q94511	cellular_component	GO:0005743
Q94511	cellular_component	GO:0016020
Q94511	cellular_component	GO:0019866
Q94511	cellular_component	GO:0030964
Q94511	cellular_component	GO:0031090
Q94511	cellular_component	GO:0031966
Q94511	cellular_component	GO:0031967
Q94511	cellular_component	GO:0032991
Q94511	cellular_component	GO:0043226
Q94511	cellular_component	GO:0043227
Q94511	cellular_component	GO:0043229
Q94511	cellular_component	GO:0043231
Q94511	cellular_component	GO:0045271
Q94511	cellular_component	GO:0098796
Q94511	cellular_component	GO:0098803
Q94511	cellular_component	GO:0110165
Q94511	cellular_component	GO:1902494
Q94511	cellular_component	GO:1902495
Q94511	cellular_component	GO:1990204
Q94511	cellular_component	GO:1990351
Q95TN1	biological_process	GO:0006810
Q95TN1	biological_process	GO:0009987
Q95TN1	biological_process	GO:0016192
Q95TN1	biological_process	GO:0048193
Q95TN1	biological_process	GO:0051179
Q95TN1	biological_process	GO:0051234
Q95TN1	cellular_component	GO:0005622
Q95TN1	cellular_component	GO:0005737
Q95TN1	cellular_component	GO:0005794
Q95TN1	cellular_component	GO:0012505
Q95TN1	cellular_component	GO:0030008
Q95TN1	cellular_component	GO:0032991
Q95TN1	cellular_component	GO:0043226
Q95TN1	cellular_component	GO:0043227
Q95TN1	cellular_component	GO:0043229
Q95TN1	cellular_component	GO:0043231
Q95TN1	cellular_component	GO:0099023
Q95TN1	cellular_component	GO:0110165
Q95TN1	cellular_component	GO:0140535
Q95TN1	cellular_component	GO:1990072
Q95U54	biological_process	GO:0000226
Q95U54	biological_process	GO:0000278
Q95U54	biological_process	GO:0000280
Q95U54	biological_process	GO:0006996
Q95U54	biological_process	GO:0007010
Q95U54	biological_process	GO:0007017
Q95U54	biological_process	GO:0007049
Q95U54	biological_process	GO:0007051
Q95U54	biological_process	GO:0007088
Q95U54	biological_process	GO:0007346
Q95U54	biological_process	GO:0009987
Q95U54	biological_process	GO:0010564
Q95U54	biological_process	GO:0010638
Q95U54	biological_process	GO:0016043
Q95U54	biological_process	GO:0022402
Q95U54	biological_process	GO:0030953
Q95U54	biological_process	GO:0031110
Q95U54	biological_process	GO:0031112
Q95U54	biological_process	GO:0031113
Q95U54	biological_process	GO:0031116
Q95U54	biological_process	GO:0031122
Q95U54	biological_process	GO:0031334
Q95U54	biological_process	GO:0032271
Q95U54	biological_process	GO:0032273
Q95U54	biological_process	GO:0032886
Q95U54	biological_process	GO:0033043
Q95U54	biological_process	GO:0043254
Q95U54	biological_process	GO:0044087
Q95U54	biological_process	GO:0044089
Q95U54	biological_process	GO:0045787
Q95U54	biological_process	GO:0045840
Q95U54	biological_process	GO:0048285
Q95U54	biological_process	GO:0048518
Q95U54	biological_process	GO:0048522
Q95U54	biological_process	GO:0050789
Q95U54	biological_process	GO:0050794
Q95U54	biological_process	GO:0051128
Q95U54	biological_process	GO:0051130
Q95U54	biological_process	GO:0051493
Q95U54	biological_process	GO:0051495
Q95U54	biological_process	GO:0051726
Q95U54	biological_process	GO:0051783
Q95U54	biological_process	GO:0051785
Q95U54	biological_process	GO:0065007
Q95U54	biological_process	GO:0070507
Q95U54	biological_process	GO:0071840
Q95U54	biological_process	GO:0090068
Q95U54	biological_process	GO:0097435
Q95U54	biological_process	GO:0140014
Q95U54	biological_process	GO:1902903
Q95U54	biological_process	GO:1902905
Q95U54	biological_process	GO:1903047
Q95U54	cellular_component	GO:0005622
Q95U54	cellular_component	GO:0005634
Q95U54	cellular_component	GO:0005737
Q95U54	cellular_component	GO:0005819
Q95U54	cellular_component	GO:0005856
Q95U54	cellular_component	GO:0005874
Q95U54	cellular_component	GO:0005876
Q95U54	cellular_component	GO:0015630
Q95U54	cellular_component	GO:0030496
Q95U54	cellular_component	GO:0043226
Q95U54	cellular_component	GO:0043227
Q95U54	cellular_component	GO:0043228
Q95U54	cellular_component	GO:0043229
Q95U54	cellular_component	GO:0043231
Q95U54	cellular_component	GO:0043232
Q95U54	cellular_component	GO:0099080
Q95U54	cellular_component	GO:0099081
Q95U54	cellular_component	GO:0099512
Q95U54	cellular_component	GO:0099513
Q95U54	cellular_component	GO:0110165
Q969K7	molecular_function	GO:0005488
Q969K7	molecular_function	GO:0005515
Q96A19	molecular_function	GO:0005488
Q96A19	molecular_function	GO:0005515
Q96A46	cellular_component	GO:0005622
Q96A46	cellular_component	GO:0005737
Q96A46	cellular_component	GO:0005739
Q96A46	cellular_component	GO:0043226
Q96A46	cellular_component	GO:0043227
Q96A46	cellular_component	GO:0043229
Q96A46	cellular_component	GO:0043231
Q96A46	cellular_component	GO:0110165
Q96AY3	molecular_function	GO:0005488
Q96AY3	molecular_function	GO:0005515
Q96AY3	cellular_component	GO:0005622
Q96AY3	cellular_component	GO:0005737
Q96AY3	cellular_component	GO:0005783
Q96AY3	cellular_component	GO:0012505
Q96AY3	cellular_component	GO:0043226
Q96AY3	cellular_component	GO:0043227
Q96AY3	cellular_component	GO:0043229
Q96AY3	cellular_component	GO:0043231
Q96AY3	cellular_component	GO:0110165
Q96BQ5	biological_process	GO:0042592
Q96BQ5	biological_process	GO:0048878
Q96BQ5	biological_process	GO:0055088
Q96BQ5	cellular_component	GO:0005622
Q96BQ5	cellular_component	GO:0005737
Q96BQ5	cellular_component	GO:0005739
Q96BQ5	cellular_component	GO:0005740
Q96BQ5	cellular_component	GO:0005741
Q96BQ5	cellular_component	GO:0016020
Q96BQ5	cellular_component	GO:0019867
Q96BQ5	cellular_component	GO:0031090
Q96BQ5	cellular_component	GO:0031966
Q96BQ5	cellular_component	GO:0031967
Q96BQ5	cellular_component	GO:0031968
Q96BQ5	cellular_component	GO:0043226
Q96BQ5	cellular_component	GO:0043227
Q96BQ5	cellular_component	GO:0043229
Q96BQ5	cellular_component	GO:0043231
Q96BQ5	cellular_component	GO:0098588
Q96BQ5	cellular_component	GO:0110165
Q96CE8	molecular_function	GO:0005488
Q96CE8	molecular_function	GO:0005515
Q96CM4	molecular_function	GO:0005488
Q96CM4	molecular_function	GO:0005515
Q96CM4	molecular_function	GO:0030545
Q96CM4	molecular_function	GO:0030546
Q96CM4	molecular_function	GO:0048018
Q96CM4	molecular_function	GO:0098772
Q96CM4	molecular_function	GO:0140677
Q96CM4	biological_process	GO:0001894
Q96CM4	biological_process	GO:0001895
Q96CM4	biological_process	GO:0006950
Q96CM4	biological_process	GO:0006979
Q96CM4	biological_process	GO:0019725
Q96CM4	biological_process	GO:0032501
Q96CM4	biological_process	GO:0042592
Q96CM4	biological_process	GO:0045454
Q96CM4	biological_process	GO:0045494
Q96CM4	biological_process	GO:0048871
Q96CM4	biological_process	GO:0050896
Q96CM4	biological_process	GO:0060249
Q96CM4	cellular_component	GO:0005622
Q96CM4	cellular_component	GO:0005737
Q96CM4	cellular_component	GO:0005739
Q96CM4	cellular_component	GO:0043226
Q96CM4	cellular_component	GO:0043227
Q96CM4	cellular_component	GO:0043229
Q96CM4	cellular_component	GO:0043231
Q96CM4	cellular_component	GO:0110165
Q96CT2	molecular_function	GO:0005488
Q96CT2	molecular_function	GO:0005515
Q96CX6	molecular_function	GO:0030674
Q96CX6	molecular_function	GO:0060090
Q96CX6	molecular_function	GO:0140767
Q96CX6	molecular_function	GO:1990756
Q96CX6	biological_process	GO:0006511
Q96CX6	biological_process	GO:0008152
Q96CX6	biological_process	GO:0009056
Q96CX6	biological_process	GO:0009057
Q96CX6	biological_process	GO:0009889
Q96CX6	biological_process	GO:0009987
Q96CX6	biological_process	GO:0010498
Q96CX6	biological_process	GO:0019222
Q96CX6	biological_process	GO:0019538
Q96CX6	biological_process	GO:0019941
Q96CX6	biological_process	GO:0030163
Q96CX6	biological_process	GO:0042762
Q96CX6	biological_process	GO:0043161
Q96CX6	biological_process	GO:0043170
Q96CX6	biological_process	GO:0043632
Q96CX6	biological_process	GO:0044238
Q96CX6	biological_process	GO:0050789
Q96CX6	biological_process	GO:0050794
Q96CX6	biological_process	GO:0062089
Q96CX6	biological_process	GO:0065007
Q96CX6	cellular_component	GO:0000151
Q96CX6	cellular_component	GO:0031461
Q96CX6	cellular_component	GO:0031466
Q96CX6	cellular_component	GO:0032991
Q96CX6	cellular_component	GO:0140535
Q96CX6	cellular_component	GO:1902494
Q96CX6	cellular_component	GO:1990234
Q96DP5	molecular_function	GO:0003824
Q96DP5	molecular_function	GO:0004479
Q96DP5	molecular_function	GO:0016740
Q96DP5	molecular_function	GO:0016741
Q96DP5	molecular_function	GO:0016742
Q96DP5	molecular_function	GO:0140098
Q96DP5	molecular_function	GO:0140101
Q96DP5	molecular_function	GO:0140640
Q96DP5	biological_process	GO:0006139
Q96DP5	biological_process	GO:0006396
Q96DP5	biological_process	GO:0006399
Q96DP5	biological_process	GO:0006400
Q96DP5	biological_process	GO:0008033
Q96DP5	biological_process	GO:0008152
Q96DP5	biological_process	GO:0009058
Q96DP5	biological_process	GO:0009059
Q96DP5	biological_process	GO:0009451
Q96DP5	biological_process	GO:0009987
Q96DP5	biological_process	GO:0010467
Q96DP5	biological_process	GO:0016070
Q96DP5	biological_process	GO:0019988
Q96DP5	biological_process	GO:0032774
Q96DP5	biological_process	GO:0034654
Q96DP5	biological_process	GO:0043170
Q96DP5	biological_process	GO:0043412
Q96DP5	biological_process	GO:0044238
Q96DP5	biological_process	GO:0071951
Q96DP5	biological_process	GO:0090304
Q96DP5	biological_process	GO:0141187
Q96DP5	cellular_component	GO:0005622
Q96DP5	cellular_component	GO:0005737
Q96DP5	cellular_component	GO:0005739
Q96DP5	cellular_component	GO:0043226
Q96DP5	cellular_component	GO:0043227
Q96DP5	cellular_component	GO:0043229
Q96DP5	cellular_component	GO:0043231
Q96DP5	cellular_component	GO:0110165
Q96DY2	cellular_component	GO:0005622
Q96DY2	cellular_component	GO:0005815
Q96DY2	cellular_component	GO:0005856
Q96DY2	cellular_component	GO:0005929
Q96DY2	cellular_component	GO:0015630
Q96DY2	cellular_component	GO:0036064
Q96DY2	cellular_component	GO:0042995
Q96DY2	cellular_component	GO:0043226
Q96DY2	cellular_component	GO:0043227
Q96DY2	cellular_component	GO:0043228
Q96DY2	cellular_component	GO:0043229
Q96DY2	cellular_component	GO:0043232
Q96DY2	cellular_component	GO:0110165
Q96DY2	cellular_component	GO:0120025
Q96EF9	molecular_function	GO:0005488
Q96EF9	molecular_function	GO:0005515
Q96EP9	molecular_function	GO:0005488
Q96EP9	molecular_function	GO:0005515
Q96EP9	cellular_component	GO:0005886
Q96EP9	cellular_component	GO:0016020
Q96EP9	cellular_component	GO:0071944
Q96EP9	cellular_component	GO:0110165
Q96ER3	biological_process	GO:0008284
Q96ER3	biological_process	GO:0042127
Q96ER3	biological_process	GO:0048518
Q96ER3	biological_process	GO:0048522
Q96ER3	biological_process	GO:0050678
Q96ER3	biological_process	GO:0050679
Q96ER3	biological_process	GO:0050789
Q96ER3	biological_process	GO:0050794
Q96ER3	biological_process	GO:0065007
Q96ER3	biological_process	GO:1901645
Q96ER3	biological_process	GO:1901647
Q96ER3	cellular_component	GO:0005622
Q96ER3	cellular_component	GO:0005634
Q96ER3	cellular_component	GO:0005654
Q96ER3	cellular_component	GO:0031974
Q96ER3	cellular_component	GO:0031981
Q96ER3	cellular_component	GO:0043226
Q96ER3	cellular_component	GO:0043227
Q96ER3	cellular_component	GO:0043229
Q96ER3	cellular_component	GO:0043231
Q96ER3	cellular_component	GO:0043233
Q96ER3	cellular_component	GO:0070013
Q96ER3	cellular_component	GO:0110165
Q96ES6	molecular_function	GO:0005488
Q96ES6	molecular_function	GO:0005515
Q96GE6	molecular_function	GO:0005488
Q96GE6	molecular_function	GO:0005515
Q96GE6	molecular_function	GO:0008092
Q96GE6	molecular_function	GO:0017022
Q96GE6	molecular_function	GO:0032028
Q96GE6	molecular_function	GO:0032036
Q96GE6	biological_process	GO:0009987
Q96GE6	biological_process	GO:0016043
Q96GE6	biological_process	GO:0022607
Q96GE6	biological_process	GO:0044085
Q96GE6	biological_process	GO:0071840
Q96GE6	biological_process	GO:1904970
Q96GE6	cellular_component	GO:0005622
Q96GE6	cellular_component	GO:0005856
Q96GE6	cellular_component	GO:0005902
Q96GE6	cellular_component	GO:0015629
Q96GE6	cellular_component	GO:0042995
Q96GE6	cellular_component	GO:0043226
Q96GE6	cellular_component	GO:0043228
Q96GE6	cellular_component	GO:0043229
Q96GE6	cellular_component	GO:0043232
Q96GE6	cellular_component	GO:0098858
Q96GE6	cellular_component	GO:0110165
Q96GE6	cellular_component	GO:0120025
Q96GK7	molecular_function	GO:0003824
Q96GK7	molecular_function	GO:0005488
Q96GK7	molecular_function	GO:0005515
Q96GK7	molecular_function	GO:0016853
Q96GK7	molecular_function	GO:0016860
Q96GK7	molecular_function	GO:0016862
Q96GK7	molecular_function	GO:0050163
Q96GK7	biological_process	GO:0006107
Q96GK7	biological_process	GO:0008152
Q96GK7	biological_process	GO:0009987
Q96GK7	biological_process	GO:0019752
Q96GK7	biological_process	GO:0043436
Q96GK7	biological_process	GO:0043648
Q96GK7	biological_process	GO:0044281
Q96GK7	cellular_component	GO:0005622
Q96GK7	cellular_component	GO:0005737
Q96GK7	cellular_component	GO:0005739
Q96GK7	cellular_component	GO:0043226
Q96GK7	cellular_component	GO:0043227
Q96GK7	cellular_component	GO:0043229
Q96GK7	cellular_component	GO:0043231
Q96GK7	cellular_component	GO:0110165
Q96GM1	molecular_function	GO:0005488
Q96GM1	molecular_function	GO:0005515
Q96H12	molecular_function	GO:0005488
Q96H12	molecular_function	GO:0005515
Q96H35	cellular_component	GO:0005622
Q96H35	cellular_component	GO:0005634
Q96H35	cellular_component	GO:0005654
Q96H35	cellular_component	GO:0005737
Q96H35	cellular_component	GO:0005829
Q96H35	cellular_component	GO:0031974
Q96H35	cellular_component	GO:0031981
Q96H35	cellular_component	GO:0043226
Q96H35	cellular_component	GO:0043227
Q96H35	cellular_component	GO:0043229
Q96H35	cellular_component	GO:0043231
Q96H35	cellular_component	GO:0043233
Q96H35	cellular_component	GO:0070013
Q96H35	cellular_component	GO:0110165
Q96HP8	molecular_function	GO:0005488
Q96HP8	molecular_function	GO:0005515
Q96IL0	molecular_function	GO:0005488
Q96IL0	molecular_function	GO:0005515
Q96IL0	biological_process	GO:0000302
Q96IL0	biological_process	GO:0006950
Q96IL0	biological_process	GO:0006979
Q96IL0	biological_process	GO:0006996
Q96IL0	biological_process	GO:0007005
Q96IL0	biological_process	GO:0008535
Q96IL0	biological_process	GO:0009987
Q96IL0	biological_process	GO:0016043
Q96IL0	biological_process	GO:0017004
Q96IL0	biological_process	GO:0022607
Q96IL0	biological_process	GO:0031647
Q96IL0	biological_process	GO:0033108
Q96IL0	biological_process	GO:0033617
Q96IL0	biological_process	GO:0042221
Q96IL0	biological_process	GO:0043933
Q96IL0	biological_process	GO:0044085
Q96IL0	biological_process	GO:0050821
Q96IL0	biological_process	GO:0050896
Q96IL0	biological_process	GO:0065003
Q96IL0	biological_process	GO:0065007
Q96IL0	biological_process	GO:0065008
Q96IL0	biological_process	GO:0071840
Q96IL0	biological_process	GO:1901700
Q96IL0	cellular_component	GO:0005622
Q96IL0	cellular_component	GO:0005737
Q96IL0	cellular_component	GO:0005739
Q96IL0	cellular_component	GO:0005740
Q96IL0	cellular_component	GO:0005743
Q96IL0	cellular_component	GO:0016020
Q96IL0	cellular_component	GO:0019866
Q96IL0	cellular_component	GO:0031090
Q96IL0	cellular_component	GO:0031966
Q96IL0	cellular_component	GO:0031967
Q96IL0	cellular_component	GO:0043226
Q96IL0	cellular_component	GO:0043227
Q96IL0	cellular_component	GO:0043229
Q96IL0	cellular_component	GO:0043231
Q96IL0	cellular_component	GO:0098552
Q96IL0	cellular_component	GO:0098576
Q96IL0	cellular_component	GO:0099617
Q96IL0	cellular_component	GO:0110165
Q96IM9	molecular_function	GO:0005488
Q96IM9	molecular_function	GO:0005515
Q96IU2	biological_process	GO:0009719
Q96IU2	biological_process	GO:0009725
Q96IU2	biological_process	GO:0009743
Q96IU2	biological_process	GO:0009746
Q96IU2	biological_process	GO:0009749
Q96IU2	biological_process	GO:0032868
Q96IU2	biological_process	GO:0034284
Q96IU2	biological_process	GO:0042221
Q96IU2	biological_process	GO:0043434
Q96IU2	biological_process	GO:0050896
Q96IU2	biological_process	GO:1901698
Q96IU2	biological_process	GO:1901700
Q96IU2	cellular_component	GO:0005576
Q96IU2	cellular_component	GO:0110165
Q96IZ6	molecular_function	GO:0003824
Q96IZ6	molecular_function	GO:0005488
Q96IZ6	molecular_function	GO:0005515
Q96IZ6	molecular_function	GO:0008168
Q96IZ6	molecular_function	GO:0008173
Q96IZ6	molecular_function	GO:0008175
Q96IZ6	molecular_function	GO:0008757
Q96IZ6	molecular_function	GO:0016427
Q96IZ6	molecular_function	GO:0016740
Q96IZ6	molecular_function	GO:0016741
Q96IZ6	molecular_function	GO:0052735
Q96IZ6	molecular_function	GO:0140098
Q96IZ6	molecular_function	GO:0140101
Q96IZ6	molecular_function	GO:0140640
Q96IZ6	biological_process	GO:0001510
Q96IZ6	biological_process	GO:0006139
Q96IZ6	biological_process	GO:0006396
Q96IZ6	biological_process	GO:0006399
Q96IZ6	biological_process	GO:0006400
Q96IZ6	biological_process	GO:0008033
Q96IZ6	biological_process	GO:0008152
Q96IZ6	biological_process	GO:0009058
Q96IZ6	biological_process	GO:0009059
Q96IZ6	biological_process	GO:0009451
Q96IZ6	biological_process	GO:0009987
Q96IZ6	biological_process	GO:0010467
Q96IZ6	biological_process	GO:0016070
Q96IZ6	biological_process	GO:0030488
Q96IZ6	biological_process	GO:0032259
Q96IZ6	biological_process	GO:0032774
Q96IZ6	biological_process	GO:0034654
Q96IZ6	biological_process	GO:0043170
Q96IZ6	biological_process	GO:0043412
Q96IZ6	biological_process	GO:0043414
Q96IZ6	biological_process	GO:0044238
Q96IZ6	biological_process	GO:0090304
Q96IZ6	biological_process	GO:0141187
Q96IZ6	cellular_component	GO:0005622
Q96IZ6	cellular_component	GO:0005737
Q96IZ6	cellular_component	GO:0110165
Q96K58	biological_process	GO:0006139
Q96K58	biological_process	GO:0006259
Q96K58	biological_process	GO:0006281
Q96K58	biological_process	GO:0006950
Q96K58	biological_process	GO:0006974
Q96K58	biological_process	GO:0008152
Q96K58	biological_process	GO:0009987
Q96K58	biological_process	GO:0033554
Q96K58	biological_process	GO:0043170
Q96K58	biological_process	GO:0044238
Q96K58	biological_process	GO:0050896
Q96K58	biological_process	GO:0051716
Q96K58	biological_process	GO:0090304
Q96K58	cellular_component	GO:0005622
Q96K58	cellular_component	GO:0005634
Q96K58	cellular_component	GO:0043226
Q96K58	cellular_component	GO:0043227
Q96K58	cellular_component	GO:0043229
Q96K58	cellular_component	GO:0043231
Q96K58	cellular_component	GO:0110165
Q96L03	molecular_function	GO:0005488
Q96L03	molecular_function	GO:0005515
Q96L15	molecular_function	GO:0005488
Q96L15	molecular_function	GO:0005515
Q96L94	molecular_function	GO:0005488
Q96L94	molecular_function	GO:0005515
Q96LB0	molecular_function	GO:0005488
Q96LB0	molecular_function	GO:0005515
Q96LT6	molecular_function	GO:0005488
Q96LT6	molecular_function	GO:0005515
Q96LU5	cellular_component	GO:0005622
Q96LU5	cellular_component	GO:0005737
Q96LU5	cellular_component	GO:0005739
Q96LU5	cellular_component	GO:0043226
Q96LU5	cellular_component	GO:0043227
Q96LU5	cellular_component	GO:0043229
Q96LU5	cellular_component	GO:0043231
Q96LU5	cellular_component	GO:0110165
Q96LW2	molecular_function	GO:0005488
Q96LW2	molecular_function	GO:0005515
Q96M69	molecular_function	GO:0005488
Q96M69	molecular_function	GO:0005515
Q96MF6	cellular_component	GO:0005622
Q96MF6	cellular_component	GO:0005737
Q96MF6	cellular_component	GO:0005739
Q96MF6	cellular_component	GO:0005740
Q96MF6	cellular_component	GO:0005743
Q96MF6	cellular_component	GO:0016020
Q96MF6	cellular_component	GO:0019866
Q96MF6	cellular_component	GO:0031090
Q96MF6	cellular_component	GO:0031966
Q96MF6	cellular_component	GO:0031967
Q96MF6	cellular_component	GO:0043226
Q96MF6	cellular_component	GO:0043227
Q96MF6	cellular_component	GO:0043229
Q96MF6	cellular_component	GO:0043231
Q96MF6	cellular_component	GO:0110165
Q96MH6	molecular_function	GO:0003824
Q96MH6	molecular_function	GO:0016740
Q96MH6	molecular_function	GO:0016746
Q96MH6	molecular_function	GO:0016747
Q96MH6	molecular_function	GO:0046027
Q96MH6	biological_process	GO:0006629
Q96MH6	biological_process	GO:0006638
Q96MH6	biological_process	GO:0006639
Q96MH6	biological_process	GO:0006641
Q96MH6	biological_process	GO:0008152
Q96MH6	biological_process	GO:0008610
Q96MH6	biological_process	GO:0009058
Q96MH6	biological_process	GO:0009987
Q96MH6	biological_process	GO:0019432
Q96MH6	biological_process	GO:0044238
Q96MH6	biological_process	GO:0045017
Q96MH6	biological_process	GO:0046460
Q96MH6	biological_process	GO:0046463
Q96MH6	biological_process	GO:0046486
Q96MH6	cellular_component	GO:0005622
Q96MH6	cellular_component	GO:0005737
Q96MH6	cellular_component	GO:0005783
Q96MH6	cellular_component	GO:0005789
Q96MH6	cellular_component	GO:0012505
Q96MH6	cellular_component	GO:0016020
Q96MH6	cellular_component	GO:0031090
Q96MH6	cellular_component	GO:0031984
Q96MH6	cellular_component	GO:0042175
Q96MH6	cellular_component	GO:0043226
Q96MH6	cellular_component	GO:0043227
Q96MH6	cellular_component	GO:0043229
Q96MH6	cellular_component	GO:0043231
Q96MH6	cellular_component	GO:0098827
Q96MH6	cellular_component	GO:0110165
Q96MP5	molecular_function	GO:0005488
Q96MP5	molecular_function	GO:0005515
Q96MR6	cellular_component	GO:0005929
Q96MR6	cellular_component	GO:0042995
Q96MR6	cellular_component	GO:0043226
Q96MR6	cellular_component	GO:0043227
Q96MR6	cellular_component	GO:0110165
Q96MR6	cellular_component	GO:0120025
Q96MV1	molecular_function	GO:0005488
Q96MV1	molecular_function	GO:0005515
Q96MW7	molecular_function	GO:0005488
Q96MW7	molecular_function	GO:0005515
Q96N20	molecular_function	GO:0003676
Q96N20	molecular_function	GO:0003677
Q96N20	molecular_function	GO:0003690
Q96N20	molecular_function	GO:0005488
Q96N20	molecular_function	GO:0005515
Q96N20	molecular_function	GO:0043565
Q96N20	molecular_function	GO:1990837
Q96NG5	molecular_function	GO:0000981
Q96NG5	molecular_function	GO:0001217
Q96NG5	molecular_function	GO:0001227
Q96NG5	molecular_function	GO:0003700
Q96NG5	molecular_function	GO:0005488
Q96NG5	molecular_function	GO:0005515
Q96NG5	molecular_function	GO:0140110
Q96NH3	molecular_function	GO:0005488
Q96NH3	molecular_function	GO:0005515
Q96NH3	biological_process	GO:0001654
Q96NH3	biological_process	GO:0003406
Q96NH3	biological_process	GO:0007275
Q96NH3	biological_process	GO:0007423
Q96NH3	biological_process	GO:0009888
Q96NH3	biological_process	GO:0032501
Q96NH3	biological_process	GO:0032502
Q96NH3	biological_process	GO:0043010
Q96NH3	biological_process	GO:0048513
Q96NH3	biological_process	GO:0048731
Q96NH3	biological_process	GO:0048856
Q96NH3	biological_process	GO:0048880
Q96NH3	biological_process	GO:0060041
Q96NH3	biological_process	GO:0060429
Q96NH3	biological_process	GO:0150063
Q96NH3	biological_process	GO:0160108
Q96NJ5	molecular_function	GO:0005488
Q96NJ5	molecular_function	GO:0005515
Q96P50	molecular_function	GO:0005488
Q96P50	molecular_function	GO:0005515
Q96PF1	molecular_function	GO:0005488
Q96PF1	molecular_function	GO:0005515
Q96PQ0	cellular_component	GO:0005622
Q96PQ0	cellular_component	GO:0005737
Q96PQ0	cellular_component	GO:0005886
Q96PQ0	cellular_component	GO:0012506
Q96PQ0	cellular_component	GO:0016020
Q96PQ0	cellular_component	GO:0030659
Q96PQ0	cellular_component	GO:0031090
Q96PQ0	cellular_component	GO:0031410
Q96PQ0	cellular_component	GO:0031982
Q96PQ0	cellular_component	GO:0036477
Q96PQ0	cellular_component	GO:0043025
Q96PQ0	cellular_component	GO:0043204
Q96PQ0	cellular_component	GO:0043226
Q96PQ0	cellular_component	GO:0043227
Q96PQ0	cellular_component	GO:0043229
Q96PQ0	cellular_component	GO:0043231
Q96PQ0	cellular_component	GO:0044297
Q96PQ0	cellular_component	GO:0071944
Q96PQ0	cellular_component	GO:0097708
Q96PQ0	cellular_component	GO:0110165
Q96QA6	molecular_function	GO:0005488
Q96QA6	molecular_function	GO:0005515
Q96T52	cellular_component	GO:0005622
Q96T52	cellular_component	GO:0005737
Q96T52	cellular_component	GO:0005739
Q96T52	cellular_component	GO:0043226
Q96T52	cellular_component	GO:0043227
Q96T52	cellular_component	GO:0043229
Q96T52	cellular_component	GO:0043231
Q96T52	cellular_component	GO:0110165
Q99679	molecular_function	GO:0005488
Q99679	molecular_function	GO:0005515
Q9BPW5	molecular_function	GO:0005488
Q9BPW5	molecular_function	GO:0005515
Q9BRR3	molecular_function	GO:0003824
Q9BRR3	molecular_function	GO:0016740
Q9BRR3	molecular_function	GO:0016757
Q9BRR3	biological_process	GO:0006505
Q9BRR3	biological_process	GO:0006506
Q9BRR3	biological_process	GO:0006629
Q9BRR3	biological_process	GO:0006644
Q9BRR3	biological_process	GO:0006650
Q9BRR3	biological_process	GO:0006664
Q9BRR3	biological_process	GO:0006793
Q9BRR3	biological_process	GO:0008152
Q9BRR3	biological_process	GO:0008610
Q9BRR3	biological_process	GO:0008654
Q9BRR3	biological_process	GO:0009058
Q9BRR3	biological_process	GO:0009059
Q9BRR3	biological_process	GO:0009247
Q9BRR3	biological_process	GO:0009987
Q9BRR3	biological_process	GO:0010467
Q9BRR3	biological_process	GO:0019538
Q9BRR3	biological_process	GO:0019637
Q9BRR3	biological_process	GO:0043170
Q9BRR3	biological_process	GO:0044238
Q9BRR3	biological_process	GO:0045017
Q9BRR3	biological_process	GO:0046474
Q9BRR3	biological_process	GO:0046486
Q9BRR3	biological_process	GO:0051604
Q9BRR3	biological_process	GO:0090407
Q9BRR3	biological_process	GO:0180046
Q9BRR3	biological_process	GO:1901135
Q9BRR3	biological_process	GO:1901137
Q9BRR3	biological_process	GO:1903509
Q9BRR3	cellular_component	GO:0000139
Q9BRR3	cellular_component	GO:0005622
Q9BRR3	cellular_component	GO:0005737
Q9BRR3	cellular_component	GO:0005794
Q9BRR3	cellular_component	GO:0012505
Q9BRR3	cellular_component	GO:0016020
Q9BRR3	cellular_component	GO:0031090
Q9BRR3	cellular_component	GO:0043226
Q9BRR3	cellular_component	GO:0043227
Q9BRR3	cellular_component	GO:0043229
Q9BRR3	cellular_component	GO:0043231
Q9BRR3	cellular_component	GO:0098588
Q9BRR3	cellular_component	GO:0110165
Q9BS91	molecular_function	GO:0005215
Q9BS91	molecular_function	GO:0005338
Q9BS91	molecular_function	GO:0005488
Q9BS91	molecular_function	GO:0005515
Q9BS91	molecular_function	GO:0015165
Q9BS91	molecular_function	GO:0015605
Q9BS91	molecular_function	GO:0015932
Q9BS91	molecular_function	GO:0022857
Q9BS91	molecular_function	GO:1901505
Q9BS91	cellular_component	GO:0000139
Q9BS91	cellular_component	GO:0005622
Q9BS91	cellular_component	GO:0005737
Q9BS91	cellular_component	GO:0005794
Q9BS91	cellular_component	GO:0012505
Q9BS91	cellular_component	GO:0016020
Q9BS91	cellular_component	GO:0031090
Q9BS91	cellular_component	GO:0043226
Q9BS91	cellular_component	GO:0043227
Q9BS91	cellular_component	GO:0043229
Q9BS91	cellular_component	GO:0043231
Q9BS91	cellular_component	GO:0098588
Q9BS91	cellular_component	GO:0110165
Q9BTA0	molecular_function	GO:0005488
Q9BTA0	molecular_function	GO:0005515
Q9BTD3	molecular_function	GO:0005488
Q9BTD3	molecular_function	GO:0005515
Q9BTF0	molecular_function	GO:0003824
Q9BTF0	molecular_function	GO:0005488
Q9BTF0	molecular_function	GO:0005515
Q9BTF0	molecular_function	GO:0008168
Q9BTF0	molecular_function	GO:0008173
Q9BTF0	molecular_function	GO:0016740
Q9BTF0	molecular_function	GO:0016741
Q9BTF0	molecular_function	GO:0106346
Q9BTF0	molecular_function	GO:0140098
Q9BTF0	molecular_function	GO:0140640
Q9BTF0	molecular_function	GO:0160230
Q9BTF0	biological_process	GO:0000381
Q9BTF0	biological_process	GO:0009889
Q9BTF0	biological_process	GO:0010468
Q9BTF0	biological_process	GO:0010556
Q9BTF0	biological_process	GO:0019219
Q9BTF0	biological_process	GO:0019222
Q9BTF0	biological_process	GO:0043484
Q9BTF0	biological_process	GO:0048024
Q9BTF0	biological_process	GO:0050684
Q9BTF0	biological_process	GO:0050789
Q9BTF0	biological_process	GO:0050794
Q9BTF0	biological_process	GO:0051252
Q9BTF0	biological_process	GO:0060255
Q9BTF0	biological_process	GO:0065007
Q9BTF0	biological_process	GO:0080090
Q9BTF0	biological_process	GO:1903311
Q9BTF0	cellular_component	GO:0005622
Q9BTF0	cellular_component	GO:0005634
Q9BTF0	cellular_component	GO:0032991
Q9BTF0	cellular_component	GO:0034708
Q9BTF0	cellular_component	GO:0043226
Q9BTF0	cellular_component	GO:0043227
Q9BTF0	cellular_component	GO:0043229
Q9BTF0	cellular_component	GO:0043231
Q9BTF0	cellular_component	GO:0043527
Q9BTF0	cellular_component	GO:0110165
Q9BTF0	cellular_component	GO:1902494
Q9BTF0	cellular_component	GO:1990234
Q9BU79	molecular_function	GO:0005488
Q9BU79	molecular_function	GO:0005515
Q9BUJ0	molecular_function	GO:0003824
Q9BUJ0	molecular_function	GO:0016407
Q9BUJ0	molecular_function	GO:0016740
Q9BUJ0	molecular_function	GO:0016746
Q9BUJ0	molecular_function	GO:0016747
Q9BV99	molecular_function	GO:0005488
Q9BV99	molecular_function	GO:0005515
Q9BVQ7	molecular_function	GO:0005488
Q9BVQ7	molecular_function	GO:0005515
Q9BVQ7	molecular_function	GO:0042802
Q9BVQ7	molecular_function	GO:0043021
Q9BVQ7	molecular_function	GO:0044877
Q9BVQ7	molecular_function	GO:1990275
Q9BVQ7	biological_process	GO:0006139
Q9BVQ7	biological_process	GO:0006259
Q9BVQ7	biological_process	GO:0006260
Q9BVQ7	biological_process	GO:0008152
Q9BVQ7	biological_process	GO:0009987
Q9BVQ7	biological_process	GO:0022613
Q9BVQ7	biological_process	GO:0042254
Q9BVQ7	biological_process	GO:0042273
Q9BVQ7	biological_process	GO:0043170
Q9BVQ7	biological_process	GO:0044085
Q9BVQ7	biological_process	GO:0044087
Q9BVQ7	biological_process	GO:0044238
Q9BVQ7	biological_process	GO:0050789
Q9BVQ7	biological_process	GO:0050794
Q9BVQ7	biological_process	GO:0065007
Q9BVQ7	biological_process	GO:0071840
Q9BVQ7	biological_process	GO:0090069
Q9BVQ7	biological_process	GO:0090304
Q9BVQ7	cellular_component	GO:0005622
Q9BVQ7	cellular_component	GO:0005634
Q9BVQ7	cellular_component	GO:0005737
Q9BVQ7	cellular_component	GO:0005819
Q9BVQ7	cellular_component	GO:0005856
Q9BVQ7	cellular_component	GO:0015630
Q9BVQ7	cellular_component	GO:0032991
Q9BVQ7	cellular_component	GO:0043226
Q9BVQ7	cellular_component	GO:0043227
Q9BVQ7	cellular_component	GO:0043228
Q9BVQ7	cellular_component	GO:0043229
Q9BVQ7	cellular_component	GO:0043231
Q9BVQ7	cellular_component	GO:0043232
Q9BVQ7	cellular_component	GO:0110165
Q9BVQ7	cellular_component	GO:1902494
Q9BVQ7	cellular_component	GO:1904949
Q9BWL3	biological_process	GO:0006810
Q9BWL3	biological_process	GO:0006897
Q9BWL3	biological_process	GO:0006909
Q9BWL3	biological_process	GO:0051179
Q9BWL3	biological_process	GO:0051234
Q9BWL3	biological_process	GO:0098657
Q9BWL3	cellular_component	GO:0005622
Q9BWL3	cellular_component	GO:0005737
Q9BWL3	cellular_component	GO:0005739
Q9BWL3	cellular_component	GO:0005783
Q9BWL3	cellular_component	GO:0005789
Q9BWL3	cellular_component	GO:0005794
Q9BWL3	cellular_component	GO:0005886
Q9BWL3	cellular_component	GO:0012505
Q9BWL3	cellular_component	GO:0016020
Q9BWL3	cellular_component	GO:0031090
Q9BWL3	cellular_component	GO:0031984
Q9BWL3	cellular_component	GO:0042175
Q9BWL3	cellular_component	GO:0043226
Q9BWL3	cellular_component	GO:0043227
Q9BWL3	cellular_component	GO:0043229
Q9BWL3	cellular_component	GO:0043231
Q9BWL3	cellular_component	GO:0044232
Q9BWL3	cellular_component	GO:0071944
Q9BWL3	cellular_component	GO:0098827
Q9BWL3	cellular_component	GO:0110165
Q9BWL3	cellular_component	GO:0140268
Q9BWU1	molecular_function	GO:0003824
Q9BWU1	molecular_function	GO:0004672
Q9BWU1	molecular_function	GO:0004674
Q9BWU1	molecular_function	GO:0016301
Q9BWU1	molecular_function	GO:0016740
Q9BWU1	molecular_function	GO:0016772
Q9BWU1	molecular_function	GO:0016773
Q9BWU1	molecular_function	GO:0140096
Q9BWU1	biological_process	GO:0006355
Q9BWU1	biological_process	GO:0006357
Q9BWU1	biological_process	GO:0009889
Q9BWU1	biological_process	GO:0010468
Q9BWU1	biological_process	GO:0010556
Q9BWU1	biological_process	GO:0019219
Q9BWU1	biological_process	GO:0019222
Q9BWU1	biological_process	GO:0050789
Q9BWU1	biological_process	GO:0050794
Q9BWU1	biological_process	GO:0051252
Q9BWU1	biological_process	GO:0060255
Q9BWU1	biological_process	GO:0065007
Q9BWU1	biological_process	GO:0080090
Q9BWU1	biological_process	GO:2001141
Q9BWU1	cellular_component	GO:0005622
Q9BWU1	cellular_component	GO:0005634
Q9BWU1	cellular_component	GO:0005654
Q9BWU1	cellular_component	GO:0005737
Q9BWU1	cellular_component	GO:0005829
Q9BWU1	cellular_component	GO:0031974
Q9BWU1	cellular_component	GO:0031981
Q9BWU1	cellular_component	GO:0043226
Q9BWU1	cellular_component	GO:0043227
Q9BWU1	cellular_component	GO:0043229
Q9BWU1	cellular_component	GO:0043231
Q9BWU1	cellular_component	GO:0043233
Q9BWU1	cellular_component	GO:0070013
Q9BWU1	cellular_component	GO:0110165
Q9BX73	molecular_function	GO:0005488
Q9BX73	molecular_function	GO:0005515
Q9BXC1	molecular_function	GO:0004888
Q9BXC1	molecular_function	GO:0004930
Q9BXC1	molecular_function	GO:0005488
Q9BXC1	molecular_function	GO:0005515
Q9BXC1	molecular_function	GO:0038023
Q9BXC1	molecular_function	GO:0060089
Q9BXC1	biological_process	GO:0001817
Q9BXC1	biological_process	GO:0001818
Q9BXC1	biological_process	GO:0009889
Q9BXC1	biological_process	GO:0009890
Q9BXC1	biological_process	GO:0009892
Q9BXC1	biological_process	GO:0010468
Q9BXC1	biological_process	GO:0010556
Q9BXC1	biological_process	GO:0010558
Q9BXC1	biological_process	GO:0010605
Q9BXC1	biological_process	GO:0010629
Q9BXC1	biological_process	GO:0019222
Q9BXC1	biological_process	GO:0032663
Q9BXC1	biological_process	GO:0032703
Q9BXC1	biological_process	GO:0048519
Q9BXC1	biological_process	GO:0048523
Q9BXC1	biological_process	GO:0050789
Q9BXC1	biological_process	GO:0050794
Q9BXC1	biological_process	GO:0051239
Q9BXC1	biological_process	GO:0051241
Q9BXC1	biological_process	GO:0060255
Q9BXC1	biological_process	GO:0065007
Q9BXC1	cellular_component	GO:0005886
Q9BXC1	cellular_component	GO:0016020
Q9BXC1	cellular_component	GO:0071944
Q9BXC1	cellular_component	GO:0110165
Q9BXJ0	molecular_function	GO:0005488
Q9BXJ0	molecular_function	GO:0005515
Q9BXJ0	molecular_function	GO:0030545
Q9BXJ0	molecular_function	GO:0030547
Q9BXJ0	molecular_function	GO:0042802
Q9BXJ0	molecular_function	GO:0098772
Q9BXJ0	molecular_function	GO:0140678
Q9BXJ0	biological_process	GO:0009892
Q9BXJ0	biological_process	GO:0009894
Q9BXJ0	biological_process	GO:0009895
Q9BXJ0	biological_process	GO:0019216
Q9BXJ0	biological_process	GO:0019222
Q9BXJ0	biological_process	GO:0045833
Q9BXJ0	biological_process	GO:0048519
Q9BXJ0	biological_process	GO:0048523
Q9BXJ0	biological_process	GO:0050789
Q9BXJ0	biological_process	GO:0050794
Q9BXJ0	biological_process	GO:0050994
Q9BXJ0	biological_process	GO:0050995
Q9BXJ0	biological_process	GO:0065007
Q9BXJ0	biological_process	GO:0080090
Q9BXJ0	cellular_component	GO:0005576
Q9BXJ0	cellular_component	GO:0110165
Q9BY19	cellular_component	GO:0005886
Q9BY19	cellular_component	GO:0016020
Q9BY19	cellular_component	GO:0071944
Q9BY19	cellular_component	GO:0110165
Q9BYB4	biological_process	GO:0000075
Q9BYB4	biological_process	GO:0000077
Q9BYB4	biological_process	GO:0006950
Q9BYB4	biological_process	GO:0006974
Q9BYB4	biological_process	GO:0007154
Q9BYB4	biological_process	GO:0007165
Q9BYB4	biological_process	GO:0009987
Q9BYB4	biological_process	GO:0010564
Q9BYB4	biological_process	GO:0010948
Q9BYB4	biological_process	GO:0023052
Q9BYB4	biological_process	GO:0031570
Q9BYB4	biological_process	GO:0033554
Q9BYB4	biological_process	GO:0035556
Q9BYB4	biological_process	GO:0042770
Q9BYB4	biological_process	GO:0045786
Q9BYB4	biological_process	GO:0048519
Q9BYB4	biological_process	GO:0048523
Q9BYB4	biological_process	GO:0050789
Q9BYB4	biological_process	GO:0050794
Q9BYB4	biological_process	GO:0050896
Q9BYB4	biological_process	GO:0051716
Q9BYB4	biological_process	GO:0051726
Q9BYB4	biological_process	GO:0065007
Q9BYB4	biological_process	GO:1901987
Q9BYB4	biological_process	GO:1901988
Q9BYB4	cellular_component	GO:0005622
Q9BYB4	cellular_component	GO:0005634
Q9BYB4	cellular_component	GO:0005737
Q9BYB4	cellular_component	GO:0043226
Q9BYB4	cellular_component	GO:0043227
Q9BYB4	cellular_component	GO:0043229
Q9BYB4	cellular_component	GO:0043231
Q9BYB4	cellular_component	GO:0110165
Q9BZJ4	molecular_function	GO:0005215
Q9BZJ4	molecular_function	GO:0005488
Q9BZJ4	molecular_function	GO:0022857
Q9BZJ4	molecular_function	GO:0034634
Q9BZJ4	molecular_function	GO:0035673
Q9BZJ4	molecular_function	GO:0036094
Q9BZJ4	molecular_function	GO:0042937
Q9BZJ4	molecular_function	GO:0051536
Q9BZJ4	molecular_function	GO:0051537
Q9BZJ4	molecular_function	GO:0051540
Q9BZJ4	molecular_function	GO:0072349
Q9BZJ4	molecular_function	GO:1901682
Q9BZJ4	biological_process	GO:0006810
Q9BZJ4	biological_process	GO:0006857
Q9BZJ4	biological_process	GO:0009987
Q9BZJ4	biological_process	GO:0010038
Q9BZJ4	biological_process	GO:0010039
Q9BZJ4	biological_process	GO:0015833
Q9BZJ4	biological_process	GO:0034635
Q9BZJ4	biological_process	GO:0034775
Q9BZJ4	biological_process	GO:0035443
Q9BZJ4	biological_process	GO:0035672
Q9BZJ4	biological_process	GO:0042221
Q9BZJ4	biological_process	GO:0042939
Q9BZJ4	biological_process	GO:0050896
Q9BZJ4	biological_process	GO:0051179
Q9BZJ4	biological_process	GO:0051234
Q9BZJ4	biological_process	GO:0051716
Q9BZJ4	biological_process	GO:0055085
Q9BZJ4	biological_process	GO:0070887
Q9BZJ4	biological_process	GO:0071248
Q9BZJ4	biological_process	GO:0071281
Q9BZJ4	biological_process	GO:0071705
Q9BZJ4	biological_process	GO:0072337
Q9BZJ4	biological_process	GO:0072348
Q9BZJ4	biological_process	GO:0160007
Q9BZJ4	cellular_component	GO:0005622
Q9BZJ4	cellular_component	GO:0005737
Q9BZJ4	cellular_component	GO:0005739
Q9BZJ4	cellular_component	GO:0005740
Q9BZJ4	cellular_component	GO:0005743
Q9BZJ4	cellular_component	GO:0016020
Q9BZJ4	cellular_component	GO:0019866
Q9BZJ4	cellular_component	GO:0031090
Q9BZJ4	cellular_component	GO:0031966
Q9BZJ4	cellular_component	GO:0031967
Q9BZJ4	cellular_component	GO:0043226
Q9BZJ4	cellular_component	GO:0043227
Q9BZJ4	cellular_component	GO:0043229
Q9BZJ4	cellular_component	GO:0043231
Q9BZJ4	cellular_component	GO:0110165
Q9C0D3	molecular_function	GO:0005488
Q9C0D3	molecular_function	GO:0005515
Q9C0D3	biological_process	GO:0006515
Q9C0D3	biological_process	GO:0008152
Q9C0D3	biological_process	GO:0009056
Q9C0D3	biological_process	GO:0009057
Q9C0D3	biological_process	GO:0009893
Q9C0D3	biological_process	GO:0009894
Q9C0D3	biological_process	GO:0009896
Q9C0D3	biological_process	GO:0009987
Q9C0D3	biological_process	GO:0010604
Q9C0D3	biological_process	GO:0019222
Q9C0D3	biological_process	GO:0019538
Q9C0D3	biological_process	GO:0030163
Q9C0D3	biological_process	GO:0032434
Q9C0D3	biological_process	GO:0032436
Q9C0D3	biological_process	GO:0042176
Q9C0D3	biological_process	GO:0043170
Q9C0D3	biological_process	GO:0044238
Q9C0D3	biological_process	GO:0045732
Q9C0D3	biological_process	GO:0048518
Q9C0D3	biological_process	GO:0048522
Q9C0D3	biological_process	GO:0050789
Q9C0D3	biological_process	GO:0050794
Q9C0D3	biological_process	GO:0051246
Q9C0D3	biological_process	GO:0051247
Q9C0D3	biological_process	GO:0060255
Q9C0D3	biological_process	GO:0061136
Q9C0D3	biological_process	GO:0065007
Q9C0D3	biological_process	GO:0080090
Q9C0D3	biological_process	GO:1901800
Q9C0D3	biological_process	GO:2000058
Q9C0D3	biological_process	GO:2000060
Q9C0D3	cellular_component	GO:0000151
Q9C0D3	cellular_component	GO:0005622
Q9C0D3	cellular_component	GO:0005737
Q9C0D3	cellular_component	GO:0031461
Q9C0D3	cellular_component	GO:0031462
Q9C0D3	cellular_component	GO:0032991
Q9C0D3	cellular_component	GO:0110165
Q9C0D3	cellular_component	GO:0140535
Q9C0D3	cellular_component	GO:1902494
Q9C0D3	cellular_component	GO:1990234
Q9GZV7	molecular_function	GO:0005488
Q9GZV7	molecular_function	GO:0005515
Q9GZV7	cellular_component	GO:0005576
Q9GZV7	cellular_component	GO:0005614
Q9GZV7	cellular_component	GO:0030312
Q9GZV7	cellular_component	GO:0031012
Q9GZV7	cellular_component	GO:0110165
Q9GZV7	cellular_component	GO:0140150
Q9GZW8	molecular_function	GO:0005488
Q9GZW8	molecular_function	GO:0005515
Q9GZW8	cellular_component	GO:0005622
Q9GZW8	cellular_component	GO:0005737
Q9GZW8	cellular_component	GO:0005794
Q9GZW8	cellular_component	GO:0005802
Q9GZW8	cellular_component	GO:0012505
Q9GZW8	cellular_component	GO:0031984
Q9GZW8	cellular_component	GO:0043226
Q9GZW8	cellular_component	GO:0043227
Q9GZW8	cellular_component	GO:0043229
Q9GZW8	cellular_component	GO:0043231
Q9GZW8	cellular_component	GO:0098791
Q9GZW8	cellular_component	GO:0110165
Q9H098	cellular_component	GO:0005622
Q9H098	cellular_component	GO:0005634
Q9H098	cellular_component	GO:0005654
Q9H098	cellular_component	GO:0031974
Q9H098	cellular_component	GO:0031981
Q9H098	cellular_component	GO:0043226
Q9H098	cellular_component	GO:0043227
Q9H098	cellular_component	GO:0043229
Q9H098	cellular_component	GO:0043231
Q9H098	cellular_component	GO:0043233
Q9H098	cellular_component	GO:0070013
Q9H098	cellular_component	GO:0110165
Q9H159	cellular_component	GO:0005886
Q9H159	cellular_component	GO:0016020
Q9H159	cellular_component	GO:0071944
Q9H159	cellular_component	GO:0110165
Q9H1K6	molecular_function	GO:0005488
Q9H1K6	molecular_function	GO:0005515
Q9H1K6	molecular_function	GO:0042802
Q9H1P6	molecular_function	GO:0005488
Q9H1P6	molecular_function	GO:0005515
Q9H1P6	cellular_component	GO:0005929
Q9H1P6	cellular_component	GO:0042995
Q9H1P6	cellular_component	GO:0043226
Q9H1P6	cellular_component	GO:0043227
Q9H1P6	cellular_component	GO:0110165
Q9H1P6	cellular_component	GO:0120025
Q9H1V8	molecular_function	GO:0005488
Q9H1V8	molecular_function	GO:0005515
Q9H2L4	molecular_function	GO:0005488
Q9H2L4	molecular_function	GO:0005515
Q9H2W1	molecular_function	GO:0005488
Q9H2W1	molecular_function	GO:0005515
Q9H2W1	cellular_component	GO:0005622
Q9H2W1	cellular_component	GO:0005737
Q9H2W1	cellular_component	GO:0005794
Q9H2W1	cellular_component	GO:0005802
Q9H2W1	cellular_component	GO:0012505
Q9H2W1	cellular_component	GO:0031984
Q9H2W1	cellular_component	GO:0043226
Q9H2W1	cellular_component	GO:0043227
Q9H2W1	cellular_component	GO:0043229
Q9H2W1	cellular_component	GO:0043231
Q9H2W1	cellular_component	GO:0098791
Q9H2W1	cellular_component	GO:0110165
Q9H2Y9	biological_process	GO:0006810
Q9H2Y9	biological_process	GO:0006865
Q9H2Y9	biological_process	GO:0015888
Q9H2Y9	biological_process	GO:0051179
Q9H2Y9	biological_process	GO:0051180
Q9H2Y9	biological_process	GO:0051234
Q9H2Y9	biological_process	GO:0071705
Q9H2Y9	biological_process	GO:0072348
Q9H2Y9	cellular_component	GO:0005886
Q9H2Y9	cellular_component	GO:0016020
Q9H2Y9	cellular_component	GO:0071944
Q9H2Y9	cellular_component	GO:0110165
Q9H3J6	molecular_function	GO:0000049
Q9H3J6	molecular_function	GO:0003676
Q9H3J6	molecular_function	GO:0003723
Q9H3J6	molecular_function	GO:0003824
Q9H3J6	molecular_function	GO:0004045
Q9H3J6	molecular_function	GO:0005488
Q9H3J6	molecular_function	GO:0005515
Q9H3J6	molecular_function	GO:0016787
Q9H3J6	molecular_function	GO:0016788
Q9H3J6	molecular_function	GO:0043021
Q9H3J6	molecular_function	GO:0043022
Q9H3J6	molecular_function	GO:0043023
Q9H3J6	molecular_function	GO:0044877
Q9H3J6	molecular_function	GO:0052689
Q9H3J6	molecular_function	GO:0140098
Q9H3J6	molecular_function	GO:0140101
Q9H3J6	molecular_function	GO:0140640
Q9H3J6	biological_process	GO:0002181
Q9H3J6	biological_process	GO:0002182
Q9H3J6	biological_process	GO:0006412
Q9H3J6	biological_process	GO:0006414
Q9H3J6	biological_process	GO:0006415
Q9H3J6	biological_process	GO:0006996
Q9H3J6	biological_process	GO:0008152
Q9H3J6	biological_process	GO:0009058
Q9H3J6	biological_process	GO:0009059
Q9H3J6	biological_process	GO:0009987
Q9H3J6	biological_process	GO:0010467
Q9H3J6	biological_process	GO:0016043
Q9H3J6	biological_process	GO:0019538
Q9H3J6	biological_process	GO:0022411
Q9H3J6	biological_process	GO:0032543
Q9H3J6	biological_process	GO:0032790
Q9H3J6	biological_process	GO:0032984
Q9H3J6	biological_process	GO:0043170
Q9H3J6	biological_process	GO:0043933
Q9H3J6	biological_process	GO:0044238
Q9H3J6	biological_process	GO:0070125
Q9H3J6	biological_process	GO:0070126
Q9H3J6	biological_process	GO:0071840
Q9H3J6	biological_process	GO:0072344
Q9H3J6	biological_process	GO:0140053
Q9H3J6	biological_process	GO:0160307
Q9H3J6	biological_process	GO:1903008
Q9H3J6	biological_process	GO:7770016
Q9H3J6	cellular_component	GO:0005622
Q9H3J6	cellular_component	GO:0005737
Q9H3J6	cellular_component	GO:0005739
Q9H3J6	cellular_component	GO:0005759
Q9H3J6	cellular_component	GO:0031974
Q9H3J6	cellular_component	GO:0043226
Q9H3J6	cellular_component	GO:0043227
Q9H3J6	cellular_component	GO:0043229
Q9H3J6	cellular_component	GO:0043231
Q9H3J6	cellular_component	GO:0043233
Q9H3J6	cellular_component	GO:0070013
Q9H3J6	cellular_component	GO:0110165
Q9H3T3	molecular_function	GO:0005488
Q9H3T3	molecular_function	GO:0005515
Q9H3T3	biological_process	GO:0007275
Q9H3T3	biological_process	GO:0007399
Q9H3T3	biological_process	GO:0007417
Q9H3T3	biological_process	GO:0032501
Q9H3T3	biological_process	GO:0032502
Q9H3T3	biological_process	GO:0048731
Q9H3T3	biological_process	GO:0048856
Q9H3T3	biological_process	GO:0160108
Q9H3T3	cellular_component	GO:0005886
Q9H3T3	cellular_component	GO:0016020
Q9H3T3	cellular_component	GO:0071944
Q9H3T3	cellular_component	GO:0110165
Q9H3U5	molecular_function	GO:0005215
Q9H3U5	molecular_function	GO:0015291
Q9H3U5	molecular_function	GO:0015292
Q9H3U5	molecular_function	GO:0022804
Q9H3U5	molecular_function	GO:0022857
Q9H3U5	molecular_function	GO:0035673
Q9H3U5	molecular_function	GO:0071916
Q9H3U5	molecular_function	GO:0160178
Q9H3U5	biological_process	GO:0006810
Q9H3U5	biological_process	GO:0007034
Q9H3U5	biological_process	GO:0007041
Q9H3U5	biological_process	GO:0009987
Q9H3U5	biological_process	GO:0015833
Q9H3U5	biological_process	GO:0034486
Q9H3U5	biological_process	GO:0046907
Q9H3U5	biological_process	GO:0051179
Q9H3U5	biological_process	GO:0051234
Q9H3U5	biological_process	GO:0051641
Q9H3U5	biological_process	GO:0051649
Q9H3U5	biological_process	GO:0055085
Q9H3U5	biological_process	GO:0141204
Q9H3U5	biological_process	GO:0170063
Q9H3U5	cellular_component	GO:0000323
Q9H3U5	cellular_component	GO:0005622
Q9H3U5	cellular_component	GO:0005737
Q9H3U5	cellular_component	GO:0005764
Q9H3U5	cellular_component	GO:0005765
Q9H3U5	cellular_component	GO:0005773
Q9H3U5	cellular_component	GO:0005774
Q9H3U5	cellular_component	GO:0016020
Q9H3U5	cellular_component	GO:0031090
Q9H3U5	cellular_component	GO:0043226
Q9H3U5	cellular_component	GO:0043227
Q9H3U5	cellular_component	GO:0043229
Q9H3U5	cellular_component	GO:0043231
Q9H3U5	cellular_component	GO:0098588
Q9H3U5	cellular_component	GO:0098852
Q9H3U5	cellular_component	GO:0110165
Q9H3Z7	cellular_component	GO:0005622
Q9H3Z7	cellular_component	GO:0005634
Q9H3Z7	cellular_component	GO:0005654
Q9H3Z7	cellular_component	GO:0031974
Q9H3Z7	cellular_component	GO:0031981
Q9H3Z7	cellular_component	GO:0043226
Q9H3Z7	cellular_component	GO:0043227
Q9H3Z7	cellular_component	GO:0043229
Q9H3Z7	cellular_component	GO:0043231
Q9H3Z7	cellular_component	GO:0043233
Q9H3Z7	cellular_component	GO:0070013
Q9H3Z7	cellular_component	GO:0110165
Q9H6V9	biological_process	GO:0006996
Q9H6V9	biological_process	GO:0009987
Q9H6V9	biological_process	GO:0016043
Q9H6V9	biological_process	GO:0019725
Q9H6V9	biological_process	GO:0034389
Q9H6V9	biological_process	GO:0035356
Q9H6V9	biological_process	GO:0042592
Q9H6V9	biological_process	GO:0042632
Q9H6V9	biological_process	GO:0048284
Q9H6V9	biological_process	GO:0048878
Q9H6V9	biological_process	GO:0055082
Q9H6V9	biological_process	GO:0055088
Q9H6V9	biological_process	GO:0055090
Q9H6V9	biological_process	GO:0055092
Q9H6V9	biological_process	GO:0070328
Q9H6V9	biological_process	GO:0071840
Q9H6V9	biological_process	GO:0160077
Q9H6V9	cellular_component	GO:0005622
Q9H6V9	cellular_component	GO:0005737
Q9H6V9	cellular_component	GO:0005783
Q9H6V9	cellular_component	GO:0005811
Q9H6V9	cellular_component	GO:0012505
Q9H6V9	cellular_component	GO:0043226
Q9H6V9	cellular_component	GO:0043227
Q9H6V9	cellular_component	GO:0043228
Q9H6V9	cellular_component	GO:0043229
Q9H6V9	cellular_component	GO:0043231
Q9H6V9	cellular_component	GO:0043232
Q9H6V9	cellular_component	GO:0110165
Q9H819	cellular_component	GO:0005622
Q9H819	cellular_component	GO:0005737
Q9H819	cellular_component	GO:0005783
Q9H819	cellular_component	GO:0005789
Q9H819	cellular_component	GO:0012505
Q9H819	cellular_component	GO:0016020
Q9H819	cellular_component	GO:0031090
Q9H819	cellular_component	GO:0031984
Q9H819	cellular_component	GO:0042175
Q9H819	cellular_component	GO:0043226
Q9H819	cellular_component	GO:0043227
Q9H819	cellular_component	GO:0043229
Q9H819	cellular_component	GO:0043231
Q9H819	cellular_component	GO:0098827
Q9H819	cellular_component	GO:0110165
Q9H857	cellular_component	GO:0005622
Q9H857	cellular_component	GO:0005737
Q9H857	cellular_component	GO:0005739
Q9H857	cellular_component	GO:0043226
Q9H857	cellular_component	GO:0043227
Q9H857	cellular_component	GO:0043229
Q9H857	cellular_component	GO:0043231
Q9H857	cellular_component	GO:0110165
Q9H8M1	cellular_component	GO:0005622
Q9H8M1	cellular_component	GO:0005737
Q9H8M1	cellular_component	GO:0005739
Q9H8M1	cellular_component	GO:0005740
Q9H8M1	cellular_component	GO:0005743
Q9H8M1	cellular_component	GO:0016020
Q9H8M1	cellular_component	GO:0019866
Q9H8M1	cellular_component	GO:0031090
Q9H8M1	cellular_component	GO:0031966
Q9H8M1	cellular_component	GO:0031967
Q9H8M1	cellular_component	GO:0043226
Q9H8M1	cellular_component	GO:0043227
Q9H8M1	cellular_component	GO:0043229
Q9H8M1	cellular_component	GO:0043231
Q9H8M1	cellular_component	GO:0110165
Q9H8S5	cellular_component	GO:0005622
Q9H8S5	cellular_component	GO:0005634
Q9H8S5	cellular_component	GO:0043226
Q9H8S5	cellular_component	GO:0043227
Q9H8S5	cellular_component	GO:0043229
Q9H8S5	cellular_component	GO:0043231
Q9H8S5	cellular_component	GO:0110165
Q9H9Y4	molecular_function	GO:0005488
Q9H9Y4	molecular_function	GO:0005515
Q9HA77	molecular_function	GO:0003824
Q9HA77	molecular_function	GO:0004812
Q9HA77	molecular_function	GO:0004817
Q9HA77	molecular_function	GO:0016874
Q9HA77	molecular_function	GO:0016875
Q9HA77	molecular_function	GO:0140098
Q9HA77	molecular_function	GO:0140101
Q9HA77	molecular_function	GO:0140640
Q9HA77	biological_process	GO:0006139
Q9HA77	biological_process	GO:0006399
Q9HA77	biological_process	GO:0006412
Q9HA77	biological_process	GO:0006418
Q9HA77	biological_process	GO:0006423
Q9HA77	biological_process	GO:0006520
Q9HA77	biological_process	GO:0008152
Q9HA77	biological_process	GO:0009058
Q9HA77	biological_process	GO:0009059
Q9HA77	biological_process	GO:0009987
Q9HA77	biological_process	GO:0010467
Q9HA77	biological_process	GO:0016070
Q9HA77	biological_process	GO:0019538
Q9HA77	biological_process	GO:0043038
Q9HA77	biological_process	GO:0043039
Q9HA77	biological_process	GO:0043170
Q9HA77	biological_process	GO:0044238
Q9HA77	biological_process	GO:0090304
Q9HA77	biological_process	GO:0160307
Q9HA77	cellular_component	GO:0005622
Q9HA77	cellular_component	GO:0005737
Q9HA77	cellular_component	GO:0005739
Q9HA77	cellular_component	GO:0043226
Q9HA77	cellular_component	GO:0043227
Q9HA77	cellular_component	GO:0043229
Q9HA77	cellular_component	GO:0043231
Q9HA77	cellular_component	GO:0110165
Q9HAE3	cellular_component	GO:0005929
Q9HAE3	cellular_component	GO:0031514
Q9HAE3	cellular_component	GO:0036126
Q9HAE3	cellular_component	GO:0042995
Q9HAE3	cellular_component	GO:0043226
Q9HAE3	cellular_component	GO:0043227
Q9HAE3	cellular_component	GO:0097729
Q9HAE3	cellular_component	GO:0110165
Q9HAE3	cellular_component	GO:0120025
Q9HAK2	molecular_function	GO:0005488
Q9HAK2	molecular_function	GO:0005515
Q9HB15	molecular_function	GO:0005215
Q9HB15	molecular_function	GO:0005216
Q9HB15	molecular_function	GO:0005261
Q9HB15	molecular_function	GO:0005267
Q9HB15	molecular_function	GO:0005488
Q9HB15	molecular_function	GO:0005515
Q9HB15	molecular_function	GO:0008324
Q9HB15	molecular_function	GO:0015075
Q9HB15	molecular_function	GO:0015079
Q9HB15	molecular_function	GO:0015267
Q9HB15	molecular_function	GO:0022803
Q9HB15	molecular_function	GO:0022857
Q9HB15	molecular_function	GO:0042802
Q9HB15	molecular_function	GO:0046873
Q9HB15	molecular_function	GO:0046982
Q9HB15	molecular_function	GO:0046983
Q9HB15	cellular_component	GO:0005622
Q9HB15	cellular_component	GO:0005737
Q9HB15	cellular_component	GO:0005783
Q9HB15	cellular_component	GO:0005789
Q9HB15	cellular_component	GO:0005886
Q9HB15	cellular_component	GO:0012505
Q9HB15	cellular_component	GO:0016020
Q9HB15	cellular_component	GO:0031090
Q9HB15	cellular_component	GO:0031984
Q9HB15	cellular_component	GO:0042175
Q9HB15	cellular_component	GO:0043226
Q9HB15	cellular_component	GO:0043227
Q9HB15	cellular_component	GO:0043229
Q9HB15	cellular_component	GO:0043231
Q9HB15	cellular_component	GO:0071944
Q9HB15	cellular_component	GO:0098827
Q9HB15	cellular_component	GO:0110165
Q9HBV1	molecular_function	GO:0005488
Q9HBV1	molecular_function	GO:0005515
Q9HCN8	molecular_function	GO:0005488
Q9HCN8	molecular_function	GO:0005515
Q9HCN8	molecular_function	GO:0051787
Q9HCN8	biological_process	GO:0006457
Q9HCN8	biological_process	GO:0008152
Q9HCN8	biological_process	GO:0009058
Q9HCN8	biological_process	GO:0009059
Q9HCN8	biological_process	GO:0009987
Q9HCN8	biological_process	GO:0010467
Q9HCN8	biological_process	GO:0019538
Q9HCN8	biological_process	GO:0042026
Q9HCN8	biological_process	GO:0043170
Q9HCN8	biological_process	GO:0044238
Q9HCN8	biological_process	GO:0051604
Q9HCN8	cellular_component	GO:0005622
Q9HCN8	cellular_component	GO:0005737
Q9HCN8	cellular_component	GO:0005783
Q9HCN8	cellular_component	GO:0012505
Q9HCN8	cellular_component	GO:0032991
Q9HCN8	cellular_component	GO:0043226
Q9HCN8	cellular_component	GO:0043227
Q9HCN8	cellular_component	GO:0043229
Q9HCN8	cellular_component	GO:0043231
Q9HCN8	cellular_component	GO:0101031
Q9HCN8	cellular_component	GO:0110165
Q9HCN8	cellular_component	GO:0140535
Q9I7V4	molecular_function	GO:0003824
Q9I7V4	molecular_function	GO:0016787
Q9I7V4	molecular_function	GO:0017171
Q9I7X6	molecular_function	GO:0005488
Q9I7X6	molecular_function	GO:0044877
Q9I7X6	molecular_function	GO:0098772
Q9I7X6	molecular_function	GO:0140299
Q9I7X6	molecular_function	GO:0140785
Q9I7X6	biological_process	GO:0001101
Q9I7X6	biological_process	GO:0006950
Q9I7X6	biological_process	GO:0007584
Q9I7X6	biological_process	GO:0009267
Q9I7X6	biological_process	GO:0009966
Q9I7X6	biological_process	GO:0009968
Q9I7X6	biological_process	GO:0009987
Q9I7X6	biological_process	GO:0010646
Q9I7X6	biological_process	GO:0010648
Q9I7X6	biological_process	GO:0023051
Q9I7X6	biological_process	GO:0023057
Q9I7X6	biological_process	GO:0031667
Q9I7X6	biological_process	GO:0031669
Q9I7X6	biological_process	GO:0031670
Q9I7X6	biological_process	GO:0032006
Q9I7X6	biological_process	GO:0032007
Q9I7X6	biological_process	GO:0033554
Q9I7X6	biological_process	GO:0034198
Q9I7X6	biological_process	GO:0042221
Q9I7X6	biological_process	GO:0042594
Q9I7X6	biological_process	GO:0043200
Q9I7X6	biological_process	GO:0048519
Q9I7X6	biological_process	GO:0048523
Q9I7X6	biological_process	GO:0048583
Q9I7X6	biological_process	GO:0048585
Q9I7X6	biological_process	GO:0050789
Q9I7X6	biological_process	GO:0050794
Q9I7X6	biological_process	GO:0050896
Q9I7X6	biological_process	GO:0051716
Q9I7X6	biological_process	GO:0061431
Q9I7X6	biological_process	GO:0065007
Q9I7X6	biological_process	GO:0070887
Q9I7X6	biological_process	GO:0071229
Q9I7X6	biological_process	GO:0071230
Q9I7X6	biological_process	GO:1901698
Q9I7X6	biological_process	GO:1901699
Q9I7X6	biological_process	GO:1901700
Q9I7X6	biological_process	GO:1901701
Q9I7X6	biological_process	GO:1902531
Q9I7X6	biological_process	GO:1902532
Q9I7X6	biological_process	GO:1903432
Q9I7X6	biological_process	GO:1904262
Q9I7X6	biological_process	GO:1904640
Q9I7X6	biological_process	GO:1990928
Q9NPR9	molecular_function	GO:0005488
Q9NPR9	molecular_function	GO:0005515
Q9NPR9	cellular_component	GO:0000139
Q9NPR9	cellular_component	GO:0005622
Q9NPR9	cellular_component	GO:0005737
Q9NPR9	cellular_component	GO:0005794
Q9NPR9	cellular_component	GO:0005802
Q9NPR9	cellular_component	GO:0012505
Q9NPR9	cellular_component	GO:0016020
Q9NPR9	cellular_component	GO:0031090
Q9NPR9	cellular_component	GO:0031984
Q9NPR9	cellular_component	GO:0043226
Q9NPR9	cellular_component	GO:0043227
Q9NPR9	cellular_component	GO:0043229
Q9NPR9	cellular_component	GO:0043231
Q9NPR9	cellular_component	GO:0098588
Q9NPR9	cellular_component	GO:0098791
Q9NPR9	cellular_component	GO:0110165
Q9NQ89	molecular_function	GO:0005488
Q9NQ89	molecular_function	GO:0005515
Q9NQ89	cellular_component	GO:0005622
Q9NQ89	cellular_component	GO:0005737
Q9NQ89	cellular_component	GO:0005768
Q9NQ89	cellular_component	GO:0005769
Q9NQ89	cellular_component	GO:0012505
Q9NQ89	cellular_component	GO:0031410
Q9NQ89	cellular_component	GO:0031982
Q9NQ89	cellular_component	GO:0032991
Q9NQ89	cellular_component	GO:0043226
Q9NQ89	cellular_component	GO:0043227
Q9NQ89	cellular_component	GO:0043229
Q9NQ89	cellular_component	GO:0043231
Q9NQ89	cellular_component	GO:0097708
Q9NQ89	cellular_component	GO:0110165
Q9NQX6	molecular_function	GO:0005488
Q9NQX6	molecular_function	GO:0005515
Q9NRD0	molecular_function	GO:0005488
Q9NRD0	molecular_function	GO:0005515
Q9NRP4	cellular_component	GO:0005622
Q9NRP4	cellular_component	GO:0005737
Q9NRP4	cellular_component	GO:0005739
Q9NRP4	cellular_component	GO:0005759
Q9NRP4	cellular_component	GO:0031974
Q9NRP4	cellular_component	GO:0043226
Q9NRP4	cellular_component	GO:0043227
Q9NRP4	cellular_component	GO:0043229
Q9NRP4	cellular_component	GO:0043231
Q9NRP4	cellular_component	GO:0043233
Q9NRP4	cellular_component	GO:0070013
Q9NRP4	cellular_component	GO:0110165
Q9NRX6	molecular_function	GO:0005488
Q9NRX6	molecular_function	GO:0005515
Q9NRX6	biological_process	GO:0006810
Q9NRX6	biological_process	GO:0006887
Q9NRX6	biological_process	GO:0009987
Q9NRX6	biological_process	GO:0016192
Q9NRX6	biological_process	GO:0032940
Q9NRX6	biological_process	GO:0045054
Q9NRX6	biological_process	GO:0046903
Q9NRX6	biological_process	GO:0051179
Q9NRX6	biological_process	GO:0051234
Q9NRX6	biological_process	GO:0140352
Q9NRX6	cellular_component	GO:0005622
Q9NRX6	cellular_component	GO:0005737
Q9NRX6	cellular_component	GO:0005794
Q9NRX6	cellular_component	GO:0012505
Q9NRX6	cellular_component	GO:0043226
Q9NRX6	cellular_component	GO:0043227
Q9NRX6	cellular_component	GO:0043229
Q9NRX6	cellular_component	GO:0043231
Q9NRX6	cellular_component	GO:0110165
Q9NS71	molecular_function	GO:0005488
Q9NS71	molecular_function	GO:0005515
Q9NS71	cellular_component	GO:0005576
Q9NS71	cellular_component	GO:0005622
Q9NS71	cellular_component	GO:0005737
Q9NS71	cellular_component	GO:0005794
Q9NS71	cellular_component	GO:0012505
Q9NS71	cellular_component	GO:0043226
Q9NS71	cellular_component	GO:0043227
Q9NS71	cellular_component	GO:0043229
Q9NS71	cellular_component	GO:0043231
Q9NS71	cellular_component	GO:0110165
Q9NU02	molecular_function	GO:0005488
Q9NU02	molecular_function	GO:0005515
Q9NU53	molecular_function	GO:0005488
Q9NU53	molecular_function	GO:0005515
Q9NUP7	molecular_function	GO:0005488
Q9NUP7	molecular_function	GO:0005515
Q9NV79	molecular_function	GO:0005488
Q9NV79	molecular_function	GO:0005515
Q9NVE5	molecular_function	GO:0003824
Q9NVE5	molecular_function	GO:0004843
Q9NVE5	molecular_function	GO:0008233
Q9NVE5	molecular_function	GO:0008234
Q9NVE5	molecular_function	GO:0016787
Q9NVE5	molecular_function	GO:0019783
Q9NVE5	molecular_function	GO:0101005
Q9NVE5	molecular_function	GO:0140096
Q9NVE5	biological_process	GO:0042981
Q9NVE5	biological_process	GO:0043066
Q9NVE5	biological_process	GO:0043067
Q9NVE5	biological_process	GO:0043069
Q9NVE5	biological_process	GO:0048519
Q9NVE5	biological_process	GO:0048523
Q9NVE5	biological_process	GO:0050789
Q9NVE5	biological_process	GO:0050794
Q9NVE5	biological_process	GO:0065007
Q9NVE5	cellular_component	GO:0005622
Q9NVE5	cellular_component	GO:0005737
Q9NVE5	cellular_component	GO:0110165
Q9NVE7	molecular_function	GO:0003824
Q9NVE7	molecular_function	GO:0016787
Q9NVE7	molecular_function	GO:0016788
Q9NVE7	molecular_function	GO:0016791
Q9NVE7	molecular_function	GO:0042578
Q9NVE7	biological_process	GO:0006575
Q9NVE7	biological_process	GO:0008152
Q9NVE7	biological_process	GO:0009987
Q9NVE7	biological_process	GO:0015939
Q9NVE7	biological_process	GO:0019752
Q9NVE7	biological_process	GO:0032787
Q9NVE7	biological_process	GO:0043436
Q9NVE7	biological_process	GO:0044281
Q9NVE7	cellular_component	GO:0005622
Q9NVE7	cellular_component	GO:0005737
Q9NVE7	cellular_component	GO:0005829
Q9NVE7	cellular_component	GO:0110165
Q9NVG8	molecular_function	GO:0005488
Q9NVG8	molecular_function	GO:0005515
Q9NX00	molecular_function	GO:0005488
Q9NX00	molecular_function	GO:0005515
Q9NX00	cellular_component	GO:0005622
Q9NX00	cellular_component	GO:0005737
Q9NX00	cellular_component	GO:0005739
Q9NX00	cellular_component	GO:0005740
Q9NX00	cellular_component	GO:0005743
Q9NX00	cellular_component	GO:0016020
Q9NX00	cellular_component	GO:0019866
Q9NX00	cellular_component	GO:0031090
Q9NX00	cellular_component	GO:0031966
Q9NX00	cellular_component	GO:0031967
Q9NX00	cellular_component	GO:0043226
Q9NX00	cellular_component	GO:0043227
Q9NX00	cellular_component	GO:0043229
Q9NX00	cellular_component	GO:0043231
Q9NX00	cellular_component	GO:0110165
Q9NXL6	molecular_function	GO:0005488
Q9NXL6	molecular_function	GO:0005496
Q9NXL6	molecular_function	GO:0008289
Q9NXL6	molecular_function	GO:0015485
Q9NXL6	molecular_function	GO:0032934
Q9NXL6	molecular_function	GO:0036094
Q9NXL6	molecular_function	GO:0043178
Q9NYZ1	molecular_function	GO:0005488
Q9NYZ1	molecular_function	GO:0005515
Q9NYZ1	cellular_component	GO:0005622
Q9NYZ1	cellular_component	GO:0005737
Q9NYZ1	cellular_component	GO:0005794
Q9NYZ1	cellular_component	GO:0012505
Q9NYZ1	cellular_component	GO:0043226
Q9NYZ1	cellular_component	GO:0043227
Q9NYZ1	cellular_component	GO:0043229
Q9NYZ1	cellular_component	GO:0043231
Q9NYZ1	cellular_component	GO:0110165
Q9NYZ2	molecular_function	GO:0005215
Q9NYZ2	molecular_function	GO:0005381
Q9NYZ2	molecular_function	GO:0005488
Q9NYZ2	molecular_function	GO:0005515
Q9NYZ2	molecular_function	GO:0008324
Q9NYZ2	molecular_function	GO:0015075
Q9NYZ2	molecular_function	GO:0022857
Q9NYZ2	molecular_function	GO:0046873
Q9NYZ2	molecular_function	GO:0046915
Q9NYZ2	biological_process	GO:0000041
Q9NYZ2	biological_process	GO:0006810
Q9NYZ2	biological_process	GO:0006811
Q9NYZ2	biological_process	GO:0006812
Q9NYZ2	biological_process	GO:0006826
Q9NYZ2	biological_process	GO:0009987
Q9NYZ2	biological_process	GO:0030001
Q9NYZ2	biological_process	GO:0034220
Q9NYZ2	biological_process	GO:0034755
Q9NYZ2	biological_process	GO:0048250
Q9NYZ2	biological_process	GO:0051179
Q9NYZ2	biological_process	GO:0051234
Q9NYZ2	biological_process	GO:0055085
Q9NYZ2	biological_process	GO:0098655
Q9NYZ2	cellular_component	GO:0005622
Q9NYZ2	cellular_component	GO:0005737
Q9NYZ2	cellular_component	GO:0005739
Q9NYZ2	cellular_component	GO:0043226
Q9NYZ2	cellular_component	GO:0043227
Q9NYZ2	cellular_component	GO:0043229
Q9NYZ2	cellular_component	GO:0043231
Q9NYZ2	cellular_component	GO:0110165
Q9NZD1	molecular_function	GO:0005488
Q9NZD1	molecular_function	GO:0005515
Q9P0B6	molecular_function	GO:0005488
Q9P0B6	molecular_function	GO:0005515
Q9P0V8	molecular_function	GO:0005488
Q9P0V8	molecular_function	GO:0005515
Q9P283	cellular_component	GO:0005622
Q9P283	cellular_component	GO:0005737
Q9P283	cellular_component	GO:0005829
Q9P283	cellular_component	GO:0110165
Q9UBK7	molecular_function	GO:0003824
Q9UBK7	molecular_function	GO:0003924
Q9UBK7	molecular_function	GO:0016462
Q9UBK7	molecular_function	GO:0016787
Q9UBK7	molecular_function	GO:0016817
Q9UBK7	molecular_function	GO:0016818
Q9UBK7	molecular_function	GO:0017111
Q9UBT3	molecular_function	GO:0005488
Q9UBT3	molecular_function	GO:0005515
Q9UH62	molecular_function	GO:0005488
Q9UH62	molecular_function	GO:0005515
Q9UH62	cellular_component	GO:0005622
Q9UH62	cellular_component	GO:0005737
Q9UH62	cellular_component	GO:0005739
Q9UH62	cellular_component	GO:0043226
Q9UH62	cellular_component	GO:0043227
Q9UH62	cellular_component	GO:0043229
Q9UH62	cellular_component	GO:0043231
Q9UH62	cellular_component	GO:0110165
Q9UHL0	molecular_function	GO:0005488
Q9UHL0	molecular_function	GO:0005515
Q9UHL0	cellular_component	GO:0005622
Q9UHL0	cellular_component	GO:0005737
Q9UHL0	cellular_component	GO:0005829
Q9UHL0	cellular_component	GO:0110165
Q9UI42	molecular_function	GO:0003824
Q9UI42	molecular_function	GO:0004180
Q9UI42	molecular_function	GO:0004181
Q9UI42	molecular_function	GO:0008233
Q9UI42	molecular_function	GO:0008235
Q9UI42	molecular_function	GO:0008237
Q9UI42	molecular_function	GO:0008238
Q9UI42	molecular_function	GO:0016787
Q9UI42	molecular_function	GO:0140096
Q9UI42	biological_process	GO:0006518
Q9UI42	biological_process	GO:0008152
Q9UI42	biological_process	GO:0009056
Q9UI42	biological_process	GO:0009987
Q9UI42	biological_process	GO:0010817
Q9UI42	biological_process	GO:0042445
Q9UI42	biological_process	GO:0042447
Q9UI42	biological_process	GO:0043171
Q9UI42	biological_process	GO:0065007
Q9UI42	biological_process	GO:0065008
Q9UI42	cellular_component	GO:0005576
Q9UI42	cellular_component	GO:0110165
Q9UIG4	molecular_function	GO:0005488
Q9UIG4	molecular_function	GO:0005515
Q9UIY3	molecular_function	GO:0005488
Q9UIY3	molecular_function	GO:0005515
Q9UJA9	molecular_function	GO:0000210
Q9UJA9	molecular_function	GO:0003824
Q9UJA9	molecular_function	GO:0004551
Q9UJA9	molecular_function	GO:0005488
Q9UJA9	molecular_function	GO:0008270
Q9UJA9	molecular_function	GO:0016462
Q9UJA9	molecular_function	GO:0016787
Q9UJA9	molecular_function	GO:0016817
Q9UJA9	molecular_function	GO:0016818
Q9UJA9	molecular_function	GO:0036094
Q9UJA9	molecular_function	GO:0043167
Q9UJA9	molecular_function	GO:0043169
Q9UJA9	molecular_function	GO:0046872
Q9UJA9	molecular_function	GO:0046914
Q9UJG1	molecular_function	GO:0005488
Q9UJG1	molecular_function	GO:0005515
Q9UKW6	molecular_function	GO:0003676
Q9UKW6	molecular_function	GO:0003677
Q9UKW6	molecular_function	GO:0003690
Q9UKW6	molecular_function	GO:0005488
Q9UKW6	molecular_function	GO:0005515
Q9UKW6	molecular_function	GO:0043565
Q9UKW6	molecular_function	GO:1990837
Q9UM22	molecular_function	GO:0005488
Q9UM22	molecular_function	GO:0005515
Q9UM22	molecular_function	GO:0005543
Q9UM22	molecular_function	GO:0008289
Q9UM22	molecular_function	GO:0031406
Q9UM22	molecular_function	GO:0035594
Q9UM22	molecular_function	GO:0036094
Q9UM22	molecular_function	GO:0042802
Q9UM22	molecular_function	GO:0043167
Q9UM22	molecular_function	GO:0043168
Q9UM22	molecular_function	GO:0043177
Q9UM22	molecular_function	GO:0043208
Q9UM22	molecular_function	GO:0046625
Q9UM22	molecular_function	GO:0051861
Q9UM22	molecular_function	GO:0097001
Q9UM22	molecular_function	GO:0097367
Q9UM22	molecular_function	GO:1905573
Q9UM22	biological_process	GO:0009987
Q9UM22	biological_process	GO:0030029
Q9UM22	biological_process	GO:0030048
Q9UM22	biological_process	GO:0070252
Q9UM22	biological_process	GO:1990764
Q9UM22	cellular_component	GO:0000323
Q9UM22	cellular_component	GO:0005576
Q9UM22	cellular_component	GO:0005622
Q9UM22	cellular_component	GO:0005737
Q9UM22	cellular_component	GO:0005764
Q9UM22	cellular_component	GO:0005773
Q9UM22	cellular_component	GO:0005775
Q9UM22	cellular_component	GO:0031974
Q9UM22	cellular_component	GO:0043202
Q9UM22	cellular_component	GO:0043226
Q9UM22	cellular_component	GO:0043227
Q9UM22	cellular_component	GO:0043229
Q9UM22	cellular_component	GO:0043231
Q9UM22	cellular_component	GO:0043233
Q9UM22	cellular_component	GO:0070013
Q9UM22	cellular_component	GO:0110165
Q9UMX9	biological_process	GO:0006582
Q9UMX9	biological_process	GO:0006583
Q9UMX9	biological_process	GO:0006873
Q9UMX9	biological_process	GO:0006885
Q9UMX9	biological_process	GO:0008152
Q9UMX9	biological_process	GO:0009058
Q9UMX9	biological_process	GO:0009987
Q9UMX9	biological_process	GO:0018958
Q9UMX9	biological_process	GO:0019725
Q9UMX9	biological_process	GO:0019748
Q9UMX9	biological_process	GO:0030003
Q9UMX9	biological_process	GO:0035752
Q9UMX9	biological_process	GO:0042438
Q9UMX9	biological_process	GO:0042440
Q9UMX9	biological_process	GO:0042592
Q9UMX9	biological_process	GO:0044550
Q9UMX9	biological_process	GO:0046148
Q9UMX9	biological_process	GO:0046189
Q9UMX9	biological_process	GO:0048878
Q9UMX9	biological_process	GO:0050801
Q9UMX9	biological_process	GO:0051453
Q9UMX9	biological_process	GO:0051454
Q9UMX9	biological_process	GO:0055080
Q9UMX9	biological_process	GO:0055082
Q9UMX9	biological_process	GO:0065007
Q9UMX9	biological_process	GO:0065008
Q9UMX9	cellular_component	GO:0005622
Q9UMX9	cellular_component	GO:0005737
Q9UMX9	cellular_component	GO:0012506
Q9UMX9	cellular_component	GO:0016020
Q9UMX9	cellular_component	GO:0030659
Q9UMX9	cellular_component	GO:0031090
Q9UMX9	cellular_component	GO:0031410
Q9UMX9	cellular_component	GO:0031982
Q9UMX9	cellular_component	GO:0033162
Q9UMX9	cellular_component	GO:0042470
Q9UMX9	cellular_component	GO:0043226
Q9UMX9	cellular_component	GO:0043227
Q9UMX9	cellular_component	GO:0043229
Q9UMX9	cellular_component	GO:0043231
Q9UMX9	cellular_component	GO:0045009
Q9UMX9	cellular_component	GO:0048770
Q9UMX9	cellular_component	GO:0090741
Q9UMX9	cellular_component	GO:0097708
Q9UMX9	cellular_component	GO:0098588
Q9UMX9	cellular_component	GO:0110165
Q9UPU3	molecular_function	GO:0005488
Q9UPU3	molecular_function	GO:0005515
Q9UPU3	cellular_component	GO:0005886
Q9UPU3	cellular_component	GO:0016020
Q9UPU3	cellular_component	GO:0071944
Q9UPU3	cellular_component	GO:0110165
Q9V3Y4	molecular_function	GO:0032977
Q9V3Y4	molecular_function	GO:0140104
Q9V3Y4	molecular_function	GO:0140597
Q9V3Y4	biological_process	GO:0000422
Q9V3Y4	biological_process	GO:0000423
Q9V3Y4	biological_process	GO:0006810
Q9V3Y4	biological_process	GO:0006839
Q9V3Y4	biological_process	GO:0006886
Q9V3Y4	biological_process	GO:0006914
Q9V3Y4	biological_process	GO:0006996
Q9V3Y4	biological_process	GO:0007005
Q9V3Y4	biological_process	GO:0007006
Q9V3Y4	biological_process	GO:0007008
Q9V3Y4	biological_process	GO:0008104
Q9V3Y4	biological_process	GO:0008152
Q9V3Y4	biological_process	GO:0009056
Q9V3Y4	biological_process	GO:0009987
Q9V3Y4	biological_process	GO:0015031
Q9V3Y4	biological_process	GO:0016043
Q9V3Y4	biological_process	GO:0016236
Q9V3Y4	biological_process	GO:0033036
Q9V3Y4	biological_process	GO:0033365
Q9V3Y4	biological_process	GO:0045040
Q9V3Y4	biological_process	GO:0045184
Q9V3Y4	biological_process	GO:0046907
Q9V3Y4	biological_process	GO:0051179
Q9V3Y4	biological_process	GO:0051204
Q9V3Y4	biological_process	GO:0051205
Q9V3Y4	biological_process	GO:0051234
Q9V3Y4	biological_process	GO:0051641
Q9V3Y4	biological_process	GO:0051649
Q9V3Y4	biological_process	GO:0051668
Q9V3Y4	biological_process	GO:0061024
Q9V3Y4	biological_process	GO:0061919
Q9V3Y4	biological_process	GO:0070585
Q9V3Y4	biological_process	GO:0071840
Q9V3Y4	biological_process	GO:0072594
Q9V3Y4	biological_process	GO:0072657
Q9V3Y4	biological_process	GO:0090150
Q9V3Y4	biological_process	GO:7770058
Q9V3Y4	biological_process	GO:7770059
Q9V3Y4	cellular_component	GO:0005622
Q9V3Y4	cellular_component	GO:0005737
Q9V3Y4	cellular_component	GO:0005739
Q9V3Y4	cellular_component	GO:0005740
Q9V3Y4	cellular_component	GO:0005741
Q9V3Y4	cellular_component	GO:0016020
Q9V3Y4	cellular_component	GO:0019867
Q9V3Y4	cellular_component	GO:0031090
Q9V3Y4	cellular_component	GO:0031966
Q9V3Y4	cellular_component	GO:0031967
Q9V3Y4	cellular_component	GO:0031968
Q9V3Y4	cellular_component	GO:0043226
Q9V3Y4	cellular_component	GO:0043227
Q9V3Y4	cellular_component	GO:0043229
Q9V3Y4	cellular_component	GO:0043231
Q9V3Y4	cellular_component	GO:0098588
Q9V3Y4	cellular_component	GO:0110165
Q9V470	molecular_function	GO:0003824
Q9V470	molecular_function	GO:0004774
Q9V470	molecular_function	GO:0016405
Q9V470	molecular_function	GO:0016874
Q9V470	molecular_function	GO:0016877
Q9V470	molecular_function	GO:0016878
Q9V470	biological_process	GO:0006091
Q9V470	biological_process	GO:0006099
Q9V470	biological_process	GO:0008152
Q9V470	biological_process	GO:0009060
Q9V470	biological_process	GO:0009987
Q9V470	biological_process	GO:0015980
Q9V470	biological_process	GO:0044238
Q9V470	biological_process	GO:0045333
Q9V470	cellular_component	GO:0005622
Q9V470	cellular_component	GO:0005737
Q9V470	cellular_component	GO:0005739
Q9V470	cellular_component	GO:0043226
Q9V470	cellular_component	GO:0043227
Q9V470	cellular_component	GO:0043229
Q9V470	cellular_component	GO:0043231
Q9V470	cellular_component	GO:0110165
Q9V4A0	biological_process	GO:0007154
Q9V4A0	biological_process	GO:0007267
Q9V4A0	biological_process	GO:0007268
Q9V4A0	biological_process	GO:0009987
Q9V4A0	biological_process	GO:0010646
Q9V4A0	biological_process	GO:0023051
Q9V4A0	biological_process	GO:0023052
Q9V4A0	biological_process	GO:0031915
Q9V4A0	biological_process	GO:0035249
Q9V4A0	biological_process	GO:0048167
Q9V4A0	biological_process	GO:0050789
Q9V4A0	biological_process	GO:0050794
Q9V4A0	biological_process	GO:0050804
Q9V4A0	biological_process	GO:0065007
Q9V4A0	biological_process	GO:0065008
Q9V4A0	biological_process	GO:0098916
Q9V4A0	biological_process	GO:0099177
Q9V4A0	biological_process	GO:0099536
Q9V4A0	biological_process	GO:0099537
Q9V4A0	cellular_component	GO:0005886
Q9V4A0	cellular_component	GO:0016020
Q9V4A0	cellular_component	GO:0030054
Q9V4A0	cellular_component	GO:0045202
Q9V4A0	cellular_component	GO:0045211
Q9V4A0	cellular_component	GO:0071944
Q9V4A0	cellular_component	GO:0097060
Q9V4A0	cellular_component	GO:0098590
Q9V4A0	cellular_component	GO:0098794
Q9V4A0	cellular_component	GO:0110165
Q9V5P6	biological_process	GO:0000154
Q9V5P6	biological_process	GO:0000454
Q9V5P6	biological_process	GO:0001522
Q9V5P6	biological_process	GO:0006139
Q9V5P6	biological_process	GO:0006364
Q9V5P6	biological_process	GO:0006396
Q9V5P6	biological_process	GO:0008152
Q9V5P6	biological_process	GO:0009058
Q9V5P6	biological_process	GO:0009059
Q9V5P6	biological_process	GO:0009451
Q9V5P6	biological_process	GO:0009987
Q9V5P6	biological_process	GO:0010467
Q9V5P6	biological_process	GO:0016070
Q9V5P6	biological_process	GO:0016072
Q9V5P6	biological_process	GO:0022613
Q9V5P6	biological_process	GO:0031118
Q9V5P6	biological_process	GO:0032774
Q9V5P6	biological_process	GO:0034654
Q9V5P6	biological_process	GO:0042254
Q9V5P6	biological_process	GO:0043170
Q9V5P6	biological_process	GO:0043412
Q9V5P6	biological_process	GO:0044085
Q9V5P6	biological_process	GO:0044238
Q9V5P6	biological_process	GO:0071840
Q9V5P6	biological_process	GO:0090304
Q9V5P6	biological_process	GO:0141187
Q9V5P6	cellular_component	GO:0005622
Q9V5P6	cellular_component	GO:0005634
Q9V5P6	cellular_component	GO:0005730
Q9V5P6	cellular_component	GO:0005732
Q9V5P6	cellular_component	GO:0031429
Q9V5P6	cellular_component	GO:0031974
Q9V5P6	cellular_component	GO:0031981
Q9V5P6	cellular_component	GO:0032991
Q9V5P6	cellular_component	GO:0043226
Q9V5P6	cellular_component	GO:0043227
Q9V5P6	cellular_component	GO:0043228
Q9V5P6	cellular_component	GO:0043229
Q9V5P6	cellular_component	GO:0043231
Q9V5P6	cellular_component	GO:0043232
Q9V5P6	cellular_component	GO:0043233
Q9V5P6	cellular_component	GO:0070013
Q9V5P6	cellular_component	GO:0072588
Q9V5P6	cellular_component	GO:0110165
Q9V5P6	cellular_component	GO:0140513
Q9V5P6	cellular_component	GO:1902494
Q9V5P6	cellular_component	GO:1990904
Q9V784	biological_process	GO:0006810
Q9V784	biological_process	GO:0006839
Q9V784	biological_process	GO:0006886
Q9V784	biological_process	GO:0006996
Q9V784	biological_process	GO:0007005
Q9V784	biological_process	GO:0007006
Q9V784	biological_process	GO:0007008
Q9V784	biological_process	GO:0008104
Q9V784	biological_process	GO:0009987
Q9V784	biological_process	GO:0015031
Q9V784	biological_process	GO:0016043
Q9V784	biological_process	GO:0033036
Q9V784	biological_process	GO:0033365
Q9V784	biological_process	GO:0045040
Q9V784	biological_process	GO:0045184
Q9V784	biological_process	GO:0046907
Q9V784	biological_process	GO:0051179
Q9V784	biological_process	GO:0051204
Q9V784	biological_process	GO:0051205
Q9V784	biological_process	GO:0051234
Q9V784	biological_process	GO:0051641
Q9V784	biological_process	GO:0051649
Q9V784	biological_process	GO:0051668
Q9V784	biological_process	GO:0061024
Q9V784	biological_process	GO:0070585
Q9V784	biological_process	GO:0071840
Q9V784	biological_process	GO:0072594
Q9V784	biological_process	GO:0072657
Q9V784	biological_process	GO:0090150
Q9V784	biological_process	GO:7770058
Q9V784	biological_process	GO:7770063
Q9V9P5	molecular_function	GO:0003824
Q9V9P5	molecular_function	GO:0016787
Q9V9P5	molecular_function	GO:0017171
Q9V9T5	molecular_function	GO:0003824
Q9V9T5	molecular_function	GO:0004485
Q9V9T5	molecular_function	GO:0016421
Q9V9T5	molecular_function	GO:0016874
Q9V9T5	molecular_function	GO:0016885
Q9V9U1	molecular_function	GO:0005215
Q9V9U1	molecular_function	GO:0005402
Q9V9U1	molecular_function	GO:0005412
Q9V9U1	molecular_function	GO:0008324
Q9V9U1	molecular_function	GO:0015075
Q9V9U1	molecular_function	GO:0015081
Q9V9U1	molecular_function	GO:0015144
Q9V9U1	molecular_function	GO:0015145
Q9V9U1	molecular_function	GO:0015149
Q9V9U1	molecular_function	GO:0015291
Q9V9U1	molecular_function	GO:0015293
Q9V9U1	molecular_function	GO:0015294
Q9V9U1	molecular_function	GO:0015370
Q9V9U1	molecular_function	GO:0022804
Q9V9U1	molecular_function	GO:0022857
Q9V9U1	molecular_function	GO:0046873
Q9V9U1	molecular_function	GO:0051119
Q9V9U1	molecular_function	GO:0055056
Q9V9U1	biological_process	GO:0006810
Q9V9U1	biological_process	GO:0008643
Q9V9U1	biological_process	GO:0008645
Q9V9U1	biological_process	GO:0009987
Q9V9U1	biological_process	GO:0015749
Q9V9U1	biological_process	GO:0033500
Q9V9U1	biological_process	GO:0034219
Q9V9U1	biological_process	GO:0042592
Q9V9U1	biological_process	GO:0042593
Q9V9U1	biological_process	GO:0048878
Q9V9U1	biological_process	GO:0051179
Q9V9U1	biological_process	GO:0051234
Q9V9U1	biological_process	GO:0055085
Q9V9U1	biological_process	GO:0098657
Q9V9U1	biological_process	GO:0098704
Q9V9U1	biological_process	GO:0098708
Q9V9U1	biological_process	GO:0098739
Q9V9U1	biological_process	GO:0140271
Q9V9U1	biological_process	GO:1904659
Q9V9U1	cellular_component	GO:0005886
Q9V9U1	cellular_component	GO:0016020
Q9V9U1	cellular_component	GO:0016324
Q9V9U1	cellular_component	GO:0045177
Q9V9U1	cellular_component	GO:0071944
Q9V9U1	cellular_component	GO:0098590
Q9V9U1	cellular_component	GO:0110165
Q9V9X4	cellular_component	GO:0005622
Q9V9X4	cellular_component	GO:0005737
Q9V9X4	cellular_component	GO:0005829
Q9V9X4	cellular_component	GO:0110165
Q9V9Z0	cellular_component	GO:0005622
Q9V9Z0	cellular_component	GO:0005737
Q9V9Z0	cellular_component	GO:0005739
Q9V9Z0	cellular_component	GO:0005759
Q9V9Z0	cellular_component	GO:0031974
Q9V9Z0	cellular_component	GO:0043226
Q9V9Z0	cellular_component	GO:0043227
Q9V9Z0	cellular_component	GO:0043229
Q9V9Z0	cellular_component	GO:0043231
Q9V9Z0	cellular_component	GO:0043233
Q9V9Z0	cellular_component	GO:0070013
Q9V9Z0	cellular_component	GO:0110165
Q9VA66	molecular_function	GO:0003824
Q9VA66	molecular_function	GO:0016787
Q9VA66	molecular_function	GO:0017171
Q9VA67	molecular_function	GO:0003824
Q9VA67	molecular_function	GO:0016787
Q9VA67	molecular_function	GO:0017171
Q9VA83	molecular_function	GO:0005488
Q9VA83	molecular_function	GO:0005506
Q9VA83	molecular_function	GO:0008198
Q9VA83	molecular_function	GO:0036094
Q9VA83	molecular_function	GO:0043167
Q9VA83	molecular_function	GO:0043169
Q9VA83	molecular_function	GO:0046872
Q9VA83	molecular_function	GO:0046914
Q9VA83	biological_process	GO:0000041
Q9VA83	biological_process	GO:0006810
Q9VA83	biological_process	GO:0006811
Q9VA83	biological_process	GO:0006812
Q9VA83	biological_process	GO:0006826
Q9VA83	biological_process	GO:0006873
Q9VA83	biological_process	GO:0006879
Q9VA83	biological_process	GO:0009605
Q9VA83	biological_process	GO:0009607
Q9VA83	biological_process	GO:0009620
Q9VA83	biological_process	GO:0009636
Q9VA83	biological_process	GO:0009987
Q9VA83	biological_process	GO:0010038
Q9VA83	biological_process	GO:0010039
Q9VA83	biological_process	GO:0019725
Q9VA83	biological_process	GO:0030001
Q9VA83	biological_process	GO:0030003
Q9VA83	biological_process	GO:0033212
Q9VA83	biological_process	GO:0034220
Q9VA83	biological_process	GO:0034755
Q9VA83	biological_process	GO:0042221
Q9VA83	biological_process	GO:0042592
Q9VA83	biological_process	GO:0043207
Q9VA83	biological_process	GO:0044419
Q9VA83	biological_process	GO:0048878
Q9VA83	biological_process	GO:0050801
Q9VA83	biological_process	GO:0050896
Q9VA83	biological_process	GO:0051179
Q9VA83	biological_process	GO:0051234
Q9VA83	biological_process	GO:0051641
Q9VA83	biological_process	GO:0051649
Q9VA83	biological_process	GO:0051707
Q9VA83	biological_process	GO:0055080
Q9VA83	biological_process	GO:0055082
Q9VA83	biological_process	GO:0055085
Q9VA83	biological_process	GO:0061687
Q9VA83	biological_process	GO:0098655
Q9VA83	biological_process	GO:0098657
Q9VA83	biological_process	GO:0098659
Q9VA83	biological_process	GO:0098711
Q9VA83	biological_process	GO:0098739
Q9VA83	biological_process	GO:0098754
Q9VA83	biological_process	GO:0098771
Q9VA83	biological_process	GO:0099587
Q9VA83	biological_process	GO:1990461
Q9VA83	cellular_component	GO:0005576
Q9VA83	cellular_component	GO:0005622
Q9VA83	cellular_component	GO:0005737
Q9VA83	cellular_component	GO:0005794
Q9VA83	cellular_component	GO:0012505
Q9VA83	cellular_component	GO:0032991
Q9VA83	cellular_component	GO:0043226
Q9VA83	cellular_component	GO:0043227
Q9VA83	cellular_component	GO:0043229
Q9VA83	cellular_component	GO:0043231
Q9VA83	cellular_component	GO:0070288
Q9VA83	cellular_component	GO:0110165
Q9VA95	biological_process	GO:0006810
Q9VA95	biological_process	GO:0009987
Q9VA95	biological_process	GO:0016192
Q9VA95	biological_process	GO:0048193
Q9VA95	biological_process	GO:0051179
Q9VA95	biological_process	GO:0051234
Q9VA95	cellular_component	GO:0005622
Q9VA95	cellular_component	GO:0005737
Q9VA95	cellular_component	GO:0005768
Q9VA95	cellular_component	GO:0005794
Q9VA95	cellular_component	GO:0012505
Q9VA95	cellular_component	GO:0030008
Q9VA95	cellular_component	GO:0031410
Q9VA95	cellular_component	GO:0031982
Q9VA95	cellular_component	GO:0032991
Q9VA95	cellular_component	GO:0043226
Q9VA95	cellular_component	GO:0043227
Q9VA95	cellular_component	GO:0043229
Q9VA95	cellular_component	GO:0043231
Q9VA95	cellular_component	GO:0097708
Q9VA95	cellular_component	GO:0099023
Q9VA95	cellular_component	GO:0110165
Q9VA95	cellular_component	GO:0140535
Q9VA95	cellular_component	GO:1990071
Q9VA95	cellular_component	GO:1990072
Q9VAA6	biological_process	GO:0006810
Q9VAA6	biological_process	GO:0006839
Q9VAA6	biological_process	GO:0009987
Q9VAA6	biological_process	GO:0045041
Q9VAA6	biological_process	GO:0046907
Q9VAA6	biological_process	GO:0051179
Q9VAA6	biological_process	GO:0051234
Q9VAA6	biological_process	GO:0051641
Q9VAA6	biological_process	GO:0051649
Q9VAA6	biological_process	GO:0160203
Q9VAA6	biological_process	GO:7770058
Q9VAA6	cellular_component	GO:0005622
Q9VAA6	cellular_component	GO:0005737
Q9VAA6	cellular_component	GO:0005739
Q9VAA6	cellular_component	GO:0005740
Q9VAA6	cellular_component	GO:0005758
Q9VAA6	cellular_component	GO:0031967
Q9VAA6	cellular_component	GO:0031970
Q9VAA6	cellular_component	GO:0031974
Q9VAA6	cellular_component	GO:0043226
Q9VAA6	cellular_component	GO:0043227
Q9VAA6	cellular_component	GO:0043229
Q9VAA6	cellular_component	GO:0043231
Q9VAA6	cellular_component	GO:0043233
Q9VAA6	cellular_component	GO:0070013
Q9VAA6	cellular_component	GO:0110165
Q9VAN8	molecular_function	GO:0005488
Q9VAN8	molecular_function	GO:0005515
Q9VAV2	cellular_component	GO:0005622
Q9VAV2	cellular_component	GO:0005737
Q9VAV2	cellular_component	GO:0005739
Q9VAV2	cellular_component	GO:0005759
Q9VAV2	cellular_component	GO:0031974
Q9VAV2	cellular_component	GO:0043226
Q9VAV2	cellular_component	GO:0043227
Q9VAV2	cellular_component	GO:0043229
Q9VAV2	cellular_component	GO:0043231
Q9VAV2	cellular_component	GO:0043233
Q9VAV2	cellular_component	GO:0070013
Q9VAV2	cellular_component	GO:0110165
Q9VAW3	molecular_function	GO:0003824
Q9VAW3	molecular_function	GO:0004360
Q9VAW3	molecular_function	GO:0008483
Q9VAW3	molecular_function	GO:0016740
Q9VAW3	molecular_function	GO:0016769
Q9VAW3	molecular_function	GO:0140385
Q9VAW3	biological_process	GO:0006002
Q9VAW3	biological_process	GO:0006040
Q9VAW3	biological_process	GO:0006047
Q9VAW3	biological_process	GO:0006048
Q9VAW3	biological_process	GO:0006139
Q9VAW3	biological_process	GO:0006753
Q9VAW3	biological_process	GO:0006793
Q9VAW3	biological_process	GO:0008152
Q9VAW3	biological_process	GO:0009058
Q9VAW3	biological_process	GO:0009225
Q9VAW3	biological_process	GO:0009226
Q9VAW3	biological_process	GO:0009987
Q9VAW3	biological_process	GO:0019637
Q9VAW3	biological_process	GO:0034654
Q9VAW3	biological_process	GO:0044238
Q9VAW3	biological_process	GO:0044281
Q9VAW3	biological_process	GO:0046349
Q9VAW3	biological_process	GO:0055086
Q9VAW3	biological_process	GO:0090407
Q9VAW3	biological_process	GO:1901135
Q9VAW3	biological_process	GO:1901137
Q9VAW3	biological_process	GO:1901293
Q9VAW3	cellular_component	GO:0005622
Q9VAW3	cellular_component	GO:0005737
Q9VAW3	cellular_component	GO:0110165
Q9VB54	molecular_function	GO:0005488
Q9VB54	molecular_function	GO:0005515
Q9VB92	molecular_function	GO:0003824
Q9VB92	molecular_function	GO:0004620
Q9VB92	molecular_function	GO:0004629
Q9VB92	molecular_function	GO:0008081
Q9VB92	molecular_function	GO:0016298
Q9VB92	molecular_function	GO:0016787
Q9VB92	molecular_function	GO:0016788
Q9VB92	molecular_function	GO:0017171
Q9VB92	molecular_function	GO:0042578
Q9VB92	molecular_function	GO:0120548
Q9VB92	molecular_function	GO:0120569
Q9VB93	molecular_function	GO:0003824
Q9VB93	molecular_function	GO:0016787
Q9VB93	molecular_function	GO:0017171
Q9VBK1	molecular_function	GO:0005215
Q9VBK1	molecular_function	GO:0008324
Q9VBK1	molecular_function	GO:0015075
Q9VBK1	molecular_function	GO:0015081
Q9VBK1	molecular_function	GO:0015291
Q9VBK1	molecular_function	GO:0015293
Q9VBK1	molecular_function	GO:0015294
Q9VBK1	molecular_function	GO:0015370
Q9VBK1	molecular_function	GO:0022804
Q9VBK1	molecular_function	GO:0022857
Q9VBK1	molecular_function	GO:0046873
Q9VBK1	biological_process	GO:0006810
Q9VBK1	biological_process	GO:0009987
Q9VBK1	biological_process	GO:0051179
Q9VBK1	biological_process	GO:0051234
Q9VBK1	biological_process	GO:0055085
Q9VBQ7	cellular_component	GO:0005622
Q9VBQ7	cellular_component	GO:0005737
Q9VBQ7	cellular_component	GO:0005739
Q9VBQ7	cellular_component	GO:0005759
Q9VBQ7	cellular_component	GO:0031974
Q9VBQ7	cellular_component	GO:0043226
Q9VBQ7	cellular_component	GO:0043227
Q9VBQ7	cellular_component	GO:0043229
Q9VBQ7	cellular_component	GO:0043231
Q9VBQ7	cellular_component	GO:0043233
Q9VBQ7	cellular_component	GO:0070013
Q9VBQ7	cellular_component	GO:0110165
Q9VBS3	molecular_function	GO:0003824
Q9VBS3	molecular_function	GO:0016301
Q9VBS3	molecular_function	GO:0016740
Q9VBS3	molecular_function	GO:0016772
Q9VBS3	molecular_function	GO:0106389
Q9VBS4	molecular_function	GO:0003824
Q9VBS4	molecular_function	GO:0016301
Q9VBS4	molecular_function	GO:0016740
Q9VBS4	molecular_function	GO:0016772
Q9VBS4	molecular_function	GO:0106389
Q9VBS5	molecular_function	GO:0003824
Q9VBS5	molecular_function	GO:0016301
Q9VBS5	molecular_function	GO:0016740
Q9VBS5	molecular_function	GO:0016772
Q9VBS5	molecular_function	GO:0106389
Q9VBS7	molecular_function	GO:0003824
Q9VBS7	molecular_function	GO:0016301
Q9VBS7	molecular_function	GO:0016740
Q9VBS7	molecular_function	GO:0016772
Q9VBS7	molecular_function	GO:0106389
Q9VBT1	molecular_function	GO:0003824
Q9VBT1	molecular_function	GO:0016301
Q9VBT1	molecular_function	GO:0016740
Q9VBT1	molecular_function	GO:0016772
Q9VBT1	molecular_function	GO:0106389
Q9VBT2	molecular_function	GO:0003824
Q9VBT2	molecular_function	GO:0016301
Q9VBT2	molecular_function	GO:0016740
Q9VBT2	molecular_function	GO:0016772
Q9VBT2	molecular_function	GO:0106389
Q9VBT2	biological_process	GO:0006805
Q9VBT2	biological_process	GO:0008152
Q9VBT2	biological_process	GO:0009410
Q9VBT2	biological_process	GO:0009636
Q9VBT2	biological_process	GO:0009987
Q9VBT2	biological_process	GO:0014074
Q9VBT2	biological_process	GO:0031000
Q9VBT2	biological_process	GO:0042221
Q9VBT2	biological_process	GO:0043279
Q9VBT2	biological_process	GO:0050896
Q9VBT2	biological_process	GO:0051716
Q9VBT2	biological_process	GO:0070887
Q9VBT2	biological_process	GO:0071312
Q9VBT2	biological_process	GO:0071313
Q9VBT2	biological_process	GO:0071415
Q9VBT2	biological_process	GO:0071466
Q9VBT2	biological_process	GO:0098754
Q9VBT2	biological_process	GO:1901698
Q9VBT2	biological_process	GO:1901699
Q9VBT3	molecular_function	GO:0003824
Q9VBT3	molecular_function	GO:0016301
Q9VBT3	molecular_function	GO:0016740
Q9VBT3	molecular_function	GO:0016772
Q9VBT3	molecular_function	GO:0106389
Q9VBT3	biological_process	GO:0006805
Q9VBT3	biological_process	GO:0008152
Q9VBT3	biological_process	GO:0009410
Q9VBT3	biological_process	GO:0009636
Q9VBT3	biological_process	GO:0009987
Q9VBT3	biological_process	GO:0014074
Q9VBT3	biological_process	GO:0031000
Q9VBT3	biological_process	GO:0042221
Q9VBT3	biological_process	GO:0043279
Q9VBT3	biological_process	GO:0050896
Q9VBT3	biological_process	GO:0051716
Q9VBT3	biological_process	GO:0070887
Q9VBT3	biological_process	GO:0071312
Q9VBT3	biological_process	GO:0071313
Q9VBT3	biological_process	GO:0071415
Q9VBT3	biological_process	GO:0071466
Q9VBT3	biological_process	GO:0098754
Q9VBT3	biological_process	GO:1901698
Q9VBT3	biological_process	GO:1901699
Q9VBT4	molecular_function	GO:0003824
Q9VBT4	molecular_function	GO:0016301
Q9VBT4	molecular_function	GO:0016740
Q9VBT4	molecular_function	GO:0016772
Q9VBT4	molecular_function	GO:0106389
Q9VBT7	molecular_function	GO:0003824
Q9VBT7	molecular_function	GO:0016301
Q9VBT7	molecular_function	GO:0016740
Q9VBT7	molecular_function	GO:0016772
Q9VBT7	molecular_function	GO:0106389
Q9VBW0	biological_process	GO:0006515
Q9VBW0	biological_process	GO:0008152
Q9VBW0	biological_process	GO:0009056
Q9VBW0	biological_process	GO:0009057
Q9VBW0	biological_process	GO:0009987
Q9VBW0	biological_process	GO:0019538
Q9VBW0	biological_process	GO:0030163
Q9VBW0	biological_process	GO:0043170
Q9VBW0	biological_process	GO:0044238
Q9VCE0	molecular_function	GO:0003824
Q9VCE0	molecular_function	GO:0004609
Q9VCE0	molecular_function	GO:0016829
Q9VCE0	molecular_function	GO:0016830
Q9VCE0	molecular_function	GO:0016831
Q9VCE0	biological_process	GO:0006629
Q9VCE0	biological_process	GO:0006644
Q9VCE0	biological_process	GO:0006646
Q9VCE0	biological_process	GO:0006650
Q9VCE0	biological_process	GO:0006793
Q9VCE0	biological_process	GO:0008152
Q9VCE0	biological_process	GO:0008610
Q9VCE0	biological_process	GO:0008654
Q9VCE0	biological_process	GO:0009058
Q9VCE0	biological_process	GO:0009987
Q9VCE0	biological_process	GO:0019637
Q9VCE0	biological_process	GO:0044238
Q9VCE0	biological_process	GO:0045017
Q9VCE0	biological_process	GO:0046337
Q9VCE0	biological_process	GO:0046474
Q9VCE0	biological_process	GO:0046486
Q9VCE0	biological_process	GO:0090407
Q9VCE0	cellular_component	GO:0005622
Q9VCE0	cellular_component	GO:0005737
Q9VCE0	cellular_component	GO:0005739
Q9VCE0	cellular_component	GO:0005740
Q9VCE0	cellular_component	GO:0005743
Q9VCE0	cellular_component	GO:0016020
Q9VCE0	cellular_component	GO:0019866
Q9VCE0	cellular_component	GO:0031090
Q9VCE0	cellular_component	GO:0031966
Q9VCE0	cellular_component	GO:0031967
Q9VCE0	cellular_component	GO:0043226
Q9VCE0	cellular_component	GO:0043227
Q9VCE0	cellular_component	GO:0043229
Q9VCE0	cellular_component	GO:0043231
Q9VCE0	cellular_component	GO:0110165
Q9VCE9	molecular_function	GO:0003824
Q9VCE9	molecular_function	GO:0003993
Q9VCE9	molecular_function	GO:0016787
Q9VCE9	molecular_function	GO:0016788
Q9VCE9	molecular_function	GO:0016791
Q9VCE9	molecular_function	GO:0042578
Q9VCE9	molecular_function	GO:0102531
Q9VCE9	biological_process	GO:0002165
Q9VCE9	biological_process	GO:0006629
Q9VCE9	biological_process	GO:0007275
Q9VCE9	biological_process	GO:0008152
Q9VCE9	biological_process	GO:0008202
Q9VCE9	biological_process	GO:0009791
Q9VCE9	biological_process	GO:0009987
Q9VCE9	biological_process	GO:0010817
Q9VCE9	biological_process	GO:0032501
Q9VCE9	biological_process	GO:0032502
Q9VCE9	biological_process	GO:0042180
Q9VCE9	biological_process	GO:0042445
Q9VCE9	biological_process	GO:0044238
Q9VCE9	biological_process	GO:0045455
Q9VCE9	biological_process	GO:0048856
Q9VCE9	biological_process	GO:0065007
Q9VCE9	biological_process	GO:0065008
Q9VCE9	biological_process	GO:0160108
Q9VCE9	cellular_component	GO:0005622
Q9VCE9	cellular_component	GO:0005634
Q9VCE9	cellular_component	GO:0005737
Q9VCE9	cellular_component	GO:0005829
Q9VCE9	cellular_component	GO:0043226
Q9VCE9	cellular_component	GO:0043227
Q9VCE9	cellular_component	GO:0043229
Q9VCE9	cellular_component	GO:0043231
Q9VCE9	cellular_component	GO:0110165
Q9VCH9	biological_process	GO:0003008
Q9VCH9	biological_process	GO:0007610
Q9VCH9	biological_process	GO:0007611
Q9VCH9	biological_process	GO:0007613
Q9VCH9	biological_process	GO:0007616
Q9VCH9	biological_process	GO:0008152
Q9VCH9	biological_process	GO:0009987
Q9VCH9	biological_process	GO:0016043
Q9VCH9	biological_process	GO:0019538
Q9VCH9	biological_process	GO:0032501
Q9VCH9	biological_process	GO:0043170
Q9VCH9	biological_process	GO:0044238
Q9VCH9	biological_process	GO:0050877
Q9VCH9	biological_process	GO:0050890
Q9VCH9	biological_process	GO:0071840
Q9VCH9	biological_process	GO:0097435
Q9VCH9	biological_process	GO:1990000
Q9VCR7	molecular_function	GO:0000099
Q9VCR7	molecular_function	GO:0005215
Q9VCR7	molecular_function	GO:0015171
Q9VCR7	molecular_function	GO:0015179
Q9VCR7	molecular_function	GO:0015184
Q9VCR7	molecular_function	GO:0022857
Q9VCR7	molecular_function	GO:0046943
Q9VCR7	molecular_function	GO:0072349
Q9VCR7	molecular_function	GO:1901682
Q9VCR7	biological_process	GO:0000101
Q9VCR7	biological_process	GO:0003333
Q9VCR7	biological_process	GO:0006810
Q9VCR7	biological_process	GO:0006865
Q9VCR7	biological_process	GO:0007034
Q9VCR7	biological_process	GO:0007041
Q9VCR7	biological_process	GO:0009987
Q9VCR7	biological_process	GO:0015804
Q9VCR7	biological_process	GO:0015807
Q9VCR7	biological_process	GO:0015811
Q9VCR7	biological_process	GO:0015849
Q9VCR7	biological_process	GO:0032974
Q9VCR7	biological_process	GO:0034486
Q9VCR7	biological_process	GO:0034489
Q9VCR7	biological_process	GO:0046907
Q9VCR7	biological_process	GO:0046942
Q9VCR7	biological_process	GO:0051179
Q9VCR7	biological_process	GO:0051234
Q9VCR7	biological_process	GO:0051641
Q9VCR7	biological_process	GO:0051649
Q9VCR7	biological_process	GO:0055085
Q9VCR7	biological_process	GO:0071705
Q9VCR7	biological_process	GO:0072337
Q9VCR7	biological_process	GO:0072348
Q9VCR7	biological_process	GO:0170063
Q9VCR7	biological_process	GO:1902475
Q9VCR7	biological_process	GO:1904919
Q9VCR7	biological_process	GO:1905039
Q9VCR7	cellular_component	GO:0000323
Q9VCR7	cellular_component	GO:0005622
Q9VCR7	cellular_component	GO:0005737
Q9VCR7	cellular_component	GO:0005764
Q9VCR7	cellular_component	GO:0005765
Q9VCR7	cellular_component	GO:0005773
Q9VCR7	cellular_component	GO:0005774
Q9VCR7	cellular_component	GO:0016020
Q9VCR7	cellular_component	GO:0031090
Q9VCR7	cellular_component	GO:0043226
Q9VCR7	cellular_component	GO:0043227
Q9VCR7	cellular_component	GO:0043229
Q9VCR7	cellular_component	GO:0043231
Q9VCR7	cellular_component	GO:0098588
Q9VCR7	cellular_component	GO:0098852
Q9VCR7	cellular_component	GO:0110165
Q9VD14	biological_process	GO:0000959
Q9VD14	biological_process	GO:0000963
Q9VD14	biological_process	GO:0006139
Q9VD14	biological_process	GO:0006396
Q9VD14	biological_process	GO:0006397
Q9VD14	biological_process	GO:0008152
Q9VD14	biological_process	GO:0009058
Q9VD14	biological_process	GO:0009059
Q9VD14	biological_process	GO:0009987
Q9VD14	biological_process	GO:0010467
Q9VD14	biological_process	GO:0016070
Q9VD14	biological_process	GO:0016071
Q9VD14	biological_process	GO:0032774
Q9VD14	biological_process	GO:0034654
Q9VD14	biological_process	GO:0043170
Q9VD14	biological_process	GO:0044238
Q9VD14	biological_process	GO:0090304
Q9VD14	biological_process	GO:0090615
Q9VD14	biological_process	GO:0140040
Q9VD14	biological_process	GO:0140053
Q9VD14	biological_process	GO:0141187
Q9VD14	cellular_component	GO:0005622
Q9VD14	cellular_component	GO:0005737
Q9VD14	cellular_component	GO:0005739
Q9VD14	cellular_component	GO:0005759
Q9VD14	cellular_component	GO:0031974
Q9VD14	cellular_component	GO:0043226
Q9VD14	cellular_component	GO:0043227
Q9VD14	cellular_component	GO:0043229
Q9VD14	cellular_component	GO:0043231
Q9VD14	cellular_component	GO:0043233
Q9VD14	cellular_component	GO:0070013
Q9VD14	cellular_component	GO:0110165
Q9VDD1	molecular_function	GO:0005488
Q9VDD1	molecular_function	GO:0005515
Q9VDD1	molecular_function	GO:0030674
Q9VDD1	molecular_function	GO:0060090
Q9VDD1	biological_process	GO:0008152
Q9VDD1	biological_process	GO:0009987
Q9VDD1	biological_process	GO:0019538
Q9VDD1	biological_process	GO:0032446
Q9VDD1	biological_process	GO:0036211
Q9VDD1	biological_process	GO:0043170
Q9VDD1	biological_process	GO:0043412
Q9VDD1	biological_process	GO:0043687
Q9VDD1	biological_process	GO:0044238
Q9VDD1	biological_process	GO:0070647
Q9VDD1	biological_process	GO:0071569
Q9VDD1	cellular_component	GO:0005622
Q9VDD1	cellular_component	GO:0005737
Q9VDD1	cellular_component	GO:0005783
Q9VDD1	cellular_component	GO:0005789
Q9VDD1	cellular_component	GO:0012505
Q9VDD1	cellular_component	GO:0016020
Q9VDD1	cellular_component	GO:0031090
Q9VDD1	cellular_component	GO:0031984
Q9VDD1	cellular_component	GO:0042175
Q9VDD1	cellular_component	GO:0043226
Q9VDD1	cellular_component	GO:0043227
Q9VDD1	cellular_component	GO:0043229
Q9VDD1	cellular_component	GO:0043231
Q9VDD1	cellular_component	GO:0098552
Q9VDD1	cellular_component	GO:0098554
Q9VDD1	cellular_component	GO:0098562
Q9VDD1	cellular_component	GO:0098827
Q9VDD1	cellular_component	GO:0110165
Q9VDT1	biological_process	GO:0006629
Q9VDT1	biological_process	GO:0006631
Q9VDT1	biological_process	GO:0006635
Q9VDT1	biological_process	GO:0008152
Q9VDT1	biological_process	GO:0009056
Q9VDT1	biological_process	GO:0009062
Q9VDT1	biological_process	GO:0009987
Q9VDT1	biological_process	GO:0016042
Q9VDT1	biological_process	GO:0019395
Q9VDT1	biological_process	GO:0019752
Q9VDT1	biological_process	GO:0030258
Q9VDT1	biological_process	GO:0032787
Q9VDT1	biological_process	GO:0033539
Q9VDT1	biological_process	GO:0034440
Q9VDT1	biological_process	GO:0043436
Q9VDT1	biological_process	GO:0044238
Q9VDT1	biological_process	GO:0044281
Q9VDT1	biological_process	GO:0044282
Q9VDT1	biological_process	GO:0046395
Q9VDT1	biological_process	GO:0072329
Q9VDX5	molecular_function	GO:0003824
Q9VDX5	molecular_function	GO:0016787
Q9VDX5	molecular_function	GO:0017171
Q9VEB7	molecular_function	GO:0003824
Q9VEB7	molecular_function	GO:0016301
Q9VEB7	molecular_function	GO:0016740
Q9VEB7	molecular_function	GO:0016772
Q9VEB7	molecular_function	GO:0106389
Q9VEC2	molecular_function	GO:0005488
Q9VEC2	molecular_function	GO:0005515
Q9VEC8	molecular_function	GO:0005488
Q9VEC8	molecular_function	GO:0005515
Q9VEM7	molecular_function	GO:0003824
Q9VEM7	molecular_function	GO:0016787
Q9VEM7	molecular_function	GO:0017171
Q9VEM8	molecular_function	GO:0003824
Q9VEM8	molecular_function	GO:0016787
Q9VEM8	molecular_function	GO:0017171
Q9VEN0	molecular_function	GO:0003824
Q9VEN0	molecular_function	GO:0016787
Q9VEN0	molecular_function	GO:0017171
Q9VEQ1	molecular_function	GO:0005488
Q9VEQ1	molecular_function	GO:0005515
Q9VES4	biological_process	GO:0000226
Q9VES4	biological_process	GO:0001578
Q9VES4	biological_process	GO:0006996
Q9VES4	biological_process	GO:0007010
Q9VES4	biological_process	GO:0007017
Q9VES4	biological_process	GO:0009987
Q9VES4	biological_process	GO:0016043
Q9VES4	biological_process	GO:0022607
Q9VES4	biological_process	GO:0030030
Q9VES4	biological_process	GO:0030031
Q9VES4	biological_process	GO:0035082
Q9VES4	biological_process	GO:0036158
Q9VES4	biological_process	GO:0043933
Q9VES4	biological_process	GO:0044085
Q9VES4	biological_process	GO:0044782
Q9VES4	biological_process	GO:0060271
Q9VES4	biological_process	GO:0065003
Q9VES4	biological_process	GO:0070286
Q9VES4	biological_process	GO:0070925
Q9VES4	biological_process	GO:0071840
Q9VES4	biological_process	GO:0120031
Q9VES4	biological_process	GO:0120036
Q9VES4	cellular_component	GO:0005622
Q9VES4	cellular_component	GO:0005737
Q9VES4	cellular_component	GO:0005856
Q9VES4	cellular_component	GO:0005929
Q9VES4	cellular_component	GO:0005930
Q9VES4	cellular_component	GO:0032991
Q9VES4	cellular_component	GO:0042995
Q9VES4	cellular_component	GO:0043226
Q9VES4	cellular_component	GO:0043227
Q9VES4	cellular_component	GO:0043228
Q9VES4	cellular_component	GO:0043229
Q9VES4	cellular_component	GO:0043232
Q9VES4	cellular_component	GO:0097014
Q9VES4	cellular_component	GO:0097730
Q9VES4	cellular_component	GO:0097731
Q9VES4	cellular_component	GO:0110165
Q9VES4	cellular_component	GO:0120025
Q9VES4	cellular_component	GO:0120228
Q9VET1	biological_process	GO:0001562
Q9VET1	biological_process	GO:0006950
Q9VET1	biological_process	GO:0006952
Q9VET1	biological_process	GO:0009605
Q9VET1	biological_process	GO:0009607
Q9VET1	biological_process	GO:0042832
Q9VET1	biological_process	GO:0043207
Q9VET1	biological_process	GO:0044419
Q9VET1	biological_process	GO:0050896
Q9VET1	biological_process	GO:0051707
Q9VET1	biological_process	GO:0098542
Q9VEW5	molecular_function	GO:0005488
Q9VEW5	molecular_function	GO:0005515
Q9VF28	molecular_function	GO:0005488
Q9VF28	molecular_function	GO:0005515
Q9VF45	molecular_function	GO:0005215
Q9VF45	molecular_function	GO:0005310
Q9VF45	molecular_function	GO:0019531
Q9VF45	molecular_function	GO:0022857
Q9VF45	molecular_function	GO:0046943
Q9VF45	biological_process	GO:0006810
Q9VF45	biological_process	GO:0006835
Q9VF45	biological_process	GO:0015849
Q9VF45	biological_process	GO:0019532
Q9VF45	biological_process	GO:0046942
Q9VF45	biological_process	GO:0051179
Q9VF45	biological_process	GO:0051234
Q9VFB3	molecular_function	GO:0005488
Q9VFB3	molecular_function	GO:0005515
Q9VFB7	biological_process	GO:0006810
Q9VFB7	biological_process	GO:0009987
Q9VFB7	biological_process	GO:0016192
Q9VFB7	biological_process	GO:0048193
Q9VFB7	biological_process	GO:0051179
Q9VFB7	biological_process	GO:0051234
Q9VFB7	cellular_component	GO:0005622
Q9VFB7	cellular_component	GO:0005737
Q9VFB7	cellular_component	GO:0005768
Q9VFB7	cellular_component	GO:0005794
Q9VFB7	cellular_component	GO:0012505
Q9VFB7	cellular_component	GO:0030008
Q9VFB7	cellular_component	GO:0031410
Q9VFB7	cellular_component	GO:0031982
Q9VFB7	cellular_component	GO:0032991
Q9VFB7	cellular_component	GO:0043226
Q9VFB7	cellular_component	GO:0043227
Q9VFB7	cellular_component	GO:0043229
Q9VFB7	cellular_component	GO:0043231
Q9VFB7	cellular_component	GO:0097708
Q9VFB7	cellular_component	GO:0099023
Q9VFB7	cellular_component	GO:0110165
Q9VFB7	cellular_component	GO:0140535
Q9VFB7	cellular_component	GO:1990071
Q9VFC4	molecular_function	GO:0005488
Q9VFC4	molecular_function	GO:0005515
Q9VFC4	cellular_component	GO:0000151
Q9VFC4	cellular_component	GO:0005929
Q9VFC4	cellular_component	GO:0031514
Q9VFC4	cellular_component	GO:0032991
Q9VFC4	cellular_component	GO:0036126
Q9VFC4	cellular_component	GO:0042995
Q9VFC4	cellular_component	GO:0043226
Q9VFC4	cellular_component	GO:0043227
Q9VFC4	cellular_component	GO:0097729
Q9VFC4	cellular_component	GO:0110165
Q9VFC4	cellular_component	GO:0120025
Q9VFC4	cellular_component	GO:0140535
Q9VFC4	cellular_component	GO:1902494
Q9VFC4	cellular_component	GO:1990234
Q9VFE9	molecular_function	GO:0005488
Q9VFE9	molecular_function	GO:0005515
Q9VFM3	molecular_function	GO:0005215
Q9VFM3	molecular_function	GO:0005216
Q9VFM3	molecular_function	GO:0005261
Q9VFM3	molecular_function	GO:0005262
Q9VFM3	molecular_function	GO:0005272
Q9VFM3	molecular_function	GO:0008324
Q9VFM3	molecular_function	GO:0015075
Q9VFM3	molecular_function	GO:0015081
Q9VFM3	molecular_function	GO:0015085
Q9VFM3	molecular_function	GO:0015267
Q9VFM3	molecular_function	GO:0015276
Q9VFM3	molecular_function	GO:0015280
Q9VFM3	molecular_function	GO:0022803
Q9VFM3	molecular_function	GO:0022834
Q9VFM3	molecular_function	GO:0022836
Q9VFM3	molecular_function	GO:0022857
Q9VFM3	molecular_function	GO:0046873
Q9VFM3	molecular_function	GO:0099094
Q9VFM3	molecular_function	GO:0099604
Q9VFM3	molecular_function	GO:0160125
Q9VFM3	molecular_function	GO:0160126
Q9VFM3	molecular_function	GO:0160128
Q9VFM3	biological_process	GO:0006810
Q9VFM3	biological_process	GO:0006811
Q9VFM3	biological_process	GO:0006812
Q9VFM3	biological_process	GO:0006814
Q9VFM3	biological_process	GO:0006816
Q9VFM3	biological_process	GO:0009966
Q9VFM3	biological_process	GO:0009967
Q9VFM3	biological_process	GO:0009987
Q9VFM3	biological_process	GO:0010646
Q9VFM3	biological_process	GO:0010647
Q9VFM3	biological_process	GO:0023051
Q9VFM3	biological_process	GO:0023056
Q9VFM3	biological_process	GO:0030001
Q9VFM3	biological_process	GO:0034220
Q9VFM3	biological_process	GO:0035725
Q9VFM3	biological_process	GO:0042981
Q9VFM3	biological_process	GO:0043065
Q9VFM3	biological_process	GO:0043067
Q9VFM3	biological_process	GO:0043068
Q9VFM3	biological_process	GO:0048518
Q9VFM3	biological_process	GO:0048522
Q9VFM3	biological_process	GO:0048583
Q9VFM3	biological_process	GO:0048584
Q9VFM3	biological_process	GO:0050789
Q9VFM3	biological_process	GO:0050794
Q9VFM3	biological_process	GO:0051179
Q9VFM3	biological_process	GO:0051234
Q9VFM3	biological_process	GO:0055085
Q9VFM3	biological_process	GO:0065007
Q9VFM3	biological_process	GO:0070588
Q9VFM3	biological_process	GO:0098655
Q9VFM3	biological_process	GO:1902531
Q9VFM3	biological_process	GO:1902533
Q9VFM3	biological_process	GO:2001233
Q9VFM3	biological_process	GO:2001235
Q9VFM3	biological_process	GO:2001242
Q9VFM3	biological_process	GO:2001244
Q9VFM3	cellular_component	GO:0000323
Q9VFM3	cellular_component	GO:0005622
Q9VFM3	cellular_component	GO:0005737
Q9VFM3	cellular_component	GO:0005764
Q9VFM3	cellular_component	GO:0005765
Q9VFM3	cellular_component	GO:0005773
Q9VFM3	cellular_component	GO:0005774
Q9VFM3	cellular_component	GO:0005794
Q9VFM3	cellular_component	GO:0012505
Q9VFM3	cellular_component	GO:0016020
Q9VFM3	cellular_component	GO:0031090
Q9VFM3	cellular_component	GO:0043226
Q9VFM3	cellular_component	GO:0043227
Q9VFM3	cellular_component	GO:0043229
Q9VFM3	cellular_component	GO:0043231
Q9VFM3	cellular_component	GO:0098588
Q9VFM3	cellular_component	GO:0098852
Q9VFM3	cellular_component	GO:0110165
Q9VFY6	biological_process	GO:0006996
Q9VFY6	biological_process	GO:0009987
Q9VFY6	biological_process	GO:0016043
Q9VFY6	biological_process	GO:0022607
Q9VFY6	biological_process	GO:0030030
Q9VFY6	biological_process	GO:0030031
Q9VFY6	biological_process	GO:0044085
Q9VFY6	biological_process	GO:0044458
Q9VFY6	biological_process	GO:0044782
Q9VFY6	biological_process	GO:0060271
Q9VFY6	biological_process	GO:0070925
Q9VFY6	biological_process	GO:0071840
Q9VFY6	biological_process	GO:0120031
Q9VFY6	biological_process	GO:0120036
Q9VFY6	biological_process	GO:1905515
Q9VG33	biological_process	GO:0006790
Q9VG33	biological_process	GO:0008152
Q9VG33	biological_process	GO:0009058
Q9VG33	biological_process	GO:0009987
Q9VG33	biological_process	GO:0044272
Q9VG33	biological_process	GO:0070813
Q9VG33	biological_process	GO:0070814
Q9VGJ8	molecular_function	GO:0003824
Q9VGJ8	molecular_function	GO:0016301
Q9VGJ8	molecular_function	GO:0016740
Q9VGJ8	molecular_function	GO:0016772
Q9VGJ8	molecular_function	GO:0106389
Q9VGP3	molecular_function	GO:0005215
Q9VGP3	molecular_function	GO:0008324
Q9VGP3	molecular_function	GO:0015075
Q9VGP3	molecular_function	GO:0015081
Q9VGP3	molecular_function	GO:0015291
Q9VGP3	molecular_function	GO:0015293
Q9VGP3	molecular_function	GO:0015294
Q9VGP3	molecular_function	GO:0015370
Q9VGP3	molecular_function	GO:0022804
Q9VGP3	molecular_function	GO:0022857
Q9VGP3	molecular_function	GO:0046873
Q9VGP3	biological_process	GO:0006810
Q9VGP3	biological_process	GO:0009987
Q9VGP3	biological_process	GO:0051179
Q9VGP3	biological_process	GO:0051234
Q9VGP3	biological_process	GO:0055085
Q9VGT0	molecular_function	GO:0003824
Q9VGT0	molecular_function	GO:0008194
Q9VGT0	molecular_function	GO:0016740
Q9VGT0	molecular_function	GO:0016757
Q9VGT0	biological_process	GO:0009636
Q9VGT0	biological_process	GO:0035094
Q9VGT0	biological_process	GO:0042221
Q9VGT0	biological_process	GO:0050896
Q9VGT0	biological_process	GO:0051410
Q9VGT0	biological_process	GO:0098754
Q9VGT0	biological_process	GO:1901698
Q9VGV8	molecular_function	GO:0003824
Q9VGV8	molecular_function	GO:0004791
Q9VGV8	molecular_function	GO:0015035
Q9VGV8	molecular_function	GO:0015036
Q9VGV8	molecular_function	GO:0016209
Q9VGV8	molecular_function	GO:0016491
Q9VGV8	molecular_function	GO:0016667
Q9VGV8	molecular_function	GO:0016668
Q9VGV8	molecular_function	GO:0047134
Q9VGV8	molecular_function	GO:0140096
Q9VGV8	biological_process	GO:0003006
Q9VGV8	biological_process	GO:0007276
Q9VGV8	biological_process	GO:0007281
Q9VGV8	biological_process	GO:0007283
Q9VGV8	biological_process	GO:0007286
Q9VGV8	biological_process	GO:0009987
Q9VGV8	biological_process	GO:0019953
Q9VGV8	biological_process	GO:0022412
Q9VGV8	biological_process	GO:0022414
Q9VGV8	biological_process	GO:0030154
Q9VGV8	biological_process	GO:0032502
Q9VGV8	biological_process	GO:0048232
Q9VGV8	biological_process	GO:0048468
Q9VGV8	biological_process	GO:0048515
Q9VGV8	biological_process	GO:0048609
Q9VGV8	biological_process	GO:0048856
Q9VGV8	biological_process	GO:0048869
Q9VH39	biological_process	GO:0006996
Q9VH39	biological_process	GO:0007005
Q9VH39	biological_process	GO:0009987
Q9VH39	biological_process	GO:0010257
Q9VH39	biological_process	GO:0016043
Q9VH39	biological_process	GO:0022607
Q9VH39	biological_process	GO:0032981
Q9VH39	biological_process	GO:0033108
Q9VH39	biological_process	GO:0043933
Q9VH39	biological_process	GO:0044085
Q9VH39	biological_process	GO:0065003
Q9VH39	biological_process	GO:0071840
Q9VH39	cellular_component	GO:0005622
Q9VH39	cellular_component	GO:0005737
Q9VH39	cellular_component	GO:0005739
Q9VH39	cellular_component	GO:0043226
Q9VH39	cellular_component	GO:0043227
Q9VH39	cellular_component	GO:0043229
Q9VH39	cellular_component	GO:0043231
Q9VH39	cellular_component	GO:0110165
Q9VIB2	biological_process	GO:0009893
Q9VIB2	biological_process	GO:0019222
Q9VIB2	biological_process	GO:0043467
Q9VIB2	biological_process	GO:0048518
Q9VIB2	biological_process	GO:0048522
Q9VIB2	biological_process	GO:0050789
Q9VIB2	biological_process	GO:0050794
Q9VIB2	biological_process	GO:0065007
Q9VIB2	biological_process	GO:1905446
Q9VIB2	biological_process	GO:1905448
Q9VIC3	molecular_function	GO:0003824
Q9VIC3	molecular_function	GO:0016787
Q9VIC3	molecular_function	GO:0017171
Q9VIG3	molecular_function	GO:0003824
Q9VIG3	molecular_function	GO:0016301
Q9VIG3	molecular_function	GO:0016740
Q9VIG3	molecular_function	GO:0016772
Q9VIG3	molecular_function	GO:0106389
Q9VIM0	molecular_function	GO:0003824
Q9VIM0	molecular_function	GO:0016787
Q9VIM0	molecular_function	GO:0017171
Q9VIP1	molecular_function	GO:0005488
Q9VIP1	molecular_function	GO:0005515
Q9VIT6	molecular_function	GO:0003824
Q9VIT6	molecular_function	GO:0005215
Q9VIT6	molecular_function	GO:0015399
Q9VIT6	molecular_function	GO:0015453
Q9VIT6	molecular_function	GO:0016491
Q9VIT6	molecular_function	GO:0016722
Q9VIT6	molecular_function	GO:0022804
Q9VIT6	molecular_function	GO:0022857
Q9VIT6	molecular_function	GO:0140571
Q9VIT6	biological_process	GO:0000041
Q9VIT6	biological_process	GO:0006810
Q9VIT6	biological_process	GO:0006811
Q9VIT6	biological_process	GO:0006812
Q9VIT6	biological_process	GO:0006826
Q9VIT6	biological_process	GO:0006873
Q9VIT6	biological_process	GO:0006879
Q9VIT6	biological_process	GO:0009987
Q9VIT6	biological_process	GO:0019725
Q9VIT6	biological_process	GO:0030001
Q9VIT6	biological_process	GO:0030003
Q9VIT6	biological_process	GO:0033212
Q9VIT6	biological_process	GO:0034220
Q9VIT6	biological_process	GO:0034755
Q9VIT6	biological_process	GO:0042592
Q9VIT6	biological_process	GO:0048878
Q9VIT6	biological_process	GO:0050801
Q9VIT6	biological_process	GO:0051179
Q9VIT6	biological_process	GO:0051234
Q9VIT6	biological_process	GO:0051641
Q9VIT6	biological_process	GO:0051649
Q9VIT6	biological_process	GO:0055080
Q9VIT6	biological_process	GO:0055082
Q9VIT6	biological_process	GO:0055085
Q9VIT6	biological_process	GO:0098655
Q9VIT6	biological_process	GO:0098657
Q9VIT6	biological_process	GO:0098659
Q9VIT6	biological_process	GO:0098711
Q9VIT6	biological_process	GO:0098739
Q9VIT6	biological_process	GO:0098771
Q9VIT6	biological_process	GO:0099587
Q9VIT6	cellular_component	GO:0005886
Q9VIT6	cellular_component	GO:0016020
Q9VIT6	cellular_component	GO:0016324
Q9VIT6	cellular_component	GO:0045177
Q9VIT6	cellular_component	GO:0071944
Q9VIT6	cellular_component	GO:0098590
Q9VIT6	cellular_component	GO:0110165
Q9VIW8	molecular_function	GO:0005488
Q9VIW8	molecular_function	GO:0005515
Q9VJA7	biological_process	GO:0001562
Q9VJA7	biological_process	GO:0006950
Q9VJA7	biological_process	GO:0006952
Q9VJA7	biological_process	GO:0009605
Q9VJA7	biological_process	GO:0009607
Q9VJA7	biological_process	GO:0042832
Q9VJA7	biological_process	GO:0043207
Q9VJA7	biological_process	GO:0044419
Q9VJA7	biological_process	GO:0050896
Q9VJA7	biological_process	GO:0051707
Q9VJA7	biological_process	GO:0098542
Q9VJC7	molecular_function	GO:0005488
Q9VJC7	molecular_function	GO:0005515
Q9VJC7	cellular_component	GO:0005622
Q9VJC7	cellular_component	GO:0005737
Q9VJC7	cellular_component	GO:0005739
Q9VJC7	cellular_component	GO:0005759
Q9VJC7	cellular_component	GO:0031974
Q9VJC7	cellular_component	GO:0043226
Q9VJC7	cellular_component	GO:0043227
Q9VJC7	cellular_component	GO:0043229
Q9VJC7	cellular_component	GO:0043231
Q9VJC7	cellular_component	GO:0043233
Q9VJC7	cellular_component	GO:0070013
Q9VJC7	cellular_component	GO:0110165
Q9VJH1	molecular_function	GO:0003824
Q9VJH1	molecular_function	GO:0016787
Q9VJH1	molecular_function	GO:0017171
Q9VJN0	molecular_function	GO:0003824
Q9VJN0	molecular_function	GO:0016787
Q9VJN0	molecular_function	GO:0017171
Q9VJP1	cellular_component	GO:0005622
Q9VJP1	cellular_component	GO:0005737
Q9VJP1	cellular_component	GO:0005739
Q9VJP1	cellular_component	GO:0005740
Q9VJP1	cellular_component	GO:0005743
Q9VJP1	cellular_component	GO:0016020
Q9VJP1	cellular_component	GO:0019866
Q9VJP1	cellular_component	GO:0031090
Q9VJP1	cellular_component	GO:0031966
Q9VJP1	cellular_component	GO:0031967
Q9VJP1	cellular_component	GO:0043226
Q9VJP1	cellular_component	GO:0043227
Q9VJP1	cellular_component	GO:0043229
Q9VJP1	cellular_component	GO:0043231
Q9VJP1	cellular_component	GO:0110165
Q9VJZ4	biological_process	GO:0006091
Q9VJZ4	biological_process	GO:0006119
Q9VJZ4	biological_process	GO:0006120
Q9VJZ4	biological_process	GO:0008152
Q9VJZ4	biological_process	GO:0009060
Q9VJZ4	biological_process	GO:0009987
Q9VJZ4	biological_process	GO:0015980
Q9VJZ4	biological_process	GO:0019646
Q9VJZ4	biological_process	GO:0022900
Q9VJZ4	biological_process	GO:0022904
Q9VJZ4	biological_process	GO:0042773
Q9VJZ4	biological_process	GO:0042775
Q9VJZ4	biological_process	GO:0045333
Q9VJZ4	cellular_component	GO:0005622
Q9VJZ4	cellular_component	GO:0005737
Q9VJZ4	cellular_component	GO:0005739
Q9VJZ4	cellular_component	GO:0005740
Q9VJZ4	cellular_component	GO:0005743
Q9VJZ4	cellular_component	GO:0016020
Q9VJZ4	cellular_component	GO:0019866
Q9VJZ4	cellular_component	GO:0030964
Q9VJZ4	cellular_component	GO:0031090
Q9VJZ4	cellular_component	GO:0031966
Q9VJZ4	cellular_component	GO:0031967
Q9VJZ4	cellular_component	GO:0032991
Q9VJZ4	cellular_component	GO:0043226
Q9VJZ4	cellular_component	GO:0043227
Q9VJZ4	cellular_component	GO:0043229
Q9VJZ4	cellular_component	GO:0043231
Q9VJZ4	cellular_component	GO:0045271
Q9VJZ4	cellular_component	GO:0098796
Q9VJZ4	cellular_component	GO:0098803
Q9VJZ4	cellular_component	GO:0110165
Q9VJZ4	cellular_component	GO:1902494
Q9VJZ4	cellular_component	GO:1902495
Q9VJZ4	cellular_component	GO:1990204
Q9VJZ4	cellular_component	GO:1990351
Q9VK29	biological_process	GO:0000226
Q9VK29	biological_process	GO:0001578
Q9VK29	biological_process	GO:0006996
Q9VK29	biological_process	GO:0007010
Q9VK29	biological_process	GO:0007017
Q9VK29	biological_process	GO:0009987
Q9VK29	biological_process	GO:0016043
Q9VK29	biological_process	GO:0022607
Q9VK29	biological_process	GO:0030030
Q9VK29	biological_process	GO:0030031
Q9VK29	biological_process	GO:0035082
Q9VK29	biological_process	GO:0044085
Q9VK29	biological_process	GO:0044782
Q9VK29	biological_process	GO:0060271
Q9VK29	biological_process	GO:0070925
Q9VK29	biological_process	GO:0071840
Q9VK29	biological_process	GO:0120031
Q9VK29	biological_process	GO:0120036
Q9VK89	molecular_function	GO:0003824
Q9VK89	molecular_function	GO:0008168
Q9VK89	molecular_function	GO:0008170
Q9VK89	molecular_function	GO:0008173
Q9VK89	molecular_function	GO:0008175
Q9VK89	molecular_function	GO:0008757
Q9VK89	molecular_function	GO:0016423
Q9VK89	molecular_function	GO:0016740
Q9VK89	molecular_function	GO:0016741
Q9VK89	molecular_function	GO:0140098
Q9VK89	molecular_function	GO:0140101
Q9VK89	molecular_function	GO:0140640
Q9VK89	molecular_function	GO:0160104
Q9VK89	biological_process	GO:0001510
Q9VK89	biological_process	GO:0002940
Q9VK89	biological_process	GO:0006139
Q9VK89	biological_process	GO:0006396
Q9VK89	biological_process	GO:0006399
Q9VK89	biological_process	GO:0006400
Q9VK89	biological_process	GO:0008033
Q9VK89	biological_process	GO:0008152
Q9VK89	biological_process	GO:0009058
Q9VK89	biological_process	GO:0009059
Q9VK89	biological_process	GO:0009451
Q9VK89	biological_process	GO:0009987
Q9VK89	biological_process	GO:0010467
Q9VK89	biological_process	GO:0016070
Q9VK89	biological_process	GO:0030488
Q9VK89	biological_process	GO:0032259
Q9VK89	biological_process	GO:0032774
Q9VK89	biological_process	GO:0034654
Q9VK89	biological_process	GO:0043170
Q9VK89	biological_process	GO:0043412
Q9VK89	biological_process	GO:0043414
Q9VK89	biological_process	GO:0044238
Q9VK89	biological_process	GO:0090304
Q9VK89	biological_process	GO:0141187
Q9VK91	biological_process	GO:0006996
Q9VK91	biological_process	GO:0009987
Q9VK91	biological_process	GO:0016043
Q9VK91	biological_process	GO:0022607
Q9VK91	biological_process	GO:0030030
Q9VK91	biological_process	GO:0030031
Q9VK91	biological_process	GO:0044085
Q9VK91	biological_process	GO:0044782
Q9VK91	biological_process	GO:0060271
Q9VK91	biological_process	GO:0070925
Q9VK91	biological_process	GO:0071840
Q9VK91	biological_process	GO:0120031
Q9VK91	biological_process	GO:0120036
Q9VK91	cellular_component	GO:0005622
Q9VK91	cellular_component	GO:0005815
Q9VK91	cellular_component	GO:0005856
Q9VK91	cellular_component	GO:0005929
Q9VK91	cellular_component	GO:0015630
Q9VK91	cellular_component	GO:0030425
Q9VK91	cellular_component	GO:0035869
Q9VK91	cellular_component	GO:0036064
Q9VK91	cellular_component	GO:0036477
Q9VK91	cellular_component	GO:0042995
Q9VK91	cellular_component	GO:0043005
Q9VK91	cellular_component	GO:0043226
Q9VK91	cellular_component	GO:0043227
Q9VK91	cellular_component	GO:0043228
Q9VK91	cellular_component	GO:0043229
Q9VK91	cellular_component	GO:0043232
Q9VK91	cellular_component	GO:0097447
Q9VK91	cellular_component	GO:0110165
Q9VK91	cellular_component	GO:0120025
Q9VKC3	biological_process	GO:0006996
Q9VKC3	biological_process	GO:0007032
Q9VKC3	biological_process	GO:0009987
Q9VKC3	biological_process	GO:0010256
Q9VKC3	biological_process	GO:0016043
Q9VKC3	biological_process	GO:0016050
Q9VKC3	biological_process	GO:0071840
Q9VKC3	cellular_component	GO:0005622
Q9VKC3	cellular_component	GO:0005737
Q9VKC3	cellular_component	GO:0005768
Q9VKC3	cellular_component	GO:0010008
Q9VKC3	cellular_component	GO:0012505
Q9VKC3	cellular_component	GO:0012506
Q9VKC3	cellular_component	GO:0016020
Q9VKC3	cellular_component	GO:0030659
Q9VKC3	cellular_component	GO:0031090
Q9VKC3	cellular_component	GO:0031410
Q9VKC3	cellular_component	GO:0031982
Q9VKC3	cellular_component	GO:0043226
Q9VKC3	cellular_component	GO:0043227
Q9VKC3	cellular_component	GO:0043229
Q9VKC3	cellular_component	GO:0043231
Q9VKC3	cellular_component	GO:0097708
Q9VKC3	cellular_component	GO:0098588
Q9VKC3	cellular_component	GO:0110165
Q9VKC8	biological_process	GO:0006810
Q9VKC8	biological_process	GO:0006839
Q9VKC8	biological_process	GO:0006886
Q9VKC8	biological_process	GO:0006996
Q9VKC8	biological_process	GO:0007005
Q9VKC8	biological_process	GO:0007006
Q9VKC8	biological_process	GO:0007007
Q9VKC8	biological_process	GO:0007008
Q9VKC8	biological_process	GO:0008104
Q9VKC8	biological_process	GO:0009987
Q9VKC8	biological_process	GO:0015031
Q9VKC8	biological_process	GO:0016043
Q9VKC8	biological_process	GO:0033036
Q9VKC8	biological_process	GO:0033365
Q9VKC8	biological_process	GO:0045039
Q9VKC8	biological_process	GO:0045040
Q9VKC8	biological_process	GO:0045184
Q9VKC8	biological_process	GO:0046907
Q9VKC8	biological_process	GO:0051179
Q9VKC8	biological_process	GO:0051204
Q9VKC8	biological_process	GO:0051205
Q9VKC8	biological_process	GO:0051234
Q9VKC8	biological_process	GO:0051641
Q9VKC8	biological_process	GO:0051649
Q9VKC8	biological_process	GO:0051668
Q9VKC8	biological_process	GO:0061024
Q9VKC8	biological_process	GO:0070585
Q9VKC8	biological_process	GO:0071840
Q9VKC8	biological_process	GO:0072594
Q9VKC8	biological_process	GO:0072657
Q9VKC8	biological_process	GO:0090150
Q9VKC8	biological_process	GO:7770058
Q9VKC8	biological_process	GO:7770061
Q9VKC8	biological_process	GO:7770063
Q9VKC8	cellular_component	GO:0005622
Q9VKC8	cellular_component	GO:0005737
Q9VKC8	cellular_component	GO:0005739
Q9VKC8	cellular_component	GO:0005740
Q9VKC8	cellular_component	GO:0005741
Q9VKC8	cellular_component	GO:0005742
Q9VKC8	cellular_component	GO:0016020
Q9VKC8	cellular_component	GO:0019867
Q9VKC8	cellular_component	GO:0031090
Q9VKC8	cellular_component	GO:0031966
Q9VKC8	cellular_component	GO:0031967
Q9VKC8	cellular_component	GO:0031968
Q9VKC8	cellular_component	GO:0032991
Q9VKC8	cellular_component	GO:0043226
Q9VKC8	cellular_component	GO:0043227
Q9VKC8	cellular_component	GO:0043229
Q9VKC8	cellular_component	GO:0043231
Q9VKC8	cellular_component	GO:0098588
Q9VKC8	cellular_component	GO:0098796
Q9VKC8	cellular_component	GO:0098798
Q9VKC8	cellular_component	GO:0098799
Q9VKC8	cellular_component	GO:0110165
Q9VKC8	cellular_component	GO:0140596
Q9VKE6	molecular_function	GO:0003824
Q9VKE6	molecular_function	GO:0004553
Q9VKE6	molecular_function	GO:0004558
Q9VKE6	molecular_function	GO:0015926
Q9VKE6	molecular_function	GO:0016787
Q9VKE6	molecular_function	GO:0016798
Q9VKE6	molecular_function	GO:0090599
Q9VKE7	biological_process	GO:0001763
Q9VKE7	biological_process	GO:0002009
Q9VKE7	biological_process	GO:0007275
Q9VKE7	biological_process	GO:0007424
Q9VKE7	biological_process	GO:0007429
Q9VKE7	biological_process	GO:0009653
Q9VKE7	biological_process	GO:0009888
Q9VKE7	biological_process	GO:0032501
Q9VKE7	biological_process	GO:0032502
Q9VKE7	biological_process	GO:0035239
Q9VKE7	biological_process	GO:0035295
Q9VKE7	biological_process	GO:0048729
Q9VKE7	biological_process	GO:0048731
Q9VKE7	biological_process	GO:0048754
Q9VKE7	biological_process	GO:0048856
Q9VKE7	biological_process	GO:0060429
Q9VKE7	biological_process	GO:0060446
Q9VKE7	biological_process	GO:0060541
Q9VKE7	biological_process	GO:0060562
Q9VKE7	biological_process	GO:0061138
Q9VKE7	biological_process	GO:0160108
Q9VKI8	cellular_component	GO:0005622
Q9VKI8	cellular_component	GO:0005737
Q9VKI8	cellular_component	GO:0005829
Q9VKI8	cellular_component	GO:0110165
Q9VKJ0	biological_process	GO:0006520
Q9VKJ0	biological_process	GO:0006559
Q9VKJ0	biological_process	GO:0008152
Q9VKJ0	biological_process	GO:0009056
Q9VKJ0	biological_process	GO:0009063
Q9VKJ0	biological_process	GO:0009072
Q9VKJ0	biological_process	GO:0009074
Q9VKJ0	biological_process	GO:0009987
Q9VKJ0	biological_process	GO:0019752
Q9VKJ0	biological_process	GO:0043436
Q9VKJ0	biological_process	GO:0044238
Q9VKJ0	biological_process	GO:0044281
Q9VKJ0	biological_process	GO:0044282
Q9VKJ0	biological_process	GO:0046395
Q9VKJ0	biological_process	GO:0170039
Q9VKJ0	biological_process	GO:0170040
Q9VKJ0	cellular_component	GO:0005622
Q9VKJ0	cellular_component	GO:0005737
Q9VKJ0	cellular_component	GO:0110165
Q9VKJ8	molecular_function	GO:0003824
Q9VKJ8	molecular_function	GO:0003940
Q9VKJ8	molecular_function	GO:0004553
Q9VKJ8	molecular_function	GO:0016787
Q9VKJ8	molecular_function	GO:0016798
Q9VKM3	cellular_component	GO:0005622
Q9VKM3	cellular_component	GO:0005737
Q9VKM3	cellular_component	GO:0005739
Q9VKM3	cellular_component	GO:0005740
Q9VKM3	cellular_component	GO:0005743
Q9VKM3	cellular_component	GO:0016020
Q9VKM3	cellular_component	GO:0019866
Q9VKM3	cellular_component	GO:0031090
Q9VKM3	cellular_component	GO:0031966
Q9VKM3	cellular_component	GO:0031967
Q9VKM3	cellular_component	GO:0043226
Q9VKM3	cellular_component	GO:0043227
Q9VKM3	cellular_component	GO:0043229
Q9VKM3	cellular_component	GO:0043231
Q9VKM3	cellular_component	GO:0110165
Q9VKT8	molecular_function	GO:0003824
Q9VKT8	molecular_function	GO:0016787
Q9VKT8	molecular_function	GO:0017171
Q9VL00	molecular_function	GO:0003824
Q9VL00	molecular_function	GO:0008233
Q9VL00	molecular_function	GO:0016787
Q9VL00	molecular_function	GO:0019783
Q9VL00	molecular_function	GO:0101005
Q9VL00	molecular_function	GO:0140096
Q9VL00	molecular_function	GO:1990380
Q9VL00	biological_process	GO:0002682
Q9VL00	biological_process	GO:0002684
Q9VL00	biological_process	GO:0002831
Q9VL00	biological_process	GO:0002833
Q9VL00	biological_process	GO:0009966
Q9VL00	biological_process	GO:0009967
Q9VL00	biological_process	GO:0010646
Q9VL00	biological_process	GO:0010647
Q9VL00	biological_process	GO:0023051
Q9VL00	biological_process	GO:0023056
Q9VL00	biological_process	GO:0031347
Q9VL00	biological_process	GO:0031349
Q9VL00	biological_process	GO:0032101
Q9VL00	biological_process	GO:0032103
Q9VL00	biological_process	GO:0045088
Q9VL00	biological_process	GO:0045089
Q9VL00	biological_process	GO:0048518
Q9VL00	biological_process	GO:0048522
Q9VL00	biological_process	GO:0048583
Q9VL00	biological_process	GO:0048584
Q9VL00	biological_process	GO:0050776
Q9VL00	biological_process	GO:0050778
Q9VL00	biological_process	GO:0050789
Q9VL00	biological_process	GO:0050794
Q9VL00	biological_process	GO:0061058
Q9VL00	biological_process	GO:0061059
Q9VL00	biological_process	GO:0062207
Q9VL00	biological_process	GO:0062208
Q9VL00	biological_process	GO:0065007
Q9VL00	biological_process	GO:0080134
Q9VL00	biological_process	GO:1900424
Q9VL00	biological_process	GO:1900426
Q9VL16	biological_process	GO:0000422
Q9VL16	biological_process	GO:0000423
Q9VL16	biological_process	GO:0006914
Q9VL16	biological_process	GO:0006996
Q9VL16	biological_process	GO:0007005
Q9VL16	biological_process	GO:0008053
Q9VL16	biological_process	GO:0008152
Q9VL16	biological_process	GO:0009056
Q9VL16	biological_process	GO:0009987
Q9VL16	biological_process	GO:0016043
Q9VL16	biological_process	GO:0016236
Q9VL16	biological_process	GO:0048284
Q9VL16	biological_process	GO:0061919
Q9VL16	biological_process	GO:0071840
Q9VL22	biological_process	GO:0006996
Q9VL22	biological_process	GO:0007005
Q9VL22	biological_process	GO:0009987
Q9VL22	biological_process	GO:0016043
Q9VL22	biological_process	GO:0017004
Q9VL22	biological_process	GO:0017062
Q9VL22	biological_process	GO:0022607
Q9VL22	biological_process	GO:0033108
Q9VL22	biological_process	GO:0034551
Q9VL22	biological_process	GO:0043933
Q9VL22	biological_process	GO:0044085
Q9VL22	biological_process	GO:0065003
Q9VL22	biological_process	GO:0071840
Q9VL22	cellular_component	GO:0005622
Q9VL22	cellular_component	GO:0005737
Q9VL22	cellular_component	GO:0005739
Q9VL22	cellular_component	GO:0043226
Q9VL22	cellular_component	GO:0043227
Q9VL22	cellular_component	GO:0043229
Q9VL22	cellular_component	GO:0043231
Q9VL22	cellular_component	GO:0110165
Q9VL25	molecular_function	GO:0003676
Q9VL25	molecular_function	GO:0003723
Q9VL25	molecular_function	GO:0005488
Q9VL25	molecular_function	GO:0019843
Q9VL25	biological_process	GO:0009987
Q9VL25	biological_process	GO:0022613
Q9VL25	biological_process	GO:0042254
Q9VL25	biological_process	GO:0044085
Q9VL25	biological_process	GO:0071840
Q9VL25	cellular_component	GO:0005622
Q9VL25	cellular_component	GO:0005634
Q9VL25	cellular_component	GO:0005730
Q9VL25	cellular_component	GO:0031974
Q9VL25	cellular_component	GO:0031981
Q9VL25	cellular_component	GO:0043226
Q9VL25	cellular_component	GO:0043227
Q9VL25	cellular_component	GO:0043228
Q9VL25	cellular_component	GO:0043229
Q9VL25	cellular_component	GO:0043231
Q9VL25	cellular_component	GO:0043232
Q9VL25	cellular_component	GO:0043233
Q9VL25	cellular_component	GO:0070013
Q9VL25	cellular_component	GO:0110165
Q9VL46	molecular_function	GO:0003824
Q9VL46	molecular_function	GO:0016301
Q9VL46	molecular_function	GO:0016740
Q9VL46	molecular_function	GO:0016772
Q9VL46	molecular_function	GO:0106389
Q9VL63	molecular_function	GO:0003676
Q9VL63	molecular_function	GO:0003723
Q9VL63	molecular_function	GO:0005488
Q9VL63	molecular_function	GO:0036002
Q9VL63	molecular_function	GO:0043021
Q9VL63	molecular_function	GO:0044877
Q9VL63	molecular_function	GO:0070990
Q9VL63	molecular_function	GO:1990446
Q9VL63	cellular_component	GO:0005622
Q9VL63	cellular_component	GO:0005634
Q9VL63	cellular_component	GO:0005654
Q9VL63	cellular_component	GO:0016604
Q9VL63	cellular_component	GO:0016607
Q9VL63	cellular_component	GO:0031974
Q9VL63	cellular_component	GO:0031981
Q9VL63	cellular_component	GO:0035770
Q9VL63	cellular_component	GO:0043226
Q9VL63	cellular_component	GO:0043227
Q9VL63	cellular_component	GO:0043228
Q9VL63	cellular_component	GO:0043229
Q9VL63	cellular_component	GO:0043231
Q9VL63	cellular_component	GO:0043232
Q9VL63	cellular_component	GO:0043233
Q9VL63	cellular_component	GO:0070013
Q9VL63	cellular_component	GO:0099080
Q9VL63	cellular_component	GO:0110165
Q9VL63	cellular_component	GO:0140168
Q9VLE6	biological_process	GO:0007154
Q9VLE6	biological_process	GO:0007165
Q9VLE6	biological_process	GO:0009987
Q9VLE6	biological_process	GO:0023052
Q9VLE6	biological_process	GO:0050789
Q9VLE6	biological_process	GO:0050794
Q9VLE6	biological_process	GO:0050896
Q9VLE6	biological_process	GO:0051716
Q9VLE6	biological_process	GO:0065007
Q9VLI9	biological_process	GO:0006810
Q9VLI9	biological_process	GO:0009987
Q9VLI9	biological_process	GO:0016192
Q9VLI9	biological_process	GO:0048193
Q9VLI9	biological_process	GO:0051179
Q9VLI9	biological_process	GO:0051234
Q9VLI9	cellular_component	GO:0005622
Q9VLI9	cellular_component	GO:0005737
Q9VLI9	cellular_component	GO:0005768
Q9VLI9	cellular_component	GO:0005794
Q9VLI9	cellular_component	GO:0012505
Q9VLI9	cellular_component	GO:0030008
Q9VLI9	cellular_component	GO:0031410
Q9VLI9	cellular_component	GO:0031982
Q9VLI9	cellular_component	GO:0032991
Q9VLI9	cellular_component	GO:0043226
Q9VLI9	cellular_component	GO:0043227
Q9VLI9	cellular_component	GO:0043229
Q9VLI9	cellular_component	GO:0043231
Q9VLI9	cellular_component	GO:0097708
Q9VLI9	cellular_component	GO:0099023
Q9VLI9	cellular_component	GO:0110165
Q9VLI9	cellular_component	GO:0140535
Q9VLI9	cellular_component	GO:1990071
Q9VLI9	cellular_component	GO:1990072
Q9VLJ7	cellular_component	GO:0005622
Q9VLJ7	cellular_component	GO:0005737
Q9VLJ7	cellular_component	GO:0005777
Q9VLJ7	cellular_component	GO:0005778
Q9VLJ7	cellular_component	GO:0016020
Q9VLJ7	cellular_component	GO:0031090
Q9VLJ7	cellular_component	GO:0031903
Q9VLJ7	cellular_component	GO:0042579
Q9VLJ7	cellular_component	GO:0043226
Q9VLJ7	cellular_component	GO:0043227
Q9VLJ7	cellular_component	GO:0043229
Q9VLJ7	cellular_component	GO:0043231
Q9VLJ7	cellular_component	GO:0098588
Q9VLJ7	cellular_component	GO:0110165
Q9VLL5	cellular_component	GO:0000323
Q9VLL5	cellular_component	GO:0005622
Q9VLL5	cellular_component	GO:0005737
Q9VLL5	cellular_component	GO:0005764
Q9VLL5	cellular_component	GO:0005773
Q9VLL5	cellular_component	GO:0005775
Q9VLL5	cellular_component	GO:0031974
Q9VLL5	cellular_component	GO:0043202
Q9VLL5	cellular_component	GO:0043226
Q9VLL5	cellular_component	GO:0043227
Q9VLL5	cellular_component	GO:0043229
Q9VLL5	cellular_component	GO:0043231
Q9VLL5	cellular_component	GO:0043233
Q9VLL5	cellular_component	GO:0070013
Q9VLL5	cellular_component	GO:0110165
Q9VLM7	biological_process	GO:0006996
Q9VLM7	biological_process	GO:0007005
Q9VLM7	biological_process	GO:0009987
Q9VLM7	biological_process	GO:0010257
Q9VLM7	biological_process	GO:0016043
Q9VLM7	biological_process	GO:0022607
Q9VLM7	biological_process	GO:0032981
Q9VLM7	biological_process	GO:0033108
Q9VLM7	biological_process	GO:0043933
Q9VLM7	biological_process	GO:0044085
Q9VLM7	biological_process	GO:0065003
Q9VLM7	biological_process	GO:0071840
Q9VLM7	cellular_component	GO:0005622
Q9VLM7	cellular_component	GO:0005737
Q9VLM7	cellular_component	GO:0005739
Q9VLM7	cellular_component	GO:0005740
Q9VLM7	cellular_component	GO:0005743
Q9VLM7	cellular_component	GO:0016020
Q9VLM7	cellular_component	GO:0019866
Q9VLM7	cellular_component	GO:0031090
Q9VLM7	cellular_component	GO:0031966
Q9VLM7	cellular_component	GO:0031967
Q9VLM7	cellular_component	GO:0032991
Q9VLM7	cellular_component	GO:0043226
Q9VLM7	cellular_component	GO:0043227
Q9VLM7	cellular_component	GO:0043229
Q9VLM7	cellular_component	GO:0043231
Q9VLM7	cellular_component	GO:0098796
Q9VLM7	cellular_component	GO:0098798
Q9VLM7	cellular_component	GO:0098800
Q9VLM7	cellular_component	GO:0110165
Q9VLM7	cellular_component	GO:0160295
Q9VLY0	cellular_component	GO:0005622
Q9VLY0	cellular_component	GO:0005737
Q9VLY0	cellular_component	GO:0005739
Q9VLY0	cellular_component	GO:0005740
Q9VLY0	cellular_component	GO:0005743
Q9VLY0	cellular_component	GO:0016020
Q9VLY0	cellular_component	GO:0019866
Q9VLY0	cellular_component	GO:0031090
Q9VLY0	cellular_component	GO:0031966
Q9VLY0	cellular_component	GO:0031967
Q9VLY0	cellular_component	GO:0043226
Q9VLY0	cellular_component	GO:0043227
Q9VLY0	cellular_component	GO:0043229
Q9VLY0	cellular_component	GO:0043231
Q9VLY0	cellular_component	GO:0110165
Q9VM25	biological_process	GO:0007154
Q9VM25	biological_process	GO:0007165
Q9VM25	biological_process	GO:0007166
Q9VM25	biological_process	GO:0009987
Q9VM25	biological_process	GO:0016055
Q9VM25	biological_process	GO:0023052
Q9VM25	biological_process	GO:0050789
Q9VM25	biological_process	GO:0050794
Q9VM25	biological_process	GO:0050896
Q9VM25	biological_process	GO:0051716
Q9VM25	biological_process	GO:0060070
Q9VM25	biological_process	GO:0065007
Q9VMB9	cellular_component	GO:0005622
Q9VMB9	cellular_component	GO:0005737
Q9VMB9	cellular_component	GO:0005739
Q9VMB9	cellular_component	GO:0005740
Q9VMB9	cellular_component	GO:0005743
Q9VMB9	cellular_component	GO:0016020
Q9VMB9	cellular_component	GO:0019866
Q9VMB9	cellular_component	GO:0031090
Q9VMB9	cellular_component	GO:0031966
Q9VMB9	cellular_component	GO:0031967
Q9VMB9	cellular_component	GO:0032991
Q9VMB9	cellular_component	GO:0043226
Q9VMB9	cellular_component	GO:0043227
Q9VMB9	cellular_component	GO:0043229
Q9VMB9	cellular_component	GO:0043231
Q9VMB9	cellular_component	GO:0045277
Q9VMB9	cellular_component	GO:0070069
Q9VMB9	cellular_component	GO:0098796
Q9VMB9	cellular_component	GO:0098803
Q9VMB9	cellular_component	GO:0110165
Q9VMB9	cellular_component	GO:1902494
Q9VMB9	cellular_component	GO:1902495
Q9VMB9	cellular_component	GO:1990204
Q9VMB9	cellular_component	GO:1990351
Q9VMF0	molecular_function	GO:0003824
Q9VMF0	molecular_function	GO:0016301
Q9VMF0	molecular_function	GO:0016740
Q9VMF0	molecular_function	GO:0016772
Q9VMF0	molecular_function	GO:0106389
Q9VMI3	biological_process	GO:0006091
Q9VMI3	biological_process	GO:0006119
Q9VMI3	biological_process	GO:0006120
Q9VMI3	biological_process	GO:0008152
Q9VMI3	biological_process	GO:0009060
Q9VMI3	biological_process	GO:0009987
Q9VMI3	biological_process	GO:0015980
Q9VMI3	biological_process	GO:0019646
Q9VMI3	biological_process	GO:0022900
Q9VMI3	biological_process	GO:0022904
Q9VMI3	biological_process	GO:0042773
Q9VMI3	biological_process	GO:0042775
Q9VMI3	biological_process	GO:0045333
Q9VMI3	cellular_component	GO:0005622
Q9VMI3	cellular_component	GO:0005737
Q9VMI3	cellular_component	GO:0005739
Q9VMI3	cellular_component	GO:0005740
Q9VMI3	cellular_component	GO:0005743
Q9VMI3	cellular_component	GO:0016020
Q9VMI3	cellular_component	GO:0019866
Q9VMI3	cellular_component	GO:0030964
Q9VMI3	cellular_component	GO:0031090
Q9VMI3	cellular_component	GO:0031966
Q9VMI3	cellular_component	GO:0031967
Q9VMI3	cellular_component	GO:0032991
Q9VMI3	cellular_component	GO:0043226
Q9VMI3	cellular_component	GO:0043227
Q9VMI3	cellular_component	GO:0043229
Q9VMI3	cellular_component	GO:0043231
Q9VMI3	cellular_component	GO:0045271
Q9VMI3	cellular_component	GO:0098796
Q9VMI3	cellular_component	GO:0098803
Q9VMI3	cellular_component	GO:0110165
Q9VMI3	cellular_component	GO:1902494
Q9VMI3	cellular_component	GO:1902495
Q9VMI3	cellular_component	GO:1990204
Q9VMI3	cellular_component	GO:1990351
Q9VMQ5	biological_process	GO:0006743
Q9VMQ5	biological_process	GO:0006744
Q9VMQ5	biological_process	GO:0008152
Q9VMQ5	biological_process	GO:0009058
Q9VMQ5	biological_process	GO:0009987
Q9VMQ5	biological_process	GO:0042180
Q9VMQ5	biological_process	GO:0042181
Q9VMQ5	biological_process	GO:0044281
Q9VMQ5	biological_process	GO:0044283
Q9VMQ5	biological_process	GO:1901661
Q9VMQ5	biological_process	GO:1901663
Q9VMX7	molecular_function	GO:0003824
Q9VMX7	molecular_function	GO:0016787
Q9VMX7	molecular_function	GO:0017171
Q9VMX9	molecular_function	GO:0003824
Q9VMX9	molecular_function	GO:0016787
Q9VMX9	molecular_function	GO:0017171
Q9VMY2	molecular_function	GO:0005488
Q9VMY2	molecular_function	GO:0005515
Q9VMY2	biological_process	GO:0009893
Q9VMY2	biological_process	GO:0009894
Q9VMY2	biological_process	GO:0009896
Q9VMY2	biological_process	GO:0010506
Q9VMY2	biological_process	GO:0010508
Q9VMY2	biological_process	GO:0019222
Q9VMY2	biological_process	GO:0042981
Q9VMY2	biological_process	GO:0043065
Q9VMY2	biological_process	GO:0043067
Q9VMY2	biological_process	GO:0043068
Q9VMY2	biological_process	GO:0048518
Q9VMY2	biological_process	GO:0048522
Q9VMY2	biological_process	GO:0050789
Q9VMY2	biological_process	GO:0050794
Q9VMY2	biological_process	GO:0065007
Q9VMY2	cellular_component	GO:0032991
Q9VMY2	cellular_component	GO:0097136
Q9VN57	biological_process	GO:0000226
Q9VN57	biological_process	GO:0001578
Q9VN57	biological_process	GO:0006996
Q9VN57	biological_process	GO:0007010
Q9VN57	biological_process	GO:0007017
Q9VN57	biological_process	GO:0009987
Q9VN57	biological_process	GO:0016043
Q9VN57	biological_process	GO:0022607
Q9VN57	biological_process	GO:0030030
Q9VN57	biological_process	GO:0030031
Q9VN57	biological_process	GO:0035082
Q9VN57	biological_process	GO:0036159
Q9VN57	biological_process	GO:0043933
Q9VN57	biological_process	GO:0044085
Q9VN57	biological_process	GO:0044782
Q9VN57	biological_process	GO:0060271
Q9VN57	biological_process	GO:0065003
Q9VN57	biological_process	GO:0070286
Q9VN57	biological_process	GO:0070925
Q9VN57	biological_process	GO:0071840
Q9VN57	biological_process	GO:0120031
Q9VN57	biological_process	GO:0120036
Q9VN57	cellular_component	GO:0005929
Q9VN57	cellular_component	GO:0042995
Q9VN57	cellular_component	GO:0043226
Q9VN57	cellular_component	GO:0043227
Q9VN57	cellular_component	GO:0097730
Q9VN57	cellular_component	GO:0097731
Q9VN57	cellular_component	GO:0110165
Q9VN57	cellular_component	GO:0120025
Q9VNC7	molecular_function	GO:0005215
Q9VNC7	molecular_function	GO:0008324
Q9VNC7	molecular_function	GO:0015075
Q9VNC7	molecular_function	GO:0015081
Q9VNC7	molecular_function	GO:0015291
Q9VNC7	molecular_function	GO:0015293
Q9VNC7	molecular_function	GO:0015294
Q9VNC7	molecular_function	GO:0015370
Q9VNC7	molecular_function	GO:0022804
Q9VNC7	molecular_function	GO:0022857
Q9VNC7	molecular_function	GO:0046873
Q9VNH1	molecular_function	GO:0003676
Q9VNH1	molecular_function	GO:0003723
Q9VNH1	molecular_function	GO:0005488
Q9VNH1	molecular_function	GO:0005515
Q9VNH1	molecular_function	GO:0017069
Q9VNH1	molecular_function	GO:0017070
Q9VNH1	biological_process	GO:0001510
Q9VNH1	biological_process	GO:0006139
Q9VNH1	biological_process	GO:0006396
Q9VNH1	biological_process	GO:0008152
Q9VNH1	biological_process	GO:0009058
Q9VNH1	biological_process	GO:0009059
Q9VNH1	biological_process	GO:0009451
Q9VNH1	biological_process	GO:0009987
Q9VNH1	biological_process	GO:0010467
Q9VNH1	biological_process	GO:0016070
Q9VNH1	biological_process	GO:0016073
Q9VNH1	biological_process	GO:0016180
Q9VNH1	biological_process	GO:0032259
Q9VNH1	biological_process	GO:0032774
Q9VNH1	biological_process	GO:0034654
Q9VNH1	biological_process	GO:0040031
Q9VNH1	biological_process	GO:0043170
Q9VNH1	biological_process	GO:0043412
Q9VNH1	biological_process	GO:0043414
Q9VNH1	biological_process	GO:0044238
Q9VNH1	biological_process	GO:0090304
Q9VNH1	biological_process	GO:0106349
Q9VNH1	biological_process	GO:0141187
Q9VNH1	cellular_component	GO:0005622
Q9VNH1	cellular_component	GO:0005634
Q9VNH1	cellular_component	GO:0043226
Q9VNH1	cellular_component	GO:0043227
Q9VNH1	cellular_component	GO:0043229
Q9VNH1	cellular_component	GO:0043231
Q9VNH1	cellular_component	GO:0110165
Q9VNI9	biological_process	GO:0009894
Q9VNI9	biological_process	GO:0010506
Q9VNI9	biological_process	GO:0019222
Q9VNI9	biological_process	GO:0032879
Q9VNI9	biological_process	GO:0050789
Q9VNI9	biological_process	GO:0050794
Q9VNI9	biological_process	GO:0051049
Q9VNI9	biological_process	GO:0060627
Q9VNI9	biological_process	GO:0065007
Q9VNX7	molecular_function	GO:0005488
Q9VNX7	molecular_function	GO:0005515
Q9VPE2	biological_process	GO:0006091
Q9VPE2	biological_process	GO:0006119
Q9VPE2	biological_process	GO:0006120
Q9VPE2	biological_process	GO:0008152
Q9VPE2	biological_process	GO:0009060
Q9VPE2	biological_process	GO:0009987
Q9VPE2	biological_process	GO:0015980
Q9VPE2	biological_process	GO:0019646
Q9VPE2	biological_process	GO:0022900
Q9VPE2	biological_process	GO:0022904
Q9VPE2	biological_process	GO:0042773
Q9VPE2	biological_process	GO:0042775
Q9VPE2	biological_process	GO:0045333
Q9VPE2	cellular_component	GO:0005622
Q9VPE2	cellular_component	GO:0005737
Q9VPE2	cellular_component	GO:0005739
Q9VPE2	cellular_component	GO:0005740
Q9VPE2	cellular_component	GO:0005743
Q9VPE2	cellular_component	GO:0016020
Q9VPE2	cellular_component	GO:0019866
Q9VPE2	cellular_component	GO:0030964
Q9VPE2	cellular_component	GO:0031090
Q9VPE2	cellular_component	GO:0031966
Q9VPE2	cellular_component	GO:0031967
Q9VPE2	cellular_component	GO:0032991
Q9VPE2	cellular_component	GO:0043226
Q9VPE2	cellular_component	GO:0043227
Q9VPE2	cellular_component	GO:0043229
Q9VPE2	cellular_component	GO:0043231
Q9VPE2	cellular_component	GO:0045271
Q9VPE2	cellular_component	GO:0098796
Q9VPE2	cellular_component	GO:0098803
Q9VPE2	cellular_component	GO:0110165
Q9VPE2	cellular_component	GO:1902494
Q9VPE2	cellular_component	GO:1902495
Q9VPE2	cellular_component	GO:1990204
Q9VPE2	cellular_component	GO:1990351
Q9VPF3	biological_process	GO:0006520
Q9VPF3	biological_process	GO:0006572
Q9VPF3	biological_process	GO:0008152
Q9VPF3	biological_process	GO:0009056
Q9VPF3	biological_process	GO:0009063
Q9VPF3	biological_process	GO:0009072
Q9VPF3	biological_process	GO:0009074
Q9VPF3	biological_process	GO:0009987
Q9VPF3	biological_process	GO:0019752
Q9VPF3	biological_process	GO:0043436
Q9VPF3	biological_process	GO:0044238
Q9VPF3	biological_process	GO:0044281
Q9VPF3	biological_process	GO:0044282
Q9VPF3	biological_process	GO:0046395
Q9VPF3	biological_process	GO:0170039
Q9VPF3	biological_process	GO:0170040
Q9VPF3	cellular_component	GO:0005622
Q9VPF3	cellular_component	GO:0005737
Q9VPF3	cellular_component	GO:0110165
Q9VPF9	cellular_component	GO:0005622
Q9VPF9	cellular_component	GO:0005634
Q9VPF9	cellular_component	GO:0032039
Q9VPF9	cellular_component	GO:0032991
Q9VPF9	cellular_component	GO:0043226
Q9VPF9	cellular_component	GO:0043227
Q9VPF9	cellular_component	GO:0043229
Q9VPF9	cellular_component	GO:0043231
Q9VPF9	cellular_component	GO:0110165
Q9VPF9	cellular_component	GO:0140513
Q9VPN7	molecular_function	GO:0003824
Q9VPN7	molecular_function	GO:0016787
Q9VPN7	molecular_function	GO:0017171
Q9VPN8	molecular_function	GO:0003824
Q9VPN8	molecular_function	GO:0016787
Q9VPN8	molecular_function	GO:0017171
Q9VQ26	biological_process	GO:0006914
Q9VQ26	biological_process	GO:0008152
Q9VQ26	biological_process	GO:0009056
Q9VQ26	biological_process	GO:0009987
Q9VQ26	biological_process	GO:0016236
Q9VQ26	biological_process	GO:0061919
Q9VQA0	molecular_function	GO:0003824
Q9VQA0	molecular_function	GO:0016787
Q9VQA0	molecular_function	GO:0017171
Q9VQA2	molecular_function	GO:0005488
Q9VQA2	molecular_function	GO:0005515
Q9VQQ6	molecular_function	GO:0005488
Q9VQQ6	molecular_function	GO:0005515
Q9VQR3	biological_process	GO:0000724
Q9VQR3	biological_process	GO:0000725
Q9VQR3	biological_process	GO:0000727
Q9VQR3	biological_process	GO:0006139
Q9VQR3	biological_process	GO:0006259
Q9VQR3	biological_process	GO:0006281
Q9VQR3	biological_process	GO:0006302
Q9VQR3	biological_process	GO:0006310
Q9VQR3	biological_process	GO:0006950
Q9VQR3	biological_process	GO:0006974
Q9VQR3	biological_process	GO:0008152
Q9VQR3	biological_process	GO:0009987
Q9VQR3	biological_process	GO:0033554
Q9VQR3	biological_process	GO:0043170
Q9VQR3	biological_process	GO:0044238
Q9VQR3	biological_process	GO:0050896
Q9VQR3	biological_process	GO:0051716
Q9VQR3	biological_process	GO:0090304
Q9VR06	biological_process	GO:0033043
Q9VR06	biological_process	GO:0044088
Q9VR06	biological_process	GO:0050789
Q9VR06	biological_process	GO:0050794
Q9VR06	biological_process	GO:0051128
Q9VR06	biological_process	GO:0065007
Q9VR06	biological_process	GO:1905671
Q9VR56	molecular_function	GO:0003824
Q9VR56	molecular_function	GO:0008168
Q9VR56	molecular_function	GO:0008173
Q9VR56	molecular_function	GO:0008175
Q9VR56	molecular_function	GO:0008757
Q9VR56	molecular_function	GO:0016423
Q9VR56	molecular_function	GO:0016740
Q9VR56	molecular_function	GO:0016741
Q9VR56	molecular_function	GO:0052905
Q9VR56	molecular_function	GO:0140098
Q9VR56	molecular_function	GO:0140101
Q9VR56	molecular_function	GO:0140640
Q9VR56	biological_process	GO:0001510
Q9VR56	biological_process	GO:0002939
Q9VR56	biological_process	GO:0006139
Q9VR56	biological_process	GO:0006396
Q9VR56	biological_process	GO:0006399
Q9VR56	biological_process	GO:0006400
Q9VR56	biological_process	GO:0006950
Q9VR56	biological_process	GO:0008033
Q9VR56	biological_process	GO:0008152
Q9VR56	biological_process	GO:0009058
Q9VR56	biological_process	GO:0009059
Q9VR56	biological_process	GO:0009266
Q9VR56	biological_process	GO:0009408
Q9VR56	biological_process	GO:0009451
Q9VR56	biological_process	GO:0009628
Q9VR56	biological_process	GO:0009889
Q9VR56	biological_process	GO:0009891
Q9VR56	biological_process	GO:0009893
Q9VR56	biological_process	GO:0009894
Q9VR56	biological_process	GO:0009987
Q9VR56	biological_process	GO:0010467
Q9VR56	biological_process	GO:0010468
Q9VR56	biological_process	GO:0010556
Q9VR56	biological_process	GO:0010557
Q9VR56	biological_process	GO:0010604
Q9VR56	biological_process	GO:0010608
Q9VR56	biological_process	GO:0010628
Q9VR56	biological_process	GO:0016070
Q9VR56	biological_process	GO:0019219
Q9VR56	biological_process	GO:0019222
Q9VR56	biological_process	GO:0030488
Q9VR56	biological_process	GO:0032259
Q9VR56	biological_process	GO:0032774
Q9VR56	biological_process	GO:0033554
Q9VR56	biological_process	GO:0034605
Q9VR56	biological_process	GO:0034654
Q9VR56	biological_process	GO:0043170
Q9VR56	biological_process	GO:0043412
Q9VR56	biological_process	GO:0043414
Q9VR56	biological_process	GO:0043487
Q9VR56	biological_process	GO:0043488
Q9VR56	biological_process	GO:0044238
Q9VR56	biological_process	GO:0048518
Q9VR56	biological_process	GO:0048522
Q9VR56	biological_process	GO:0050789
Q9VR56	biological_process	GO:0050794
Q9VR56	biological_process	GO:0050896
Q9VR56	biological_process	GO:0051252
Q9VR56	biological_process	GO:0051716
Q9VR56	biological_process	GO:0060255
Q9VR56	biological_process	GO:0061013
Q9VR56	biological_process	GO:0065007
Q9VR56	biological_process	GO:0065008
Q9VR56	biological_process	GO:0080090
Q9VR56	biological_process	GO:0090304
Q9VR56	biological_process	GO:0141187
Q9VR56	biological_process	GO:1903311
Q9VR56	biological_process	GO:1905868
Q9VR56	biological_process	GO:1905870
Q9VR56	cellular_component	GO:0000785
Q9VR56	cellular_component	GO:0005622
Q9VR56	cellular_component	GO:0005634
Q9VR56	cellular_component	GO:0005694
Q9VR56	cellular_component	GO:0005730
Q9VR56	cellular_component	GO:0031974
Q9VR56	cellular_component	GO:0031981
Q9VR56	cellular_component	GO:0043226
Q9VR56	cellular_component	GO:0043227
Q9VR56	cellular_component	GO:0043228
Q9VR56	cellular_component	GO:0043229
Q9VR56	cellular_component	GO:0043231
Q9VR56	cellular_component	GO:0043232
Q9VR56	cellular_component	GO:0043233
Q9VR56	cellular_component	GO:0070013
Q9VR56	cellular_component	GO:0110165
Q9VRF3	molecular_function	GO:0005488
Q9VRF3	molecular_function	GO:0005515
Q9VRS3	molecular_function	GO:0003824
Q9VRS3	molecular_function	GO:0016787
Q9VRS3	molecular_function	GO:0017171
Q9VRS9	molecular_function	GO:0003824
Q9VRS9	molecular_function	GO:0016787
Q9VRS9	molecular_function	GO:0017171
Q9VRY5	biological_process	GO:0006996
Q9VRY5	biological_process	GO:0009987
Q9VRY5	biological_process	GO:0016043
Q9VRY5	biological_process	GO:0022607
Q9VRY5	biological_process	GO:0022613
Q9VRY5	biological_process	GO:0042254
Q9VRY5	biological_process	GO:0042255
Q9VRY5	biological_process	GO:0042256
Q9VRY5	biological_process	GO:0044085
Q9VRY5	biological_process	GO:0070925
Q9VRY5	biological_process	GO:0071840
Q9VRY5	biological_process	GO:0140694
Q9VS90	biological_process	GO:0001539
Q9VS90	biological_process	GO:0003341
Q9VS90	biological_process	GO:0007017
Q9VS90	biological_process	GO:0007018
Q9VS90	biological_process	GO:0009987
Q9VS90	biological_process	GO:0022414
Q9VS90	biological_process	GO:0030317
Q9VS90	biological_process	GO:0048870
Q9VS90	biological_process	GO:0060285
Q9VS90	biological_process	GO:0060294
Q9VS90	biological_process	GO:0097722
Q9VS90	cellular_component	GO:0005929
Q9VS90	cellular_component	GO:0031514
Q9VS90	cellular_component	GO:0036126
Q9VS90	cellular_component	GO:0042995
Q9VS90	cellular_component	GO:0043226
Q9VS90	cellular_component	GO:0043227
Q9VS90	cellular_component	GO:0097729
Q9VS90	cellular_component	GO:0110165
Q9VS90	cellular_component	GO:0120025
Q9VS91	molecular_function	GO:0005488
Q9VS91	molecular_function	GO:0005515
Q9VS91	molecular_function	GO:0008092
Q9VS91	molecular_function	GO:0015631
Q9VS91	molecular_function	GO:0043015
Q9VS91	cellular_component	GO:0000930
Q9VS91	cellular_component	GO:0005622
Q9VS91	cellular_component	GO:0005737
Q9VS91	cellular_component	GO:0005814
Q9VS91	cellular_component	GO:0005815
Q9VS91	cellular_component	GO:0005829
Q9VS91	cellular_component	GO:0005856
Q9VS91	cellular_component	GO:0015630
Q9VS91	cellular_component	GO:0032991
Q9VS91	cellular_component	GO:0043226
Q9VS91	cellular_component	GO:0043228
Q9VS91	cellular_component	GO:0043229
Q9VS91	cellular_component	GO:0043232
Q9VS91	cellular_component	GO:0110165
Q9VSC1	molecular_function	GO:0005488
Q9VSC1	molecular_function	GO:0005515
Q9VSE8	biological_process	GO:0006139
Q9VSE8	biological_process	GO:0006753
Q9VSE8	biological_process	GO:0006793
Q9VSE8	biological_process	GO:0008152
Q9VSE8	biological_process	GO:0009058
Q9VSE8	biological_process	GO:0009225
Q9VSE8	biological_process	GO:0009226
Q9VSE8	biological_process	GO:0009987
Q9VSE8	biological_process	GO:0019637
Q9VSE8	biological_process	GO:0033319
Q9VSE8	biological_process	GO:0033320
Q9VSE8	biological_process	GO:0034654
Q9VSE8	biological_process	GO:0044238
Q9VSE8	biological_process	GO:0044281
Q9VSE8	biological_process	GO:0055086
Q9VSE8	biological_process	GO:0090407
Q9VSE8	biological_process	GO:1901135
Q9VSE8	biological_process	GO:1901137
Q9VSE8	biological_process	GO:1901293
Q9VSK9	molecular_function	GO:0003824
Q9VSK9	molecular_function	GO:0009982
Q9VSK9	molecular_function	GO:0016853
Q9VSK9	molecular_function	GO:0016866
Q9VSK9	biological_process	GO:0001522
Q9VSK9	biological_process	GO:0006139
Q9VSK9	biological_process	GO:0006396
Q9VSK9	biological_process	GO:0006399
Q9VSK9	biological_process	GO:0006400
Q9VSK9	biological_process	GO:0008033
Q9VSK9	biological_process	GO:0008152
Q9VSK9	biological_process	GO:0009058
Q9VSK9	biological_process	GO:0009059
Q9VSK9	biological_process	GO:0009451
Q9VSK9	biological_process	GO:0009987
Q9VSK9	biological_process	GO:0010467
Q9VSK9	biological_process	GO:0016070
Q9VSK9	biological_process	GO:0031119
Q9VSK9	biological_process	GO:0032774
Q9VSK9	biological_process	GO:0034654
Q9VSK9	biological_process	GO:0043170
Q9VSK9	biological_process	GO:0043412
Q9VSK9	biological_process	GO:0044238
Q9VSK9	biological_process	GO:0090304
Q9VSK9	biological_process	GO:0141187
Q9VSM7	biological_process	GO:0003006
Q9VSM7	biological_process	GO:0007276
Q9VSM7	biological_process	GO:0007281
Q9VSM7	biological_process	GO:0007283
Q9VSM7	biological_process	GO:0007286
Q9VSM7	biological_process	GO:0009987
Q9VSM7	biological_process	GO:0019953
Q9VSM7	biological_process	GO:0022412
Q9VSM7	biological_process	GO:0022414
Q9VSM7	biological_process	GO:0030154
Q9VSM7	biological_process	GO:0032502
Q9VSM7	biological_process	GO:0048232
Q9VSM7	biological_process	GO:0048468
Q9VSM7	biological_process	GO:0048515
Q9VSM7	biological_process	GO:0048609
Q9VSM7	biological_process	GO:0048856
Q9VSM7	biological_process	GO:0048869
Q9VSM7	cellular_component	GO:0005622
Q9VSM7	cellular_component	GO:0016007
Q9VSM7	cellular_component	GO:0016008
Q9VSM7	cellular_component	GO:0043226
Q9VSM7	cellular_component	GO:0043227
Q9VSM7	cellular_component	GO:0043229
Q9VSM7	cellular_component	GO:0043231
Q9VSM7	cellular_component	GO:0110165
Q9VSN7	biological_process	GO:0006810
Q9VSN7	biological_process	GO:0006886
Q9VSN7	biological_process	GO:0006996
Q9VSN7	biological_process	GO:0007031
Q9VSN7	biological_process	GO:0008104
Q9VSN7	biological_process	GO:0009987
Q9VSN7	biological_process	GO:0015031
Q9VSN7	biological_process	GO:0015919
Q9VSN7	biological_process	GO:0016043
Q9VSN7	biological_process	GO:0016558
Q9VSN7	biological_process	GO:0033036
Q9VSN7	biological_process	GO:0033365
Q9VSN7	biological_process	GO:0043574
Q9VSN7	biological_process	GO:0044743
Q9VSN7	biological_process	GO:0045184
Q9VSN7	biological_process	GO:0046907
Q9VSN7	biological_process	GO:0051179
Q9VSN7	biological_process	GO:0051234
Q9VSN7	biological_process	GO:0051641
Q9VSN7	biological_process	GO:0051649
Q9VSN7	biological_process	GO:0055085
Q9VSN7	biological_process	GO:0065002
Q9VSN7	biological_process	GO:0071806
Q9VSN7	biological_process	GO:0071840
Q9VSN7	biological_process	GO:0072594
Q9VSN7	biological_process	GO:0072662
Q9VSN7	biological_process	GO:0072663
Q9VSN7	cellular_component	GO:0005622
Q9VSN7	cellular_component	GO:0005737
Q9VSN7	cellular_component	GO:0005777
Q9VSN7	cellular_component	GO:0005829
Q9VSN7	cellular_component	GO:0042579
Q9VSN7	cellular_component	GO:0043226
Q9VSN7	cellular_component	GO:0043227
Q9VSN7	cellular_component	GO:0043229
Q9VSN7	cellular_component	GO:0043231
Q9VSN7	cellular_component	GO:0110165
Q9VSU6	molecular_function	GO:0003824
Q9VSU6	molecular_function	GO:0004155
Q9VSU6	molecular_function	GO:0016491
Q9VSU6	molecular_function	GO:0016645
Q9VSU6	molecular_function	GO:0016646
Q9VSW4	cellular_component	GO:0005622
Q9VSW4	cellular_component	GO:0005737
Q9VSW4	cellular_component	GO:0005739
Q9VSW4	cellular_component	GO:0005759
Q9VSW4	cellular_component	GO:0031974
Q9VSW4	cellular_component	GO:0043226
Q9VSW4	cellular_component	GO:0043227
Q9VSW4	cellular_component	GO:0043229
Q9VSW4	cellular_component	GO:0043231
Q9VSW4	cellular_component	GO:0043233
Q9VSW4	cellular_component	GO:0070013
Q9VSW4	cellular_component	GO:0110165
Q9VT23	molecular_function	GO:0003824
Q9VT23	molecular_function	GO:0016787
Q9VT23	molecular_function	GO:0017171
Q9VT29	molecular_function	GO:0003824
Q9VT29	molecular_function	GO:0004112
Q9VT29	molecular_function	GO:0008081
Q9VT29	molecular_function	GO:0016787
Q9VT29	molecular_function	GO:0016788
Q9VT29	molecular_function	GO:0042578
Q9VT31	biological_process	GO:0000226
Q9VT31	biological_process	GO:0001539
Q9VT31	biological_process	GO:0001578
Q9VT31	biological_process	GO:0003006
Q9VT31	biological_process	GO:0003341
Q9VT31	biological_process	GO:0006996
Q9VT31	biological_process	GO:0007010
Q9VT31	biological_process	GO:0007017
Q9VT31	biological_process	GO:0007018
Q9VT31	biological_process	GO:0007276
Q9VT31	biological_process	GO:0007281
Q9VT31	biological_process	GO:0007283
Q9VT31	biological_process	GO:0007286
Q9VT31	biological_process	GO:0007288
Q9VT31	biological_process	GO:0009987
Q9VT31	biological_process	GO:0016043
Q9VT31	biological_process	GO:0019953
Q9VT31	biological_process	GO:0022412
Q9VT31	biological_process	GO:0022414
Q9VT31	biological_process	GO:0022607
Q9VT31	biological_process	GO:0030030
Q9VT31	biological_process	GO:0030031
Q9VT31	biological_process	GO:0030154
Q9VT31	biological_process	GO:0030317
Q9VT31	biological_process	GO:0032502
Q9VT31	biological_process	GO:0035082
Q9VT31	biological_process	GO:0044085
Q9VT31	biological_process	GO:0044458
Q9VT31	biological_process	GO:0044782
Q9VT31	biological_process	GO:0048232
Q9VT31	biological_process	GO:0048468
Q9VT31	biological_process	GO:0048515
Q9VT31	biological_process	GO:0048609
Q9VT31	biological_process	GO:0048856
Q9VT31	biological_process	GO:0048869
Q9VT31	biological_process	GO:0048870
Q9VT31	biological_process	GO:0060271
Q9VT31	biological_process	GO:0060285
Q9VT31	biological_process	GO:0060294
Q9VT31	biological_process	GO:0070925
Q9VT31	biological_process	GO:0071840
Q9VT31	biological_process	GO:0097722
Q9VT31	biological_process	GO:0120031
Q9VT31	biological_process	GO:0120036
Q9VT31	biological_process	GO:0120316
Q9VT31	cellular_component	GO:0005622
Q9VT31	cellular_component	GO:0005737
Q9VT31	cellular_component	GO:0005856
Q9VT31	cellular_component	GO:0005929
Q9VT31	cellular_component	GO:0005930
Q9VT31	cellular_component	GO:0042995
Q9VT31	cellular_component	GO:0043226
Q9VT31	cellular_component	GO:0043227
Q9VT31	cellular_component	GO:0043228
Q9VT31	cellular_component	GO:0043229
Q9VT31	cellular_component	GO:0043232
Q9VT31	cellular_component	GO:0097014
Q9VT31	cellular_component	GO:0110165
Q9VT31	cellular_component	GO:0120025
Q9VTF5	biological_process	GO:0006873
Q9VTF5	biological_process	GO:0006874
Q9VTF5	biological_process	GO:0019725
Q9VTF5	biological_process	GO:0030003
Q9VTF5	biological_process	GO:0032469
Q9VTF5	biological_process	GO:0032470
Q9VTF5	biological_process	GO:0042592
Q9VTF5	biological_process	GO:0048878
Q9VTF5	biological_process	GO:0050801
Q9VTF5	biological_process	GO:0055074
Q9VTF5	biological_process	GO:0055080
Q9VTF5	biological_process	GO:0055082
Q9VTF5	biological_process	GO:0098771
Q9VTF5	cellular_component	GO:0005622
Q9VTF5	cellular_component	GO:0005737
Q9VTF5	cellular_component	GO:0005783
Q9VTF5	cellular_component	GO:0012505
Q9VTF5	cellular_component	GO:0043226
Q9VTF5	cellular_component	GO:0043227
Q9VTF5	cellular_component	GO:0043229
Q9VTF5	cellular_component	GO:0043231
Q9VTF5	cellular_component	GO:0110165
Q9VTV4	biological_process	GO:0006139
Q9VTV4	biological_process	GO:0006396
Q9VTV4	biological_process	GO:0006399
Q9VTV4	biological_process	GO:0008033
Q9VTV4	biological_process	GO:0008152
Q9VTV4	biological_process	GO:0009058
Q9VTV4	biological_process	GO:0009059
Q9VTV4	biological_process	GO:0009987
Q9VTV4	biological_process	GO:0010467
Q9VTV4	biological_process	GO:0016070
Q9VTV4	biological_process	GO:0032774
Q9VTV4	biological_process	GO:0034654
Q9VTV4	biological_process	GO:0043170
Q9VTV4	biological_process	GO:0044238
Q9VTV4	biological_process	GO:0090304
Q9VTV4	biological_process	GO:0141187
Q9VTY4	molecular_function	GO:0005488
Q9VTY4	molecular_function	GO:0005515
Q9VU70	cellular_component	GO:0005622
Q9VU70	cellular_component	GO:0005737
Q9VU70	cellular_component	GO:0005829
Q9VU70	cellular_component	GO:0110165
Q9VUG2	molecular_function	GO:0003824
Q9VUG2	molecular_function	GO:0016787
Q9VUG2	molecular_function	GO:0017171
Q9VUK5	molecular_function	GO:0004888
Q9VUK5	molecular_function	GO:0004984
Q9VUK5	molecular_function	GO:0005215
Q9VUK5	molecular_function	GO:0005216
Q9VUK5	molecular_function	GO:0005261
Q9VUK5	molecular_function	GO:0008324
Q9VUK5	molecular_function	GO:0015075
Q9VUK5	molecular_function	GO:0015267
Q9VUK5	molecular_function	GO:0015276
Q9VUK5	molecular_function	GO:0022803
Q9VUK5	molecular_function	GO:0022834
Q9VUK5	molecular_function	GO:0022836
Q9VUK5	molecular_function	GO:0022857
Q9VUK5	molecular_function	GO:0038023
Q9VUK5	molecular_function	GO:0060089
Q9VUK5	molecular_function	GO:0099094
Q9VUK5	molecular_function	GO:0170020
Q9VUK5	biological_process	GO:0006810
Q9VUK5	biological_process	GO:0006811
Q9VUK5	biological_process	GO:0006812
Q9VUK5	biological_process	GO:0009987
Q9VUK5	biological_process	GO:0034220
Q9VUK5	biological_process	GO:0051179
Q9VUK5	biological_process	GO:0051234
Q9VUK5	biological_process	GO:0055085
Q9VUK5	biological_process	GO:0098655
Q9VUM4	molecular_function	GO:0003824
Q9VUM4	molecular_function	GO:0004601
Q9VUM4	molecular_function	GO:0016209
Q9VUM4	molecular_function	GO:0016491
Q9VUM4	molecular_function	GO:0016684
Q9VUM4	molecular_function	GO:0051920
Q9VV76	molecular_function	GO:0005488
Q9VV76	molecular_function	GO:0005515
Q9VV77	biological_process	GO:0006513
Q9VV77	biological_process	GO:0008152
Q9VV77	biological_process	GO:0009987
Q9VV77	biological_process	GO:0016567
Q9VV77	biological_process	GO:0019538
Q9VV77	biological_process	GO:0032446
Q9VV77	biological_process	GO:0036211
Q9VV77	biological_process	GO:0043170
Q9VV77	biological_process	GO:0043412
Q9VV77	biological_process	GO:0043687
Q9VV77	biological_process	GO:0044238
Q9VV77	biological_process	GO:0070647
Q9VV77	cellular_component	GO:0005622
Q9VV77	cellular_component	GO:0005634
Q9VV77	cellular_component	GO:0031519
Q9VV77	cellular_component	GO:0032991
Q9VV77	cellular_component	GO:0043226
Q9VV77	cellular_component	GO:0043227
Q9VV77	cellular_component	GO:0043229
Q9VV77	cellular_component	GO:0043231
Q9VV77	cellular_component	GO:0110165
Q9VV77	cellular_component	GO:0140513
Q9VVF0	cellular_component	GO:0005622
Q9VVF0	cellular_component	GO:0005737
Q9VVF0	cellular_component	GO:0005739
Q9VVF0	cellular_component	GO:0005740
Q9VVF0	cellular_component	GO:0005743
Q9VVF0	cellular_component	GO:0016020
Q9VVF0	cellular_component	GO:0019866
Q9VVF0	cellular_component	GO:0031090
Q9VVF0	cellular_component	GO:0031966
Q9VVF0	cellular_component	GO:0031967
Q9VVF0	cellular_component	GO:0043226
Q9VVF0	cellular_component	GO:0043227
Q9VVF0	cellular_component	GO:0043229
Q9VVF0	cellular_component	GO:0043231
Q9VVF0	cellular_component	GO:0110165
Q9VVG5	biological_process	GO:0006091
Q9VVG5	biological_process	GO:0006119
Q9VVG5	biological_process	GO:0006123
Q9VVG5	biological_process	GO:0008152
Q9VVG5	biological_process	GO:0009060
Q9VVG5	biological_process	GO:0009987
Q9VVG5	biological_process	GO:0015980
Q9VVG5	biological_process	GO:0019646
Q9VVG5	biological_process	GO:0022900
Q9VVG5	biological_process	GO:0022904
Q9VVG5	biological_process	GO:0042773
Q9VVG5	biological_process	GO:0042775
Q9VVG5	biological_process	GO:0045333
Q9VVG5	cellular_component	GO:0005622
Q9VVG5	cellular_component	GO:0005737
Q9VVG5	cellular_component	GO:0005739
Q9VVG5	cellular_component	GO:0005740
Q9VVG5	cellular_component	GO:0005743
Q9VVG5	cellular_component	GO:0016020
Q9VVG5	cellular_component	GO:0019866
Q9VVG5	cellular_component	GO:0031090
Q9VVG5	cellular_component	GO:0031966
Q9VVG5	cellular_component	GO:0031967
Q9VVG5	cellular_component	GO:0032991
Q9VVG5	cellular_component	GO:0043226
Q9VVG5	cellular_component	GO:0043227
Q9VVG5	cellular_component	GO:0043229
Q9VVG5	cellular_component	GO:0043231
Q9VVG5	cellular_component	GO:0045277
Q9VVG5	cellular_component	GO:0070069
Q9VVG5	cellular_component	GO:0098796
Q9VVG5	cellular_component	GO:0098803
Q9VVG5	cellular_component	GO:0110165
Q9VVG5	cellular_component	GO:1902494
Q9VVG5	cellular_component	GO:1902495
Q9VVG5	cellular_component	GO:1990204
Q9VVG5	cellular_component	GO:1990351
Q9VVG6	biological_process	GO:0006743
Q9VVG6	biological_process	GO:0006744
Q9VVG6	biological_process	GO:0008152
Q9VVG6	biological_process	GO:0009058
Q9VVG6	biological_process	GO:0009987
Q9VVG6	biological_process	GO:0042180
Q9VVG6	biological_process	GO:0042181
Q9VVG6	biological_process	GO:0044281
Q9VVG6	biological_process	GO:0044283
Q9VVG6	biological_process	GO:1901661
Q9VVG6	biological_process	GO:1901663
Q9VVH8	molecular_function	GO:0005488
Q9VVH8	molecular_function	GO:0005515
Q9VVK8	molecular_function	GO:0003676
Q9VVK8	molecular_function	GO:0003723
Q9VVK8	molecular_function	GO:0003724
Q9VVK8	molecular_function	GO:0003824
Q9VVK8	molecular_function	GO:0004386
Q9VVK8	molecular_function	GO:0005488
Q9VVK8	molecular_function	GO:0008186
Q9VVK8	molecular_function	GO:0016853
Q9VVK8	molecular_function	GO:0019843
Q9VVK8	molecular_function	GO:0120543
Q9VVK8	molecular_function	GO:0120545
Q9VVK8	molecular_function	GO:0140098
Q9VVK8	molecular_function	GO:0140640
Q9VVK8	molecular_function	GO:0140657
Q9VVK8	biological_process	GO:0006139
Q9VVK8	biological_process	GO:0006364
Q9VVK8	biological_process	GO:0006396
Q9VVK8	biological_process	GO:0008152
Q9VVK8	biological_process	GO:0009058
Q9VVK8	biological_process	GO:0009059
Q9VVK8	biological_process	GO:0009987
Q9VVK8	biological_process	GO:0010467
Q9VVK8	biological_process	GO:0016070
Q9VVK8	biological_process	GO:0016072
Q9VVK8	biological_process	GO:0022613
Q9VVK8	biological_process	GO:0032774
Q9VVK8	biological_process	GO:0034654
Q9VVK8	biological_process	GO:0042254
Q9VVK8	biological_process	GO:0043170
Q9VVK8	biological_process	GO:0044085
Q9VVK8	biological_process	GO:0044238
Q9VVK8	biological_process	GO:0071840
Q9VVK8	biological_process	GO:0090304
Q9VVK8	biological_process	GO:0141187
Q9VVK8	cellular_component	GO:0005622
Q9VVK8	cellular_component	GO:0005634
Q9VVK8	cellular_component	GO:0005730
Q9VVK8	cellular_component	GO:0005737
Q9VVK8	cellular_component	GO:0005829
Q9VVK8	cellular_component	GO:0031974
Q9VVK8	cellular_component	GO:0031981
Q9VVK8	cellular_component	GO:0043226
Q9VVK8	cellular_component	GO:0043227
Q9VVK8	cellular_component	GO:0043228
Q9VVK8	cellular_component	GO:0043229
Q9VVK8	cellular_component	GO:0043231
Q9VVK8	cellular_component	GO:0043232
Q9VVK8	cellular_component	GO:0043233
Q9VVK8	cellular_component	GO:0070013
Q9VVK8	cellular_component	GO:0110165
Q9VVL5	molecular_function	GO:0005488
Q9VVL5	molecular_function	GO:0005515
Q9VVL7	biological_process	GO:0006091
Q9VVL7	biological_process	GO:0006099
Q9VVL7	biological_process	GO:0006520
Q9VVL7	biological_process	GO:0006550
Q9VVL7	biological_process	GO:0006551
Q9VVL7	biological_process	GO:0006552
Q9VVL7	biological_process	GO:0006574
Q9VVL7	biological_process	GO:0008152
Q9VVL7	biological_process	GO:0009056
Q9VVL7	biological_process	GO:0009060
Q9VVL7	biological_process	GO:0009063
Q9VVL7	biological_process	GO:0009081
Q9VVL7	biological_process	GO:0009083
Q9VVL7	biological_process	GO:0009987
Q9VVL7	biological_process	GO:0015980
Q9VVL7	biological_process	GO:0019752
Q9VVL7	biological_process	GO:0043436
Q9VVL7	biological_process	GO:0044238
Q9VVL7	biological_process	GO:0044281
Q9VVL7	biological_process	GO:0044282
Q9VVL7	biological_process	GO:0045333
Q9VVL7	biological_process	GO:0046395
Q9VVL7	biological_process	GO:0170039
Q9VVL7	biological_process	GO:0170040
Q9VVL7	cellular_component	GO:0005622
Q9VVL7	cellular_component	GO:0005737
Q9VVL7	cellular_component	GO:0030016
Q9VVL7	cellular_component	GO:0030017
Q9VVL7	cellular_component	GO:0030018
Q9VVL7	cellular_component	GO:0031674
Q9VVL7	cellular_component	GO:0043226
Q9VVL7	cellular_component	GO:0043228
Q9VVL7	cellular_component	GO:0043229
Q9VVL7	cellular_component	GO:0043232
Q9VVL7	cellular_component	GO:0043292
Q9VVL7	cellular_component	GO:0099080
Q9VVL7	cellular_component	GO:0099081
Q9VVL7	cellular_component	GO:0099512
Q9VVL7	cellular_component	GO:0110165
Q9VW10	molecular_function	GO:0005488
Q9VW10	molecular_function	GO:0005515
Q9VW22	biological_process	GO:0006810
Q9VW22	biological_process	GO:0009987
Q9VW22	biological_process	GO:0016192
Q9VW22	biological_process	GO:0048193
Q9VW22	biological_process	GO:0051179
Q9VW22	biological_process	GO:0051234
Q9VW22	cellular_component	GO:0005622
Q9VW22	cellular_component	GO:0005737
Q9VW22	cellular_component	GO:0005794
Q9VW22	cellular_component	GO:0012505
Q9VW22	cellular_component	GO:0030008
Q9VW22	cellular_component	GO:0032991
Q9VW22	cellular_component	GO:0043226
Q9VW22	cellular_component	GO:0043227
Q9VW22	cellular_component	GO:0043229
Q9VW22	cellular_component	GO:0043231
Q9VW22	cellular_component	GO:0099023
Q9VW22	cellular_component	GO:0110165
Q9VW22	cellular_component	GO:0140535
Q9VW22	cellular_component	GO:1990072
Q9VWA6	molecular_function	GO:0005488
Q9VWA6	molecular_function	GO:0005515
Q9VWI0	biological_process	GO:0006091
Q9VWI0	biological_process	GO:0006119
Q9VWI0	biological_process	GO:0006120
Q9VWI0	biological_process	GO:0008152
Q9VWI0	biological_process	GO:0009060
Q9VWI0	biological_process	GO:0009987
Q9VWI0	biological_process	GO:0015980
Q9VWI0	biological_process	GO:0019646
Q9VWI0	biological_process	GO:0022900
Q9VWI0	biological_process	GO:0022904
Q9VWI0	biological_process	GO:0042773
Q9VWI0	biological_process	GO:0042775
Q9VWI0	biological_process	GO:0045333
Q9VWI0	cellular_component	GO:0005622
Q9VWI0	cellular_component	GO:0005737
Q9VWI0	cellular_component	GO:0005739
Q9VWI0	cellular_component	GO:0005740
Q9VWI0	cellular_component	GO:0005743
Q9VWI0	cellular_component	GO:0016020
Q9VWI0	cellular_component	GO:0019866
Q9VWI0	cellular_component	GO:0030964
Q9VWI0	cellular_component	GO:0031090
Q9VWI0	cellular_component	GO:0031966
Q9VWI0	cellular_component	GO:0031967
Q9VWI0	cellular_component	GO:0032991
Q9VWI0	cellular_component	GO:0043226
Q9VWI0	cellular_component	GO:0043227
Q9VWI0	cellular_component	GO:0043229
Q9VWI0	cellular_component	GO:0043231
Q9VWI0	cellular_component	GO:0045271
Q9VWI0	cellular_component	GO:0098796
Q9VWI0	cellular_component	GO:0098803
Q9VWI0	cellular_component	GO:0110165
Q9VWI0	cellular_component	GO:1902494
Q9VWI0	cellular_component	GO:1902495
Q9VWI0	cellular_component	GO:1990204
Q9VWI0	cellular_component	GO:1990351
Q9VX10	molecular_function	GO:0003824
Q9VX10	molecular_function	GO:0016209
Q9VX10	molecular_function	GO:0016491
Q9VX10	molecular_function	GO:0016667
Q9VX10	molecular_function	GO:0032542
Q9VX10	biological_process	GO:0009636
Q9VX10	biological_process	GO:0009987
Q9VX10	biological_process	GO:0042221
Q9VX10	biological_process	GO:0050896
Q9VX10	biological_process	GO:0051716
Q9VX10	biological_process	GO:0070887
Q9VX10	biological_process	GO:0097237
Q9VX10	biological_process	GO:0098754
Q9VX10	biological_process	GO:0098869
Q9VX10	biological_process	GO:1990748
Q9VX11	molecular_function	GO:0003824
Q9VX11	molecular_function	GO:0004322
Q9VX11	molecular_function	GO:0016491
Q9VX11	molecular_function	GO:0016722
Q9VX11	molecular_function	GO:0016724
Q9VX11	biological_process	GO:0000041
Q9VX11	biological_process	GO:0006810
Q9VX11	biological_process	GO:0006811
Q9VX11	biological_process	GO:0006812
Q9VX11	biological_process	GO:0006826
Q9VX11	biological_process	GO:0006873
Q9VX11	biological_process	GO:0006879
Q9VX11	biological_process	GO:0009987
Q9VX11	biological_process	GO:0019725
Q9VX11	biological_process	GO:0030001
Q9VX11	biological_process	GO:0030003
Q9VX11	biological_process	GO:0033212
Q9VX11	biological_process	GO:0034220
Q9VX11	biological_process	GO:0034755
Q9VX11	biological_process	GO:0042592
Q9VX11	biological_process	GO:0048878
Q9VX11	biological_process	GO:0050801
Q9VX11	biological_process	GO:0051179
Q9VX11	biological_process	GO:0051234
Q9VX11	biological_process	GO:0051641
Q9VX11	biological_process	GO:0051649
Q9VX11	biological_process	GO:0055080
Q9VX11	biological_process	GO:0055082
Q9VX11	biological_process	GO:0055085
Q9VX11	biological_process	GO:0098655
Q9VX11	biological_process	GO:0098657
Q9VX11	biological_process	GO:0098659
Q9VX11	biological_process	GO:0098711
Q9VX11	biological_process	GO:0098739
Q9VX11	biological_process	GO:0098771
Q9VX11	biological_process	GO:0099587
Q9VX94	molecular_function	GO:0005488
Q9VX94	molecular_function	GO:0005515
Q9VXA8	molecular_function	GO:0003824
Q9VXA8	molecular_function	GO:0004518
Q9VXA8	molecular_function	GO:0004527
Q9VXA8	molecular_function	GO:0004532
Q9VXA8	molecular_function	GO:0004534
Q9VXA8	molecular_function	GO:0004540
Q9VXA8	molecular_function	GO:0004651
Q9VXA8	molecular_function	GO:0008409
Q9VXA8	molecular_function	GO:0016462
Q9VXA8	molecular_function	GO:0016787
Q9VXA8	molecular_function	GO:0016788
Q9VXA8	molecular_function	GO:0016791
Q9VXA8	molecular_function	GO:0016817
Q9VXA8	molecular_function	GO:0016818
Q9VXA8	molecular_function	GO:0016896
Q9VXA8	molecular_function	GO:0034353
Q9VXA8	molecular_function	GO:0042578
Q9VXA8	molecular_function	GO:0140098
Q9VXA8	molecular_function	GO:0140640
Q9VXC9	molecular_function	GO:0003824
Q9VXC9	molecular_function	GO:0016787
Q9VXC9	molecular_function	GO:0017171
Q9VXR6	molecular_function	GO:0005488
Q9VXR6	molecular_function	GO:0005515
Q9VXR6	biological_process	GO:0031647
Q9VXR6	biological_process	GO:0050821
Q9VXR6	biological_process	GO:0065007
Q9VXR6	biological_process	GO:0065008
Q9VXR6	cellular_component	GO:0005622
Q9VXR6	cellular_component	GO:0005737
Q9VXR6	cellular_component	GO:0005768
Q9VXR6	cellular_component	GO:0005769
Q9VXR6	cellular_component	GO:0012505
Q9VXR6	cellular_component	GO:0031410
Q9VXR6	cellular_component	GO:0031982
Q9VXR6	cellular_component	GO:0043226
Q9VXR6	cellular_component	GO:0043227
Q9VXR6	cellular_component	GO:0043229
Q9VXR6	cellular_component	GO:0043231
Q9VXR6	cellular_component	GO:0097708
Q9VXR6	cellular_component	GO:0110165
Q9VXY3	biological_process	GO:0006139
Q9VXY3	biological_process	GO:0006520
Q9VXY3	biological_process	GO:0006550
Q9VXY3	biological_process	GO:0006551
Q9VXY3	biological_process	GO:0006552
Q9VXY3	biological_process	GO:0006574
Q9VXY3	biological_process	GO:0006629
Q9VXY3	biological_process	GO:0006637
Q9VXY3	biological_process	GO:0006753
Q9VXY3	biological_process	GO:0006790
Q9VXY3	biological_process	GO:0006793
Q9VXY3	biological_process	GO:0008152
Q9VXY3	biological_process	GO:0009056
Q9VXY3	biological_process	GO:0009063
Q9VXY3	biological_process	GO:0009081
Q9VXY3	biological_process	GO:0009083
Q9VXY3	biological_process	GO:0009987
Q9VXY3	biological_process	GO:0019637
Q9VXY3	biological_process	GO:0019752
Q9VXY3	biological_process	GO:0035337
Q9VXY3	biological_process	GO:0043436
Q9VXY3	biological_process	GO:0044238
Q9VXY3	biological_process	GO:0044281
Q9VXY3	biological_process	GO:0044282
Q9VXY3	biological_process	GO:0046395
Q9VXY3	biological_process	GO:0055086
Q9VXY3	biological_process	GO:0072521
Q9VXY3	biological_process	GO:0120552
Q9VXY3	biological_process	GO:0170039
Q9VXY3	biological_process	GO:0170040
Q9VXY3	biological_process	GO:1901568
Q9VXY3	cellular_component	GO:0032991
Q9VXY3	cellular_component	GO:0045240
Q9VXY3	cellular_component	GO:0160157
Q9VXY3	cellular_component	GO:1902494
Q9VXY3	cellular_component	GO:1990204
Q9VXY3	cellular_component	GO:1990234
Q9VXZ0	biological_process	GO:0006091
Q9VXZ0	biological_process	GO:0006119
Q9VXZ0	biological_process	GO:0006120
Q9VXZ0	biological_process	GO:0008152
Q9VXZ0	biological_process	GO:0009060
Q9VXZ0	biological_process	GO:0009987
Q9VXZ0	biological_process	GO:0015980
Q9VXZ0	biological_process	GO:0019646
Q9VXZ0	biological_process	GO:0022900
Q9VXZ0	biological_process	GO:0022904
Q9VXZ0	biological_process	GO:0042773
Q9VXZ0	biological_process	GO:0042775
Q9VXZ0	biological_process	GO:0045333
Q9VXZ0	cellular_component	GO:0005622
Q9VXZ0	cellular_component	GO:0005737
Q9VXZ0	cellular_component	GO:0005739
Q9VXZ0	cellular_component	GO:0005740
Q9VXZ0	cellular_component	GO:0005743
Q9VXZ0	cellular_component	GO:0016020
Q9VXZ0	cellular_component	GO:0019866
Q9VXZ0	cellular_component	GO:0030964
Q9VXZ0	cellular_component	GO:0031090
Q9VXZ0	cellular_component	GO:0031966
Q9VXZ0	cellular_component	GO:0031967
Q9VXZ0	cellular_component	GO:0032991
Q9VXZ0	cellular_component	GO:0043226
Q9VXZ0	cellular_component	GO:0043227
Q9VXZ0	cellular_component	GO:0043229
Q9VXZ0	cellular_component	GO:0043231
Q9VXZ0	cellular_component	GO:0045271
Q9VXZ0	cellular_component	GO:0098796
Q9VXZ0	cellular_component	GO:0098803
Q9VXZ0	cellular_component	GO:0110165
Q9VXZ0	cellular_component	GO:1902494
Q9VXZ0	cellular_component	GO:1902495
Q9VXZ0	cellular_component	GO:1990204
Q9VXZ0	cellular_component	GO:1990351
Q9VY42	molecular_function	GO:0003824
Q9VY42	molecular_function	GO:0004838
Q9VY42	molecular_function	GO:0008483
Q9VY42	molecular_function	GO:0008793
Q9VY42	molecular_function	GO:0016740
Q9VY42	molecular_function	GO:0016769
Q9VY42	molecular_function	GO:0140385
Q9VY42	biological_process	GO:0006520
Q9VY42	biological_process	GO:0006559
Q9VY42	biological_process	GO:0006572
Q9VY42	biological_process	GO:0008152
Q9VY42	biological_process	GO:0009056
Q9VY42	biological_process	GO:0009063
Q9VY42	biological_process	GO:0009072
Q9VY42	biological_process	GO:0009074
Q9VY42	biological_process	GO:0009987
Q9VY42	biological_process	GO:0019752
Q9VY42	biological_process	GO:0043436
Q9VY42	biological_process	GO:0044238
Q9VY42	biological_process	GO:0044281
Q9VY42	biological_process	GO:0044282
Q9VY42	biological_process	GO:0046395
Q9VY42	biological_process	GO:0170039
Q9VY42	biological_process	GO:0170040
Q9VY42	cellular_component	GO:0005622
Q9VY42	cellular_component	GO:0005737
Q9VY42	cellular_component	GO:0005739
Q9VY42	cellular_component	GO:0043226
Q9VY42	cellular_component	GO:0043227
Q9VY42	cellular_component	GO:0043229
Q9VY42	cellular_component	GO:0043231
Q9VY42	cellular_component	GO:0110165
Q9VY93	cellular_component	GO:0005622
Q9VY93	cellular_component	GO:0005737
Q9VY93	cellular_component	GO:0005829
Q9VY93	cellular_component	GO:0110165
Q9VYG7	biological_process	GO:0006810
Q9VYG7	biological_process	GO:0006817
Q9VYG7	biological_process	GO:0008285
Q9VYG7	biological_process	GO:0015698
Q9VYG7	biological_process	GO:0042127
Q9VYG7	biological_process	GO:0048519
Q9VYG7	biological_process	GO:0048523
Q9VYG7	biological_process	GO:0050789
Q9VYG7	biological_process	GO:0050794
Q9VYG7	biological_process	GO:0051179
Q9VYG7	biological_process	GO:0051234
Q9VYG7	biological_process	GO:0065007
Q9VYI6	biological_process	GO:0006743
Q9VYI6	biological_process	GO:0006744
Q9VYI6	biological_process	GO:0008152
Q9VYI6	biological_process	GO:0009058
Q9VYI6	biological_process	GO:0009987
Q9VYI6	biological_process	GO:0042180
Q9VYI6	biological_process	GO:0042181
Q9VYI6	biological_process	GO:0044281
Q9VYI6	biological_process	GO:0044283
Q9VYI6	biological_process	GO:1901661
Q9VYI6	biological_process	GO:1901663
Q9VZ71	molecular_function	GO:0005488
Q9VZ71	molecular_function	GO:0005515
Q9VZE6	molecular_function	GO:0005488
Q9VZE6	molecular_function	GO:0005515
Q9VZM5	biological_process	GO:0006505
Q9VZM5	biological_process	GO:0006506
Q9VZM5	biological_process	GO:0006629
Q9VZM5	biological_process	GO:0006644
Q9VZM5	biological_process	GO:0006650
Q9VZM5	biological_process	GO:0006664
Q9VZM5	biological_process	GO:0006793
Q9VZM5	biological_process	GO:0008152
Q9VZM5	biological_process	GO:0008610
Q9VZM5	biological_process	GO:0008654
Q9VZM5	biological_process	GO:0009058
Q9VZM5	biological_process	GO:0009059
Q9VZM5	biological_process	GO:0009247
Q9VZM5	biological_process	GO:0009987
Q9VZM5	biological_process	GO:0010467
Q9VZM5	biological_process	GO:0019538
Q9VZM5	biological_process	GO:0019637
Q9VZM5	biological_process	GO:0043170
Q9VZM5	biological_process	GO:0044238
Q9VZM5	biological_process	GO:0045017
Q9VZM5	biological_process	GO:0046474
Q9VZM5	biological_process	GO:0046486
Q9VZM5	biological_process	GO:0051604
Q9VZM5	biological_process	GO:0090407
Q9VZM5	biological_process	GO:0180046
Q9VZM5	biological_process	GO:1901135
Q9VZM5	biological_process	GO:1901137
Q9VZM5	biological_process	GO:1903509
Q9VZM5	cellular_component	GO:0005622
Q9VZM5	cellular_component	GO:0005634
Q9VZM5	cellular_component	GO:0005635
Q9VZM5	cellular_component	GO:0012505
Q9VZM5	cellular_component	GO:0016020
Q9VZM5	cellular_component	GO:0031090
Q9VZM5	cellular_component	GO:0031965
Q9VZM5	cellular_component	GO:0031967
Q9VZM5	cellular_component	GO:0043226
Q9VZM5	cellular_component	GO:0043227
Q9VZM5	cellular_component	GO:0043229
Q9VZM5	cellular_component	GO:0043231
Q9VZM5	cellular_component	GO:0110165
Q9VZM7	biological_process	GO:0006139
Q9VZM7	biological_process	GO:0006351
Q9VZM7	biological_process	GO:0006352
Q9VZM7	biological_process	GO:0006366
Q9VZM7	biological_process	GO:0006367
Q9VZM7	biological_process	GO:0006401
Q9VZM7	biological_process	GO:0008152
Q9VZM7	biological_process	GO:0009056
Q9VZM7	biological_process	GO:0009057
Q9VZM7	biological_process	GO:0009058
Q9VZM7	biological_process	GO:0009059
Q9VZM7	biological_process	GO:0009987
Q9VZM7	biological_process	GO:0010467
Q9VZM7	biological_process	GO:0016070
Q9VZM7	biological_process	GO:0032774
Q9VZM7	biological_process	GO:0034654
Q9VZM7	biological_process	GO:0034655
Q9VZM7	biological_process	GO:0043170
Q9VZM7	biological_process	GO:0044238
Q9VZM7	biological_process	GO:0071025
Q9VZM7	biological_process	GO:0071027
Q9VZM7	biological_process	GO:0090304
Q9VZM7	biological_process	GO:0141187
Q9VZM7	biological_process	GO:0141188
Q9VZM7	biological_process	GO:0160240
Q9VZM7	cellular_component	GO:0005622
Q9VZM7	cellular_component	GO:0005634
Q9VZM7	cellular_component	GO:0032039
Q9VZM7	cellular_component	GO:0032991
Q9VZM7	cellular_component	GO:0043226
Q9VZM7	cellular_component	GO:0043227
Q9VZM7	cellular_component	GO:0043229
Q9VZM7	cellular_component	GO:0043231
Q9VZM7	cellular_component	GO:0110165
Q9VZM7	cellular_component	GO:0140513
Q9VZM7	cellular_component	GO:0160232
Q9VZP8	molecular_function	GO:0003824
Q9VZP8	molecular_function	GO:0004423
Q9VZP8	molecular_function	GO:0008484
Q9VZP8	molecular_function	GO:0016787
Q9VZP8	molecular_function	GO:0016788
Q9VZR0	molecular_function	GO:0003824
Q9VZR0	molecular_function	GO:0016301
Q9VZR0	molecular_function	GO:0016740
Q9VZR0	molecular_function	GO:0016772
Q9VZR0	molecular_function	GO:0016773
Q9VZR0	molecular_function	GO:0050262
Q9VZR0	biological_process	GO:0006139
Q9VZR0	biological_process	GO:0006163
Q9VZR0	biological_process	GO:0006164
Q9VZR0	biological_process	GO:0006753
Q9VZR0	biological_process	GO:0006793
Q9VZR0	biological_process	GO:0008152
Q9VZR0	biological_process	GO:0009058
Q9VZR0	biological_process	GO:0009117
Q9VZR0	biological_process	GO:0009165
Q9VZR0	biological_process	GO:0009435
Q9VZR0	biological_process	GO:0009987
Q9VZR0	biological_process	GO:0019359
Q9VZR0	biological_process	GO:0019363
Q9VZR0	biological_process	GO:0019365
Q9VZR0	biological_process	GO:0019637
Q9VZR0	biological_process	GO:0019674
Q9VZR0	biological_process	GO:0032261
Q9VZR0	biological_process	GO:0034355
Q9VZR0	biological_process	GO:0034654
Q9VZR0	biological_process	GO:0043094
Q9VZR0	biological_process	GO:0043101
Q9VZR0	biological_process	GO:0043173
Q9VZR0	biological_process	GO:0044238
Q9VZR0	biological_process	GO:0044281
Q9VZR0	biological_process	GO:0046496
Q9VZR0	biological_process	GO:0055086
Q9VZR0	biological_process	GO:0072521
Q9VZR0	biological_process	GO:0072522
Q9VZR0	biological_process	GO:0072524
Q9VZR0	biological_process	GO:0072525
Q9VZR0	biological_process	GO:0090407
Q9VZR0	biological_process	GO:1901293
Q9VZR0	cellular_component	GO:0005622
Q9VZR0	cellular_component	GO:0005737
Q9VZR0	cellular_component	GO:0005829
Q9VZR0	cellular_component	GO:0110165
Q9W038	biological_process	GO:0007610
Q9W038	biological_process	GO:0007635
Q9W038	biological_process	GO:0032501
Q9W038	biological_process	GO:0042048
Q9W038	biological_process	GO:0042221
Q9W038	biological_process	GO:0050896
Q9W0E8	molecular_function	GO:0030674
Q9W0E8	molecular_function	GO:0060090
Q9W0E8	molecular_function	GO:0140767
Q9W0E8	molecular_function	GO:1990756
Q9W0E8	biological_process	GO:0006511
Q9W0E8	biological_process	GO:0006914
Q9W0E8	biological_process	GO:0008152
Q9W0E8	biological_process	GO:0009056
Q9W0E8	biological_process	GO:0009057
Q9W0E8	biological_process	GO:0009987
Q9W0E8	biological_process	GO:0010498
Q9W0E8	biological_process	GO:0016236
Q9W0E8	biological_process	GO:0019538
Q9W0E8	biological_process	GO:0019941
Q9W0E8	biological_process	GO:0030163
Q9W0E8	biological_process	GO:0043161
Q9W0E8	biological_process	GO:0043170
Q9W0E8	biological_process	GO:0043632
Q9W0E8	biological_process	GO:0044238
Q9W0E8	biological_process	GO:0061919
Q9W0E8	cellular_component	GO:0000151
Q9W0E8	cellular_component	GO:0031461
Q9W0E8	cellular_component	GO:0031462
Q9W0E8	cellular_component	GO:0032991
Q9W0E8	cellular_component	GO:0140535
Q9W0E8	cellular_component	GO:1902494
Q9W0E8	cellular_component	GO:1990234
Q9W0I5	molecular_function	GO:0003712
Q9W0I5	molecular_function	GO:0003713
Q9W0I5	molecular_function	GO:0005488
Q9W0I5	molecular_function	GO:0005515
Q9W0I5	molecular_function	GO:0008134
Q9W0I5	molecular_function	GO:0140110
Q9W0I5	molecular_function	GO:0140297
Q9W0I5	biological_process	GO:0006355
Q9W0I5	biological_process	GO:0009889
Q9W0I5	biological_process	GO:0009891
Q9W0I5	biological_process	GO:0009893
Q9W0I5	biological_process	GO:0010468
Q9W0I5	biological_process	GO:0010556
Q9W0I5	biological_process	GO:0010557
Q9W0I5	biological_process	GO:0010604
Q9W0I5	biological_process	GO:0019219
Q9W0I5	biological_process	GO:0019222
Q9W0I5	biological_process	GO:0030100
Q9W0I5	biological_process	GO:0032879
Q9W0I5	biological_process	GO:0045807
Q9W0I5	biological_process	GO:0045893
Q9W0I5	biological_process	GO:0048518
Q9W0I5	biological_process	GO:0048522
Q9W0I5	biological_process	GO:0050764
Q9W0I5	biological_process	GO:0050766
Q9W0I5	biological_process	GO:0050789
Q9W0I5	biological_process	GO:0050794
Q9W0I5	biological_process	GO:0051049
Q9W0I5	biological_process	GO:0051050
Q9W0I5	biological_process	GO:0051128
Q9W0I5	biological_process	GO:0051130
Q9W0I5	biological_process	GO:0051252
Q9W0I5	biological_process	GO:0051254
Q9W0I5	biological_process	GO:0060255
Q9W0I5	biological_process	GO:0065007
Q9W0I5	biological_process	GO:0080090
Q9W0I5	biological_process	GO:1902680
Q9W0I5	biological_process	GO:2000425
Q9W0I5	biological_process	GO:2000427
Q9W0I5	biological_process	GO:2001141
Q9W0I5	cellular_component	GO:0005622
Q9W0I5	cellular_component	GO:0005634
Q9W0I5	cellular_component	GO:0005667
Q9W0I5	cellular_component	GO:0032991
Q9W0I5	cellular_component	GO:0043226
Q9W0I5	cellular_component	GO:0043227
Q9W0I5	cellular_component	GO:0043229
Q9W0I5	cellular_component	GO:0043231
Q9W0I5	cellular_component	GO:0090575
Q9W0I5	cellular_component	GO:0110165
Q9W0I5	cellular_component	GO:0140513
Q9W0N8	molecular_function	GO:0003824
Q9W0N8	molecular_function	GO:0016787
Q9W0N8	molecular_function	GO:0017171
Q9W0X0	molecular_function	GO:0005044
Q9W0X0	molecular_function	GO:0038024
Q9W0X0	biological_process	GO:0006810
Q9W0X0	biological_process	GO:0006897
Q9W0X0	biological_process	GO:0006898
Q9W0X0	biological_process	GO:0007275
Q9W0X0	biological_process	GO:0007424
Q9W0X0	biological_process	GO:0009987
Q9W0X0	biological_process	GO:0016192
Q9W0X0	biological_process	GO:0032501
Q9W0X0	biological_process	GO:0032502
Q9W0X0	biological_process	GO:0035150
Q9W0X0	biological_process	GO:0035151
Q9W0X0	biological_process	GO:0035152
Q9W0X0	biological_process	GO:0035159
Q9W0X0	biological_process	GO:0048731
Q9W0X0	biological_process	GO:0048856
Q9W0X0	biological_process	GO:0051179
Q9W0X0	biological_process	GO:0051234
Q9W0X0	biological_process	GO:0060541
Q9W0X0	biological_process	GO:0065007
Q9W0X0	biological_process	GO:0065008
Q9W0X0	biological_process	GO:0090066
Q9W0X0	biological_process	GO:0098657
Q9W0X0	biological_process	GO:0160108
Q9W0X0	cellular_component	GO:0005886
Q9W0X0	cellular_component	GO:0016020
Q9W0X0	cellular_component	GO:0016324
Q9W0X0	cellular_component	GO:0045177
Q9W0X0	cellular_component	GO:0071944
Q9W0X0	cellular_component	GO:0098590
Q9W0X0	cellular_component	GO:0110165
Q9W192	molecular_function	GO:0005488
Q9W192	molecular_function	GO:0005515
Q9W192	molecular_function	GO:0019955
Q9W192	molecular_function	GO:0036122
Q9W192	molecular_function	GO:0140030
Q9W192	molecular_function	GO:0140032
Q9W192	biological_process	GO:0002165
Q9W192	biological_process	GO:0007275
Q9W192	biological_process	GO:0007444
Q9W192	biological_process	GO:0007472
Q9W192	biological_process	GO:0007476
Q9W192	biological_process	GO:0007552
Q9W192	biological_process	GO:0007560
Q9W192	biological_process	GO:0008283
Q9W192	biological_process	GO:0008586
Q9W192	biological_process	GO:0009653
Q9W192	biological_process	GO:0009791
Q9W192	biological_process	GO:0009886
Q9W192	biological_process	GO:0009887
Q9W192	biological_process	GO:0009966
Q9W192	biological_process	GO:0009967
Q9W192	biological_process	GO:0009968
Q9W192	biological_process	GO:0009987
Q9W192	biological_process	GO:0010646
Q9W192	biological_process	GO:0010647
Q9W192	biological_process	GO:0010648
Q9W192	biological_process	GO:0023051
Q9W192	biological_process	GO:0023056
Q9W192	biological_process	GO:0023057
Q9W192	biological_process	GO:0030111
Q9W192	biological_process	GO:0030178
Q9W192	biological_process	GO:0030510
Q9W192	biological_process	GO:0030513
Q9W192	biological_process	GO:0030514
Q9W192	biological_process	GO:0032501
Q9W192	biological_process	GO:0032502
Q9W192	biological_process	GO:0035107
Q9W192	biological_process	GO:0035114
Q9W192	biological_process	GO:0035120
Q9W192	biological_process	GO:0035220
Q9W192	biological_process	GO:0048513
Q9W192	biological_process	GO:0048518
Q9W192	biological_process	GO:0048519
Q9W192	biological_process	GO:0048522
Q9W192	biological_process	GO:0048523
Q9W192	biological_process	GO:0048583
Q9W192	biological_process	GO:0048584
Q9W192	biological_process	GO:0048585
Q9W192	biological_process	GO:0048707
Q9W192	biological_process	GO:0048736
Q9W192	biological_process	GO:0048737
Q9W192	biological_process	GO:0048856
Q9W192	biological_process	GO:0050789
Q9W192	biological_process	GO:0050794
Q9W192	biological_process	GO:0060828
Q9W192	biological_process	GO:0065007
Q9W192	biological_process	GO:0090090
Q9W192	biological_process	GO:0090092
Q9W192	biological_process	GO:0090100
Q9W192	biological_process	GO:0090101
Q9W192	biological_process	GO:0090255
Q9W192	biological_process	GO:0090287
Q9W192	biological_process	GO:0090288
Q9W192	biological_process	GO:0160108
Q9W192	biological_process	GO:1900115
Q9W192	cellular_component	GO:0005576
Q9W192	cellular_component	GO:0110165
Q9W1A2	cellular_component	GO:0005622
Q9W1A2	cellular_component	GO:0005737
Q9W1A2	cellular_component	GO:0031248
Q9W1A2	cellular_component	GO:0031414
Q9W1A2	cellular_component	GO:0031417
Q9W1A2	cellular_component	GO:0032991
Q9W1A2	cellular_component	GO:0110165
Q9W1A2	cellular_component	GO:0140535
Q9W1A2	cellular_component	GO:1902493
Q9W1A2	cellular_component	GO:1902494
Q9W1A2	cellular_component	GO:1990234
Q9W1D3	biological_process	GO:0000226
Q9W1D3	biological_process	GO:0001578
Q9W1D3	biological_process	GO:0006996
Q9W1D3	biological_process	GO:0007010
Q9W1D3	biological_process	GO:0007017
Q9W1D3	biological_process	GO:0009987
Q9W1D3	biological_process	GO:0016043
Q9W1D3	biological_process	GO:0022607
Q9W1D3	biological_process	GO:0030030
Q9W1D3	biological_process	GO:0030031
Q9W1D3	biological_process	GO:0035082
Q9W1D3	biological_process	GO:0044085
Q9W1D3	biological_process	GO:0044782
Q9W1D3	biological_process	GO:0060271
Q9W1D3	biological_process	GO:0070925
Q9W1D3	biological_process	GO:0071840
Q9W1D3	biological_process	GO:0120031
Q9W1D3	biological_process	GO:0120036
Q9W1G0	molecular_function	GO:0003824
Q9W1G0	molecular_function	GO:0004801
Q9W1G0	molecular_function	GO:0016740
Q9W1G0	molecular_function	GO:0016744
Q9W1G0	cellular_component	GO:0005622
Q9W1G0	cellular_component	GO:0005737
Q9W1G0	cellular_component	GO:0005829
Q9W1G0	cellular_component	GO:0110165
Q9W1H9	biological_process	GO:0006996
Q9W1H9	biological_process	GO:0007005
Q9W1H9	biological_process	GO:0009987
Q9W1H9	biological_process	GO:0010257
Q9W1H9	biological_process	GO:0016043
Q9W1H9	biological_process	GO:0022607
Q9W1H9	biological_process	GO:0032981
Q9W1H9	biological_process	GO:0033108
Q9W1H9	biological_process	GO:0043933
Q9W1H9	biological_process	GO:0044085
Q9W1H9	biological_process	GO:0065003
Q9W1H9	biological_process	GO:0071840
Q9W1H9	cellular_component	GO:0005622
Q9W1H9	cellular_component	GO:0005737
Q9W1H9	cellular_component	GO:0005739
Q9W1H9	cellular_component	GO:0043226
Q9W1H9	cellular_component	GO:0043227
Q9W1H9	cellular_component	GO:0043229
Q9W1H9	cellular_component	GO:0043231
Q9W1H9	cellular_component	GO:0110165
Q9W1V7	molecular_function	GO:0003682
Q9W1V7	molecular_function	GO:0005488
Q9W1V7	biological_process	GO:0009889
Q9W1V7	biological_process	GO:0009891
Q9W1V7	biological_process	GO:0009893
Q9W1V7	biological_process	GO:0010468
Q9W1V7	biological_process	GO:0010556
Q9W1V7	biological_process	GO:0010557
Q9W1V7	biological_process	GO:0010604
Q9W1V7	biological_process	GO:0010628
Q9W1V7	biological_process	GO:0019222
Q9W1V7	biological_process	GO:0048518
Q9W1V7	biological_process	GO:0048522
Q9W1V7	biological_process	GO:0050789
Q9W1V7	biological_process	GO:0050794
Q9W1V7	biological_process	GO:0060255
Q9W1V7	biological_process	GO:0065007
Q9W1V7	cellular_component	GO:0000785
Q9W1V7	cellular_component	GO:0005622
Q9W1V7	cellular_component	GO:0005634
Q9W1V7	cellular_component	GO:0005694
Q9W1V7	cellular_component	GO:0005737
Q9W1V7	cellular_component	GO:0005829
Q9W1V7	cellular_component	GO:0043226
Q9W1V7	cellular_component	GO:0043227
Q9W1V7	cellular_component	GO:0043228
Q9W1V7	cellular_component	GO:0043229
Q9W1V7	cellular_component	GO:0043231
Q9W1V7	cellular_component	GO:0043232
Q9W1V7	cellular_component	GO:0110165
Q9W243	molecular_function	GO:0003824
Q9W243	molecular_function	GO:0016787
Q9W243	molecular_function	GO:0017171
Q9W256	cellular_component	GO:0005622
Q9W256	cellular_component	GO:0005634
Q9W256	cellular_component	GO:0043226
Q9W256	cellular_component	GO:0043227
Q9W256	cellular_component	GO:0043229
Q9W256	cellular_component	GO:0043231
Q9W256	cellular_component	GO:0110165
Q9W293	molecular_function	GO:0005488
Q9W293	molecular_function	GO:0005515
Q9W293	molecular_function	GO:0019899
Q9W293	molecular_function	GO:0031267
Q9W293	molecular_function	GO:0051020
Q9W293	biological_process	GO:0006810
Q9W293	biological_process	GO:0006906
Q9W293	biological_process	GO:0006914
Q9W293	biological_process	GO:0006996
Q9W293	biological_process	GO:0008152
Q9W293	biological_process	GO:0009056
Q9W293	biological_process	GO:0009987
Q9W293	biological_process	GO:0016043
Q9W293	biological_process	GO:0016050
Q9W293	biological_process	GO:0016192
Q9W293	biological_process	GO:0048284
Q9W293	biological_process	GO:0051179
Q9W293	biological_process	GO:0051234
Q9W293	biological_process	GO:0061024
Q9W293	biological_process	GO:0061025
Q9W293	biological_process	GO:0061919
Q9W293	biological_process	GO:0071840
Q9W293	biological_process	GO:0090174
Q9W293	biological_process	GO:0160155
Q9W293	biological_process	GO:0160156
Q9W2C9	molecular_function	GO:0003824
Q9W2C9	molecular_function	GO:0004720
Q9W2C9	molecular_function	GO:0016491
Q9W2C9	molecular_function	GO:0016638
Q9W2C9	molecular_function	GO:0016641
Q9W2C9	molecular_function	GO:0140096
Q9W2N5	biological_process	GO:0009893
Q9W2N5	biological_process	GO:0009894
Q9W2N5	biological_process	GO:0009896
Q9W2N5	biological_process	GO:0010604
Q9W2N5	biological_process	GO:0019222
Q9W2N5	biological_process	GO:0032434
Q9W2N5	biological_process	GO:0032436
Q9W2N5	biological_process	GO:0042176
Q9W2N5	biological_process	GO:0045732
Q9W2N5	biological_process	GO:0048518
Q9W2N5	biological_process	GO:0048522
Q9W2N5	biological_process	GO:0050789
Q9W2N5	biological_process	GO:0050794
Q9W2N5	biological_process	GO:0051246
Q9W2N5	biological_process	GO:0051247
Q9W2N5	biological_process	GO:0060255
Q9W2N5	biological_process	GO:0061136
Q9W2N5	biological_process	GO:0065007
Q9W2N5	biological_process	GO:0080090
Q9W2N5	biological_process	GO:1901800
Q9W2N5	biological_process	GO:2000058
Q9W2N5	biological_process	GO:2000060
Q9W2N5	cellular_component	GO:0000151
Q9W2N5	cellular_component	GO:0032991
Q9W2N5	cellular_component	GO:0034657
Q9W2N5	cellular_component	GO:0140535
Q9W2N5	cellular_component	GO:1902494
Q9W2N5	cellular_component	GO:1990234
Q9W2X7	biological_process	GO:0050789
Q9W2X7	biological_process	GO:0050794
Q9W2X7	biological_process	GO:0050803
Q9W2X7	biological_process	GO:0050807
Q9W2X7	biological_process	GO:0051128
Q9W2X7	biological_process	GO:0065007
Q9W2X7	biological_process	GO:0065008
Q9W314	molecular_function	GO:0003824
Q9W314	molecular_function	GO:0016787
Q9W314	molecular_function	GO:0017171
Q9W380	biological_process	GO:0006091
Q9W380	biological_process	GO:0006119
Q9W380	biological_process	GO:0006120
Q9W380	biological_process	GO:0008152
Q9W380	biological_process	GO:0009060
Q9W380	biological_process	GO:0009987
Q9W380	biological_process	GO:0015980
Q9W380	biological_process	GO:0019646
Q9W380	biological_process	GO:0022900
Q9W380	biological_process	GO:0022904
Q9W380	biological_process	GO:0042773
Q9W380	biological_process	GO:0042775
Q9W380	biological_process	GO:0045333
Q9W380	cellular_component	GO:0005622
Q9W380	cellular_component	GO:0005737
Q9W380	cellular_component	GO:0005739
Q9W380	cellular_component	GO:0005740
Q9W380	cellular_component	GO:0005743
Q9W380	cellular_component	GO:0016020
Q9W380	cellular_component	GO:0019866
Q9W380	cellular_component	GO:0030964
Q9W380	cellular_component	GO:0031090
Q9W380	cellular_component	GO:0031966
Q9W380	cellular_component	GO:0031967
Q9W380	cellular_component	GO:0032991
Q9W380	cellular_component	GO:0043226
Q9W380	cellular_component	GO:0043227
Q9W380	cellular_component	GO:0043229
Q9W380	cellular_component	GO:0043231
Q9W380	cellular_component	GO:0045271
Q9W380	cellular_component	GO:0098796
Q9W380	cellular_component	GO:0098803
Q9W380	cellular_component	GO:0110165
Q9W380	cellular_component	GO:1902494
Q9W380	cellular_component	GO:1902495
Q9W380	cellular_component	GO:1990204
Q9W380	cellular_component	GO:1990351
Q9W3M4	molecular_function	GO:0001664
Q9W3M4	molecular_function	GO:0005102
Q9W3M4	molecular_function	GO:0005125
Q9W3M4	molecular_function	GO:0005126
Q9W3M4	molecular_function	GO:0005488
Q9W3M4	molecular_function	GO:0005515
Q9W3M4	molecular_function	GO:0008009
Q9W3M4	molecular_function	GO:0030545
Q9W3M4	molecular_function	GO:0030546
Q9W3M4	molecular_function	GO:0042379
Q9W3M4	molecular_function	GO:0048018
Q9W3M4	molecular_function	GO:0098772
Q9W3M4	molecular_function	GO:0140677
Q9W3M4	biological_process	GO:0006935
Q9W3M4	biological_process	GO:0007275
Q9W3M4	biological_process	GO:0007399
Q9W3M4	biological_process	GO:0007417
Q9W3M4	biological_process	GO:0007420
Q9W3M4	biological_process	GO:0008347
Q9W3M4	biological_process	GO:0009605
Q9W3M4	biological_process	GO:0009987
Q9W3M4	biological_process	GO:0010720
Q9W3M4	biological_process	GO:0014041
Q9W3M4	biological_process	GO:0014042
Q9W3M4	biological_process	GO:0016319
Q9W3M4	biological_process	GO:0016477
Q9W3M4	biological_process	GO:0022008
Q9W3M4	biological_process	GO:0030154
Q9W3M4	biological_process	GO:0032501
Q9W3M4	biological_process	GO:0032502
Q9W3M4	biological_process	GO:0035700
Q9W3M4	biological_process	GO:0040011
Q9W3M4	biological_process	GO:0042063
Q9W3M4	biological_process	GO:0042221
Q9W3M4	biological_process	GO:0042330
Q9W3M4	biological_process	GO:0043615
Q9W3M4	biological_process	GO:0045595
Q9W3M4	biological_process	GO:0045597
Q9W3M4	biological_process	GO:0045664
Q9W3M4	biological_process	GO:0048513
Q9W3M4	biological_process	GO:0048518
Q9W3M4	biological_process	GO:0048522
Q9W3M4	biological_process	GO:0048731
Q9W3M4	biological_process	GO:0048856
Q9W3M4	biological_process	GO:0048869
Q9W3M4	biological_process	GO:0048870
Q9W3M4	biological_process	GO:0050789
Q9W3M4	biological_process	GO:0050793
Q9W3M4	biological_process	GO:0050794
Q9W3M4	biological_process	GO:0050896
Q9W3M4	biological_process	GO:0051094
Q9W3M4	biological_process	GO:0051716
Q9W3M4	biological_process	GO:0060284
Q9W3M4	biological_process	GO:0060322
Q9W3M4	biological_process	GO:0060326
Q9W3M4	biological_process	GO:0065007
Q9W3M4	biological_process	GO:0070887
Q9W3M4	biological_process	GO:0160108
Q9W3M4	biological_process	GO:1903429
Q9W3M4	biological_process	GO:1903431
Q9W3M4	biological_process	GO:1904799
Q9W3M4	biological_process	GO:1904801
Q9W3M4	cellular_component	GO:0005576
Q9W3M4	cellular_component	GO:0110165
Q9W3N7	biological_process	GO:0006091
Q9W3N7	biological_process	GO:0006119
Q9W3N7	biological_process	GO:0006120
Q9W3N7	biological_process	GO:0008152
Q9W3N7	biological_process	GO:0009060
Q9W3N7	biological_process	GO:0009987
Q9W3N7	biological_process	GO:0015980
Q9W3N7	biological_process	GO:0019646
Q9W3N7	biological_process	GO:0022900
Q9W3N7	biological_process	GO:0022904
Q9W3N7	biological_process	GO:0042773
Q9W3N7	biological_process	GO:0042775
Q9W3N7	biological_process	GO:0045333
Q9W3N7	cellular_component	GO:0005622
Q9W3N7	cellular_component	GO:0005737
Q9W3N7	cellular_component	GO:0005739
Q9W3N7	cellular_component	GO:0005740
Q9W3N7	cellular_component	GO:0005743
Q9W3N7	cellular_component	GO:0016020
Q9W3N7	cellular_component	GO:0019866
Q9W3N7	cellular_component	GO:0030964
Q9W3N7	cellular_component	GO:0031090
Q9W3N7	cellular_component	GO:0031966
Q9W3N7	cellular_component	GO:0031967
Q9W3N7	cellular_component	GO:0032991
Q9W3N7	cellular_component	GO:0043226
Q9W3N7	cellular_component	GO:0043227
Q9W3N7	cellular_component	GO:0043229
Q9W3N7	cellular_component	GO:0043231
Q9W3N7	cellular_component	GO:0045271
Q9W3N7	cellular_component	GO:0098796
Q9W3N7	cellular_component	GO:0098803
Q9W3N7	cellular_component	GO:0110165
Q9W3N7	cellular_component	GO:1902494
Q9W3N7	cellular_component	GO:1902495
Q9W3N7	cellular_component	GO:1990204
Q9W3N7	cellular_component	GO:1990351
Q9W3U0	biological_process	GO:0000038
Q9W3U0	biological_process	GO:0006629
Q9W3U0	biological_process	GO:0006631
Q9W3U0	biological_process	GO:0008152
Q9W3U0	biological_process	GO:0009056
Q9W3U0	biological_process	GO:0009062
Q9W3U0	biological_process	GO:0009987
Q9W3U0	biological_process	GO:0016042
Q9W3U0	biological_process	GO:0019752
Q9W3U0	biological_process	GO:0032787
Q9W3U0	biological_process	GO:0042760
Q9W3U0	biological_process	GO:0043436
Q9W3U0	biological_process	GO:0044238
Q9W3U0	biological_process	GO:0044281
Q9W3U0	biological_process	GO:0044282
Q9W3U0	biological_process	GO:0046395
Q9W3U0	biological_process	GO:0072329
Q9W3W4	molecular_function	GO:0003824
Q9W3W4	molecular_function	GO:0004497
Q9W3W4	molecular_function	GO:0016491
Q9W3W4	molecular_function	GO:0016705
Q9W3W4	molecular_function	GO:0016709
Q9W3W4	molecular_function	GO:0160224
Q9W3W4	biological_process	GO:0006743
Q9W3W4	biological_process	GO:0006744
Q9W3W4	biological_process	GO:0008152
Q9W3W4	biological_process	GO:0009058
Q9W3W4	biological_process	GO:0009987
Q9W3W4	biological_process	GO:0042180
Q9W3W4	biological_process	GO:0042181
Q9W3W4	biological_process	GO:0044281
Q9W3W4	biological_process	GO:0044283
Q9W3W4	biological_process	GO:1901661
Q9W3W4	biological_process	GO:1901663
Q9W3W9	biological_process	GO:0031503
Q9W3W9	biological_process	GO:0033036
Q9W3W9	biological_process	GO:0050000
Q9W3W9	biological_process	GO:0051179
Q9W3W9	biological_process	GO:0051640
Q9W3W9	biological_process	GO:0072765
Q9W3W9	biological_process	GO:0098653
Q9W3W9	cellular_component	GO:0005886
Q9W3W9	cellular_component	GO:0016020
Q9W3W9	cellular_component	GO:0071944
Q9W3W9	cellular_component	GO:0110165
Q9W3X7	biological_process	GO:0006091
Q9W3X7	biological_process	GO:0006119
Q9W3X7	biological_process	GO:0006120
Q9W3X7	biological_process	GO:0008152
Q9W3X7	biological_process	GO:0009060
Q9W3X7	biological_process	GO:0009987
Q9W3X7	biological_process	GO:0015980
Q9W3X7	biological_process	GO:0019646
Q9W3X7	biological_process	GO:0022900
Q9W3X7	biological_process	GO:0022904
Q9W3X7	biological_process	GO:0042773
Q9W3X7	biological_process	GO:0042775
Q9W3X7	biological_process	GO:0045333
Q9W3X7	cellular_component	GO:0005622
Q9W3X7	cellular_component	GO:0005737
Q9W3X7	cellular_component	GO:0005739
Q9W3X7	cellular_component	GO:0005740
Q9W3X7	cellular_component	GO:0005743
Q9W3X7	cellular_component	GO:0016020
Q9W3X7	cellular_component	GO:0019866
Q9W3X7	cellular_component	GO:0030964
Q9W3X7	cellular_component	GO:0031090
Q9W3X7	cellular_component	GO:0031966
Q9W3X7	cellular_component	GO:0031967
Q9W3X7	cellular_component	GO:0032991
Q9W3X7	cellular_component	GO:0043226
Q9W3X7	cellular_component	GO:0043227
Q9W3X7	cellular_component	GO:0043229
Q9W3X7	cellular_component	GO:0043231
Q9W3X7	cellular_component	GO:0045271
Q9W3X7	cellular_component	GO:0098796
Q9W3X7	cellular_component	GO:0098803
Q9W3X7	cellular_component	GO:0110165
Q9W3X7	cellular_component	GO:1902494
Q9W3X7	cellular_component	GO:1902495
Q9W3X7	cellular_component	GO:1990204
Q9W3X7	cellular_component	GO:1990351
Q9W404	molecular_function	GO:0003824
Q9W404	molecular_function	GO:0008106
Q9W404	molecular_function	GO:0016491
Q9W404	molecular_function	GO:0016614
Q9W404	molecular_function	GO:0016616
Q9W404	molecular_function	GO:0018455
Q9W404	molecular_function	GO:0052650
Q9W404	biological_process	GO:0001523
Q9W404	biological_process	GO:0006081
Q9W404	biological_process	GO:0006629
Q9W404	biological_process	GO:0006720
Q9W404	biological_process	GO:0006721
Q9W404	biological_process	GO:0008152
Q9W404	biological_process	GO:0009987
Q9W404	biological_process	GO:0016101
Q9W404	biological_process	GO:0042574
Q9W404	biological_process	GO:0044238
Q9W404	biological_process	GO:0120254
Q9W404	cellular_component	GO:0005622
Q9W404	cellular_component	GO:0005737
Q9W404	cellular_component	GO:0005783
Q9W404	cellular_component	GO:0005789
Q9W404	cellular_component	GO:0012505
Q9W404	cellular_component	GO:0016020
Q9W404	cellular_component	GO:0031090
Q9W404	cellular_component	GO:0031984
Q9W404	cellular_component	GO:0042175
Q9W404	cellular_component	GO:0043226
Q9W404	cellular_component	GO:0043227
Q9W404	cellular_component	GO:0043229
Q9W404	cellular_component	GO:0043231
Q9W404	cellular_component	GO:0098827
Q9W404	cellular_component	GO:0110165
Q9W469	molecular_function	GO:0003824
Q9W469	molecular_function	GO:0004059
Q9W469	molecular_function	GO:0008080
Q9W469	molecular_function	GO:0016407
Q9W469	molecular_function	GO:0016740
Q9W469	molecular_function	GO:0016746
Q9W469	molecular_function	GO:0016747
Q9W484	molecular_function	GO:0003682
Q9W484	molecular_function	GO:0005488
Q9W484	biological_process	GO:0006950
Q9W484	biological_process	GO:0006974
Q9W484	biological_process	GO:0009987
Q9W484	biological_process	GO:0019827
Q9W484	biological_process	GO:0030718
Q9W484	biological_process	GO:0032501
Q9W484	biological_process	GO:0032502
Q9W484	biological_process	GO:0033554
Q9W484	biological_process	GO:0036098
Q9W484	biological_process	GO:0050896
Q9W484	biological_process	GO:0051716
Q9W484	biological_process	GO:0098727
Q9W484	cellular_component	GO:0005622
Q9W484	cellular_component	GO:0005634
Q9W484	cellular_component	GO:0005694
Q9W484	cellular_component	GO:0043226
Q9W484	cellular_component	GO:0043227
Q9W484	cellular_component	GO:0043228
Q9W484	cellular_component	GO:0043229
Q9W484	cellular_component	GO:0043231
Q9W484	cellular_component	GO:0043232
Q9W484	cellular_component	GO:0110165
Q9W4F7	biological_process	GO:0006029
Q9W4F7	biological_process	GO:0006516
Q9W4F7	biological_process	GO:0008152
Q9W4F7	biological_process	GO:0009056
Q9W4F7	biological_process	GO:0009057
Q9W4F7	biological_process	GO:0009100
Q9W4F7	biological_process	GO:0009987
Q9W4F7	biological_process	GO:0019538
Q9W4F7	biological_process	GO:0030163
Q9W4F7	biological_process	GO:0030167
Q9W4F7	biological_process	GO:0030200
Q9W4F7	biological_process	GO:0030201
Q9W4F7	biological_process	GO:0043170
Q9W4F7	biological_process	GO:0044238
Q9W4F7	biological_process	GO:1901135
Q9W4F7	biological_process	GO:1901136
Q9W4Y1	molecular_function	GO:0003824
Q9W4Y1	molecular_function	GO:0004059
Q9W4Y1	molecular_function	GO:0008080
Q9W4Y1	molecular_function	GO:0016407
Q9W4Y1	molecular_function	GO:0016740
Q9W4Y1	molecular_function	GO:0016746
Q9W4Y1	molecular_function	GO:0016747
Q9W5U8	molecular_function	GO:0003824
Q9W5U8	molecular_function	GO:0016787
Q9W5U8	molecular_function	GO:0017171
Q9W5W7	cellular_component	GO:0005622
Q9W5W7	cellular_component	GO:0005737
Q9W5W7	cellular_component	GO:0005739
Q9W5W7	cellular_component	GO:0005759
Q9W5W7	cellular_component	GO:0031974
Q9W5W7	cellular_component	GO:0043226
Q9W5W7	cellular_component	GO:0043227
Q9W5W7	cellular_component	GO:0043229
Q9W5W7	cellular_component	GO:0043231
Q9W5W7	cellular_component	GO:0043233
Q9W5W7	cellular_component	GO:0070013
Q9W5W7	cellular_component	GO:0110165
Q9W5X1	biological_process	GO:0008593
Q9W5X1	biological_process	GO:0009966
Q9W5X1	biological_process	GO:0009967
Q9W5X1	biological_process	GO:0010646
Q9W5X1	biological_process	GO:0010647
Q9W5X1	biological_process	GO:0023051
Q9W5X1	biological_process	GO:0023056
Q9W5X1	biological_process	GO:0031099
Q9W5X1	biological_process	GO:0032502
Q9W5X1	biological_process	GO:0040007
Q9W5X1	biological_process	GO:0042246
Q9W5X1	biological_process	GO:0045747
Q9W5X1	biological_process	GO:0048518
Q9W5X1	biological_process	GO:0048522
Q9W5X1	biological_process	GO:0048583
Q9W5X1	biological_process	GO:0048584
Q9W5X1	biological_process	GO:0048589
Q9W5X1	biological_process	GO:0048856
Q9W5X1	biological_process	GO:0050789
Q9W5X1	biological_process	GO:0050794
Q9W5X1	biological_process	GO:0065007
Q9W5X1	biological_process	GO:0160108
Q9W5X1	cellular_component	GO:0005576
Q9W5X1	cellular_component	GO:0110165
Q9W5X9	molecular_function	GO:0003824
Q9W5X9	molecular_function	GO:0008080
Q9W5X9	molecular_function	GO:0016407
Q9W5X9	molecular_function	GO:0016740
Q9W5X9	molecular_function	GO:0016746
Q9W5X9	molecular_function	GO:0016747
Q9W5X9	molecular_function	GO:0019799
Q9W5X9	molecular_function	GO:0034212
Q9W5X9	molecular_function	GO:0061733
Q9W5X9	molecular_function	GO:0140096
Q9W5X9	molecular_function	GO:0140186
Q9W5X9	cellular_component	GO:0005622
Q9W5X9	cellular_component	GO:0005737
Q9W5X9	cellular_component	GO:0045169
Q9W5X9	cellular_component	GO:0110165
Q9XZ19	biological_process	GO:0002181
Q9XZ19	biological_process	GO:0002182
Q9XZ19	biological_process	GO:0006412
Q9XZ19	biological_process	GO:0006414
Q9XZ19	biological_process	GO:0006996
Q9XZ19	biological_process	GO:0008152
Q9XZ19	biological_process	GO:0009058
Q9XZ19	biological_process	GO:0009059
Q9XZ19	biological_process	GO:0009987
Q9XZ19	biological_process	GO:0010467
Q9XZ19	biological_process	GO:0016043
Q9XZ19	biological_process	GO:0019538
Q9XZ19	biological_process	GO:0022411
Q9XZ19	biological_process	GO:0032790
Q9XZ19	biological_process	GO:0043170
Q9XZ19	biological_process	GO:0044238
Q9XZ19	biological_process	GO:0071840
Q9XZ19	biological_process	GO:0072344
Q9XZ19	biological_process	GO:0160307
Q9XZ19	biological_process	GO:1903008
Q9XZ19	cellular_component	GO:0000428
Q9XZ19	cellular_component	GO:0005622
Q9XZ19	cellular_component	GO:0005634
Q9XZ19	cellular_component	GO:0005654
Q9XZ19	cellular_component	GO:0005730
Q9XZ19	cellular_component	GO:0005737
Q9XZ19	cellular_component	GO:0005829
Q9XZ19	cellular_component	GO:0008023
Q9XZ19	cellular_component	GO:0016591
Q9XZ19	cellular_component	GO:0016593
Q9XZ19	cellular_component	GO:0030880
Q9XZ19	cellular_component	GO:0031974
Q9XZ19	cellular_component	GO:0031981
Q9XZ19	cellular_component	GO:0032991
Q9XZ19	cellular_component	GO:0043226
Q9XZ19	cellular_component	GO:0043227
Q9XZ19	cellular_component	GO:0043228
Q9XZ19	cellular_component	GO:0043229
Q9XZ19	cellular_component	GO:0043231
Q9XZ19	cellular_component	GO:0043232
Q9XZ19	cellular_component	GO:0043233
Q9XZ19	cellular_component	GO:0055029
Q9XZ19	cellular_component	GO:0061695
Q9XZ19	cellular_component	GO:0070013
Q9XZ19	cellular_component	GO:0110165
Q9XZ19	cellular_component	GO:0140513
Q9XZ19	cellular_component	GO:0140535
Q9XZ19	cellular_component	GO:1902494
Q9XZ19	cellular_component	GO:1990234
Q9XZF0	biological_process	GO:0002165
Q9XZF0	biological_process	GO:0007275
Q9XZF0	biological_process	GO:0007423
Q9XZF0	biological_process	GO:0007444
Q9XZF0	biological_process	GO:0007472
Q9XZF0	biological_process	GO:0007476
Q9XZF0	biological_process	GO:0007552
Q9XZF0	biological_process	GO:0007560
Q9XZF0	biological_process	GO:0007591
Q9XZF0	biological_process	GO:0007593
Q9XZF0	biological_process	GO:0008407
Q9XZF0	biological_process	GO:0009653
Q9XZF0	biological_process	GO:0009791
Q9XZF0	biological_process	GO:0009886
Q9XZF0	biological_process	GO:0009887
Q9XZF0	biological_process	GO:0021700
Q9XZF0	biological_process	GO:0022404
Q9XZF0	biological_process	GO:0022416
Q9XZF0	biological_process	GO:0032501
Q9XZF0	biological_process	GO:0032502
Q9XZF0	biological_process	GO:0035107
Q9XZF0	biological_process	GO:0035114
Q9XZF0	biological_process	GO:0035120
Q9XZF0	biological_process	GO:0035220
Q9XZF0	biological_process	GO:0042303
Q9XZF0	biological_process	GO:0042335
Q9XZF0	biological_process	GO:0043473
Q9XZF0	biological_process	GO:0048066
Q9XZF0	biological_process	GO:0048067
Q9XZF0	biological_process	GO:0048085
Q9XZF0	biological_process	GO:0048513
Q9XZF0	biological_process	GO:0048707
Q9XZF0	biological_process	GO:0048736
Q9XZF0	biological_process	GO:0048737
Q9XZF0	biological_process	GO:0048856
Q9XZF0	biological_process	GO:0160108
Q9Y112	molecular_function	GO:0003824
Q9Y112	molecular_function	GO:0016491
Q9Y112	molecular_function	GO:0016614
Q9Y112	molecular_function	GO:0016616
Q9Y115	biological_process	GO:0003008
Q9Y115	biological_process	GO:0003014
Q9Y115	biological_process	GO:0032501
Q9Y115	biological_process	GO:0042592
Q9Y115	biological_process	GO:0048878
Q9Y115	biological_process	GO:0098771
Q9Y141	molecular_function	GO:0003824
Q9Y141	molecular_function	GO:0016787
Q9Y141	molecular_function	GO:0017171
Q9Y171	cellular_component	GO:0005622
Q9Y171	cellular_component	GO:0005737
Q9Y171	cellular_component	GO:0005739
Q9Y171	cellular_component	GO:0005740
Q9Y171	cellular_component	GO:0005743
Q9Y171	cellular_component	GO:0016020
Q9Y171	cellular_component	GO:0019866
Q9Y171	cellular_component	GO:0030061
Q9Y171	cellular_component	GO:0031090
Q9Y171	cellular_component	GO:0031966
Q9Y171	cellular_component	GO:0031967
Q9Y171	cellular_component	GO:0043226
Q9Y171	cellular_component	GO:0043227
Q9Y171	cellular_component	GO:0043229
Q9Y171	cellular_component	GO:0043231
Q9Y171	cellular_component	GO:0097002
Q9Y171	cellular_component	GO:0110165
Q9Y267	molecular_function	GO:0005215
Q9Y267	molecular_function	GO:0005488
Q9Y267	molecular_function	GO:0005515
Q9Y267	molecular_function	GO:0022857
Q9Y267	molecular_function	GO:0032217
Q9Y267	molecular_function	GO:0090482
Q9Y267	cellular_component	GO:0005622
Q9Y267	cellular_component	GO:0005737
Q9Y267	cellular_component	GO:0005739
Q9Y267	cellular_component	GO:0005740
Q9Y267	cellular_component	GO:0005743
Q9Y267	cellular_component	GO:0016020
Q9Y267	cellular_component	GO:0019866
Q9Y267	cellular_component	GO:0031090
Q9Y267	cellular_component	GO:0031966
Q9Y267	cellular_component	GO:0031967
Q9Y267	cellular_component	GO:0043226
Q9Y267	cellular_component	GO:0043227
Q9Y267	cellular_component	GO:0043229
Q9Y267	cellular_component	GO:0043231
Q9Y267	cellular_component	GO:0110165
Q9Y2F9	molecular_function	GO:0005488
Q9Y2F9	molecular_function	GO:0005515
Q9Y2F9	molecular_function	GO:0042802
Q9Y2I8	molecular_function	GO:0005488
Q9Y2I8	molecular_function	GO:0005515
Q9Y2I8	cellular_component	GO:0005622
Q9Y2I8	cellular_component	GO:0005634
Q9Y2I8	cellular_component	GO:0005737
Q9Y2I8	cellular_component	GO:0043226
Q9Y2I8	cellular_component	GO:0043227
Q9Y2I8	cellular_component	GO:0043229
Q9Y2I8	cellular_component	GO:0043231
Q9Y2I8	cellular_component	GO:0110165
Q9Y312	molecular_function	GO:0005488
Q9Y312	molecular_function	GO:0005515
Q9Y320	molecular_function	GO:0003824
Q9Y320	molecular_function	GO:0005488
Q9Y320	molecular_function	GO:0005515
Q9Y320	molecular_function	GO:0015036
Q9Y320	molecular_function	GO:0016491
Q9Y320	molecular_function	GO:0016667
Q9Y320	molecular_function	GO:0042802
Q9Y320	biological_process	GO:0007275
Q9Y320	biological_process	GO:0007399
Q9Y320	biological_process	GO:0007417
Q9Y320	biological_process	GO:0007420
Q9Y320	biological_process	GO:0010821
Q9Y320	biological_process	GO:0032501
Q9Y320	biological_process	GO:0032502
Q9Y320	biological_process	GO:0033043
Q9Y320	biological_process	GO:0048513
Q9Y320	biological_process	GO:0048731
Q9Y320	biological_process	GO:0048856
Q9Y320	biological_process	GO:0050789
Q9Y320	biological_process	GO:0050794
Q9Y320	biological_process	GO:0051128
Q9Y320	biological_process	GO:0060322
Q9Y320	biological_process	GO:0065007
Q9Y320	biological_process	GO:0160108
Q9Y320	cellular_component	GO:0005622
Q9Y320	cellular_component	GO:0005737
Q9Y320	cellular_component	GO:0005739
Q9Y320	cellular_component	GO:0005740
Q9Y320	cellular_component	GO:0005783
Q9Y320	cellular_component	GO:0005789
Q9Y320	cellular_component	GO:0012505
Q9Y320	cellular_component	GO:0016020
Q9Y320	cellular_component	GO:0031090
Q9Y320	cellular_component	GO:0031966
Q9Y320	cellular_component	GO:0031967
Q9Y320	cellular_component	GO:0031984
Q9Y320	cellular_component	GO:0042175
Q9Y320	cellular_component	GO:0043226
Q9Y320	cellular_component	GO:0043227
Q9Y320	cellular_component	GO:0043229
Q9Y320	cellular_component	GO:0043231
Q9Y320	cellular_component	GO:0044232
Q9Y320	cellular_component	GO:0044233
Q9Y320	cellular_component	GO:0098827
Q9Y320	cellular_component	GO:0110165
Q9Y334	cellular_component	GO:0005576
Q9Y334	cellular_component	GO:0005614
Q9Y334	cellular_component	GO:0030312
Q9Y334	cellular_component	GO:0031012
Q9Y334	cellular_component	GO:0110165
Q9Y334	cellular_component	GO:0140149
Q9Y334	cellular_component	GO:0140151
Q9Y343	molecular_function	GO:0005488
Q9Y343	molecular_function	GO:0005515
Q9Y3B1	molecular_function	GO:0005215
Q9Y3B1	molecular_function	GO:0005319
Q9Y3B1	molecular_function	GO:0005488
Q9Y3B1	molecular_function	GO:0005515
Q9Y3B1	molecular_function	GO:0120013
Q9Y3B1	molecular_function	GO:0120014
Q9Y3B1	molecular_function	GO:0140104
Q9Y3B1	molecular_function	GO:0140343
Q9Y3B1	biological_process	GO:0006810
Q9Y3B1	biological_process	GO:0006869
Q9Y3B1	biological_process	GO:0006996
Q9Y3B1	biological_process	GO:0007005
Q9Y3B1	biological_process	GO:0007006
Q9Y3B1	biological_process	GO:0009987
Q9Y3B1	biological_process	GO:0010876
Q9Y3B1	biological_process	GO:0015748
Q9Y3B1	biological_process	GO:0015914
Q9Y3B1	biological_process	GO:0016043
Q9Y3B1	biological_process	GO:0033036
Q9Y3B1	biological_process	GO:0051179
Q9Y3B1	biological_process	GO:0051234
Q9Y3B1	biological_process	GO:0061024
Q9Y3B1	biological_process	GO:0071840
Q9Y3B1	biological_process	GO:0120009
Q9Y3B1	biological_process	GO:0120010
Q9Y3B1	cellular_component	GO:0005622
Q9Y3B1	cellular_component	GO:0005737
Q9Y3B1	cellular_component	GO:0005739
Q9Y3B1	cellular_component	GO:0005740
Q9Y3B1	cellular_component	GO:0005758
Q9Y3B1	cellular_component	GO:0031967
Q9Y3B1	cellular_component	GO:0031970
Q9Y3B1	cellular_component	GO:0031974
Q9Y3B1	cellular_component	GO:0043226
Q9Y3B1	cellular_component	GO:0043227
Q9Y3B1	cellular_component	GO:0043229
Q9Y3B1	cellular_component	GO:0043231
Q9Y3B1	cellular_component	GO:0043233
Q9Y3B1	cellular_component	GO:0070013
Q9Y3B1	cellular_component	GO:0110165
Q9Y5G2	cellular_component	GO:0005622
Q9Y5G2	cellular_component	GO:0005737
Q9Y5G2	cellular_component	GO:0005829
Q9Y5G2	cellular_component	GO:0005886
Q9Y5G2	cellular_component	GO:0016020
Q9Y5G2	cellular_component	GO:0071944
Q9Y5G2	cellular_component	GO:0110165
Q9Y5H0	molecular_function	GO:0005488
Q9Y5H0	molecular_function	GO:0005515
Q9Y5I4	biological_process	GO:0007155
Q9Y5I4	biological_process	GO:0007275
Q9Y5I4	biological_process	GO:0007399
Q9Y5I4	biological_process	GO:0009987
Q9Y5I4	biological_process	GO:0032501
Q9Y5I4	biological_process	GO:0032502
Q9Y5I4	biological_process	GO:0048731
Q9Y5I4	biological_process	GO:0048856
Q9Y5I4	biological_process	GO:0160108
Q9Y5I4	cellular_component	GO:0005886
Q9Y5I4	cellular_component	GO:0016020
Q9Y5I4	cellular_component	GO:0071944
Q9Y5I4	cellular_component	GO:0110165
X2J9Z3	biological_process	GO:0010975
X2J9Z3	biological_process	GO:0031344
X2J9Z3	biological_process	GO:0050773
X2J9Z3	biological_process	GO:0050789
X2J9Z3	biological_process	GO:0050793
X2J9Z3	biological_process	GO:0050794
X2J9Z3	biological_process	GO:0051128
X2J9Z3	biological_process	GO:0065007
X2J9Z3	biological_process	GO:0120035
