accession	branch	go_term
A0A075B6T8	biological_process	GO:0002250
A0A075B6T8	biological_process	GO:0002376
A0A075B6T8	biological_process	GO:0006955
A0A075B6T8	biological_process	GO:0050896
A0A075B6T8	cellular_component	GO:0019814
A0A075B6T8	cellular_component	GO:0032991
A0A0B4K6F9	molecular_function	GO:0005488
A0A0B4K6F9	molecular_function	GO:0005509
A0A0B4K6F9	molecular_function	GO:0036094
A0A0B4K6F9	molecular_function	GO:0043167
A0A0B4K6F9	molecular_function	GO:0043169
A0A0B4K6F9	molecular_function	GO:0046872
A0A0B4K6F9	biological_process	GO:0006810
A0A0B4K6F9	biological_process	GO:0006836
A0A0B4K6F9	biological_process	GO:0007154
A0A0B4K6F9	biological_process	GO:0007267
A0A0B4K6F9	biological_process	GO:0007268
A0A0B4K6F9	biological_process	GO:0007269
A0A0B4K6F9	biological_process	GO:0009987
A0A0B4K6F9	biological_process	GO:0023052
A0A0B4K6F9	biological_process	GO:0023061
A0A0B4K6F9	biological_process	GO:0032940
A0A0B4K6F9	biological_process	GO:0046903
A0A0B4K6F9	biological_process	GO:0050789
A0A0B4K6F9	biological_process	GO:0051179
A0A0B4K6F9	biological_process	GO:0051234
A0A0B4K6F9	biological_process	GO:0051641
A0A0B4K6F9	biological_process	GO:0051649
A0A0B4K6F9	biological_process	GO:0061670
A0A0B4K6F9	biological_process	GO:0065007
A0A0B4K6F9	biological_process	GO:0098916
A0A0B4K6F9	biological_process	GO:0099536
A0A0B4K6F9	biological_process	GO:0099537
A0A0B4K6F9	biological_process	GO:0099643
A0A0B4K6F9	biological_process	GO:0140352
A0A0B4K6F9	cellular_component	GO:0005622
A0A0B4K6F9	cellular_component	GO:0005737
A0A0B4K6F9	cellular_component	GO:0005783
A0A0B4K6F9	cellular_component	GO:0005789
A0A0B4K6F9	cellular_component	GO:0012505
A0A0B4K6F9	cellular_component	GO:0016020
A0A0B4K6F9	cellular_component	GO:0030054
A0A0B4K6F9	cellular_component	GO:0031090
A0A0B4K6F9	cellular_component	GO:0031984
A0A0B4K6F9	cellular_component	GO:0042175
A0A0B4K6F9	cellular_component	GO:0043226
A0A0B4K6F9	cellular_component	GO:0043227
A0A0B4K6F9	cellular_component	GO:0043229
A0A0B4K6F9	cellular_component	GO:0043231
A0A0B4K6F9	cellular_component	GO:0045202
A0A0B4K6F9	cellular_component	GO:0098793
A0A0B4K6F9	cellular_component	GO:0098827
A0A0B4K6F9	cellular_component	GO:0110165
A0A0B4KGE4	molecular_function	GO:0005215
A0A0B4KGE4	molecular_function	GO:0015171
A0A0B4KGE4	molecular_function	GO:0015175
A0A0B4KGE4	molecular_function	GO:0022857
A0A0B4KGE4	biological_process	GO:0003333
A0A0B4KGE4	biological_process	GO:0006810
A0A0B4KGE4	biological_process	GO:0006865
A0A0B4KGE4	biological_process	GO:0009987
A0A0B4KGE4	biological_process	GO:0015803
A0A0B4KGE4	biological_process	GO:0015804
A0A0B4KGE4	biological_process	GO:0015807
A0A0B4KGE4	biological_process	GO:0015820
A0A0B4KGE4	biological_process	GO:0015849
A0A0B4KGE4	biological_process	GO:0046942
A0A0B4KGE4	biological_process	GO:0051179
A0A0B4KGE4	biological_process	GO:0051234
A0A0B4KGE4	biological_process	GO:0055085
A0A0B4KGE4	biological_process	GO:0071705
A0A0B4KGE4	biological_process	GO:0089718
A0A0B4KGE4	biological_process	GO:0098657
A0A0B4KGE4	biological_process	GO:0098739
A0A0B4KGE4	biological_process	GO:1902475
A0A0B4KGE4	biological_process	GO:1903801
A0A0B4KGE4	biological_process	GO:1905039
A0A0B4KGE4	cellular_component	GO:0005886
A0A0B4KGE4	cellular_component	GO:0016020
A0A0B4KGE4	cellular_component	GO:0032991
A0A0B4KGE4	cellular_component	GO:0071944
A0A0B4KGE4	cellular_component	GO:0098796
A0A0B4KGE4	cellular_component	GO:0098797
A0A0B4KGE4	cellular_component	GO:0110165
A0A0B4KGE4	cellular_component	GO:1990184
A0A0B4KGP4	molecular_function	GO:0004895
A0A0B4KGP4	molecular_function	GO:0005488
A0A0B4KGP4	molecular_function	GO:0005515
A0A0B4KGP4	molecular_function	GO:0038023
A0A0B4KGP4	molecular_function	GO:0050839
A0A0B4KGP4	molecular_function	GO:0060089
A0A0B4KGP4	molecular_function	GO:0098631
A0A0B4KGP4	biological_process	GO:0007275
A0A0B4KGP4	biological_process	GO:0007399
A0A0B4KGP4	biological_process	GO:0007416
A0A0B4KGP4	biological_process	GO:0009987
A0A0B4KGP4	biological_process	GO:0016043
A0A0B4KGP4	biological_process	GO:0022607
A0A0B4KGP4	biological_process	GO:0032501
A0A0B4KGP4	biological_process	GO:0032502
A0A0B4KGP4	biological_process	GO:0034329
A0A0B4KGP4	biological_process	GO:0034330
A0A0B4KGP4	biological_process	GO:0044085
A0A0B4KGP4	biological_process	GO:0048731
A0A0B4KGP4	biological_process	GO:0048856
A0A0B4KGP4	biological_process	GO:0050808
A0A0B4KGP4	biological_process	GO:0071840
A0A0B4KGP4	biological_process	GO:0160108
A0A0B4KGP4	cellular_component	GO:0005886
A0A0B4KGP4	cellular_component	GO:0016020
A0A0B4KGP4	cellular_component	GO:0030054
A0A0B4KGP4	cellular_component	GO:0045202
A0A0B4KGP4	cellular_component	GO:0045211
A0A0B4KGP4	cellular_component	GO:0071944
A0A0B4KGP4	cellular_component	GO:0097060
A0A0B4KGP4	cellular_component	GO:0098590
A0A0B4KGP4	cellular_component	GO:0098794
A0A0B4KGP4	cellular_component	GO:0110165
A0A0B4LF36	cellular_component	GO:0005622
A0A0B4LF36	cellular_component	GO:0005737
A0A0B4LF36	cellular_component	GO:0005739
A0A0B4LF36	cellular_component	GO:0005740
A0A0B4LF36	cellular_component	GO:0005743
A0A0B4LF36	cellular_component	GO:0016020
A0A0B4LF36	cellular_component	GO:0019866
A0A0B4LF36	cellular_component	GO:0031090
A0A0B4LF36	cellular_component	GO:0031966
A0A0B4LF36	cellular_component	GO:0031967
A0A0B4LF36	cellular_component	GO:0043226
A0A0B4LF36	cellular_component	GO:0043227
A0A0B4LF36	cellular_component	GO:0043229
A0A0B4LF36	cellular_component	GO:0043231
A0A0B4LF36	cellular_component	GO:0110165
A0A1B0GUW7	biological_process	GO:0006996
A0A1B0GUW7	biological_process	GO:0009987
A0A1B0GUW7	biological_process	GO:0016043
A0A1B0GUW7	biological_process	GO:0022607
A0A1B0GUW7	biological_process	GO:0030030
A0A1B0GUW7	biological_process	GO:0030031
A0A1B0GUW7	biological_process	GO:0044085
A0A1B0GUW7	biological_process	GO:0044782
A0A1B0GUW7	biological_process	GO:0060271
A0A1B0GUW7	biological_process	GO:0070925
A0A1B0GUW7	biological_process	GO:0071840
A0A1B0GUW7	biological_process	GO:0120031
A0A1B0GUW7	biological_process	GO:0120036
A0A1B0GUW7	cellular_component	GO:0005929
A0A1B0GUW7	cellular_component	GO:0035869
A0A1B0GUW7	cellular_component	GO:0042995
A0A1B0GUW7	cellular_component	GO:0043226
A0A1B0GUW7	cellular_component	GO:0043227
A0A1B0GUW7	cellular_component	GO:0110165
A0A1B0GUW7	cellular_component	GO:0120025
A0A2R8Y4L2	cellular_component	GO:0005622
A0A2R8Y4L2	cellular_component	GO:0005634
A0A2R8Y4L2	cellular_component	GO:0005654
A0A2R8Y4L2	cellular_component	GO:0031974
A0A2R8Y4L2	cellular_component	GO:0031981
A0A2R8Y4L2	cellular_component	GO:0043226
A0A2R8Y4L2	cellular_component	GO:0043227
A0A2R8Y4L2	cellular_component	GO:0043229
A0A2R8Y4L2	cellular_component	GO:0043231
A0A2R8Y4L2	cellular_component	GO:0043233
A0A2R8Y4L2	cellular_component	GO:0070013
A0A2R8Y4L2	cellular_component	GO:0110165
A0A4D6K4L3	cellular_component	GO:0005622
A0A4D6K4L3	cellular_component	GO:0005737
A0A4D6K4L3	cellular_component	GO:0005794
A0A4D6K4L3	cellular_component	GO:0012505
A0A4D6K4L3	cellular_component	GO:0043226
A0A4D6K4L3	cellular_component	GO:0043227
A0A4D6K4L3	cellular_component	GO:0043229
A0A4D6K4L3	cellular_component	GO:0043231
A0A4D6K4L3	cellular_component	GO:0110165
A0A4P1SA55	molecular_function	GO:0003824
A0A4P1SA55	molecular_function	GO:0004553
A0A4P1SA55	molecular_function	GO:0004558
A0A4P1SA55	molecular_function	GO:0015926
A0A4P1SA55	molecular_function	GO:0016787
A0A4P1SA55	molecular_function	GO:0016798
A0A4P1SA55	molecular_function	GO:0090599
A0A6I8WFJ4	molecular_function	GO:0005179
A0A6I8WFJ4	molecular_function	GO:0030545
A0A6I8WFJ4	molecular_function	GO:0030546
A0A6I8WFJ4	molecular_function	GO:0048018
A0A6I8WFJ4	molecular_function	GO:0098772
A0A6I8WFJ4	molecular_function	GO:0140677
A0A6I8WFJ4	biological_process	GO:0007154
A0A6I8WFJ4	biological_process	GO:0007165
A0A6I8WFJ4	biological_process	GO:0007186
A0A6I8WFJ4	biological_process	GO:0009987
A0A6I8WFJ4	biological_process	GO:0023052
A0A6I8WFJ4	biological_process	GO:0050789
A0A6I8WFJ4	biological_process	GO:0050794
A0A6I8WFJ4	biological_process	GO:0050896
A0A6I8WFJ4	biological_process	GO:0051716
A0A6I8WFJ4	biological_process	GO:0065007
A0A6I8WFJ4	cellular_component	GO:0005576
A0A6I8WFJ4	cellular_component	GO:0110165
A1Z707	molecular_function	GO:0003824
A1Z707	molecular_function	GO:0004368
A1Z707	molecular_function	GO:0016491
A1Z707	molecular_function	GO:0016614
A1Z707	molecular_function	GO:0016901
A1Z707	cellular_component	GO:0005622
A1Z707	cellular_component	GO:0005737
A1Z707	cellular_component	GO:0005739
A1Z707	cellular_component	GO:0043226
A1Z707	cellular_component	GO:0043227
A1Z707	cellular_component	GO:0043229
A1Z707	cellular_component	GO:0043231
A1Z707	cellular_component	GO:0110165
A1Z830	molecular_function	GO:0003824
A1Z830	molecular_function	GO:0008168
A1Z830	molecular_function	GO:0008170
A1Z830	molecular_function	GO:0008173
A1Z830	molecular_function	GO:0008649
A1Z830	molecular_function	GO:0008757
A1Z830	molecular_function	GO:0016436
A1Z830	molecular_function	GO:0016740
A1Z830	molecular_function	GO:0016741
A1Z830	molecular_function	GO:0070042
A1Z830	molecular_function	GO:0140098
A1Z830	molecular_function	GO:0140102
A1Z830	molecular_function	GO:0140640
A1Z830	biological_process	GO:0000154
A1Z830	biological_process	GO:0001510
A1Z830	biological_process	GO:0006139
A1Z830	biological_process	GO:0006364
A1Z830	biological_process	GO:0006396
A1Z830	biological_process	GO:0008152
A1Z830	biological_process	GO:0009058
A1Z830	biological_process	GO:0009059
A1Z830	biological_process	GO:0009451
A1Z830	biological_process	GO:0009987
A1Z830	biological_process	GO:0010467
A1Z830	biological_process	GO:0016070
A1Z830	biological_process	GO:0016072
A1Z830	biological_process	GO:0022613
A1Z830	biological_process	GO:0031167
A1Z830	biological_process	GO:0032259
A1Z830	biological_process	GO:0032774
A1Z830	biological_process	GO:0034654
A1Z830	biological_process	GO:0042254
A1Z830	biological_process	GO:0043170
A1Z830	biological_process	GO:0043412
A1Z830	biological_process	GO:0043414
A1Z830	biological_process	GO:0044085
A1Z830	biological_process	GO:0044238
A1Z830	biological_process	GO:0070475
A1Z830	biological_process	GO:0071840
A1Z830	biological_process	GO:0090304
A1Z830	biological_process	GO:0141187
A1Z830	cellular_component	GO:0005622
A1Z830	cellular_component	GO:0005634
A1Z830	cellular_component	GO:0005730
A1Z830	cellular_component	GO:0031974
A1Z830	cellular_component	GO:0031981
A1Z830	cellular_component	GO:0043226
A1Z830	cellular_component	GO:0043227
A1Z830	cellular_component	GO:0043228
A1Z830	cellular_component	GO:0043229
A1Z830	cellular_component	GO:0043231
A1Z830	cellular_component	GO:0043232
A1Z830	cellular_component	GO:0043233
A1Z830	cellular_component	GO:0070013
A1Z830	cellular_component	GO:0110165
A1Z917	molecular_function	GO:0005488
A1Z917	molecular_function	GO:0005515
A1Z9G9	cellular_component	GO:0000428
A1Z9G9	cellular_component	GO:0005622
A1Z9G9	cellular_component	GO:0005634
A1Z9G9	cellular_component	GO:0005654
A1Z9G9	cellular_component	GO:0005730
A1Z9G9	cellular_component	GO:0008023
A1Z9G9	cellular_component	GO:0016591
A1Z9G9	cellular_component	GO:0016593
A1Z9G9	cellular_component	GO:0030880
A1Z9G9	cellular_component	GO:0031974
A1Z9G9	cellular_component	GO:0031981
A1Z9G9	cellular_component	GO:0032991
A1Z9G9	cellular_component	GO:0043226
A1Z9G9	cellular_component	GO:0043227
A1Z9G9	cellular_component	GO:0043228
A1Z9G9	cellular_component	GO:0043229
A1Z9G9	cellular_component	GO:0043231
A1Z9G9	cellular_component	GO:0043232
A1Z9G9	cellular_component	GO:0043233
A1Z9G9	cellular_component	GO:0055029
A1Z9G9	cellular_component	GO:0061695
A1Z9G9	cellular_component	GO:0070013
A1Z9G9	cellular_component	GO:0110165
A1Z9G9	cellular_component	GO:0140513
A1Z9G9	cellular_component	GO:0140535
A1Z9G9	cellular_component	GO:1902494
A1Z9G9	cellular_component	GO:1990234
A1Z9M0	biological_process	GO:0006810
A1Z9M0	biological_process	GO:0006839
A1Z9M0	biological_process	GO:0009987
A1Z9M0	biological_process	GO:0046907
A1Z9M0	biological_process	GO:0051179
A1Z9M0	biological_process	GO:0051234
A1Z9M0	biological_process	GO:0051641
A1Z9M0	biological_process	GO:0051649
A1Z9M0	biological_process	GO:0055085
A1Z9M0	biological_process	GO:1990542
A1ZA77	molecular_function	GO:0005102
A1ZA77	molecular_function	GO:0005488
A1ZA77	molecular_function	GO:0005515
A1ZA77	biological_process	GO:0001736
A1ZA77	biological_process	GO:0001738
A1ZA77	biological_process	GO:0002009
A1ZA77	biological_process	GO:0007164
A1ZA77	biological_process	GO:0008104
A1ZA77	biological_process	GO:0009653
A1ZA77	biological_process	GO:0009888
A1ZA77	biological_process	GO:0032502
A1ZA77	biological_process	GO:0033036
A1ZA77	biological_process	GO:0048729
A1ZA77	biological_process	GO:0048856
A1ZA77	biological_process	GO:0051179
A1ZA77	biological_process	GO:0060429
A1ZA77	biological_process	GO:0090251
A1ZA77	biological_process	GO:0160108
A1ZA77	cellular_component	GO:0005622
A1ZA77	cellular_component	GO:0005737
A1ZA77	cellular_component	GO:0005783
A1ZA77	cellular_component	GO:0005789
A1ZA77	cellular_component	GO:0012505
A1ZA77	cellular_component	GO:0016020
A1ZA77	cellular_component	GO:0031090
A1ZA77	cellular_component	GO:0031984
A1ZA77	cellular_component	GO:0042175
A1ZA77	cellular_component	GO:0043226
A1ZA77	cellular_component	GO:0043227
A1ZA77	cellular_component	GO:0043229
A1ZA77	cellular_component	GO:0043231
A1ZA77	cellular_component	GO:0098827
A1ZA77	cellular_component	GO:0110165
A1ZAX2	cellular_component	GO:0005622
A1ZAX2	cellular_component	GO:0005737
A1ZAX2	cellular_component	GO:0005739
A1ZAX2	cellular_component	GO:0005740
A1ZAX2	cellular_component	GO:0005741
A1ZAX2	cellular_component	GO:0016020
A1ZAX2	cellular_component	GO:0019867
A1ZAX2	cellular_component	GO:0031090
A1ZAX2	cellular_component	GO:0031966
A1ZAX2	cellular_component	GO:0031967
A1ZAX2	cellular_component	GO:0031968
A1ZAX2	cellular_component	GO:0043226
A1ZAX2	cellular_component	GO:0043227
A1ZAX2	cellular_component	GO:0043229
A1ZAX2	cellular_component	GO:0043231
A1ZAX2	cellular_component	GO:0098588
A1ZAX2	cellular_component	GO:0110165
A1ZB29	molecular_function	GO:0003824
A1ZB29	molecular_function	GO:0004798
A1ZB29	molecular_function	GO:0016301
A1ZB29	molecular_function	GO:0016740
A1ZB29	molecular_function	GO:0016772
A1ZB29	molecular_function	GO:0016776
A1ZB29	molecular_function	GO:0019205
A1ZB29	molecular_function	GO:0047507
A1ZB29	molecular_function	GO:0120136
A1ZBF1	molecular_function	GO:0005488
A1ZBF1	molecular_function	GO:0005515
A1ZBF1	molecular_function	GO:0008017
A1ZBF1	molecular_function	GO:0008092
A1ZBF1	molecular_function	GO:0015631
A1ZBF1	molecular_function	GO:0051010
A1ZBF1	biological_process	GO:0032886
A1ZBF1	biological_process	GO:0033043
A1ZBF1	biological_process	GO:0050789
A1ZBF1	biological_process	GO:0050794
A1ZBF1	biological_process	GO:0051128
A1ZBF1	biological_process	GO:0051493
A1ZBF1	biological_process	GO:0065007
A1ZBF1	biological_process	GO:0070507
A1ZBH3	molecular_function	GO:0003824
A1ZBH3	molecular_function	GO:0004620
A1ZBH3	molecular_function	GO:0016298
A1ZBH3	molecular_function	GO:0016787
A1ZBH3	molecular_function	GO:0016788
A1ZBH3	molecular_function	GO:0052689
A1ZBH3	molecular_function	GO:0120558
A1ZBH3	molecular_function	GO:0120560
A1ZBH3	molecular_function	GO:0120569
A1ZBH3	molecular_function	GO:0140322
A2A3L6	molecular_function	GO:0005488
A2A3L6	molecular_function	GO:0005515
A4D256	cellular_component	GO:0005622
A4D256	cellular_component	GO:0005737
A4D256	cellular_component	GO:0005783
A4D256	cellular_component	GO:0005789
A4D256	cellular_component	GO:0012505
A4D256	cellular_component	GO:0016020
A4D256	cellular_component	GO:0031090
A4D256	cellular_component	GO:0031984
A4D256	cellular_component	GO:0042175
A4D256	cellular_component	GO:0043226
A4D256	cellular_component	GO:0043227
A4D256	cellular_component	GO:0043229
A4D256	cellular_component	GO:0043231
A4D256	cellular_component	GO:0098827
A4D256	cellular_component	GO:0110165
A6NLP5	molecular_function	GO:0140311
A6NLP5	molecular_function	GO:0140313
A6NLP5	biological_process	GO:0001932
A6NLP5	biological_process	GO:0001933
A6NLP5	biological_process	GO:0009892
A6NLP5	biological_process	GO:0009894
A6NLP5	biological_process	GO:0009895
A6NLP5	biological_process	GO:0010605
A6NLP5	biological_process	GO:0010799
A6NLP5	biological_process	GO:0010801
A6NLP5	biological_process	GO:0019222
A6NLP5	biological_process	GO:0031396
A6NLP5	biological_process	GO:0031397
A6NLP5	biological_process	GO:0031399
A6NLP5	biological_process	GO:0031400
A6NLP5	biological_process	GO:0032434
A6NLP5	biological_process	GO:0032435
A6NLP5	biological_process	GO:0042176
A6NLP5	biological_process	GO:0042177
A6NLP5	biological_process	GO:0042325
A6NLP5	biological_process	GO:0042326
A6NLP5	biological_process	GO:0045936
A6NLP5	biological_process	GO:0048519
A6NLP5	biological_process	GO:0048523
A6NLP5	biological_process	GO:0050789
A6NLP5	biological_process	GO:0050794
A6NLP5	biological_process	GO:0051246
A6NLP5	biological_process	GO:0051248
A6NLP5	biological_process	GO:0060255
A6NLP5	biological_process	GO:0061136
A6NLP5	biological_process	GO:0062025
A6NLP5	biological_process	GO:0062026
A6NLP5	biological_process	GO:0065007
A6NLP5	biological_process	GO:0080090
A6NLP5	biological_process	GO:1901799
A6NLP5	biological_process	GO:1901873
A6NLP5	biological_process	GO:1901874
A6NLP5	biological_process	GO:1902914
A6NLP5	biological_process	GO:1902915
A6NLP5	biological_process	GO:1903320
A6NLP5	biological_process	GO:1903321
A6NLP5	biological_process	GO:2000058
A6NLP5	biological_process	GO:2000059
A6NLP5	cellular_component	GO:0005622
A6NLP5	cellular_component	GO:0005737
A6NLP5	cellular_component	GO:0005829
A6NLP5	cellular_component	GO:0110165
A6NNL5	cellular_component	GO:0005622
A6NNL5	cellular_component	GO:0005737
A6NNL5	cellular_component	GO:0005739
A6NNL5	cellular_component	GO:0043226
A6NNL5	cellular_component	GO:0043227
A6NNL5	cellular_component	GO:0043229
A6NNL5	cellular_component	GO:0043231
A6NNL5	cellular_component	GO:0110165
A6PVI3	molecular_function	GO:0005488
A6PVI3	molecular_function	GO:0005515
A8MSI8	cellular_component	GO:0005622
A8MSI8	cellular_component	GO:0005737
A8MSI8	cellular_component	GO:0005739
A8MSI8	cellular_component	GO:0043226
A8MSI8	cellular_component	GO:0043227
A8MSI8	cellular_component	GO:0043229
A8MSI8	cellular_component	GO:0043231
A8MSI8	cellular_component	GO:0110165
A8MTT3	cellular_component	GO:0005622
A8MTT3	cellular_component	GO:0005737
A8MTT3	cellular_component	GO:0005739
A8MTT3	cellular_component	GO:0005740
A8MTT3	cellular_component	GO:0016020
A8MTT3	cellular_component	GO:0031090
A8MTT3	cellular_component	GO:0031966
A8MTT3	cellular_component	GO:0031967
A8MTT3	cellular_component	GO:0043226
A8MTT3	cellular_component	GO:0043227
A8MTT3	cellular_component	GO:0043229
A8MTT3	cellular_component	GO:0043231
A8MTT3	cellular_component	GO:0110165
A8MWY0	molecular_function	GO:0005488
A8MWY0	molecular_function	GO:0005515
B2RC85	cellular_component	GO:0005929
B2RC85	cellular_component	GO:0031514
B2RC85	cellular_component	GO:0036126
B2RC85	cellular_component	GO:0042995
B2RC85	cellular_component	GO:0043226
B2RC85	cellular_component	GO:0043227
B2RC85	cellular_component	GO:0097729
B2RC85	cellular_component	GO:0110165
B2RC85	cellular_component	GO:0120025
B7Z0M0	molecular_function	GO:0005488
B7Z0M0	molecular_function	GO:0005515
H3BS89	molecular_function	GO:0005488
H3BS89	molecular_function	GO:0005515
M9PEU1	biological_process	GO:0003333
M9PEU1	biological_process	GO:0006810
M9PEU1	biological_process	GO:0006865
M9PEU1	biological_process	GO:0009987
M9PEU1	biological_process	GO:0051179
M9PEU1	biological_process	GO:0051234
M9PEU1	biological_process	GO:0055085
M9PEU1	cellular_component	GO:0005886
M9PEU1	cellular_component	GO:0016020
M9PEU1	cellular_component	GO:0071944
M9PEU1	cellular_component	GO:0110165
M9PHA4	molecular_function	GO:0005215
M9PHA4	molecular_function	GO:0005319
M9PHA4	molecular_function	GO:0017128
M9PHA4	molecular_function	GO:0140104
M9PHA4	molecular_function	GO:0140303
M9PHA4	biological_process	GO:0006810
M9PHA4	biological_process	GO:0006869
M9PHA4	biological_process	GO:0007009
M9PHA4	biological_process	GO:0009987
M9PHA4	biological_process	GO:0010256
M9PHA4	biological_process	GO:0010876
M9PHA4	biological_process	GO:0015748
M9PHA4	biological_process	GO:0015914
M9PHA4	biological_process	GO:0016043
M9PHA4	biological_process	GO:0017121
M9PHA4	biological_process	GO:0033036
M9PHA4	biological_process	GO:0034204
M9PHA4	biological_process	GO:0045332
M9PHA4	biological_process	GO:0051179
M9PHA4	biological_process	GO:0051234
M9PHA4	biological_process	GO:0061024
M9PHA4	biological_process	GO:0065007
M9PHA4	biological_process	GO:0065008
M9PHA4	biological_process	GO:0071840
M9PHA4	biological_process	GO:0097035
M9PHA4	cellular_component	GO:0005886
M9PHA4	cellular_component	GO:0016020
M9PHA4	cellular_component	GO:0071944
M9PHA4	cellular_component	GO:0110165
O00591	molecular_function	GO:0004888
O00591	molecular_function	GO:0004890
O00591	molecular_function	GO:0005215
O00591	molecular_function	GO:0005216
O00591	molecular_function	GO:0005230
O00591	molecular_function	GO:0005253
O00591	molecular_function	GO:0005254
O00591	molecular_function	GO:0008509
O00591	molecular_function	GO:0015075
O00591	molecular_function	GO:0015108
O00591	molecular_function	GO:0015267
O00591	molecular_function	GO:0015276
O00591	molecular_function	GO:0016917
O00591	molecular_function	GO:0022803
O00591	molecular_function	GO:0022824
O00591	molecular_function	GO:0022834
O00591	molecular_function	GO:0022835
O00591	molecular_function	GO:0022836
O00591	molecular_function	GO:0022851
O00591	molecular_function	GO:0022857
O00591	molecular_function	GO:0030594
O00591	molecular_function	GO:0038023
O00591	molecular_function	GO:0060089
O00591	molecular_function	GO:0099095
O60423	cellular_component	GO:0005622
O60423	cellular_component	GO:0005737
O60423	cellular_component	GO:0005783
O60423	cellular_component	GO:0005789
O60423	cellular_component	GO:0012505
O60423	cellular_component	GO:0016020
O60423	cellular_component	GO:0031090
O60423	cellular_component	GO:0031984
O60423	cellular_component	GO:0042175
O60423	cellular_component	GO:0043226
O60423	cellular_component	GO:0043227
O60423	cellular_component	GO:0043229
O60423	cellular_component	GO:0043231
O60423	cellular_component	GO:0098827
O60423	cellular_component	GO:0110165
O60676	molecular_function	GO:0004857
O60676	molecular_function	GO:0004866
O60676	molecular_function	GO:0004869
O60676	molecular_function	GO:0030234
O60676	molecular_function	GO:0030414
O60676	molecular_function	GO:0061134
O60676	molecular_function	GO:0061135
O60676	molecular_function	GO:0098772
O60676	molecular_function	GO:0140678
O60809	molecular_function	GO:0005488
O60809	molecular_function	GO:0005515
O60928	molecular_function	GO:0005215
O60928	molecular_function	GO:0005216
O60928	molecular_function	GO:0005242
O60928	molecular_function	GO:0005244
O60928	molecular_function	GO:0005249
O60928	molecular_function	GO:0005261
O60928	molecular_function	GO:0005267
O60928	molecular_function	GO:0008324
O60928	molecular_function	GO:0015075
O60928	molecular_function	GO:0015079
O60928	molecular_function	GO:0015267
O60928	molecular_function	GO:0015276
O60928	molecular_function	GO:0022803
O60928	molecular_function	GO:0022832
O60928	molecular_function	GO:0022834
O60928	molecular_function	GO:0022836
O60928	molecular_function	GO:0022843
O60928	molecular_function	GO:0022857
O60928	molecular_function	GO:0046873
O60928	molecular_function	GO:0099094
O60928	biological_process	GO:0006873
O60928	biological_process	GO:0019725
O60928	biological_process	GO:0030003
O60928	biological_process	GO:0030007
O60928	biological_process	GO:0042391
O60928	biological_process	GO:0042592
O60928	biological_process	GO:0048878
O60928	biological_process	GO:0050801
O60928	biological_process	GO:0055075
O60928	biological_process	GO:0055080
O60928	biological_process	GO:0055082
O60928	biological_process	GO:0065007
O60928	biological_process	GO:0065008
O60928	biological_process	GO:0098771
O60928	cellular_component	GO:0005886
O60928	cellular_component	GO:0016020
O60928	cellular_component	GO:0032991
O60928	cellular_component	GO:0034702
O60928	cellular_component	GO:0071944
O60928	cellular_component	GO:0098796
O60928	cellular_component	GO:0110165
O60928	cellular_component	GO:1902495
O60928	cellular_component	GO:1990351
O76454	molecular_function	GO:0003824
O76454	molecular_function	GO:0008124
O76454	molecular_function	GO:0016829
O76454	molecular_function	GO:0016835
O76454	molecular_function	GO:0016836
O76454	biological_process	GO:0006066
O76454	biological_process	GO:0006729
O76454	biological_process	GO:0008152
O76454	biological_process	GO:0009058
O76454	biological_process	GO:0009987
O76454	biological_process	GO:0019751
O76454	biological_process	GO:0034311
O76454	biological_process	GO:0034312
O76454	biological_process	GO:0042558
O76454	biological_process	GO:0042559
O76454	biological_process	GO:0044281
O76454	biological_process	GO:0044283
O76454	biological_process	GO:0046146
O76454	biological_process	GO:0046165
O76454	biological_process	GO:0046173
O77134	cellular_component	GO:0005622
O77134	cellular_component	GO:0005737
O77134	cellular_component	GO:0005739
O77134	cellular_component	GO:0005740
O77134	cellular_component	GO:0005743
O77134	cellular_component	GO:0016020
O77134	cellular_component	GO:0019866
O77134	cellular_component	GO:0031090
O77134	cellular_component	GO:0031966
O77134	cellular_component	GO:0031967
O77134	cellular_component	GO:0043226
O77134	cellular_component	GO:0043227
O77134	cellular_component	GO:0043229
O77134	cellular_component	GO:0043231
O77134	cellular_component	GO:0110165
O77263	molecular_function	GO:0003824
O77263	molecular_function	GO:0005488
O77263	molecular_function	GO:0005515
O77263	molecular_function	GO:0008168
O77263	molecular_function	GO:0008173
O77263	molecular_function	GO:0008175
O77263	molecular_function	GO:0008176
O77263	molecular_function	GO:0008757
O77263	molecular_function	GO:0016423
O77263	molecular_function	GO:0016740
O77263	molecular_function	GO:0016741
O77263	molecular_function	GO:0140098
O77263	molecular_function	GO:0140101
O77263	molecular_function	GO:0140640
O77263	biological_process	GO:0001510
O77263	biological_process	GO:0006139
O77263	biological_process	GO:0006396
O77263	biological_process	GO:0006399
O77263	biological_process	GO:0006400
O77263	biological_process	GO:0008033
O77263	biological_process	GO:0008152
O77263	biological_process	GO:0009058
O77263	biological_process	GO:0009059
O77263	biological_process	GO:0009451
O77263	biological_process	GO:0009987
O77263	biological_process	GO:0010467
O77263	biological_process	GO:0016070
O77263	biological_process	GO:0030488
O77263	biological_process	GO:0032259
O77263	biological_process	GO:0032774
O77263	biological_process	GO:0034654
O77263	biological_process	GO:0043170
O77263	biological_process	GO:0043412
O77263	biological_process	GO:0043414
O77263	biological_process	GO:0044238
O77263	biological_process	GO:0090304
O77263	biological_process	GO:0141187
O77263	cellular_component	GO:0005622
O77263	cellular_component	GO:0032991
O77263	cellular_component	GO:0034708
O77263	cellular_component	GO:0043527
O77263	cellular_component	GO:0106143
O77263	cellular_component	GO:0110165
O77263	cellular_component	GO:1902494
O77263	cellular_component	GO:1990234
O97479	molecular_function	GO:0003824
O97479	molecular_function	GO:0003939
O97479	molecular_function	GO:0004022
O97479	molecular_function	GO:0016491
O97479	molecular_function	GO:0016614
O97479	molecular_function	GO:0016616
O97479	molecular_function	GO:0018455
O97479	molecular_function	GO:0047833
O97479	biological_process	GO:0005975
O97479	biological_process	GO:0005996
O97479	biological_process	GO:0006000
O97479	biological_process	GO:0006059
O97479	biological_process	GO:0006060
O97479	biological_process	GO:0006062
O97479	biological_process	GO:0006066
O97479	biological_process	GO:0008152
O97479	biological_process	GO:0009056
O97479	biological_process	GO:0009058
O97479	biological_process	GO:0009987
O97479	biological_process	GO:0016051
O97479	biological_process	GO:0016052
O97479	biological_process	GO:0019318
O97479	biological_process	GO:0019319
O97479	biological_process	GO:0019405
O97479	biological_process	GO:0019407
O97479	biological_process	GO:0019751
O97479	biological_process	GO:0044238
O97479	biological_process	GO:0044281
O97479	biological_process	GO:0044282
O97479	biological_process	GO:0044283
O97479	biological_process	GO:0046164
O97479	biological_process	GO:0046174
O97479	biological_process	GO:0046364
O97479	biological_process	GO:0046370
P07316	molecular_function	GO:0005488
P07316	molecular_function	GO:0005515
P0C7M7	cellular_component	GO:0005622
P0C7M7	cellular_component	GO:0005737
P0C7M7	cellular_component	GO:0005739
P0C7M7	cellular_component	GO:0043226
P0C7M7	cellular_component	GO:0043227
P0C7M7	cellular_component	GO:0043229
P0C7M7	cellular_component	GO:0043231
P0C7M7	cellular_component	GO:0110165
P0C7P4	cellular_component	GO:0005622
P0C7P4	cellular_component	GO:0005737
P0C7P4	cellular_component	GO:0005739
P0C7P4	cellular_component	GO:0043226
P0C7P4	cellular_component	GO:0043227
P0C7P4	cellular_component	GO:0043229
P0C7P4	cellular_component	GO:0043231
P0C7P4	cellular_component	GO:0110165
P0C881	cellular_component	GO:0005929
P0C881	cellular_component	GO:0031514
P0C881	cellular_component	GO:0036126
P0C881	cellular_component	GO:0042995
P0C881	cellular_component	GO:0043226
P0C881	cellular_component	GO:0043227
P0C881	cellular_component	GO:0097729
P0C881	cellular_component	GO:0110165
P0C881	cellular_component	GO:0120025
P0CD97	cellular_component	GO:0005622
P0CD97	cellular_component	GO:0005737
P0CD97	cellular_component	GO:0005829
P0CD97	cellular_component	GO:0110165
P0DJ07	cellular_component	GO:0005622
P0DJ07	cellular_component	GO:0005737
P0DJ07	cellular_component	GO:0005739
P0DJ07	cellular_component	GO:0005740
P0DJ07	cellular_component	GO:0005743
P0DJ07	cellular_component	GO:0016020
P0DJ07	cellular_component	GO:0019866
P0DJ07	cellular_component	GO:0031090
P0DJ07	cellular_component	GO:0031966
P0DJ07	cellular_component	GO:0031967
P0DJ07	cellular_component	GO:0043226
P0DJ07	cellular_component	GO:0043227
P0DJ07	cellular_component	GO:0043229
P0DJ07	cellular_component	GO:0043231
P0DJ07	cellular_component	GO:0110165
P0DN78	molecular_function	GO:0004888
P0DN78	molecular_function	GO:0004930
P0DN78	molecular_function	GO:0008020
P0DN78	molecular_function	GO:0009881
P0DN78	molecular_function	GO:0038023
P0DN78	molecular_function	GO:0060089
P0DN78	biological_process	GO:0003008
P0DN78	biological_process	GO:0007154
P0DN78	biological_process	GO:0007165
P0DN78	biological_process	GO:0007186
P0DN78	biological_process	GO:0007600
P0DN78	biological_process	GO:0007601
P0DN78	biological_process	GO:0007602
P0DN78	biological_process	GO:0007603
P0DN78	biological_process	GO:0009314
P0DN78	biological_process	GO:0009416
P0DN78	biological_process	GO:0009581
P0DN78	biological_process	GO:0009582
P0DN78	biological_process	GO:0009583
P0DN78	biological_process	GO:0009584
P0DN78	biological_process	GO:0009605
P0DN78	biological_process	GO:0009628
P0DN78	biological_process	GO:0009987
P0DN78	biological_process	GO:0016037
P0DN78	biological_process	GO:0016038
P0DN78	biological_process	GO:0016056
P0DN78	biological_process	GO:0023052
P0DN78	biological_process	GO:0032501
P0DN78	biological_process	GO:0050789
P0DN78	biological_process	GO:0050794
P0DN78	biological_process	GO:0050877
P0DN78	biological_process	GO:0050896
P0DN78	biological_process	GO:0050953
P0DN78	biological_process	GO:0051606
P0DN78	biological_process	GO:0051716
P0DN78	biological_process	GO:0065007
P0DN78	biological_process	GO:0071214
P0DN78	biological_process	GO:0071478
P0DN78	biological_process	GO:0071482
P0DN78	biological_process	GO:0104004
P0DN78	biological_process	GO:0141190
P0DN78	cellular_component	GO:0001750
P0DN78	cellular_component	GO:0005886
P0DN78	cellular_component	GO:0005929
P0DN78	cellular_component	GO:0016020
P0DN78	cellular_component	GO:0031090
P0DN78	cellular_component	GO:0031253
P0DN78	cellular_component	GO:0042995
P0DN78	cellular_component	GO:0043005
P0DN78	cellular_component	GO:0043226
P0DN78	cellular_component	GO:0043227
P0DN78	cellular_component	GO:0060170
P0DN78	cellular_component	GO:0071944
P0DN78	cellular_component	GO:0097381
P0DN78	cellular_component	GO:0097730
P0DN78	cellular_component	GO:0097731
P0DN78	cellular_component	GO:0097733
P0DN78	cellular_component	GO:0098588
P0DN78	cellular_component	GO:0098590
P0DN78	cellular_component	GO:0110165
P0DN78	cellular_component	GO:0120025
P0DN78	cellular_component	GO:0120201
P13130	biological_process	GO:0003006
P13130	biological_process	GO:0007049
P13130	biological_process	GO:0009272
P13130	biological_process	GO:0009653
P13130	biological_process	GO:0009987
P13130	biological_process	GO:0010927
P13130	biological_process	GO:0016043
P13130	biological_process	GO:0019953
P13130	biological_process	GO:0022402
P13130	biological_process	GO:0022413
P13130	biological_process	GO:0022414
P13130	biological_process	GO:0022607
P13130	biological_process	GO:0030154
P13130	biological_process	GO:0030435
P13130	biological_process	GO:0030437
P13130	biological_process	GO:0030476
P13130	biological_process	GO:0031505
P13130	biological_process	GO:0032502
P13130	biological_process	GO:0032989
P13130	biological_process	GO:0034293
P13130	biological_process	GO:0042244
P13130	biological_process	GO:0042546
P13130	biological_process	GO:0043934
P13130	biological_process	GO:0043935
P13130	biological_process	GO:0044085
P13130	biological_process	GO:0045229
P13130	biological_process	GO:0048468
P13130	biological_process	GO:0048646
P13130	biological_process	GO:0048856
P13130	biological_process	GO:0048869
P13130	biological_process	GO:0051321
P13130	biological_process	GO:0070590
P13130	biological_process	GO:0070591
P13130	biological_process	GO:0070726
P13130	biological_process	GO:0071554
P13130	biological_process	GO:0071555
P13130	biological_process	GO:0071840
P13130	biological_process	GO:0071852
P13130	biological_process	GO:0071940
P13130	biological_process	GO:1903046
P20007	biological_process	GO:0005975
P20007	biological_process	GO:0005984
P20007	biological_process	GO:0005991
P20007	biological_process	GO:0005992
P20007	biological_process	GO:0005996
P20007	biological_process	GO:0006006
P20007	biological_process	GO:0006066
P20007	biological_process	GO:0006071
P20007	biological_process	GO:0006094
P20007	biological_process	GO:0006114
P20007	biological_process	GO:0006629
P20007	biological_process	GO:0006638
P20007	biological_process	GO:0006639
P20007	biological_process	GO:0006641
P20007	biological_process	GO:0008152
P20007	biological_process	GO:0008610
P20007	biological_process	GO:0009058
P20007	biological_process	GO:0009311
P20007	biological_process	GO:0009312
P20007	biological_process	GO:0009987
P20007	biological_process	GO:0016051
P20007	biological_process	GO:0019318
P20007	biological_process	GO:0019319
P20007	biological_process	GO:0019401
P20007	biological_process	GO:0019432
P20007	biological_process	GO:0019751
P20007	biological_process	GO:0044238
P20007	biological_process	GO:0044281
P20007	biological_process	GO:0044283
P20007	biological_process	GO:0045017
P20007	biological_process	GO:0046165
P20007	biological_process	GO:0046173
P20007	biological_process	GO:0046351
P20007	biological_process	GO:0046364
P20007	biological_process	GO:0046460
P20007	biological_process	GO:0046463
P20007	biological_process	GO:0046486
P38239	biological_process	GO:0002181
P38239	biological_process	GO:0002183
P38239	biological_process	GO:0002190
P38239	biological_process	GO:0002192
P38239	biological_process	GO:0006412
P38239	biological_process	GO:0006413
P38239	biological_process	GO:0008152
P38239	biological_process	GO:0009058
P38239	biological_process	GO:0009059
P38239	biological_process	GO:0009987
P38239	biological_process	GO:0010467
P38239	biological_process	GO:0019538
P38239	biological_process	GO:0043170
P38239	biological_process	GO:0044238
P38239	biological_process	GO:0110017
P38239	biological_process	GO:0160307
P38836	cellular_component	GO:0000322
P38836	cellular_component	GO:0000323
P38836	cellular_component	GO:0000324
P38836	cellular_component	GO:0005576
P38836	cellular_component	GO:0005622
P38836	cellular_component	GO:0005737
P38836	cellular_component	GO:0005773
P38836	cellular_component	GO:0043226
P38836	cellular_component	GO:0043227
P38836	cellular_component	GO:0043229
P38836	cellular_component	GO:0043231
P38836	cellular_component	GO:0110165
P47086	molecular_function	GO:0005488
P47086	molecular_function	GO:0005515
P53130	biological_process	GO:0001403
P53130	biological_process	GO:0009892
P53130	biological_process	GO:0010605
P53130	biological_process	GO:0019222
P53130	biological_process	GO:0030447
P53130	biological_process	GO:0036267
P53130	biological_process	GO:0040007
P53130	biological_process	GO:0044182
P53130	biological_process	GO:0048519
P53130	biological_process	GO:0048523
P53130	biological_process	GO:0050789
P53130	biological_process	GO:0050794
P53130	biological_process	GO:0051128
P53130	biological_process	GO:0051129
P53130	biological_process	GO:0051246
P53130	biological_process	GO:0051248
P53130	biological_process	GO:0060255
P53130	biological_process	GO:0065007
P53130	biological_process	GO:0070783
P53130	biological_process	GO:0080090
P53130	biological_process	GO:1902903
P53130	biological_process	GO:1902904
P53130	biological_process	GO:1905906
P53130	biological_process	GO:1905907
P56746	molecular_function	GO:0005215
P56746	molecular_function	GO:0160187
P56746	biological_process	GO:0006810
P56746	biological_process	GO:0051179
P56746	biological_process	GO:0051234
P56746	biological_process	GO:0160184
P56746	cellular_component	GO:0005886
P56746	cellular_component	GO:0005911
P56746	cellular_component	GO:0016020
P56746	cellular_component	GO:0030054
P56746	cellular_component	GO:0070160
P56746	cellular_component	GO:0070161
P56746	cellular_component	GO:0071944
P56746	cellular_component	GO:0110165
P57772	molecular_function	GO:0003824
P57772	molecular_function	GO:0003924
P57772	molecular_function	GO:0016462
P57772	molecular_function	GO:0016787
P57772	molecular_function	GO:0016817
P57772	molecular_function	GO:0016818
P57772	molecular_function	GO:0017111
P57772	biological_process	GO:0001514
P57772	biological_process	GO:0006412
P57772	biological_process	GO:0006414
P57772	biological_process	GO:0006417
P57772	biological_process	GO:0006451
P57772	biological_process	GO:0008152
P57772	biological_process	GO:0009058
P57772	biological_process	GO:0009059
P57772	biological_process	GO:0009889
P57772	biological_process	GO:0009987
P57772	biological_process	GO:0010467
P57772	biological_process	GO:0010468
P57772	biological_process	GO:0010556
P57772	biological_process	GO:0010608
P57772	biological_process	GO:0019222
P57772	biological_process	GO:0019538
P57772	biological_process	GO:0043170
P57772	biological_process	GO:0044238
P57772	biological_process	GO:0050789
P57772	biological_process	GO:0050794
P57772	biological_process	GO:0051246
P57772	biological_process	GO:0060255
P57772	biological_process	GO:0065007
P57772	biological_process	GO:0080090
P57772	biological_process	GO:0160307
P81928	biological_process	GO:0006996
P81928	biological_process	GO:0007005
P81928	biological_process	GO:0009987
P81928	biological_process	GO:0010257
P81928	biological_process	GO:0016043
P81928	biological_process	GO:0022607
P81928	biological_process	GO:0032981
P81928	biological_process	GO:0033108
P81928	biological_process	GO:0043933
P81928	biological_process	GO:0044085
P81928	biological_process	GO:0065003
P81928	biological_process	GO:0071840
Q00889	biological_process	GO:0007565
Q00889	biological_process	GO:0022414
Q00889	biological_process	GO:0032501
Q00889	biological_process	GO:0044703
Q00889	biological_process	GO:0044706
Q05473	molecular_function	GO:0000166
Q05473	molecular_function	GO:0005488
Q05473	molecular_function	GO:0017076
Q05473	molecular_function	GO:0019001
Q05473	molecular_function	GO:0036094
Q05473	molecular_function	GO:1901265
Q05473	molecular_function	GO:1901363
Q05473	biological_process	GO:0006412
Q05473	biological_process	GO:0006413
Q05473	biological_process	GO:0006414
Q05473	biological_process	GO:0008152
Q05473	biological_process	GO:0009058
Q05473	biological_process	GO:0009059
Q05473	biological_process	GO:0009987
Q05473	biological_process	GO:0010467
Q05473	biological_process	GO:0019538
Q05473	biological_process	GO:0032543
Q05473	biological_process	GO:0043170
Q05473	biological_process	GO:0044238
Q05473	biological_process	GO:0070124
Q05473	biological_process	GO:0070125
Q05473	biological_process	GO:0140053
Q05473	biological_process	GO:0160307
Q05473	cellular_component	GO:0005622
Q05473	cellular_component	GO:0005737
Q05473	cellular_component	GO:0005739
Q05473	cellular_component	GO:0005740
Q05473	cellular_component	GO:0005743
Q05473	cellular_component	GO:0016020
Q05473	cellular_component	GO:0019866
Q05473	cellular_component	GO:0031090
Q05473	cellular_component	GO:0031966
Q05473	cellular_component	GO:0031967
Q05473	cellular_component	GO:0043226
Q05473	cellular_component	GO:0043227
Q05473	cellular_component	GO:0043229
Q05473	cellular_component	GO:0043231
Q05473	cellular_component	GO:0098552
Q05473	cellular_component	GO:0098576
Q05473	cellular_component	GO:0099617
Q05473	cellular_component	GO:0110165
Q05863	molecular_function	GO:0003824
Q05863	molecular_function	GO:0004045
Q05863	molecular_function	GO:0016787
Q05863	molecular_function	GO:0016788
Q05863	molecular_function	GO:0052689
Q05863	molecular_function	GO:0140098
Q05863	molecular_function	GO:0140101
Q05863	molecular_function	GO:0140640
Q05863	biological_process	GO:0006412
Q05863	biological_process	GO:0008152
Q05863	biological_process	GO:0009058
Q05863	biological_process	GO:0009059
Q05863	biological_process	GO:0009987
Q05863	biological_process	GO:0010467
Q05863	biological_process	GO:0019538
Q05863	biological_process	GO:0032543
Q05863	biological_process	GO:0043170
Q05863	biological_process	GO:0044238
Q05863	biological_process	GO:0140053
Q05863	biological_process	GO:0160307
Q05863	cellular_component	GO:0005622
Q05863	cellular_component	GO:0005737
Q05863	cellular_component	GO:0005739
Q05863	cellular_component	GO:0043226
Q05863	cellular_component	GO:0043227
Q05863	cellular_component	GO:0043229
Q05863	cellular_component	GO:0043231
Q05863	cellular_component	GO:0110165
Q06204	molecular_function	GO:0003824
Q06204	molecular_function	GO:0016301
Q06204	molecular_function	GO:0016740
Q06204	molecular_function	GO:0016772
Q06204	molecular_function	GO:0019200
Q06204	molecular_function	GO:0045127
Q06204	biological_process	GO:0006022
Q06204	biological_process	GO:0006023
Q06204	biological_process	GO:0006030
Q06204	biological_process	GO:0006031
Q06204	biological_process	GO:0006040
Q06204	biological_process	GO:0006047
Q06204	biological_process	GO:0006048
Q06204	biological_process	GO:0006139
Q06204	biological_process	GO:0006753
Q06204	biological_process	GO:0006793
Q06204	biological_process	GO:0008152
Q06204	biological_process	GO:0009058
Q06204	biological_process	GO:0009059
Q06204	biological_process	GO:0009225
Q06204	biological_process	GO:0009226
Q06204	biological_process	GO:0009987
Q06204	biological_process	GO:0019637
Q06204	biological_process	GO:0034654
Q06204	biological_process	GO:0043170
Q06204	biological_process	GO:0044238
Q06204	biological_process	GO:0044281
Q06204	biological_process	GO:0046349
Q06204	biological_process	GO:0055086
Q06204	biological_process	GO:0090407
Q06204	biological_process	GO:1901073
Q06204	biological_process	GO:1901135
Q06204	biological_process	GO:1901137
Q06204	biological_process	GO:1901293
Q06537	biological_process	GO:0001101
Q06537	biological_process	GO:0006950
Q06537	biological_process	GO:0008104
Q06537	biological_process	GO:0009415
Q06537	biological_process	GO:0009628
Q06537	biological_process	GO:0009987
Q06537	biological_process	GO:0033036
Q06537	biological_process	GO:0033554
Q06537	biological_process	GO:0042221
Q06537	biological_process	GO:0044860
Q06537	biological_process	GO:0050896
Q06537	biological_process	GO:0051179
Q06537	biological_process	GO:0051599
Q06537	biological_process	GO:0051641
Q06537	biological_process	GO:0051668
Q06537	biological_process	GO:0051716
Q06537	biological_process	GO:0062197
Q06537	biological_process	GO:0070887
Q06537	biological_process	GO:0071214
Q06537	biological_process	GO:0071229
Q06537	biological_process	GO:0071462
Q06537	biological_process	GO:0071464
Q06537	biological_process	GO:0072657
Q06537	biological_process	GO:0104004
Q06537	biological_process	GO:1901700
Q06537	biological_process	GO:1901701
Q06537	biological_process	GO:1903044
Q06537	biological_process	GO:1990778
Q06537	cellular_component	GO:0005622
Q06537	cellular_component	GO:0005737
Q06537	cellular_component	GO:0005783
Q06537	cellular_component	GO:0005789
Q06537	cellular_component	GO:0005938
Q06537	cellular_component	GO:0012505
Q06537	cellular_component	GO:0016020
Q06537	cellular_component	GO:0031090
Q06537	cellular_component	GO:0031984
Q06537	cellular_component	GO:0032541
Q06537	cellular_component	GO:0042175
Q06537	cellular_component	GO:0043226
Q06537	cellular_component	GO:0043227
Q06537	cellular_component	GO:0043229
Q06537	cellular_component	GO:0043231
Q06537	cellular_component	GO:0071782
Q06537	cellular_component	GO:0071944
Q06537	cellular_component	GO:0098827
Q06537	cellular_component	GO:0110165
Q075Z2	cellular_component	GO:0005576
Q075Z2	cellular_component	GO:0005614
Q075Z2	cellular_component	GO:0030312
Q075Z2	cellular_component	GO:0031012
Q075Z2	cellular_component	GO:0110165
Q075Z2	cellular_component	GO:0140149
Q075Z2	cellular_component	GO:0140151
Q08980	cellular_component	GO:0005622
Q08980	cellular_component	GO:0005737
Q08980	cellular_component	GO:0005783
Q08980	cellular_component	GO:0012505
Q08980	cellular_component	GO:0043226
Q08980	cellular_component	GO:0043227
Q08980	cellular_component	GO:0043229
Q08980	cellular_component	GO:0043231
Q08980	cellular_component	GO:0110165
Q0E8K6	cellular_component	GO:0005622
Q0E8K6	cellular_component	GO:0005737
Q0E8K6	cellular_component	GO:0005739
Q0E8K6	cellular_component	GO:0005759
Q0E8K6	cellular_component	GO:0031974
Q0E8K6	cellular_component	GO:0043226
Q0E8K6	cellular_component	GO:0043227
Q0E8K6	cellular_component	GO:0043229
Q0E8K6	cellular_component	GO:0043231
Q0E8K6	cellular_component	GO:0043233
Q0E8K6	cellular_component	GO:0070013
Q0E8K6	cellular_component	GO:0110165
Q0KHQ1	cellular_component	GO:0005622
Q0KHQ1	cellular_component	GO:0005737
Q0KHQ1	cellular_component	GO:0005739
Q0KHQ1	cellular_component	GO:0005759
Q0KHQ1	cellular_component	GO:0031974
Q0KHQ1	cellular_component	GO:0043226
Q0KHQ1	cellular_component	GO:0043227
Q0KHQ1	cellular_component	GO:0043229
Q0KHQ1	cellular_component	GO:0043231
Q0KHQ1	cellular_component	GO:0043233
Q0KHQ1	cellular_component	GO:0070013
Q0KHQ1	cellular_component	GO:0110165
Q0VAF6	molecular_function	GO:0005488
Q0VAF6	molecular_function	GO:0005515
Q12198	molecular_function	GO:0003824
Q12198	molecular_function	GO:0003961
Q12198	molecular_function	GO:0004124
Q12198	molecular_function	GO:0016740
Q12198	molecular_function	GO:0016765
Q12198	molecular_function	GO:0016829
Q12198	molecular_function	GO:0016835
Q12198	molecular_function	GO:0051009
Q12198	biological_process	GO:0000096
Q12198	biological_process	GO:0000097
Q12198	biological_process	GO:0000103
Q12198	biological_process	GO:0006520
Q12198	biological_process	GO:0006790
Q12198	biological_process	GO:0006791
Q12198	biological_process	GO:0008152
Q12198	biological_process	GO:0008652
Q12198	biological_process	GO:0009058
Q12198	biological_process	GO:0009070
Q12198	biological_process	GO:0009987
Q12198	biological_process	GO:0019752
Q12198	biological_process	GO:0031667
Q12198	biological_process	GO:0043436
Q12198	biological_process	GO:0044238
Q12198	biological_process	GO:0044272
Q12198	biological_process	GO:0044281
Q12198	biological_process	GO:0044283
Q12198	biological_process	GO:0046394
Q12198	biological_process	GO:0050667
Q12198	biological_process	GO:0050896
Q12198	biological_process	GO:0071269
Q12198	biological_process	GO:0170041
Q12198	biological_process	GO:0170043
Q12322	molecular_function	GO:0003824
Q12322	molecular_function	GO:0004045
Q12322	molecular_function	GO:0016787
Q12322	molecular_function	GO:0016788
Q12322	molecular_function	GO:0052689
Q12322	molecular_function	GO:0140098
Q12322	molecular_function	GO:0140101
Q12322	molecular_function	GO:0140640
Q12322	biological_process	GO:0006412
Q12322	biological_process	GO:0008152
Q12322	biological_process	GO:0009058
Q12322	biological_process	GO:0009059
Q12322	biological_process	GO:0009987
Q12322	biological_process	GO:0010467
Q12322	biological_process	GO:0019538
Q12322	biological_process	GO:0032543
Q12322	biological_process	GO:0043170
Q12322	biological_process	GO:0044238
Q12322	biological_process	GO:0140053
Q12322	biological_process	GO:0160307
Q12322	cellular_component	GO:0000313
Q12322	cellular_component	GO:0000315
Q12322	cellular_component	GO:0005622
Q12322	cellular_component	GO:0005737
Q12322	cellular_component	GO:0005739
Q12322	cellular_component	GO:0005759
Q12322	cellular_component	GO:0005761
Q12322	cellular_component	GO:0005762
Q12322	cellular_component	GO:0005840
Q12322	cellular_component	GO:0015934
Q12322	cellular_component	GO:0031974
Q12322	cellular_component	GO:0032991
Q12322	cellular_component	GO:0043226
Q12322	cellular_component	GO:0043227
Q12322	cellular_component	GO:0043228
Q12322	cellular_component	GO:0043229
Q12322	cellular_component	GO:0043231
Q12322	cellular_component	GO:0043232
Q12322	cellular_component	GO:0043233
Q12322	cellular_component	GO:0044391
Q12322	cellular_component	GO:0070013
Q12322	cellular_component	GO:0098798
Q12322	cellular_component	GO:0110165
Q12322	cellular_component	GO:1990904
Q15034	molecular_function	GO:0005488
Q15034	molecular_function	GO:0005515
Q15034	cellular_component	GO:0005622
Q15034	cellular_component	GO:0005737
Q15034	cellular_component	GO:0005829
Q15034	cellular_component	GO:0110165
Q15617	molecular_function	GO:0005488
Q15617	molecular_function	GO:0005515
Q1LZ08	molecular_function	GO:0008047
Q1LZ08	molecular_function	GO:0016504
Q1LZ08	molecular_function	GO:0030234
Q1LZ08	molecular_function	GO:0035800
Q1LZ08	molecular_function	GO:0061134
Q1LZ08	molecular_function	GO:0098772
Q1LZ08	molecular_function	GO:0140677
Q1LZ08	biological_process	GO:0009892
Q1LZ08	biological_process	GO:0009894
Q1LZ08	biological_process	GO:0009895
Q1LZ08	biological_process	GO:0009966
Q1LZ08	biological_process	GO:0009967
Q1LZ08	biological_process	GO:0010605
Q1LZ08	biological_process	GO:0010646
Q1LZ08	biological_process	GO:0010647
Q1LZ08	biological_process	GO:0019222
Q1LZ08	biological_process	GO:0023051
Q1LZ08	biological_process	GO:0023056
Q1LZ08	biological_process	GO:0030111
Q1LZ08	biological_process	GO:0030177
Q1LZ08	biological_process	GO:0042176
Q1LZ08	biological_process	GO:0042177
Q1LZ08	biological_process	GO:0048518
Q1LZ08	biological_process	GO:0048519
Q1LZ08	biological_process	GO:0048522
Q1LZ08	biological_process	GO:0048523
Q1LZ08	biological_process	GO:0048583
Q1LZ08	biological_process	GO:0048584
Q1LZ08	biological_process	GO:0050789
Q1LZ08	biological_process	GO:0050794
Q1LZ08	biological_process	GO:0051246
Q1LZ08	biological_process	GO:0051248
Q1LZ08	biological_process	GO:0060255
Q1LZ08	biological_process	GO:0060828
Q1LZ08	biological_process	GO:0065007
Q1LZ08	biological_process	GO:0080090
Q1LZ08	biological_process	GO:0090263
Q1LZ08	biological_process	GO:2000058
Q1LZ08	biological_process	GO:2000059
Q1LZ08	cellular_component	GO:0032991
Q1LZ08	cellular_component	GO:1902494
Q1LZ08	cellular_component	GO:1905368
Q24468	molecular_function	GO:0003824
Q24468	molecular_function	GO:0004672
Q24468	molecular_function	GO:0004674
Q24468	molecular_function	GO:0004675
Q24468	molecular_function	GO:0004888
Q24468	molecular_function	GO:0005488
Q24468	molecular_function	GO:0005515
Q24468	molecular_function	GO:0016301
Q24468	molecular_function	GO:0016362
Q24468	molecular_function	GO:0016740
Q24468	molecular_function	GO:0016772
Q24468	molecular_function	GO:0016773
Q24468	molecular_function	GO:0017002
Q24468	molecular_function	GO:0019199
Q24468	molecular_function	GO:0019955
Q24468	molecular_function	GO:0036122
Q24468	molecular_function	GO:0038023
Q24468	molecular_function	GO:0044877
Q24468	molecular_function	GO:0048185
Q24468	molecular_function	GO:0060089
Q24468	molecular_function	GO:0098821
Q24468	molecular_function	GO:0140096
Q24468	biological_process	GO:0000902
Q24468	biological_process	GO:0001654
Q24468	biological_process	GO:0001678
Q24468	biological_process	GO:0001700
Q24468	biological_process	GO:0001708
Q24468	biological_process	GO:0001745
Q24468	biological_process	GO:0001751
Q24468	biological_process	GO:0001752
Q24468	biological_process	GO:0001754
Q24468	biological_process	GO:0001763
Q24468	biological_process	GO:0002009
Q24468	biological_process	GO:0002165
Q24468	biological_process	GO:0003002
Q24468	biological_process	GO:0003006
Q24468	biological_process	GO:0005981
Q24468	biological_process	GO:0006109
Q24468	biological_process	GO:0007154
Q24468	biological_process	GO:0007165
Q24468	biological_process	GO:0007166
Q24468	biological_process	GO:0007167
Q24468	biological_process	GO:0007178
Q24468	biological_process	GO:0007275
Q24468	biological_process	GO:0007276
Q24468	biological_process	GO:0007281
Q24468	biological_process	GO:0007389
Q24468	biological_process	GO:0007391
Q24468	biological_process	GO:0007399
Q24468	biological_process	GO:0007409
Q24468	biological_process	GO:0007411
Q24468	biological_process	GO:0007423
Q24468	biological_process	GO:0007424
Q24468	biological_process	GO:0007428
Q24468	biological_process	GO:0007442
Q24468	biological_process	GO:0007443
Q24468	biological_process	GO:0007444
Q24468	biological_process	GO:0007447
Q24468	biological_process	GO:0007460
Q24468	biological_process	GO:0007472
Q24468	biological_process	GO:0007476
Q24468	biological_process	GO:0007552
Q24468	biological_process	GO:0007560
Q24468	biological_process	GO:0008258
Q24468	biological_process	GO:0009653
Q24468	biological_process	GO:0009719
Q24468	biological_process	GO:0009743
Q24468	biological_process	GO:0009746
Q24468	biological_process	GO:0009749
Q24468	biological_process	GO:0009790
Q24468	biological_process	GO:0009791
Q24468	biological_process	GO:0009792
Q24468	biological_process	GO:0009886
Q24468	biological_process	GO:0009887
Q24468	biological_process	GO:0009888
Q24468	biological_process	GO:0009893
Q24468	biological_process	GO:0009894
Q24468	biological_process	GO:0009896
Q24468	biological_process	GO:0009953
Q24468	biological_process	GO:0009966
Q24468	biological_process	GO:0009967
Q24468	biological_process	GO:0009987
Q24468	biological_process	GO:0010604
Q24468	biological_process	GO:0010646
Q24468	biological_process	GO:0010647
Q24468	biological_process	GO:0010906
Q24468	biological_process	GO:0010907
Q24468	biological_process	GO:0016043
Q24468	biological_process	GO:0016331
Q24468	biological_process	GO:0017145
Q24468	biological_process	GO:0019222
Q24468	biological_process	GO:0019725
Q24468	biological_process	GO:0019827
Q24468	biological_process	GO:0019953
Q24468	biological_process	GO:0022008
Q24468	biological_process	GO:0022412
Q24468	biological_process	GO:0022414
Q24468	biological_process	GO:0023051
Q24468	biological_process	GO:0023052
Q24468	biological_process	GO:0023056
Q24468	biological_process	GO:0030030
Q24468	biological_process	GO:0030154
Q24468	biological_process	GO:0030182
Q24468	biological_process	GO:0030509
Q24468	biological_process	GO:0030718
Q24468	biological_process	GO:0031175
Q24468	biological_process	GO:0032501
Q24468	biological_process	GO:0032502
Q24468	biological_process	GO:0032881
Q24468	biological_process	GO:0032924
Q24468	biological_process	GO:0033500
Q24468	biological_process	GO:0034284
Q24468	biological_process	GO:0035107
Q24468	biological_process	GO:0035114
Q24468	biological_process	GO:0035120
Q24468	biological_process	GO:0035220
Q24468	biological_process	GO:0035222
Q24468	biological_process	GO:0035239
Q24468	biological_process	GO:0035295
Q24468	biological_process	GO:0042078
Q24468	biological_process	GO:0042221
Q24468	biological_process	GO:0042592
Q24468	biological_process	GO:0042593
Q24468	biological_process	GO:0042706
Q24468	biological_process	GO:0043467
Q24468	biological_process	GO:0043470
Q24468	biological_process	GO:0043704
Q24468	biological_process	GO:0045165
Q24468	biological_process	GO:0045464
Q24468	biological_process	GO:0045465
Q24468	biological_process	GO:0045704
Q24468	biological_process	GO:0045705
Q24468	biological_process	GO:0045819
Q24468	biological_process	GO:0045913
Q24468	biological_process	GO:0046530
Q24468	biological_process	GO:0046552
Q24468	biological_process	GO:0048468
Q24468	biological_process	GO:0048513
Q24468	biological_process	GO:0048518
Q24468	biological_process	GO:0048519
Q24468	biological_process	GO:0048522
Q24468	biological_process	GO:0048546
Q24468	biological_process	GO:0048565
Q24468	biological_process	GO:0048583
Q24468	biological_process	GO:0048584
Q24468	biological_process	GO:0048592
Q24468	biological_process	GO:0048598
Q24468	biological_process	GO:0048609
Q24468	biological_process	GO:0048619
Q24468	biological_process	GO:0048663
Q24468	biological_process	GO:0048665
Q24468	biological_process	GO:0048666
Q24468	biological_process	GO:0048667
Q24468	biological_process	GO:0048699
Q24468	biological_process	GO:0048707
Q24468	biological_process	GO:0048729
Q24468	biological_process	GO:0048731
Q24468	biological_process	GO:0048736
Q24468	biological_process	GO:0048737
Q24468	biological_process	GO:0048749
Q24468	biological_process	GO:0048754
Q24468	biological_process	GO:0048812
Q24468	biological_process	GO:0048856
Q24468	biological_process	GO:0048858
Q24468	biological_process	GO:0048869
Q24468	biological_process	GO:0048878
Q24468	biological_process	GO:0048880
Q24468	biological_process	GO:0050789
Q24468	biological_process	GO:0050793
Q24468	biological_process	GO:0050794
Q24468	biological_process	GO:0050803
Q24468	biological_process	GO:0050807
Q24468	biological_process	GO:0050896
Q24468	biological_process	GO:0051093
Q24468	biological_process	GO:0051128
Q24468	biological_process	GO:0051130
Q24468	biological_process	GO:0051239
Q24468	biological_process	GO:0051241
Q24468	biological_process	GO:0051301
Q24468	biological_process	GO:0051716
Q24468	biological_process	GO:0055082
Q24468	biological_process	GO:0055123
Q24468	biological_process	GO:0060255
Q24468	biological_process	GO:0060390
Q24468	biological_process	GO:0060391
Q24468	biological_process	GO:0060429
Q24468	biological_process	GO:0060446
Q24468	biological_process	GO:0060541
Q24468	biological_process	GO:0060562
Q24468	biological_process	GO:0061138
Q24468	biological_process	GO:0061326
Q24468	biological_process	GO:0061333
Q24468	biological_process	GO:0061525
Q24468	biological_process	GO:0061564
Q24468	biological_process	GO:0062012
Q24468	biological_process	GO:0062013
Q24468	biological_process	GO:0065007
Q24468	biological_process	GO:0065008
Q24468	biological_process	GO:0070848
Q24468	biological_process	GO:0070873
Q24468	biological_process	GO:0070875
Q24468	biological_process	GO:0070887
Q24468	biological_process	GO:0071322
Q24468	biological_process	GO:0071326
Q24468	biological_process	GO:0071331
Q24468	biological_process	GO:0071333
Q24468	biological_process	GO:0071363
Q24468	biological_process	GO:0071495
Q24468	biological_process	GO:0071772
Q24468	biological_process	GO:0071773
Q24468	biological_process	GO:0071840
Q24468	biological_process	GO:0072001
Q24468	biological_process	GO:0072002
Q24468	biological_process	GO:0080090
Q24468	biological_process	GO:0090092
Q24468	biological_process	GO:0090100
Q24468	biological_process	GO:0090596
Q24468	biological_process	GO:0097485
Q24468	biological_process	GO:0098727
Q24468	biological_process	GO:0120036
Q24468	biological_process	GO:0120039
Q24468	biological_process	GO:0141091
Q24468	biological_process	GO:0150063
Q24468	biological_process	GO:0160108
Q24468	biological_process	GO:1901700
Q24468	biological_process	GO:1901701
Q24468	biological_process	GO:1902531
Q24468	biological_process	GO:1902533
Q24468	biological_process	GO:1904396
Q24468	biological_process	GO:1904398
Q24468	cellular_component	GO:0005886
Q24468	cellular_component	GO:0009925
Q24468	cellular_component	GO:0016020
Q24468	cellular_component	GO:0016323
Q24468	cellular_component	GO:0016324
Q24468	cellular_component	GO:0032991
Q24468	cellular_component	GO:0043235
Q24468	cellular_component	GO:0045177
Q24468	cellular_component	GO:0045178
Q24468	cellular_component	GO:0048179
Q24468	cellular_component	GO:0061695
Q24468	cellular_component	GO:0070724
Q24468	cellular_component	GO:0071944
Q24468	cellular_component	GO:0098590
Q24468	cellular_component	GO:0098796
Q24468	cellular_component	GO:0098797
Q24468	cellular_component	GO:0098802
Q24468	cellular_component	GO:0110165
Q24468	cellular_component	GO:1902494
Q24468	cellular_component	GO:1902554
Q24468	cellular_component	GO:1902911
Q24468	cellular_component	GO:1990234
Q27377	biological_process	GO:0003008
Q27377	biological_process	GO:0007600
Q27377	biological_process	GO:0007606
Q27377	biological_process	GO:0032501
Q27377	biological_process	GO:0050877
Q2PE22	molecular_function	GO:0005488
Q2PE22	molecular_function	GO:0005515
Q2V2P4	molecular_function	GO:0005488
Q2V2P4	molecular_function	GO:0008289
Q2V2P4	biological_process	GO:0000266
Q2V2P4	biological_process	GO:0000422
Q2V2P4	biological_process	GO:0000423
Q2V2P4	biological_process	GO:0006914
Q2V2P4	biological_process	GO:0006996
Q2V2P4	biological_process	GO:0007005
Q2V2P4	biological_process	GO:0008152
Q2V2P4	biological_process	GO:0009056
Q2V2P4	biological_process	GO:0009987
Q2V2P4	biological_process	GO:0016043
Q2V2P4	biological_process	GO:0016236
Q2V2P4	biological_process	GO:0048285
Q2V2P4	biological_process	GO:0061919
Q2V2P4	biological_process	GO:0071840
Q2V2P4	cellular_component	GO:0005622
Q2V2P4	cellular_component	GO:0005737
Q2V2P4	cellular_component	GO:0005739
Q2V2P4	cellular_component	GO:0005740
Q2V2P4	cellular_component	GO:0005758
Q2V2P4	cellular_component	GO:0005773
Q2V2P4	cellular_component	GO:0031967
Q2V2P4	cellular_component	GO:0031970
Q2V2P4	cellular_component	GO:0031974
Q2V2P4	cellular_component	GO:0043226
Q2V2P4	cellular_component	GO:0043227
Q2V2P4	cellular_component	GO:0043229
Q2V2P4	cellular_component	GO:0043231
Q2V2P4	cellular_component	GO:0043233
Q2V2P4	cellular_component	GO:0070013
Q2V2P4	cellular_component	GO:0110165
Q32NC0	biological_process	GO:0006139
Q32NC0	biological_process	GO:0006396
Q32NC0	biological_process	GO:0008152
Q32NC0	biological_process	GO:0009058
Q32NC0	biological_process	GO:0009059
Q32NC0	biological_process	GO:0009987
Q32NC0	biological_process	GO:0010467
Q32NC0	biological_process	GO:0016070
Q32NC0	biological_process	GO:0032774
Q32NC0	biological_process	GO:0034654
Q32NC0	biological_process	GO:0043170
Q32NC0	biological_process	GO:0044238
Q32NC0	biological_process	GO:0090304
Q32NC0	biological_process	GO:0141187
Q32NC0	cellular_component	GO:0000172
Q32NC0	cellular_component	GO:0005622
Q32NC0	cellular_component	GO:0005634
Q32NC0	cellular_component	GO:0005732
Q32NC0	cellular_component	GO:0032991
Q32NC0	cellular_component	GO:0043226
Q32NC0	cellular_component	GO:0043227
Q32NC0	cellular_component	GO:0043229
Q32NC0	cellular_component	GO:0043231
Q32NC0	cellular_component	GO:0110165
Q32NC0	cellular_component	GO:0140535
Q32NC0	cellular_component	GO:1902494
Q32NC0	cellular_component	GO:1902555
Q32NC0	cellular_component	GO:1905348
Q32NC0	cellular_component	GO:1990904
Q3E764	biological_process	GO:0002181
Q3E764	biological_process	GO:0006412
Q3E764	biological_process	GO:0008152
Q3E764	biological_process	GO:0009058
Q3E764	biological_process	GO:0009059
Q3E764	biological_process	GO:0009987
Q3E764	biological_process	GO:0010467
Q3E764	biological_process	GO:0019538
Q3E764	biological_process	GO:0043170
Q3E764	biological_process	GO:0044238
Q3E764	biological_process	GO:0160307
Q3E764	cellular_component	GO:0005622
Q3E764	cellular_component	GO:0005634
Q3E764	cellular_component	GO:0005737
Q3E764	cellular_component	GO:0043226
Q3E764	cellular_component	GO:0043227
Q3E764	cellular_component	GO:0043229
Q3E764	cellular_component	GO:0043231
Q3E764	cellular_component	GO:0110165
Q495B1	molecular_function	GO:0005488
Q495B1	molecular_function	GO:0005515
Q4AE62	molecular_function	GO:0000030
Q4AE62	molecular_function	GO:0003824
Q4AE62	molecular_function	GO:0016438
Q4AE62	molecular_function	GO:0016740
Q4AE62	molecular_function	GO:0016757
Q4AE62	molecular_function	GO:0016758
Q4AE62	molecular_function	GO:0140098
Q4AE62	molecular_function	GO:0140101
Q4AE62	molecular_function	GO:0140640
Q4AE62	biological_process	GO:0002097
Q4AE62	biological_process	GO:0002099
Q4AE62	biological_process	GO:0006139
Q4AE62	biological_process	GO:0006396
Q4AE62	biological_process	GO:0006399
Q4AE62	biological_process	GO:0006400
Q4AE62	biological_process	GO:0006417
Q4AE62	biological_process	GO:0008033
Q4AE62	biological_process	GO:0008152
Q4AE62	biological_process	GO:0009058
Q4AE62	biological_process	GO:0009059
Q4AE62	biological_process	GO:0009451
Q4AE62	biological_process	GO:0009889
Q4AE62	biological_process	GO:0009987
Q4AE62	biological_process	GO:0010467
Q4AE62	biological_process	GO:0010468
Q4AE62	biological_process	GO:0010556
Q4AE62	biological_process	GO:0010608
Q4AE62	biological_process	GO:0016070
Q4AE62	biological_process	GO:0019222
Q4AE62	biological_process	GO:0032774
Q4AE62	biological_process	GO:0034654
Q4AE62	biological_process	GO:0043170
Q4AE62	biological_process	GO:0043412
Q4AE62	biological_process	GO:0044238
Q4AE62	biological_process	GO:0050789
Q4AE62	biological_process	GO:0050794
Q4AE62	biological_process	GO:0051246
Q4AE62	biological_process	GO:0060255
Q4AE62	biological_process	GO:0065007
Q4AE62	biological_process	GO:0080090
Q4AE62	biological_process	GO:0090304
Q4AE62	biological_process	GO:0141187
Q4AE62	cellular_component	GO:0005622
Q4AE62	cellular_component	GO:0005634
Q4AE62	cellular_component	GO:0005737
Q4AE62	cellular_component	GO:0043226
Q4AE62	cellular_component	GO:0043227
Q4AE62	cellular_component	GO:0043229
Q4AE62	cellular_component	GO:0043231
Q4AE62	cellular_component	GO:0110165
Q5HYL7	biological_process	GO:0001558
Q5HYL7	biological_process	GO:0008285
Q5HYL7	biological_process	GO:0030308
Q5HYL7	biological_process	GO:0030334
Q5HYL7	biological_process	GO:0030336
Q5HYL7	biological_process	GO:0040008
Q5HYL7	biological_process	GO:0040012
Q5HYL7	biological_process	GO:0040013
Q5HYL7	biological_process	GO:0042127
Q5HYL7	biological_process	GO:0042981
Q5HYL7	biological_process	GO:0043065
Q5HYL7	biological_process	GO:0043067
Q5HYL7	biological_process	GO:0043068
Q5HYL7	biological_process	GO:0045926
Q5HYL7	biological_process	GO:0048518
Q5HYL7	biological_process	GO:0048519
Q5HYL7	biological_process	GO:0048522
Q5HYL7	biological_process	GO:0048523
Q5HYL7	biological_process	GO:0050789
Q5HYL7	biological_process	GO:0050794
Q5HYL7	biological_process	GO:0051128
Q5HYL7	biological_process	GO:0065007
Q5HYL7	biological_process	GO:2000145
Q5HYL7	biological_process	GO:2000146
Q5HYL7	cellular_component	GO:0005622
Q5HYL7	cellular_component	GO:0005737
Q5HYL7	cellular_component	GO:0110165
Q5JS54	cellular_component	GO:0005622
Q5JS54	cellular_component	GO:0005737
Q5JS54	cellular_component	GO:0005829
Q5JS54	cellular_component	GO:0032991
Q5JS54	cellular_component	GO:0101031
Q5JS54	cellular_component	GO:0110165
Q5JS54	cellular_component	GO:0140535
Q5SSQ6	molecular_function	GO:0005488
Q5SSQ6	molecular_function	GO:0005515
Q5T6J7	molecular_function	GO:0003824
Q5T6J7	molecular_function	GO:0016301
Q5T6J7	molecular_function	GO:0016740
Q5T6J7	molecular_function	GO:0016772
Q5T6J7	molecular_function	GO:0016773
Q5T6J7	molecular_function	GO:0046316
Q5T7M4	cellular_component	GO:0005576
Q5T7M4	cellular_component	GO:0110165
Q5TAH2	cellular_component	GO:0005886
Q5TAH2	cellular_component	GO:0016020
Q5TAH2	cellular_component	GO:0071944
Q5TAH2	cellular_component	GO:0110165
Q5TEA6	cellular_component	GO:0005622
Q5TEA6	cellular_component	GO:0005634
Q5TEA6	cellular_component	GO:0005654
Q5TEA6	cellular_component	GO:0005929
Q5TEA6	cellular_component	GO:0016604
Q5TEA6	cellular_component	GO:0016607
Q5TEA6	cellular_component	GO:0031974
Q5TEA6	cellular_component	GO:0031981
Q5TEA6	cellular_component	GO:0035770
Q5TEA6	cellular_component	GO:0042995
Q5TEA6	cellular_component	GO:0043226
Q5TEA6	cellular_component	GO:0043227
Q5TEA6	cellular_component	GO:0043228
Q5TEA6	cellular_component	GO:0043229
Q5TEA6	cellular_component	GO:0043231
Q5TEA6	cellular_component	GO:0043232
Q5TEA6	cellular_component	GO:0043233
Q5TEA6	cellular_component	GO:0070013
Q5TEA6	cellular_component	GO:0099080
Q5TEA6	cellular_component	GO:0110165
Q5TEA6	cellular_component	GO:0120025
Q5TEA6	cellular_component	GO:0140168
Q5VTL7	cellular_component	GO:0005576
Q5VTL7	cellular_component	GO:0005614
Q5VTL7	cellular_component	GO:0030312
Q5VTL7	cellular_component	GO:0031012
Q5VTL7	cellular_component	GO:0110165
Q5VTL7	cellular_component	GO:0140149
Q5VTL7	cellular_component	GO:0140151
Q5VU97	molecular_function	GO:0016247
Q5VU97	molecular_function	GO:0098772
Q5VU97	molecular_function	GO:0099103
Q5VU97	molecular_function	GO:0140677
Q5VU97	molecular_function	GO:0141108
Q5VU97	molecular_function	GO:0141109
Q5VU97	biological_process	GO:0007275
Q5VU97	biological_process	GO:0007399
Q5VU97	biological_process	GO:0009987
Q5VU97	biological_process	GO:0022008
Q5VU97	biological_process	GO:0030154
Q5VU97	biological_process	GO:0032501
Q5VU97	biological_process	GO:0032502
Q5VU97	biological_process	GO:0032879
Q5VU97	biological_process	GO:0032880
Q5VU97	biological_process	GO:0048518
Q5VU97	biological_process	GO:0048731
Q5VU97	biological_process	GO:0048856
Q5VU97	biological_process	GO:0048869
Q5VU97	biological_process	GO:0050789
Q5VU97	biological_process	GO:0065007
Q5VU97	biological_process	GO:0160108
Q5VU97	biological_process	GO:1903829
Q5VU97	biological_process	GO:2000008
Q5VU97	biological_process	GO:2000010
Q5VU97	cellular_component	GO:0005886
Q5VU97	cellular_component	GO:0016020
Q5VU97	cellular_component	GO:0071944
Q5VU97	cellular_component	GO:0110165
Q5VUE5	cellular_component	GO:0005622
Q5VUE5	cellular_component	GO:0005737
Q5VUE5	cellular_component	GO:0005739
Q5VUE5	cellular_component	GO:0043226
Q5VUE5	cellular_component	GO:0043227
Q5VUE5	cellular_component	GO:0043229
Q5VUE5	cellular_component	GO:0043231
Q5VUE5	cellular_component	GO:0110165
Q5VV63	molecular_function	GO:0005488
Q5VV63	molecular_function	GO:0005515
Q5VXM1	cellular_component	GO:0005576
Q5VXM1	cellular_component	GO:0005614
Q5VXM1	cellular_component	GO:0030312
Q5VXM1	cellular_component	GO:0031012
Q5VXM1	cellular_component	GO:0110165
Q5VXM1	cellular_component	GO:0140149
Q5VXM1	cellular_component	GO:0140151
Q5W0U4	cellular_component	GO:0005622
Q5W0U4	cellular_component	GO:0005737
Q5W0U4	cellular_component	GO:0005829
Q5W0U4	cellular_component	GO:0110165
Q6B8I1	molecular_function	GO:0003824
Q6B8I1	molecular_function	GO:0016787
Q6B8I1	molecular_function	GO:0016788
Q6B8I1	molecular_function	GO:0016791
Q6B8I1	molecular_function	GO:0042578
Q6B8I1	biological_process	GO:0006796
Q6B8I1	biological_process	GO:0008152
Q6B8I1	biological_process	GO:0009987
Q6B8I1	biological_process	GO:0016311
Q6B8I1	cellular_component	GO:0005622
Q6B8I1	cellular_component	GO:0005737
Q6B8I1	cellular_component	GO:0110165
Q6NUN0	cellular_component	GO:0005622
Q6NUN0	cellular_component	GO:0005737
Q6NUN0	cellular_component	GO:0005739
Q6NUN0	cellular_component	GO:0043226
Q6NUN0	cellular_component	GO:0043227
Q6NUN0	cellular_component	GO:0043229
Q6NUN0	cellular_component	GO:0043231
Q6NUN0	cellular_component	GO:0110165
Q6P2I3	molecular_function	GO:0003824
Q6P2I3	molecular_function	GO:0005488
Q6P2I3	molecular_function	GO:0005515
Q6P2I3	molecular_function	GO:0016853
Q6P2I3	molecular_function	GO:0016860
Q6P2I3	molecular_function	GO:0016862
Q6P2I3	molecular_function	GO:0050163
Q6P2I3	biological_process	GO:0006107
Q6P2I3	biological_process	GO:0008152
Q6P2I3	biological_process	GO:0009987
Q6P2I3	biological_process	GO:0019752
Q6P2I3	biological_process	GO:0043436
Q6P2I3	biological_process	GO:0043648
Q6P2I3	biological_process	GO:0044281
Q6P2I3	cellular_component	GO:0005622
Q6P2I3	cellular_component	GO:0005737
Q6P2I3	cellular_component	GO:0005739
Q6P2I3	cellular_component	GO:0043226
Q6P2I3	cellular_component	GO:0043227
Q6P2I3	cellular_component	GO:0043229
Q6P2I3	cellular_component	GO:0043231
Q6P2I3	cellular_component	GO:0110165
Q6P474	molecular_function	GO:0005488
Q6P474	molecular_function	GO:0005515
Q6Q0C1	cellular_component	GO:0005622
Q6Q0C1	cellular_component	GO:0005737
Q6Q0C1	cellular_component	GO:0005739
Q6Q0C1	cellular_component	GO:0005740
Q6Q0C1	cellular_component	GO:0005743
Q6Q0C1	cellular_component	GO:0016020
Q6Q0C1	cellular_component	GO:0019866
Q6Q0C1	cellular_component	GO:0031090
Q6Q0C1	cellular_component	GO:0031966
Q6Q0C1	cellular_component	GO:0031967
Q6Q0C1	cellular_component	GO:0043226
Q6Q0C1	cellular_component	GO:0043227
Q6Q0C1	cellular_component	GO:0043229
Q6Q0C1	cellular_component	GO:0043231
Q6Q0C1	cellular_component	GO:0110165
Q6ZMD2	molecular_function	GO:0005488
Q6ZMD2	molecular_function	GO:0005515
Q7K332	biological_process	GO:0010821
Q7K332	biological_process	GO:0033043
Q7K332	biological_process	GO:0050789
Q7K332	biological_process	GO:0050794
Q7K332	biological_process	GO:0051128
Q7K332	biological_process	GO:0065007
Q7K332	cellular_component	GO:0005622
Q7K332	cellular_component	GO:0005737
Q7K332	cellular_component	GO:0005739
Q7K332	cellular_component	GO:0005740
Q7K332	cellular_component	GO:0005743
Q7K332	cellular_component	GO:0016020
Q7K332	cellular_component	GO:0019866
Q7K332	cellular_component	GO:0031090
Q7K332	cellular_component	GO:0031966
Q7K332	cellular_component	GO:0031967
Q7K332	cellular_component	GO:0043226
Q7K332	cellular_component	GO:0043227
Q7K332	cellular_component	GO:0043229
Q7K332	cellular_component	GO:0043231
Q7K332	cellular_component	GO:0110165
Q7K5K9	biological_process	GO:0003006
Q7K5K9	biological_process	GO:0007276
Q7K5K9	biological_process	GO:0007281
Q7K5K9	biological_process	GO:0007283
Q7K5K9	biological_process	GO:0007286
Q7K5K9	biological_process	GO:0009987
Q7K5K9	biological_process	GO:0019953
Q7K5K9	biological_process	GO:0022412
Q7K5K9	biological_process	GO:0022414
Q7K5K9	biological_process	GO:0030154
Q7K5K9	biological_process	GO:0032502
Q7K5K9	biological_process	GO:0048232
Q7K5K9	biological_process	GO:0048468
Q7K5K9	biological_process	GO:0048515
Q7K5K9	biological_process	GO:0048609
Q7K5K9	biological_process	GO:0048856
Q7K5K9	biological_process	GO:0048869
Q7K5K9	cellular_component	GO:0005622
Q7K5K9	cellular_component	GO:0016007
Q7K5K9	cellular_component	GO:0016008
Q7K5K9	cellular_component	GO:0043226
Q7K5K9	cellular_component	GO:0043227
Q7K5K9	cellular_component	GO:0043229
Q7K5K9	cellular_component	GO:0043231
Q7K5K9	cellular_component	GO:0110165
Q7KRU8	molecular_function	GO:0005488
Q7KRU8	molecular_function	GO:0005506
Q7KRU8	molecular_function	GO:0008198
Q7KRU8	molecular_function	GO:0036094
Q7KRU8	molecular_function	GO:0043167
Q7KRU8	molecular_function	GO:0043169
Q7KRU8	molecular_function	GO:0046872
Q7KRU8	molecular_function	GO:0046914
Q7KRU8	biological_process	GO:0000041
Q7KRU8	biological_process	GO:0006810
Q7KRU8	biological_process	GO:0006811
Q7KRU8	biological_process	GO:0006812
Q7KRU8	biological_process	GO:0006826
Q7KRU8	biological_process	GO:0006873
Q7KRU8	biological_process	GO:0006879
Q7KRU8	biological_process	GO:0007275
Q7KRU8	biological_process	GO:0008283
Q7KRU8	biological_process	GO:0009605
Q7KRU8	biological_process	GO:0009607
Q7KRU8	biological_process	GO:0009620
Q7KRU8	biological_process	GO:0009636
Q7KRU8	biological_process	GO:0009791
Q7KRU8	biological_process	GO:0009987
Q7KRU8	biological_process	GO:0010038
Q7KRU8	biological_process	GO:0010039
Q7KRU8	biological_process	GO:0019725
Q7KRU8	biological_process	GO:0030001
Q7KRU8	biological_process	GO:0030003
Q7KRU8	biological_process	GO:0030431
Q7KRU8	biological_process	GO:0032501
Q7KRU8	biological_process	GO:0032502
Q7KRU8	biological_process	GO:0033212
Q7KRU8	biological_process	GO:0034220
Q7KRU8	biological_process	GO:0034755
Q7KRU8	biological_process	GO:0042221
Q7KRU8	biological_process	GO:0042592
Q7KRU8	biological_process	GO:0043207
Q7KRU8	biological_process	GO:0044419
Q7KRU8	biological_process	GO:0048856
Q7KRU8	biological_process	GO:0048878
Q7KRU8	biological_process	GO:0050801
Q7KRU8	biological_process	GO:0050896
Q7KRU8	biological_process	GO:0051179
Q7KRU8	biological_process	GO:0051234
Q7KRU8	biological_process	GO:0051641
Q7KRU8	biological_process	GO:0051649
Q7KRU8	biological_process	GO:0051707
Q7KRU8	biological_process	GO:0055080
Q7KRU8	biological_process	GO:0055082
Q7KRU8	biological_process	GO:0055085
Q7KRU8	biological_process	GO:0061687
Q7KRU8	biological_process	GO:0098655
Q7KRU8	biological_process	GO:0098657
Q7KRU8	biological_process	GO:0098659
Q7KRU8	biological_process	GO:0098711
Q7KRU8	biological_process	GO:0098739
Q7KRU8	biological_process	GO:0098754
Q7KRU8	biological_process	GO:0098771
Q7KRU8	biological_process	GO:0099587
Q7KRU8	biological_process	GO:1990461
Q7KRU8	cellular_component	GO:0005576
Q7KRU8	cellular_component	GO:0005622
Q7KRU8	cellular_component	GO:0005737
Q7KRU8	cellular_component	GO:0005794
Q7KRU8	cellular_component	GO:0012505
Q7KRU8	cellular_component	GO:0032991
Q7KRU8	cellular_component	GO:0043226
Q7KRU8	cellular_component	GO:0043227
Q7KRU8	cellular_component	GO:0043229
Q7KRU8	cellular_component	GO:0043231
Q7KRU8	cellular_component	GO:0045169
Q7KRU8	cellular_component	GO:0070288
Q7KRU8	cellular_component	GO:0110165
Q7KTW9	biological_process	GO:0006520
Q7KTW9	biological_process	GO:0008152
Q7KTW9	biological_process	GO:0008652
Q7KTW9	biological_process	GO:0009058
Q7KTW9	biological_process	GO:0009067
Q7KTW9	biological_process	GO:0009987
Q7KTW9	biological_process	GO:0019752
Q7KTW9	biological_process	GO:0043436
Q7KTW9	biological_process	GO:0044238
Q7KTW9	biological_process	GO:0044281
Q7KTW9	biological_process	GO:0044283
Q7KTW9	biological_process	GO:0046394
Q7KTW9	biological_process	GO:0070981
Q7KTW9	biological_process	GO:0170038
Q7KTW9	biological_process	GO:0170039
Q7L3T8	cellular_component	GO:0005622
Q7L3T8	cellular_component	GO:0005737
Q7L3T8	cellular_component	GO:0005739
Q7L3T8	cellular_component	GO:0043226
Q7L3T8	cellular_component	GO:0043227
Q7L3T8	cellular_component	GO:0043229
Q7L3T8	cellular_component	GO:0043231
Q7L3T8	cellular_component	GO:0110165
Q7PLE6	biological_process	GO:0006520
Q7PLE6	biological_process	GO:0006550
Q7PLE6	biological_process	GO:0006551
Q7PLE6	biological_process	GO:0006552
Q7PLE6	biological_process	GO:0006574
Q7PLE6	biological_process	GO:0008152
Q7PLE6	biological_process	GO:0009056
Q7PLE6	biological_process	GO:0009063
Q7PLE6	biological_process	GO:0009081
Q7PLE6	biological_process	GO:0009083
Q7PLE6	biological_process	GO:0009987
Q7PLE6	biological_process	GO:0019752
Q7PLE6	biological_process	GO:0043436
Q7PLE6	biological_process	GO:0044238
Q7PLE6	biological_process	GO:0044281
Q7PLE6	biological_process	GO:0044282
Q7PLE6	biological_process	GO:0046395
Q7PLE6	biological_process	GO:0170039
Q7PLE6	biological_process	GO:0170040
Q7Z3V4	molecular_function	GO:0003824
Q7Z3V4	molecular_function	GO:0004842
Q7Z3V4	molecular_function	GO:0005488
Q7Z3V4	molecular_function	GO:0005515
Q7Z3V4	molecular_function	GO:0016740
Q7Z3V4	molecular_function	GO:0016746
Q7Z3V4	molecular_function	GO:0016755
Q7Z3V4	molecular_function	GO:0019787
Q7Z3V4	molecular_function	GO:0061630
Q7Z3V4	molecular_function	GO:0061659
Q7Z3V4	molecular_function	GO:0140096
Q7Z3V4	cellular_component	GO:0005622
Q7Z3V4	cellular_component	GO:0005737
Q7Z3V4	cellular_component	GO:0005739
Q7Z3V4	cellular_component	GO:0043226
Q7Z3V4	cellular_component	GO:0043227
Q7Z3V4	cellular_component	GO:0043229
Q7Z3V4	cellular_component	GO:0043231
Q7Z3V4	cellular_component	GO:0110165
Q7Z6K3	molecular_function	GO:0005488
Q7Z6K3	molecular_function	GO:0005515
Q7Z6K3	cellular_component	GO:0005622
Q7Z6K3	cellular_component	GO:0005737
Q7Z6K3	cellular_component	GO:0005739
Q7Z6K3	cellular_component	GO:0043226
Q7Z6K3	cellular_component	GO:0043227
Q7Z6K3	cellular_component	GO:0043229
Q7Z6K3	cellular_component	GO:0043231
Q7Z6K3	cellular_component	GO:0110165
Q86SM8	molecular_function	GO:0004888
Q86SM8	molecular_function	GO:0004930
Q86SM8	molecular_function	GO:0005488
Q86SM8	molecular_function	GO:0005515
Q86SM8	molecular_function	GO:0038023
Q86SM8	molecular_function	GO:0038182
Q86SM8	molecular_function	GO:0060089
Q86SM8	biological_process	GO:0001678
Q86SM8	biological_process	GO:0002791
Q86SM8	biological_process	GO:0002793
Q86SM8	biological_process	GO:0007154
Q86SM8	biological_process	GO:0007165
Q86SM8	biological_process	GO:0007166
Q86SM8	biological_process	GO:0007186
Q86SM8	biological_process	GO:0007188
Q86SM8	biological_process	GO:0007189
Q86SM8	biological_process	GO:0009987
Q86SM8	biological_process	GO:0010646
Q86SM8	biological_process	GO:0010647
Q86SM8	biological_process	GO:0010817
Q86SM8	biological_process	GO:0019725
Q86SM8	biological_process	GO:0023051
Q86SM8	biological_process	GO:0023052
Q86SM8	biological_process	GO:0023056
Q86SM8	biological_process	GO:0032024
Q86SM8	biological_process	GO:0032879
Q86SM8	biological_process	GO:0032880
Q86SM8	biological_process	GO:0033500
Q86SM8	biological_process	GO:0035774
Q86SM8	biological_process	GO:0038183
Q86SM8	biological_process	GO:0038184
Q86SM8	biological_process	GO:0042592
Q86SM8	biological_process	GO:0042593
Q86SM8	biological_process	GO:0046883
Q86SM8	biological_process	GO:0046887
Q86SM8	biological_process	GO:0048518
Q86SM8	biological_process	GO:0048522
Q86SM8	biological_process	GO:0048878
Q86SM8	biological_process	GO:0050708
Q86SM8	biological_process	GO:0050714
Q86SM8	biological_process	GO:0050789
Q86SM8	biological_process	GO:0050794
Q86SM8	biological_process	GO:0050796
Q86SM8	biological_process	GO:0050896
Q86SM8	biological_process	GO:0051046
Q86SM8	biological_process	GO:0051047
Q86SM8	biological_process	GO:0051049
Q86SM8	biological_process	GO:0051050
Q86SM8	biological_process	GO:0051222
Q86SM8	biological_process	GO:0051223
Q86SM8	biological_process	GO:0051716
Q86SM8	biological_process	GO:0055082
Q86SM8	biological_process	GO:0060341
Q86SM8	biological_process	GO:0061178
Q86SM8	biological_process	GO:0065007
Q86SM8	biological_process	GO:0065008
Q86SM8	biological_process	GO:0070201
Q86SM8	biological_process	GO:0090087
Q86SM8	biological_process	GO:0090276
Q86SM8	biological_process	GO:0090277
Q86SM8	biological_process	GO:1903530
Q86SM8	biological_process	GO:1903532
Q86SM8	biological_process	GO:1903829
Q86SM8	biological_process	GO:1904951
Q86SM8	cellular_component	GO:0005886
Q86SM8	cellular_component	GO:0016020
Q86SM8	cellular_component	GO:0071944
Q86SM8	cellular_component	GO:0110165
Q86TN4	molecular_function	GO:0000215
Q86TN4	molecular_function	GO:0003824
Q86TN4	molecular_function	GO:0016740
Q86TN4	molecular_function	GO:0016772
Q86TN4	molecular_function	GO:0016773
Q86TN4	molecular_function	GO:0140098
Q86TN4	molecular_function	GO:0140101
Q86TN4	molecular_function	GO:0140640
Q86UW8	cellular_component	GO:0005576
Q86UW8	cellular_component	GO:0005614
Q86UW8	cellular_component	GO:0030312
Q86UW8	cellular_component	GO:0031012
Q86UW8	cellular_component	GO:0110165
Q86UW8	cellular_component	GO:0140150
Q86VR8	cellular_component	GO:0005576
Q86VR8	cellular_component	GO:0110165
Q86VZ2	cellular_component	GO:0005622
Q86VZ2	cellular_component	GO:0005634
Q86VZ2	cellular_component	GO:0005654
Q86VZ2	cellular_component	GO:0031974
Q86VZ2	cellular_component	GO:0031981
Q86VZ2	cellular_component	GO:0043226
Q86VZ2	cellular_component	GO:0043227
Q86VZ2	cellular_component	GO:0043229
Q86VZ2	cellular_component	GO:0043231
Q86VZ2	cellular_component	GO:0043233
Q86VZ2	cellular_component	GO:0070013
Q86VZ2	cellular_component	GO:0110165
Q86W34	cellular_component	GO:0005622
Q86W34	cellular_component	GO:0005634
Q86W34	cellular_component	GO:0005654
Q86W34	cellular_component	GO:0031974
Q86W34	cellular_component	GO:0031981
Q86W34	cellular_component	GO:0043226
Q86W34	cellular_component	GO:0043227
Q86W34	cellular_component	GO:0043229
Q86W34	cellular_component	GO:0043231
Q86W34	cellular_component	GO:0043233
Q86W34	cellular_component	GO:0070013
Q86W34	cellular_component	GO:0110165
Q86WS5	cellular_component	GO:0005886
Q86WS5	cellular_component	GO:0016020
Q86WS5	cellular_component	GO:0071944
Q86WS5	cellular_component	GO:0110165
Q8IN78	biological_process	GO:0006810
Q8IN78	biological_process	GO:0006839
Q8IN78	biological_process	GO:0006996
Q8IN78	biological_process	GO:0007005
Q8IN78	biological_process	GO:0007006
Q8IN78	biological_process	GO:0007007
Q8IN78	biological_process	GO:0009987
Q8IN78	biological_process	GO:0016043
Q8IN78	biological_process	GO:0045039
Q8IN78	biological_process	GO:0046907
Q8IN78	biological_process	GO:0051179
Q8IN78	biological_process	GO:0051234
Q8IN78	biological_process	GO:0051641
Q8IN78	biological_process	GO:0051649
Q8IN78	biological_process	GO:0061024
Q8IN78	biological_process	GO:0071840
Q8IN78	biological_process	GO:7770058
Q8IN78	biological_process	GO:7770061
Q8IN78	cellular_component	GO:0005622
Q8IN78	cellular_component	GO:0005737
Q8IN78	cellular_component	GO:0005739
Q8IN78	cellular_component	GO:0005740
Q8IN78	cellular_component	GO:0005743
Q8IN78	cellular_component	GO:0016020
Q8IN78	cellular_component	GO:0019866
Q8IN78	cellular_component	GO:0031090
Q8IN78	cellular_component	GO:0031966
Q8IN78	cellular_component	GO:0031967
Q8IN78	cellular_component	GO:0043226
Q8IN78	cellular_component	GO:0043227
Q8IN78	cellular_component	GO:0043229
Q8IN78	cellular_component	GO:0043231
Q8IN78	cellular_component	GO:0110165
Q8IPW7	biological_process	GO:0000375
Q8IPW7	biological_process	GO:0000377
Q8IPW7	biological_process	GO:0000380
Q8IPW7	biological_process	GO:0000398
Q8IPW7	biological_process	GO:0006139
Q8IPW7	biological_process	GO:0006396
Q8IPW7	biological_process	GO:0006397
Q8IPW7	biological_process	GO:0008152
Q8IPW7	biological_process	GO:0008380
Q8IPW7	biological_process	GO:0009058
Q8IPW7	biological_process	GO:0009059
Q8IPW7	biological_process	GO:0009987
Q8IPW7	biological_process	GO:0010467
Q8IPW7	biological_process	GO:0016070
Q8IPW7	biological_process	GO:0016071
Q8IPW7	biological_process	GO:0032774
Q8IPW7	biological_process	GO:0034654
Q8IPW7	biological_process	GO:0043170
Q8IPW7	biological_process	GO:0044238
Q8IPW7	biological_process	GO:0090304
Q8IPW7	biological_process	GO:0141187
Q8IPW7	cellular_component	GO:0005622
Q8IPW7	cellular_component	GO:0005634
Q8IPW7	cellular_component	GO:0005681
Q8IPW7	cellular_component	GO:0005689
Q8IPW7	cellular_component	GO:0030532
Q8IPW7	cellular_component	GO:0032991
Q8IPW7	cellular_component	GO:0034693
Q8IPW7	cellular_component	GO:0043226
Q8IPW7	cellular_component	GO:0043227
Q8IPW7	cellular_component	GO:0043229
Q8IPW7	cellular_component	GO:0043231
Q8IPW7	cellular_component	GO:0097525
Q8IPW7	cellular_component	GO:0110165
Q8IPW7	cellular_component	GO:0120114
Q8IPW7	cellular_component	GO:0140513
Q8IPW7	cellular_component	GO:1990904
Q8IQI5	molecular_function	GO:0003824
Q8IQI5	molecular_function	GO:0004620
Q8IQI5	molecular_function	GO:0016298
Q8IQI5	molecular_function	GO:0016787
Q8IQI5	molecular_function	GO:0016788
Q8IQI5	molecular_function	GO:0120569
Q8IQI5	biological_process	GO:0006629
Q8IQI5	biological_process	GO:0006644
Q8IQI5	biological_process	GO:0006650
Q8IQI5	biological_process	GO:0006793
Q8IQI5	biological_process	GO:0008152
Q8IQI5	biological_process	GO:0009987
Q8IQI5	biological_process	GO:0019637
Q8IQI5	biological_process	GO:0032048
Q8IQI5	biological_process	GO:0035965
Q8IQI5	biological_process	GO:0044238
Q8IQI5	biological_process	GO:0046471
Q8IQI5	biological_process	GO:0046486
Q8IRK1	biological_process	GO:0009605
Q8IRK1	biological_process	GO:0009607
Q8IRK1	biological_process	GO:0009615
Q8IRK1	biological_process	GO:0043207
Q8IRK1	biological_process	GO:0044419
Q8IRK1	biological_process	GO:0050896
Q8IRK1	biological_process	GO:0051707
Q8IY47	molecular_function	GO:0005488
Q8IY47	molecular_function	GO:0005515
Q8IY47	molecular_function	GO:0030674
Q8IY47	molecular_function	GO:0060090
Q8IY47	molecular_function	GO:0140767
Q8IY47	molecular_function	GO:1990756
Q8IY47	biological_process	GO:0000209
Q8IY47	biological_process	GO:0008152
Q8IY47	biological_process	GO:0009987
Q8IY47	biological_process	GO:0016567
Q8IY47	biological_process	GO:0019538
Q8IY47	biological_process	GO:0032446
Q8IY47	biological_process	GO:0036211
Q8IY47	biological_process	GO:0043170
Q8IY47	biological_process	GO:0043412
Q8IY47	biological_process	GO:0043687
Q8IY47	biological_process	GO:0044238
Q8IY47	biological_process	GO:0048583
Q8IY47	biological_process	GO:0050789
Q8IY47	biological_process	GO:0050794
Q8IY47	biological_process	GO:0065007
Q8IY47	biological_process	GO:0070647
Q8IY47	biological_process	GO:0070936
Q8IY47	biological_process	GO:1900076
Q8IY47	cellular_component	GO:0000151
Q8IY47	cellular_component	GO:0005622
Q8IY47	cellular_component	GO:0005634
Q8IY47	cellular_component	GO:0005737
Q8IY47	cellular_component	GO:0031461
Q8IY47	cellular_component	GO:0031463
Q8IY47	cellular_component	GO:0032991
Q8IY47	cellular_component	GO:0043226
Q8IY47	cellular_component	GO:0043227
Q8IY47	cellular_component	GO:0043229
Q8IY47	cellular_component	GO:0043231
Q8IY47	cellular_component	GO:0110165
Q8IY47	cellular_component	GO:0140535
Q8IY47	cellular_component	GO:1902494
Q8IY47	cellular_component	GO:1990234
Q8IYQ7	cellular_component	GO:0005622
Q8IYQ7	cellular_component	GO:0005737
Q8IYQ7	cellular_component	GO:0005739
Q8IYQ7	cellular_component	GO:0043226
Q8IYQ7	cellular_component	GO:0043227
Q8IYQ7	cellular_component	GO:0043229
Q8IYQ7	cellular_component	GO:0043231
Q8IYQ7	cellular_component	GO:0110165
Q8MLP9	biological_process	GO:0003008
Q8MLP9	biological_process	GO:0007600
Q8MLP9	biological_process	GO:0007606
Q8MLP9	biological_process	GO:0032501
Q8MLP9	biological_process	GO:0050877
Q8N109	molecular_function	GO:0005488
Q8N109	molecular_function	GO:0005515
Q8N413	molecular_function	GO:0005215
Q8N413	molecular_function	GO:0015171
Q8N413	molecular_function	GO:0015179
Q8N413	molecular_function	GO:0022857
Q8N413	molecular_function	GO:0046943
Q8N413	molecular_function	GO:7770026
Q8N413	molecular_function	GO:7770027
Q8N413	biological_process	GO:0003333
Q8N413	biological_process	GO:0006575
Q8N413	biological_process	GO:0006577
Q8N413	biological_process	GO:0006578
Q8N413	biological_process	GO:0006810
Q8N413	biological_process	GO:0006865
Q8N413	biological_process	GO:0008152
Q8N413	biological_process	GO:0009058
Q8N413	biological_process	GO:0009437
Q8N413	biological_process	GO:0009987
Q8N413	biological_process	GO:0042398
Q8N413	biological_process	GO:0045329
Q8N413	biological_process	GO:0051179
Q8N413	biological_process	GO:0051234
Q8N413	biological_process	GO:0055085
Q8N413	cellular_component	GO:0005622
Q8N413	cellular_component	GO:0005737
Q8N413	cellular_component	GO:0005739
Q8N413	cellular_component	GO:0005740
Q8N413	cellular_component	GO:0005743
Q8N413	cellular_component	GO:0016020
Q8N413	cellular_component	GO:0019866
Q8N413	cellular_component	GO:0031090
Q8N413	cellular_component	GO:0031966
Q8N413	cellular_component	GO:0031967
Q8N413	cellular_component	GO:0043226
Q8N413	cellular_component	GO:0043227
Q8N413	cellular_component	GO:0043229
Q8N413	cellular_component	GO:0043231
Q8N413	cellular_component	GO:0110165
Q8N4S7	molecular_function	GO:0060090
Q8N4S7	biological_process	GO:0009889
Q8N4S7	biological_process	GO:0010556
Q8N4S7	biological_process	GO:0019216
Q8N4S7	biological_process	GO:0019222
Q8N4S7	biological_process	GO:0031647
Q8N4S7	biological_process	GO:0044087
Q8N4S7	biological_process	GO:0046890
Q8N4S7	biological_process	GO:0050789
Q8N4S7	biological_process	GO:0050794
Q8N4S7	biological_process	GO:0050821
Q8N4S7	biological_process	GO:0060255
Q8N4S7	biological_process	GO:0065007
Q8N4S7	biological_process	GO:0065008
Q8N4S7	biological_process	GO:0080090
Q8N4S7	biological_process	GO:0090153
Q8N4S7	biological_process	GO:2000303
Q8N4S7	cellular_component	GO:0000139
Q8N4S7	cellular_component	GO:0005622
Q8N4S7	cellular_component	GO:0005737
Q8N4S7	cellular_component	GO:0005794
Q8N4S7	cellular_component	GO:0012505
Q8N4S7	cellular_component	GO:0016020
Q8N4S7	cellular_component	GO:0031090
Q8N4S7	cellular_component	GO:0043226
Q8N4S7	cellular_component	GO:0043227
Q8N4S7	cellular_component	GO:0043229
Q8N4S7	cellular_component	GO:0043231
Q8N4S7	cellular_component	GO:0098588
Q8N4S7	cellular_component	GO:0110165
Q8N5C1	molecular_function	GO:0005215
Q8N5C1	molecular_function	GO:0005216
Q8N5C1	molecular_function	GO:0005488
Q8N5C1	molecular_function	GO:0005515
Q8N5C1	molecular_function	GO:0015075
Q8N5C1	molecular_function	GO:0015267
Q8N5C1	molecular_function	GO:0022803
Q8N5C1	molecular_function	GO:0022857
Q8N5C1	cellular_component	GO:0005886
Q8N5C1	cellular_component	GO:0016020
Q8N5C1	cellular_component	GO:0071944
Q8N5C1	cellular_component	GO:0110165
Q8N5C6	cellular_component	GO:0005622
Q8N5C6	cellular_component	GO:0005634
Q8N5C6	cellular_component	GO:0005694
Q8N5C6	cellular_component	GO:0005737
Q8N5C6	cellular_component	GO:0043226
Q8N5C6	cellular_component	GO:0043227
Q8N5C6	cellular_component	GO:0043228
Q8N5C6	cellular_component	GO:0043229
Q8N5C6	cellular_component	GO:0043231
Q8N5C6	cellular_component	GO:0043232
Q8N5C6	cellular_component	GO:0110165
Q8N7P1	cellular_component	GO:0005622
Q8N7P1	cellular_component	GO:0005737
Q8N7P1	cellular_component	GO:0005739
Q8N7P1	cellular_component	GO:0043226
Q8N7P1	cellular_component	GO:0043227
Q8N7P1	cellular_component	GO:0043229
Q8N7P1	cellular_component	GO:0043231
Q8N7P1	cellular_component	GO:0110165
Q8NFV4	molecular_function	GO:0003824
Q8NFV4	molecular_function	GO:0016298
Q8NFV4	molecular_function	GO:0016787
Q8NFV4	molecular_function	GO:0016788
Q8NFV4	cellular_component	GO:0005622
Q8NFV4	cellular_component	GO:0005737
Q8NFV4	cellular_component	GO:0005739
Q8NFV4	cellular_component	GO:0005759
Q8NFV4	cellular_component	GO:0031974
Q8NFV4	cellular_component	GO:0032991
Q8NFV4	cellular_component	GO:0043226
Q8NFV4	cellular_component	GO:0043227
Q8NFV4	cellular_component	GO:0043229
Q8NFV4	cellular_component	GO:0043231
Q8NFV4	cellular_component	GO:0043233
Q8NFV4	cellular_component	GO:0045239
Q8NFV4	cellular_component	GO:0045240
Q8NFV4	cellular_component	GO:0045252
Q8NFV4	cellular_component	GO:0070013
Q8NFV4	cellular_component	GO:0110165
Q8NFV4	cellular_component	GO:1902494
Q8NFV4	cellular_component	GO:1990204
Q8NFV4	cellular_component	GO:1990234
Q8NHR9	cellular_component	GO:0005622
Q8NHR9	cellular_component	GO:0005737
Q8NHR9	cellular_component	GO:0110165
Q8NHS2	molecular_function	GO:0003824
Q8NHS2	molecular_function	GO:0004069
Q8NHS2	molecular_function	GO:0005488
Q8NHS2	molecular_function	GO:0005515
Q8NHS2	molecular_function	GO:0008483
Q8NHS2	molecular_function	GO:0016740
Q8NHS2	molecular_function	GO:0016769
Q8NHS2	molecular_function	GO:0140385
Q8NHU2	biological_process	GO:0001539
Q8NHU2	biological_process	GO:0003006
Q8NHU2	biological_process	GO:0003341
Q8NHU2	biological_process	GO:0006996
Q8NHU2	biological_process	GO:0007017
Q8NHU2	biological_process	GO:0007018
Q8NHU2	biological_process	GO:0007276
Q8NHU2	biological_process	GO:0007281
Q8NHU2	biological_process	GO:0007283
Q8NHU2	biological_process	GO:0007286
Q8NHU2	biological_process	GO:0009987
Q8NHU2	biological_process	GO:0016043
Q8NHU2	biological_process	GO:0019953
Q8NHU2	biological_process	GO:0022412
Q8NHU2	biological_process	GO:0022414
Q8NHU2	biological_process	GO:0022607
Q8NHU2	biological_process	GO:0030030
Q8NHU2	biological_process	GO:0030031
Q8NHU2	biological_process	GO:0030154
Q8NHU2	biological_process	GO:0030317
Q8NHU2	biological_process	GO:0032502
Q8NHU2	biological_process	GO:0044085
Q8NHU2	biological_process	GO:0044458
Q8NHU2	biological_process	GO:0044782
Q8NHU2	biological_process	GO:0048232
Q8NHU2	biological_process	GO:0048468
Q8NHU2	biological_process	GO:0048515
Q8NHU2	biological_process	GO:0048609
Q8NHU2	biological_process	GO:0048856
Q8NHU2	biological_process	GO:0048869
Q8NHU2	biological_process	GO:0048870
Q8NHU2	biological_process	GO:0060271
Q8NHU2	biological_process	GO:0060285
Q8NHU2	biological_process	GO:0060294
Q8NHU2	biological_process	GO:0070925
Q8NHU2	biological_process	GO:0071840
Q8NHU2	biological_process	GO:0097722
Q8NHU2	biological_process	GO:0120031
Q8NHU2	biological_process	GO:0120036
Q8NHU2	biological_process	GO:0120316
Q8NHU2	cellular_component	GO:0005622
Q8NHU2	cellular_component	GO:0005737
Q8NHU2	cellular_component	GO:0005856
Q8NHU2	cellular_component	GO:0005929
Q8NHU2	cellular_component	GO:0005930
Q8NHU2	cellular_component	GO:0031514
Q8NHU2	cellular_component	GO:0036126
Q8NHU2	cellular_component	GO:0042995
Q8NHU2	cellular_component	GO:0043226
Q8NHU2	cellular_component	GO:0043227
Q8NHU2	cellular_component	GO:0043228
Q8NHU2	cellular_component	GO:0043229
Q8NHU2	cellular_component	GO:0043232
Q8NHU2	cellular_component	GO:0097014
Q8NHU2	cellular_component	GO:0097729
Q8NHU2	cellular_component	GO:0110165
Q8NHU2	cellular_component	GO:0120025
Q8SWR2	molecular_function	GO:0030674
Q8SWR2	molecular_function	GO:0060090
Q8SWR2	molecular_function	GO:0140312
Q8SWR2	biological_process	GO:0006810
Q8SWR2	biological_process	GO:0006886
Q8SWR2	biological_process	GO:0007017
Q8SWR2	biological_process	GO:0007018
Q8SWR2	biological_process	GO:0007423
Q8SWR2	biological_process	GO:0008104
Q8SWR2	biological_process	GO:0009987
Q8SWR2	biological_process	GO:0010970
Q8SWR2	biological_process	GO:0015031
Q8SWR2	biological_process	GO:0022416
Q8SWR2	biological_process	GO:0030705
Q8SWR2	biological_process	GO:0032502
Q8SWR2	biological_process	GO:0033036
Q8SWR2	biological_process	GO:0045184
Q8SWR2	biological_process	GO:0046907
Q8SWR2	biological_process	GO:0048513
Q8SWR2	biological_process	GO:0048856
Q8SWR2	biological_process	GO:0051179
Q8SWR2	biological_process	GO:0051234
Q8SWR2	biological_process	GO:0051641
Q8SWR2	biological_process	GO:0051649
Q8SWR2	biological_process	GO:0098840
Q8SWR2	biological_process	GO:0099111
Q8SWR2	biological_process	GO:0099118
Q8SWR2	biological_process	GO:0160108
Q8SWR2	cellular_component	GO:0005622
Q8SWR2	cellular_component	GO:0005737
Q8SWR2	cellular_component	GO:0005829
Q8SWR2	cellular_component	GO:0110165
Q8T3L6	cellular_component	GO:0005622
Q8T3L6	cellular_component	GO:0005737
Q8T3L6	cellular_component	GO:0005739
Q8T3L6	cellular_component	GO:0005759
Q8T3L6	cellular_component	GO:0031974
Q8T3L6	cellular_component	GO:0043226
Q8T3L6	cellular_component	GO:0043227
Q8T3L6	cellular_component	GO:0043229
Q8T3L6	cellular_component	GO:0043231
Q8T3L6	cellular_component	GO:0043233
Q8T3L6	cellular_component	GO:0070013
Q8T3L6	cellular_component	GO:0110165
Q8T8L8	biological_process	GO:0006487
Q8T8L8	biological_process	GO:0008152
Q8T8L8	biological_process	GO:0009058
Q8T8L8	biological_process	GO:0009059
Q8T8L8	biological_process	GO:0009100
Q8T8L8	biological_process	GO:0009101
Q8T8L8	biological_process	GO:0009987
Q8T8L8	biological_process	GO:0019538
Q8T8L8	biological_process	GO:0043170
Q8T8L8	biological_process	GO:0044238
Q8T8L8	biological_process	GO:1901135
Q8T8L8	biological_process	GO:1901137
Q8TAX9	cellular_component	GO:0005622
Q8TAX9	cellular_component	GO:0005737
Q8TAX9	cellular_component	GO:0005829
Q8TAX9	cellular_component	GO:0005886
Q8TAX9	cellular_component	GO:0016020
Q8TAX9	cellular_component	GO:0071944
Q8TAX9	cellular_component	GO:0110165
Q8TB22	cellular_component	GO:0005622
Q8TB22	cellular_component	GO:0005737
Q8TB22	cellular_component	GO:0005739
Q8TB22	cellular_component	GO:0043226
Q8TB22	cellular_component	GO:0043227
Q8TB22	cellular_component	GO:0043229
Q8TB22	cellular_component	GO:0043231
Q8TB22	cellular_component	GO:0110165
Q8WU08	cellular_component	GO:0005886
Q8WU08	cellular_component	GO:0016020
Q8WU08	cellular_component	GO:0071944
Q8WU08	cellular_component	GO:0110165
Q8WUA8	cellular_component	GO:0005576
Q8WUA8	cellular_component	GO:0005614
Q8WUA8	cellular_component	GO:0030312
Q8WUA8	cellular_component	GO:0031012
Q8WUA8	cellular_component	GO:0110165
Q8WUA8	cellular_component	GO:0140150
Q8WUR7	cellular_component	GO:0005622
Q8WUR7	cellular_component	GO:0005737
Q8WUR7	cellular_component	GO:0005739
Q8WUR7	cellular_component	GO:0043226
Q8WUR7	cellular_component	GO:0043227
Q8WUR7	cellular_component	GO:0043229
Q8WUR7	cellular_component	GO:0043231
Q8WUR7	cellular_component	GO:0110165
Q8WUY8	molecular_function	GO:0005488
Q8WUY8	molecular_function	GO:0005515
Q8WV74	cellular_component	GO:0005622
Q8WV74	cellular_component	GO:0005737
Q8WV74	cellular_component	GO:0005739
Q8WV74	cellular_component	GO:0043226
Q8WV74	cellular_component	GO:0043227
Q8WV74	cellular_component	GO:0043229
Q8WV74	cellular_component	GO:0043231
Q8WV74	cellular_component	GO:0110165
Q8WV83	molecular_function	GO:0005215
Q8WV83	molecular_function	GO:0015220
Q8WV83	molecular_function	GO:0022857
Q8WV83	biological_process	GO:0006810
Q8WV83	biological_process	GO:0015871
Q8WV83	biological_process	GO:0051179
Q8WV83	biological_process	GO:0051234
Q8WV83	biological_process	GO:0071705
Q8WWU7	molecular_function	GO:0005488
Q8WWU7	molecular_function	GO:0005515
Q8WYK1	cellular_component	GO:0001650
Q8WYK1	cellular_component	GO:0005622
Q8WYK1	cellular_component	GO:0005634
Q8WYK1	cellular_component	GO:0005730
Q8WYK1	cellular_component	GO:0031974
Q8WYK1	cellular_component	GO:0031981
Q8WYK1	cellular_component	GO:0043226
Q8WYK1	cellular_component	GO:0043227
Q8WYK1	cellular_component	GO:0043228
Q8WYK1	cellular_component	GO:0043229
Q8WYK1	cellular_component	GO:0043231
Q8WYK1	cellular_component	GO:0043232
Q8WYK1	cellular_component	GO:0043233
Q8WYK1	cellular_component	GO:0070013
Q8WYK1	cellular_component	GO:0110165
Q8WZA6	molecular_function	GO:0004888
Q8WZA6	molecular_function	GO:0004930
Q8WZA6	molecular_function	GO:0004984
Q8WZA6	molecular_function	GO:0038022
Q8WZA6	molecular_function	GO:0038023
Q8WZA6	molecular_function	GO:0060089
Q8WZA6	biological_process	GO:0007154
Q8WZA6	biological_process	GO:0007165
Q8WZA6	biological_process	GO:0007186
Q8WZA6	biological_process	GO:0007188
Q8WZA6	biological_process	GO:0007189
Q8WZA6	biological_process	GO:0009987
Q8WZA6	biological_process	GO:0023052
Q8WZA6	biological_process	GO:0050789
Q8WZA6	biological_process	GO:0050794
Q8WZA6	biological_process	GO:0050896
Q8WZA6	biological_process	GO:0051716
Q8WZA6	biological_process	GO:0065007
Q96A19	molecular_function	GO:0005488
Q96A19	molecular_function	GO:0005515
Q96A46	cellular_component	GO:0005622
Q96A46	cellular_component	GO:0005737
Q96A46	cellular_component	GO:0005739
Q96A46	cellular_component	GO:0043226
Q96A46	cellular_component	GO:0043227
Q96A46	cellular_component	GO:0043229
Q96A46	cellular_component	GO:0043231
Q96A46	cellular_component	GO:0110165
Q96BQ5	biological_process	GO:0042592
Q96BQ5	biological_process	GO:0048878
Q96BQ5	biological_process	GO:0055088
Q96BQ5	cellular_component	GO:0005622
Q96BQ5	cellular_component	GO:0005737
Q96BQ5	cellular_component	GO:0005739
Q96BQ5	cellular_component	GO:0005740
Q96BQ5	cellular_component	GO:0005741
Q96BQ5	cellular_component	GO:0016020
Q96BQ5	cellular_component	GO:0019867
Q96BQ5	cellular_component	GO:0031090
Q96BQ5	cellular_component	GO:0031966
Q96BQ5	cellular_component	GO:0031967
Q96BQ5	cellular_component	GO:0031968
Q96BQ5	cellular_component	GO:0043226
Q96BQ5	cellular_component	GO:0043227
Q96BQ5	cellular_component	GO:0043229
Q96BQ5	cellular_component	GO:0043231
Q96BQ5	cellular_component	GO:0098588
Q96BQ5	cellular_component	GO:0110165
Q96CX6	molecular_function	GO:0030674
Q96CX6	molecular_function	GO:0060090
Q96CX6	molecular_function	GO:0140767
Q96CX6	molecular_function	GO:1990756
Q96CX6	biological_process	GO:0006511
Q96CX6	biological_process	GO:0008152
Q96CX6	biological_process	GO:0009056
Q96CX6	biological_process	GO:0009057
Q96CX6	biological_process	GO:0009889
Q96CX6	biological_process	GO:0009987
Q96CX6	biological_process	GO:0010498
Q96CX6	biological_process	GO:0019222
Q96CX6	biological_process	GO:0019538
Q96CX6	biological_process	GO:0019941
Q96CX6	biological_process	GO:0030163
Q96CX6	biological_process	GO:0042762
Q96CX6	biological_process	GO:0043161
Q96CX6	biological_process	GO:0043170
Q96CX6	biological_process	GO:0043632
Q96CX6	biological_process	GO:0044238
Q96CX6	biological_process	GO:0050789
Q96CX6	biological_process	GO:0050794
Q96CX6	biological_process	GO:0062089
Q96CX6	biological_process	GO:0065007
Q96CX6	cellular_component	GO:0000151
Q96CX6	cellular_component	GO:0031461
Q96CX6	cellular_component	GO:0031466
Q96CX6	cellular_component	GO:0032991
Q96CX6	cellular_component	GO:0140535
Q96CX6	cellular_component	GO:1902494
Q96CX6	cellular_component	GO:1990234
Q96GE6	molecular_function	GO:0005488
Q96GE6	molecular_function	GO:0005515
Q96GE6	molecular_function	GO:0008092
Q96GE6	molecular_function	GO:0017022
Q96GE6	molecular_function	GO:0032028
Q96GE6	molecular_function	GO:0032036
Q96GE6	biological_process	GO:0009987
Q96GE6	biological_process	GO:0016043
Q96GE6	biological_process	GO:0022607
Q96GE6	biological_process	GO:0044085
Q96GE6	biological_process	GO:0071840
Q96GE6	biological_process	GO:1904970
Q96GE6	cellular_component	GO:0005622
Q96GE6	cellular_component	GO:0005856
Q96GE6	cellular_component	GO:0005902
Q96GE6	cellular_component	GO:0015629
Q96GE6	cellular_component	GO:0042995
Q96GE6	cellular_component	GO:0043226
Q96GE6	cellular_component	GO:0043228
Q96GE6	cellular_component	GO:0043229
Q96GE6	cellular_component	GO:0043232
Q96GE6	cellular_component	GO:0098858
Q96GE6	cellular_component	GO:0110165
Q96GE6	cellular_component	GO:0120025
Q96L15	molecular_function	GO:0005488
Q96L15	molecular_function	GO:0005515
Q96MF6	cellular_component	GO:0005622
Q96MF6	cellular_component	GO:0005737
Q96MF6	cellular_component	GO:0005739
Q96MF6	cellular_component	GO:0005740
Q96MF6	cellular_component	GO:0005743
Q96MF6	cellular_component	GO:0016020
Q96MF6	cellular_component	GO:0019866
Q96MF6	cellular_component	GO:0031090
Q96MF6	cellular_component	GO:0031966
Q96MF6	cellular_component	GO:0031967
Q96MF6	cellular_component	GO:0043226
Q96MF6	cellular_component	GO:0043227
Q96MF6	cellular_component	GO:0043229
Q96MF6	cellular_component	GO:0043231
Q96MF6	cellular_component	GO:0110165
Q96MH6	molecular_function	GO:0003824
Q96MH6	molecular_function	GO:0016740
Q96MH6	molecular_function	GO:0016746
Q96MH6	molecular_function	GO:0016747
Q96MH6	molecular_function	GO:0046027
Q96MH6	biological_process	GO:0006629
Q96MH6	biological_process	GO:0006638
Q96MH6	biological_process	GO:0006639
Q96MH6	biological_process	GO:0006641
Q96MH6	biological_process	GO:0008152
Q96MH6	biological_process	GO:0008610
Q96MH6	biological_process	GO:0009058
Q96MH6	biological_process	GO:0009987
Q96MH6	biological_process	GO:0019432
Q96MH6	biological_process	GO:0044238
Q96MH6	biological_process	GO:0045017
Q96MH6	biological_process	GO:0046460
Q96MH6	biological_process	GO:0046463
Q96MH6	biological_process	GO:0046486
Q96MH6	cellular_component	GO:0005622
Q96MH6	cellular_component	GO:0005737
Q96MH6	cellular_component	GO:0005783
Q96MH6	cellular_component	GO:0005789
Q96MH6	cellular_component	GO:0012505
Q96MH6	cellular_component	GO:0016020
Q96MH6	cellular_component	GO:0031090
Q96MH6	cellular_component	GO:0031984
Q96MH6	cellular_component	GO:0042175
Q96MH6	cellular_component	GO:0043226
Q96MH6	cellular_component	GO:0043227
Q96MH6	cellular_component	GO:0043229
Q96MH6	cellular_component	GO:0043231
Q96MH6	cellular_component	GO:0098827
Q96MH6	cellular_component	GO:0110165
Q96MR6	cellular_component	GO:0005929
Q96MR6	cellular_component	GO:0042995
Q96MR6	cellular_component	GO:0043226
Q96MR6	cellular_component	GO:0043227
Q96MR6	cellular_component	GO:0110165
Q96MR6	cellular_component	GO:0120025
Q96P50	molecular_function	GO:0005488
Q96P50	molecular_function	GO:0005515
Q96T52	cellular_component	GO:0005622
Q96T52	cellular_component	GO:0005737
Q96T52	cellular_component	GO:0005739
Q96T52	cellular_component	GO:0043226
Q96T52	cellular_component	GO:0043227
Q96T52	cellular_component	GO:0043229
Q96T52	cellular_component	GO:0043231
Q96T52	cellular_component	GO:0110165
Q99679	molecular_function	GO:0005488
Q99679	molecular_function	GO:0005515
Q9BTA0	molecular_function	GO:0005488
Q9BTA0	molecular_function	GO:0005515
Q9BUJ0	molecular_function	GO:0003824
Q9BUJ0	molecular_function	GO:0016407
Q9BUJ0	molecular_function	GO:0016740
Q9BUJ0	molecular_function	GO:0016746
Q9BUJ0	molecular_function	GO:0016747
Q9BYB4	biological_process	GO:0000075
Q9BYB4	biological_process	GO:0000077
Q9BYB4	biological_process	GO:0006950
Q9BYB4	biological_process	GO:0006974
Q9BYB4	biological_process	GO:0007154
Q9BYB4	biological_process	GO:0007165
Q9BYB4	biological_process	GO:0009987
Q9BYB4	biological_process	GO:0010564
Q9BYB4	biological_process	GO:0010948
Q9BYB4	biological_process	GO:0023052
Q9BYB4	biological_process	GO:0031570
Q9BYB4	biological_process	GO:0033554
Q9BYB4	biological_process	GO:0035556
Q9BYB4	biological_process	GO:0042770
Q9BYB4	biological_process	GO:0045786
Q9BYB4	biological_process	GO:0048519
Q9BYB4	biological_process	GO:0048523
Q9BYB4	biological_process	GO:0050789
Q9BYB4	biological_process	GO:0050794
Q9BYB4	biological_process	GO:0050896
Q9BYB4	biological_process	GO:0051716
Q9BYB4	biological_process	GO:0051726
Q9BYB4	biological_process	GO:0065007
Q9BYB4	biological_process	GO:1901987
Q9BYB4	biological_process	GO:1901988
Q9BYB4	cellular_component	GO:0005622
Q9BYB4	cellular_component	GO:0005634
Q9BYB4	cellular_component	GO:0005737
Q9BYB4	cellular_component	GO:0043226
Q9BYB4	cellular_component	GO:0043227
Q9BYB4	cellular_component	GO:0043229
Q9BYB4	cellular_component	GO:0043231
Q9BYB4	cellular_component	GO:0110165
Q9H098	cellular_component	GO:0005622
Q9H098	cellular_component	GO:0005634
Q9H098	cellular_component	GO:0005654
Q9H098	cellular_component	GO:0031974
Q9H098	cellular_component	GO:0031981
Q9H098	cellular_component	GO:0043226
Q9H098	cellular_component	GO:0043227
Q9H098	cellular_component	GO:0043229
Q9H098	cellular_component	GO:0043231
Q9H098	cellular_component	GO:0043233
Q9H098	cellular_component	GO:0070013
Q9H098	cellular_component	GO:0110165
Q9H0Q0	molecular_function	GO:0005488
Q9H0Q0	molecular_function	GO:0005515
Q9H3U5	molecular_function	GO:0005215
Q9H3U5	molecular_function	GO:0015291
Q9H3U5	molecular_function	GO:0015292
Q9H3U5	molecular_function	GO:0022804
Q9H3U5	molecular_function	GO:0022857
Q9H3U5	molecular_function	GO:0035673
Q9H3U5	molecular_function	GO:0071916
Q9H3U5	molecular_function	GO:0160178
Q9H3U5	biological_process	GO:0006810
Q9H3U5	biological_process	GO:0007034
Q9H3U5	biological_process	GO:0007041
Q9H3U5	biological_process	GO:0009987
Q9H3U5	biological_process	GO:0015833
Q9H3U5	biological_process	GO:0034486
Q9H3U5	biological_process	GO:0046907
Q9H3U5	biological_process	GO:0051179
Q9H3U5	biological_process	GO:0051234
Q9H3U5	biological_process	GO:0051641
Q9H3U5	biological_process	GO:0051649
Q9H3U5	biological_process	GO:0055085
Q9H3U5	biological_process	GO:0141204
Q9H3U5	biological_process	GO:0170063
Q9H3U5	cellular_component	GO:0000323
Q9H3U5	cellular_component	GO:0005622
Q9H3U5	cellular_component	GO:0005737
Q9H3U5	cellular_component	GO:0005764
Q9H3U5	cellular_component	GO:0005765
Q9H3U5	cellular_component	GO:0005773
Q9H3U5	cellular_component	GO:0005774
Q9H3U5	cellular_component	GO:0016020
Q9H3U5	cellular_component	GO:0031090
Q9H3U5	cellular_component	GO:0043226
Q9H3U5	cellular_component	GO:0043227
Q9H3U5	cellular_component	GO:0043229
Q9H3U5	cellular_component	GO:0043231
Q9H3U5	cellular_component	GO:0098588
Q9H3U5	cellular_component	GO:0098852
Q9H3U5	cellular_component	GO:0110165
Q9H6V9	biological_process	GO:0006996
Q9H6V9	biological_process	GO:0009987
Q9H6V9	biological_process	GO:0016043
Q9H6V9	biological_process	GO:0019725
Q9H6V9	biological_process	GO:0034389
Q9H6V9	biological_process	GO:0035356
Q9H6V9	biological_process	GO:0042592
Q9H6V9	biological_process	GO:0042632
Q9H6V9	biological_process	GO:0048284
Q9H6V9	biological_process	GO:0048878
Q9H6V9	biological_process	GO:0055082
Q9H6V9	biological_process	GO:0055088
Q9H6V9	biological_process	GO:0055090
Q9H6V9	biological_process	GO:0055092
Q9H6V9	biological_process	GO:0070328
Q9H6V9	biological_process	GO:0071840
Q9H6V9	biological_process	GO:0160077
Q9H6V9	cellular_component	GO:0005622
Q9H6V9	cellular_component	GO:0005737
Q9H6V9	cellular_component	GO:0005783
Q9H6V9	cellular_component	GO:0005811
Q9H6V9	cellular_component	GO:0012505
Q9H6V9	cellular_component	GO:0043226
Q9H6V9	cellular_component	GO:0043227
Q9H6V9	cellular_component	GO:0043228
Q9H6V9	cellular_component	GO:0043229
Q9H6V9	cellular_component	GO:0043231
Q9H6V9	cellular_component	GO:0043232
Q9H6V9	cellular_component	GO:0110165
Q9H857	cellular_component	GO:0005622
Q9H857	cellular_component	GO:0005737
Q9H857	cellular_component	GO:0005739
Q9H857	cellular_component	GO:0043226
Q9H857	cellular_component	GO:0043227
Q9H857	cellular_component	GO:0043229
Q9H857	cellular_component	GO:0043231
Q9H857	cellular_component	GO:0110165
Q9H8M1	cellular_component	GO:0005622
Q9H8M1	cellular_component	GO:0005737
Q9H8M1	cellular_component	GO:0005739
Q9H8M1	cellular_component	GO:0005740
Q9H8M1	cellular_component	GO:0005743
Q9H8M1	cellular_component	GO:0016020
Q9H8M1	cellular_component	GO:0019866
Q9H8M1	cellular_component	GO:0031090
Q9H8M1	cellular_component	GO:0031966
Q9H8M1	cellular_component	GO:0031967
Q9H8M1	cellular_component	GO:0043226
Q9H8M1	cellular_component	GO:0043227
Q9H8M1	cellular_component	GO:0043229
Q9H8M1	cellular_component	GO:0043231
Q9H8M1	cellular_component	GO:0110165
Q9H9S3	molecular_function	GO:0005488
Q9H9S3	molecular_function	GO:0005515
Q9HA77	molecular_function	GO:0003824
Q9HA77	molecular_function	GO:0004812
Q9HA77	molecular_function	GO:0004817
Q9HA77	molecular_function	GO:0016874
Q9HA77	molecular_function	GO:0016875
Q9HA77	molecular_function	GO:0140098
Q9HA77	molecular_function	GO:0140101
Q9HA77	molecular_function	GO:0140640
Q9HA77	biological_process	GO:0006139
Q9HA77	biological_process	GO:0006399
Q9HA77	biological_process	GO:0006412
Q9HA77	biological_process	GO:0006418
Q9HA77	biological_process	GO:0006423
Q9HA77	biological_process	GO:0006520
Q9HA77	biological_process	GO:0008152
Q9HA77	biological_process	GO:0009058
Q9HA77	biological_process	GO:0009059
Q9HA77	biological_process	GO:0009987
Q9HA77	biological_process	GO:0010467
Q9HA77	biological_process	GO:0016070
Q9HA77	biological_process	GO:0019538
Q9HA77	biological_process	GO:0043038
Q9HA77	biological_process	GO:0043039
Q9HA77	biological_process	GO:0043170
Q9HA77	biological_process	GO:0044238
Q9HA77	biological_process	GO:0090304
Q9HA77	biological_process	GO:0160307
Q9HA77	cellular_component	GO:0005622
Q9HA77	cellular_component	GO:0005737
Q9HA77	cellular_component	GO:0005739
Q9HA77	cellular_component	GO:0043226
Q9HA77	cellular_component	GO:0043227
Q9HA77	cellular_component	GO:0043229
Q9HA77	cellular_component	GO:0043231
Q9HA77	cellular_component	GO:0110165
Q9HAE3	cellular_component	GO:0005929
Q9HAE3	cellular_component	GO:0031514
Q9HAE3	cellular_component	GO:0036126
Q9HAE3	cellular_component	GO:0042995
Q9HAE3	cellular_component	GO:0043226
Q9HAE3	cellular_component	GO:0043227
Q9HAE3	cellular_component	GO:0097729
Q9HAE3	cellular_component	GO:0110165
Q9HAE3	cellular_component	GO:0120025
Q9HB15	molecular_function	GO:0005215
Q9HB15	molecular_function	GO:0005216
Q9HB15	molecular_function	GO:0005261
Q9HB15	molecular_function	GO:0005267
Q9HB15	molecular_function	GO:0005488
Q9HB15	molecular_function	GO:0005515
Q9HB15	molecular_function	GO:0008324
Q9HB15	molecular_function	GO:0015075
Q9HB15	molecular_function	GO:0015079
Q9HB15	molecular_function	GO:0015267
Q9HB15	molecular_function	GO:0022803
Q9HB15	molecular_function	GO:0022857
Q9HB15	molecular_function	GO:0042802
Q9HB15	molecular_function	GO:0046873
Q9HB15	molecular_function	GO:0046982
Q9HB15	molecular_function	GO:0046983
Q9HB15	cellular_component	GO:0005622
Q9HB15	cellular_component	GO:0005737
Q9HB15	cellular_component	GO:0005783
Q9HB15	cellular_component	GO:0005789
Q9HB15	cellular_component	GO:0005886
Q9HB15	cellular_component	GO:0012505
Q9HB15	cellular_component	GO:0016020
Q9HB15	cellular_component	GO:0031090
Q9HB15	cellular_component	GO:0031984
Q9HB15	cellular_component	GO:0042175
Q9HB15	cellular_component	GO:0043226
Q9HB15	cellular_component	GO:0043227
Q9HB15	cellular_component	GO:0043229
Q9HB15	cellular_component	GO:0043231
Q9HB15	cellular_component	GO:0071944
Q9HB15	cellular_component	GO:0098827
Q9HB15	cellular_component	GO:0110165
Q9HBV1	molecular_function	GO:0005488
Q9HBV1	molecular_function	GO:0005515
Q9I7X6	molecular_function	GO:0005488
Q9I7X6	molecular_function	GO:0044877
Q9I7X6	molecular_function	GO:0098772
Q9I7X6	molecular_function	GO:0140299
Q9I7X6	molecular_function	GO:0140785
Q9I7X6	biological_process	GO:0001101
Q9I7X6	biological_process	GO:0006950
Q9I7X6	biological_process	GO:0007584
Q9I7X6	biological_process	GO:0009267
Q9I7X6	biological_process	GO:0009966
Q9I7X6	biological_process	GO:0009968
Q9I7X6	biological_process	GO:0009987
Q9I7X6	biological_process	GO:0010646
Q9I7X6	biological_process	GO:0010648
Q9I7X6	biological_process	GO:0023051
Q9I7X6	biological_process	GO:0023057
Q9I7X6	biological_process	GO:0031667
Q9I7X6	biological_process	GO:0031669
Q9I7X6	biological_process	GO:0031670
Q9I7X6	biological_process	GO:0032006
Q9I7X6	biological_process	GO:0032007
Q9I7X6	biological_process	GO:0033554
Q9I7X6	biological_process	GO:0034198
Q9I7X6	biological_process	GO:0042221
Q9I7X6	biological_process	GO:0042594
Q9I7X6	biological_process	GO:0043200
Q9I7X6	biological_process	GO:0048519
Q9I7X6	biological_process	GO:0048523
Q9I7X6	biological_process	GO:0048583
Q9I7X6	biological_process	GO:0048585
Q9I7X6	biological_process	GO:0050789
Q9I7X6	biological_process	GO:0050794
Q9I7X6	biological_process	GO:0050896
Q9I7X6	biological_process	GO:0051716
Q9I7X6	biological_process	GO:0061431
Q9I7X6	biological_process	GO:0065007
Q9I7X6	biological_process	GO:0070887
Q9I7X6	biological_process	GO:0071229
Q9I7X6	biological_process	GO:0071230
Q9I7X6	biological_process	GO:1901698
Q9I7X6	biological_process	GO:1901699
Q9I7X6	biological_process	GO:1901700
Q9I7X6	biological_process	GO:1901701
Q9I7X6	biological_process	GO:1902531
Q9I7X6	biological_process	GO:1902532
Q9I7X6	biological_process	GO:1903432
Q9I7X6	biological_process	GO:1904262
Q9I7X6	biological_process	GO:1904640
Q9I7X6	biological_process	GO:1990928
Q9NQX6	molecular_function	GO:0005488
Q9NQX6	molecular_function	GO:0005515
Q9NRD0	molecular_function	GO:0005488
Q9NRD0	molecular_function	GO:0005515
Q9NRP4	cellular_component	GO:0005622
Q9NRP4	cellular_component	GO:0005737
Q9NRP4	cellular_component	GO:0005739
Q9NRP4	cellular_component	GO:0005759
Q9NRP4	cellular_component	GO:0031974
Q9NRP4	cellular_component	GO:0043226
Q9NRP4	cellular_component	GO:0043227
Q9NRP4	cellular_component	GO:0043229
Q9NRP4	cellular_component	GO:0043231
Q9NRP4	cellular_component	GO:0043233
Q9NRP4	cellular_component	GO:0070013
Q9NRP4	cellular_component	GO:0110165
Q9NUP7	molecular_function	GO:0005488
Q9NUP7	molecular_function	GO:0005515
Q9NVE5	molecular_function	GO:0003824
Q9NVE5	molecular_function	GO:0004843
Q9NVE5	molecular_function	GO:0008233
Q9NVE5	molecular_function	GO:0008234
Q9NVE5	molecular_function	GO:0016787
Q9NVE5	molecular_function	GO:0019783
Q9NVE5	molecular_function	GO:0101005
Q9NVE5	molecular_function	GO:0140096
Q9NVE5	biological_process	GO:0042981
Q9NVE5	biological_process	GO:0043066
Q9NVE5	biological_process	GO:0043067
Q9NVE5	biological_process	GO:0043069
Q9NVE5	biological_process	GO:0048519
Q9NVE5	biological_process	GO:0048523
Q9NVE5	biological_process	GO:0050789
Q9NVE5	biological_process	GO:0050794
Q9NVE5	biological_process	GO:0065007
Q9NVE5	cellular_component	GO:0005622
Q9NVE5	cellular_component	GO:0005737
Q9NVE5	cellular_component	GO:0110165
Q9NVE7	molecular_function	GO:0003824
Q9NVE7	molecular_function	GO:0016787
Q9NVE7	molecular_function	GO:0016788
Q9NVE7	molecular_function	GO:0016791
Q9NVE7	molecular_function	GO:0042578
Q9NVE7	biological_process	GO:0006575
Q9NVE7	biological_process	GO:0008152
Q9NVE7	biological_process	GO:0009987
Q9NVE7	biological_process	GO:0015939
Q9NVE7	biological_process	GO:0019752
Q9NVE7	biological_process	GO:0032787
Q9NVE7	biological_process	GO:0043436
Q9NVE7	biological_process	GO:0044281
Q9NVE7	cellular_component	GO:0005622
Q9NVE7	cellular_component	GO:0005737
Q9NVE7	cellular_component	GO:0005829
Q9NVE7	cellular_component	GO:0110165
Q9P283	cellular_component	GO:0005622
Q9P283	cellular_component	GO:0005737
Q9P283	cellular_component	GO:0005829
Q9P283	cellular_component	GO:0110165
Q9UBK7	molecular_function	GO:0003824
Q9UBK7	molecular_function	GO:0003924
Q9UBK7	molecular_function	GO:0016462
Q9UBK7	molecular_function	GO:0016787
Q9UBK7	molecular_function	GO:0016817
Q9UBK7	molecular_function	GO:0016818
Q9UBK7	molecular_function	GO:0017111
Q9UI42	molecular_function	GO:0003824
Q9UI42	molecular_function	GO:0004180
Q9UI42	molecular_function	GO:0004181
Q9UI42	molecular_function	GO:0008233
Q9UI42	molecular_function	GO:0008235
Q9UI42	molecular_function	GO:0008237
Q9UI42	molecular_function	GO:0008238
Q9UI42	molecular_function	GO:0016787
Q9UI42	molecular_function	GO:0140096
Q9UI42	biological_process	GO:0006518
Q9UI42	biological_process	GO:0008152
Q9UI42	biological_process	GO:0009056
Q9UI42	biological_process	GO:0009987
Q9UI42	biological_process	GO:0010817
Q9UI42	biological_process	GO:0042445
Q9UI42	biological_process	GO:0042447
Q9UI42	biological_process	GO:0043171
Q9UI42	biological_process	GO:0065007
Q9UI42	biological_process	GO:0065008
Q9UI42	cellular_component	GO:0005576
Q9UI42	cellular_component	GO:0110165
Q9UKR8	molecular_function	GO:0005488
Q9UKR8	molecular_function	GO:0005515
Q9UKR8	cellular_component	GO:0016020
Q9UKR8	cellular_component	GO:0110165
Q9V3Y4	molecular_function	GO:0032977
Q9V3Y4	molecular_function	GO:0140104
Q9V3Y4	molecular_function	GO:0140597
Q9V3Y4	biological_process	GO:0000422
Q9V3Y4	biological_process	GO:0000423
Q9V3Y4	biological_process	GO:0006810
Q9V3Y4	biological_process	GO:0006839
Q9V3Y4	biological_process	GO:0006886
Q9V3Y4	biological_process	GO:0006914
Q9V3Y4	biological_process	GO:0006996
Q9V3Y4	biological_process	GO:0007005
Q9V3Y4	biological_process	GO:0007006
Q9V3Y4	biological_process	GO:0007008
Q9V3Y4	biological_process	GO:0008104
Q9V3Y4	biological_process	GO:0008152
Q9V3Y4	biological_process	GO:0009056
Q9V3Y4	biological_process	GO:0009987
Q9V3Y4	biological_process	GO:0015031
Q9V3Y4	biological_process	GO:0016043
Q9V3Y4	biological_process	GO:0016236
Q9V3Y4	biological_process	GO:0033036
Q9V3Y4	biological_process	GO:0033365
Q9V3Y4	biological_process	GO:0045040
Q9V3Y4	biological_process	GO:0045184
Q9V3Y4	biological_process	GO:0046907
Q9V3Y4	biological_process	GO:0051179
Q9V3Y4	biological_process	GO:0051204
Q9V3Y4	biological_process	GO:0051205
Q9V3Y4	biological_process	GO:0051234
Q9V3Y4	biological_process	GO:0051641
Q9V3Y4	biological_process	GO:0051649
Q9V3Y4	biological_process	GO:0051668
Q9V3Y4	biological_process	GO:0061024
Q9V3Y4	biological_process	GO:0061919
Q9V3Y4	biological_process	GO:0070585
Q9V3Y4	biological_process	GO:0071840
Q9V3Y4	biological_process	GO:0072594
Q9V3Y4	biological_process	GO:0072657
Q9V3Y4	biological_process	GO:0090150
Q9V3Y4	biological_process	GO:7770058
Q9V3Y4	biological_process	GO:7770059
Q9V3Y4	cellular_component	GO:0005622
Q9V3Y4	cellular_component	GO:0005737
Q9V3Y4	cellular_component	GO:0005739
Q9V3Y4	cellular_component	GO:0005740
Q9V3Y4	cellular_component	GO:0005741
Q9V3Y4	cellular_component	GO:0016020
Q9V3Y4	cellular_component	GO:0019867
Q9V3Y4	cellular_component	GO:0031090
Q9V3Y4	cellular_component	GO:0031966
Q9V3Y4	cellular_component	GO:0031967
Q9V3Y4	cellular_component	GO:0031968
Q9V3Y4	cellular_component	GO:0043226
Q9V3Y4	cellular_component	GO:0043227
Q9V3Y4	cellular_component	GO:0043229
Q9V3Y4	cellular_component	GO:0043231
Q9V3Y4	cellular_component	GO:0098588
Q9V3Y4	cellular_component	GO:0110165
Q9V470	molecular_function	GO:0003824
Q9V470	molecular_function	GO:0004774
Q9V470	molecular_function	GO:0016405
Q9V470	molecular_function	GO:0016874
Q9V470	molecular_function	GO:0016877
Q9V470	molecular_function	GO:0016878
Q9V470	biological_process	GO:0006091
Q9V470	biological_process	GO:0006099
Q9V470	biological_process	GO:0008152
Q9V470	biological_process	GO:0009060
Q9V470	biological_process	GO:0009987
Q9V470	biological_process	GO:0015980
Q9V470	biological_process	GO:0044238
Q9V470	biological_process	GO:0045333
Q9V470	cellular_component	GO:0005622
Q9V470	cellular_component	GO:0005737
Q9V470	cellular_component	GO:0005739
Q9V470	cellular_component	GO:0043226
Q9V470	cellular_component	GO:0043227
Q9V470	cellular_component	GO:0043229
Q9V470	cellular_component	GO:0043231
Q9V470	cellular_component	GO:0110165
Q9V4A0	biological_process	GO:0007154
Q9V4A0	biological_process	GO:0007267
Q9V4A0	biological_process	GO:0007268
Q9V4A0	biological_process	GO:0009987
Q9V4A0	biological_process	GO:0010646
Q9V4A0	biological_process	GO:0023051
Q9V4A0	biological_process	GO:0023052
Q9V4A0	biological_process	GO:0031915
Q9V4A0	biological_process	GO:0035249
Q9V4A0	biological_process	GO:0048167
Q9V4A0	biological_process	GO:0050789
Q9V4A0	biological_process	GO:0050794
Q9V4A0	biological_process	GO:0050804
Q9V4A0	biological_process	GO:0065007
Q9V4A0	biological_process	GO:0065008
Q9V4A0	biological_process	GO:0098916
Q9V4A0	biological_process	GO:0099177
Q9V4A0	biological_process	GO:0099536
Q9V4A0	biological_process	GO:0099537
Q9V4A0	cellular_component	GO:0005886
Q9V4A0	cellular_component	GO:0016020
Q9V4A0	cellular_component	GO:0030054
Q9V4A0	cellular_component	GO:0045202
Q9V4A0	cellular_component	GO:0045211
Q9V4A0	cellular_component	GO:0071944
Q9V4A0	cellular_component	GO:0097060
Q9V4A0	cellular_component	GO:0098590
Q9V4A0	cellular_component	GO:0098794
Q9V4A0	cellular_component	GO:0110165
Q9V5P6	biological_process	GO:0000154
Q9V5P6	biological_process	GO:0000454
Q9V5P6	biological_process	GO:0001522
Q9V5P6	biological_process	GO:0006139
Q9V5P6	biological_process	GO:0006364
Q9V5P6	biological_process	GO:0006396
Q9V5P6	biological_process	GO:0008152
Q9V5P6	biological_process	GO:0009058
Q9V5P6	biological_process	GO:0009059
Q9V5P6	biological_process	GO:0009451
Q9V5P6	biological_process	GO:0009987
Q9V5P6	biological_process	GO:0010467
Q9V5P6	biological_process	GO:0016070
Q9V5P6	biological_process	GO:0016072
Q9V5P6	biological_process	GO:0022613
Q9V5P6	biological_process	GO:0031118
Q9V5P6	biological_process	GO:0032774
Q9V5P6	biological_process	GO:0034654
Q9V5P6	biological_process	GO:0042254
Q9V5P6	biological_process	GO:0043170
Q9V5P6	biological_process	GO:0043412
Q9V5P6	biological_process	GO:0044085
Q9V5P6	biological_process	GO:0044238
Q9V5P6	biological_process	GO:0071840
Q9V5P6	biological_process	GO:0090304
Q9V5P6	biological_process	GO:0141187
Q9V5P6	cellular_component	GO:0005622
Q9V5P6	cellular_component	GO:0005634
Q9V5P6	cellular_component	GO:0005730
Q9V5P6	cellular_component	GO:0005732
Q9V5P6	cellular_component	GO:0031429
Q9V5P6	cellular_component	GO:0031974
Q9V5P6	cellular_component	GO:0031981
Q9V5P6	cellular_component	GO:0032991
Q9V5P6	cellular_component	GO:0043226
Q9V5P6	cellular_component	GO:0043227
Q9V5P6	cellular_component	GO:0043228
Q9V5P6	cellular_component	GO:0043229
Q9V5P6	cellular_component	GO:0043231
Q9V5P6	cellular_component	GO:0043232
Q9V5P6	cellular_component	GO:0043233
Q9V5P6	cellular_component	GO:0070013
Q9V5P6	cellular_component	GO:0072588
Q9V5P6	cellular_component	GO:0110165
Q9V5P6	cellular_component	GO:0140513
Q9V5P6	cellular_component	GO:1902494
Q9V5P6	cellular_component	GO:1990904
Q9V784	biological_process	GO:0006810
Q9V784	biological_process	GO:0006839
Q9V784	biological_process	GO:0006886
Q9V784	biological_process	GO:0006996
Q9V784	biological_process	GO:0007005
Q9V784	biological_process	GO:0007006
Q9V784	biological_process	GO:0007008
Q9V784	biological_process	GO:0008104
Q9V784	biological_process	GO:0009987
Q9V784	biological_process	GO:0015031
Q9V784	biological_process	GO:0016043
Q9V784	biological_process	GO:0033036
Q9V784	biological_process	GO:0033365
Q9V784	biological_process	GO:0045040
Q9V784	biological_process	GO:0045184
Q9V784	biological_process	GO:0046907
Q9V784	biological_process	GO:0051179
Q9V784	biological_process	GO:0051204
Q9V784	biological_process	GO:0051205
Q9V784	biological_process	GO:0051234
Q9V784	biological_process	GO:0051641
Q9V784	biological_process	GO:0051649
Q9V784	biological_process	GO:0051668
Q9V784	biological_process	GO:0061024
Q9V784	biological_process	GO:0070585
Q9V784	biological_process	GO:0071840
Q9V784	biological_process	GO:0072594
Q9V784	biological_process	GO:0072657
Q9V784	biological_process	GO:0090150
Q9V784	biological_process	GO:7770058
Q9V784	biological_process	GO:7770063
Q9V9T5	molecular_function	GO:0003824
Q9V9T5	molecular_function	GO:0004485
Q9V9T5	molecular_function	GO:0016421
Q9V9T5	molecular_function	GO:0016874
Q9V9T5	molecular_function	GO:0016885
Q9V9X4	cellular_component	GO:0005622
Q9V9X4	cellular_component	GO:0005737
Q9V9X4	cellular_component	GO:0005829
Q9V9X4	cellular_component	GO:0110165
Q9V9Z0	cellular_component	GO:0005622
Q9V9Z0	cellular_component	GO:0005737
Q9V9Z0	cellular_component	GO:0005739
Q9V9Z0	cellular_component	GO:0005759
Q9V9Z0	cellular_component	GO:0031974
Q9V9Z0	cellular_component	GO:0043226
Q9V9Z0	cellular_component	GO:0043227
Q9V9Z0	cellular_component	GO:0043229
Q9V9Z0	cellular_component	GO:0043231
Q9V9Z0	cellular_component	GO:0043233
Q9V9Z0	cellular_component	GO:0070013
Q9V9Z0	cellular_component	GO:0110165
Q9VA83	molecular_function	GO:0005488
Q9VA83	molecular_function	GO:0005506
Q9VA83	molecular_function	GO:0008198
Q9VA83	molecular_function	GO:0036094
Q9VA83	molecular_function	GO:0043167
Q9VA83	molecular_function	GO:0043169
Q9VA83	molecular_function	GO:0046872
Q9VA83	molecular_function	GO:0046914
Q9VA83	biological_process	GO:0000041
Q9VA83	biological_process	GO:0006810
Q9VA83	biological_process	GO:0006811
Q9VA83	biological_process	GO:0006812
Q9VA83	biological_process	GO:0006826
Q9VA83	biological_process	GO:0006873
Q9VA83	biological_process	GO:0006879
Q9VA83	biological_process	GO:0009605
Q9VA83	biological_process	GO:0009607
Q9VA83	biological_process	GO:0009620
Q9VA83	biological_process	GO:0009636
Q9VA83	biological_process	GO:0009987
Q9VA83	biological_process	GO:0010038
Q9VA83	biological_process	GO:0010039
Q9VA83	biological_process	GO:0019725
Q9VA83	biological_process	GO:0030001
Q9VA83	biological_process	GO:0030003
Q9VA83	biological_process	GO:0033212
Q9VA83	biological_process	GO:0034220
Q9VA83	biological_process	GO:0034755
Q9VA83	biological_process	GO:0042221
Q9VA83	biological_process	GO:0042592
Q9VA83	biological_process	GO:0043207
Q9VA83	biological_process	GO:0044419
Q9VA83	biological_process	GO:0048878
Q9VA83	biological_process	GO:0050801
Q9VA83	biological_process	GO:0050896
Q9VA83	biological_process	GO:0051179
Q9VA83	biological_process	GO:0051234
Q9VA83	biological_process	GO:0051641
Q9VA83	biological_process	GO:0051649
Q9VA83	biological_process	GO:0051707
Q9VA83	biological_process	GO:0055080
Q9VA83	biological_process	GO:0055082
Q9VA83	biological_process	GO:0055085
Q9VA83	biological_process	GO:0061687
Q9VA83	biological_process	GO:0098655
Q9VA83	biological_process	GO:0098657
Q9VA83	biological_process	GO:0098659
Q9VA83	biological_process	GO:0098711
Q9VA83	biological_process	GO:0098739
Q9VA83	biological_process	GO:0098754
Q9VA83	biological_process	GO:0098771
Q9VA83	biological_process	GO:0099587
Q9VA83	biological_process	GO:1990461
Q9VA83	cellular_component	GO:0005576
Q9VA83	cellular_component	GO:0005622
Q9VA83	cellular_component	GO:0005737
Q9VA83	cellular_component	GO:0005794
Q9VA83	cellular_component	GO:0012505
Q9VA83	cellular_component	GO:0032991
Q9VA83	cellular_component	GO:0043226
Q9VA83	cellular_component	GO:0043227
Q9VA83	cellular_component	GO:0043229
Q9VA83	cellular_component	GO:0043231
Q9VA83	cellular_component	GO:0070288
Q9VA83	cellular_component	GO:0110165
Q9VAA6	biological_process	GO:0006810
Q9VAA6	biological_process	GO:0006839
Q9VAA6	biological_process	GO:0009987
Q9VAA6	biological_process	GO:0045041
Q9VAA6	biological_process	GO:0046907
Q9VAA6	biological_process	GO:0051179
Q9VAA6	biological_process	GO:0051234
Q9VAA6	biological_process	GO:0051641
Q9VAA6	biological_process	GO:0051649
Q9VAA6	biological_process	GO:0160203
Q9VAA6	biological_process	GO:7770058
Q9VAA6	cellular_component	GO:0005622
Q9VAA6	cellular_component	GO:0005737
Q9VAA6	cellular_component	GO:0005739
Q9VAA6	cellular_component	GO:0005740
Q9VAA6	cellular_component	GO:0005758
Q9VAA6	cellular_component	GO:0031967
Q9VAA6	cellular_component	GO:0031970
Q9VAA6	cellular_component	GO:0031974
Q9VAA6	cellular_component	GO:0043226
Q9VAA6	cellular_component	GO:0043227
Q9VAA6	cellular_component	GO:0043229
Q9VAA6	cellular_component	GO:0043231
Q9VAA6	cellular_component	GO:0043233
Q9VAA6	cellular_component	GO:0070013
Q9VAA6	cellular_component	GO:0110165
Q9VAV2	cellular_component	GO:0005622
Q9VAV2	cellular_component	GO:0005737
Q9VAV2	cellular_component	GO:0005739
Q9VAV2	cellular_component	GO:0005759
Q9VAV2	cellular_component	GO:0031974
Q9VAV2	cellular_component	GO:0043226
Q9VAV2	cellular_component	GO:0043227
Q9VAV2	cellular_component	GO:0043229
Q9VAV2	cellular_component	GO:0043231
Q9VAV2	cellular_component	GO:0043233
Q9VAV2	cellular_component	GO:0070013
Q9VAV2	cellular_component	GO:0110165
Q9VBQ7	cellular_component	GO:0005622
Q9VBQ7	cellular_component	GO:0005737
Q9VBQ7	cellular_component	GO:0005739
Q9VBQ7	cellular_component	GO:0005759
Q9VBQ7	cellular_component	GO:0031974
Q9VBQ7	cellular_component	GO:0043226
Q9VBQ7	cellular_component	GO:0043227
Q9VBQ7	cellular_component	GO:0043229
Q9VBQ7	cellular_component	GO:0043231
Q9VBQ7	cellular_component	GO:0043233
Q9VBQ7	cellular_component	GO:0070013
Q9VBQ7	cellular_component	GO:0110165
Q9VCE0	molecular_function	GO:0003824
Q9VCE0	molecular_function	GO:0004609
Q9VCE0	molecular_function	GO:0016829
Q9VCE0	molecular_function	GO:0016830
Q9VCE0	molecular_function	GO:0016831
Q9VCE0	biological_process	GO:0006629
Q9VCE0	biological_process	GO:0006644
Q9VCE0	biological_process	GO:0006646
Q9VCE0	biological_process	GO:0006650
Q9VCE0	biological_process	GO:0006793
Q9VCE0	biological_process	GO:0008152
Q9VCE0	biological_process	GO:0008610
Q9VCE0	biological_process	GO:0008654
Q9VCE0	biological_process	GO:0009058
Q9VCE0	biological_process	GO:0009987
Q9VCE0	biological_process	GO:0019637
Q9VCE0	biological_process	GO:0044238
Q9VCE0	biological_process	GO:0045017
Q9VCE0	biological_process	GO:0046337
Q9VCE0	biological_process	GO:0046474
Q9VCE0	biological_process	GO:0046486
Q9VCE0	biological_process	GO:0090407
Q9VCE0	cellular_component	GO:0005622
Q9VCE0	cellular_component	GO:0005737
Q9VCE0	cellular_component	GO:0005739
Q9VCE0	cellular_component	GO:0005740
Q9VCE0	cellular_component	GO:0005743
Q9VCE0	cellular_component	GO:0016020
Q9VCE0	cellular_component	GO:0019866
Q9VCE0	cellular_component	GO:0031090
Q9VCE0	cellular_component	GO:0031966
Q9VCE0	cellular_component	GO:0031967
Q9VCE0	cellular_component	GO:0043226
Q9VCE0	cellular_component	GO:0043227
Q9VCE0	cellular_component	GO:0043229
Q9VCE0	cellular_component	GO:0043231
Q9VCE0	cellular_component	GO:0110165
Q9VCH9	biological_process	GO:0003008
Q9VCH9	biological_process	GO:0007610
Q9VCH9	biological_process	GO:0007611
Q9VCH9	biological_process	GO:0007613
Q9VCH9	biological_process	GO:0007616
Q9VCH9	biological_process	GO:0008152
Q9VCH9	biological_process	GO:0009987
Q9VCH9	biological_process	GO:0016043
Q9VCH9	biological_process	GO:0019538
Q9VCH9	biological_process	GO:0032501
Q9VCH9	biological_process	GO:0043170
Q9VCH9	biological_process	GO:0044238
Q9VCH9	biological_process	GO:0050877
Q9VCH9	biological_process	GO:0050890
Q9VCH9	biological_process	GO:0071840
Q9VCH9	biological_process	GO:0097435
Q9VCH9	biological_process	GO:1990000
Q9VCR7	molecular_function	GO:0000099
Q9VCR7	molecular_function	GO:0005215
Q9VCR7	molecular_function	GO:0015171
Q9VCR7	molecular_function	GO:0015179
Q9VCR7	molecular_function	GO:0015184
Q9VCR7	molecular_function	GO:0022857
Q9VCR7	molecular_function	GO:0046943
Q9VCR7	molecular_function	GO:0072349
Q9VCR7	molecular_function	GO:1901682
Q9VCR7	biological_process	GO:0000101
Q9VCR7	biological_process	GO:0003333
Q9VCR7	biological_process	GO:0006810
Q9VCR7	biological_process	GO:0006865
Q9VCR7	biological_process	GO:0007034
Q9VCR7	biological_process	GO:0007041
Q9VCR7	biological_process	GO:0009987
Q9VCR7	biological_process	GO:0015804
Q9VCR7	biological_process	GO:0015807
Q9VCR7	biological_process	GO:0015811
Q9VCR7	biological_process	GO:0015849
Q9VCR7	biological_process	GO:0032974
Q9VCR7	biological_process	GO:0034486
Q9VCR7	biological_process	GO:0034489
Q9VCR7	biological_process	GO:0046907
Q9VCR7	biological_process	GO:0046942
Q9VCR7	biological_process	GO:0051179
Q9VCR7	biological_process	GO:0051234
Q9VCR7	biological_process	GO:0051641
Q9VCR7	biological_process	GO:0051649
Q9VCR7	biological_process	GO:0055085
Q9VCR7	biological_process	GO:0071705
Q9VCR7	biological_process	GO:0072337
Q9VCR7	biological_process	GO:0072348
Q9VCR7	biological_process	GO:0170063
Q9VCR7	biological_process	GO:1902475
Q9VCR7	biological_process	GO:1904919
Q9VCR7	biological_process	GO:1905039
Q9VCR7	cellular_component	GO:0000323
Q9VCR7	cellular_component	GO:0005622
Q9VCR7	cellular_component	GO:0005737
Q9VCR7	cellular_component	GO:0005764
Q9VCR7	cellular_component	GO:0005765
Q9VCR7	cellular_component	GO:0005773
Q9VCR7	cellular_component	GO:0005774
Q9VCR7	cellular_component	GO:0016020
Q9VCR7	cellular_component	GO:0031090
Q9VCR7	cellular_component	GO:0043226
Q9VCR7	cellular_component	GO:0043227
Q9VCR7	cellular_component	GO:0043229
Q9VCR7	cellular_component	GO:0043231
Q9VCR7	cellular_component	GO:0098588
Q9VCR7	cellular_component	GO:0098852
Q9VCR7	cellular_component	GO:0110165
Q9VD14	biological_process	GO:0000959
Q9VD14	biological_process	GO:0000963
Q9VD14	biological_process	GO:0006139
Q9VD14	biological_process	GO:0006396
Q9VD14	biological_process	GO:0006397
Q9VD14	biological_process	GO:0008152
Q9VD14	biological_process	GO:0009058
Q9VD14	biological_process	GO:0009059
Q9VD14	biological_process	GO:0009987
Q9VD14	biological_process	GO:0010467
Q9VD14	biological_process	GO:0016070
Q9VD14	biological_process	GO:0016071
Q9VD14	biological_process	GO:0032774
Q9VD14	biological_process	GO:0034654
Q9VD14	biological_process	GO:0043170
Q9VD14	biological_process	GO:0044238
Q9VD14	biological_process	GO:0090304
Q9VD14	biological_process	GO:0090615
Q9VD14	biological_process	GO:0140040
Q9VD14	biological_process	GO:0140053
Q9VD14	biological_process	GO:0141187
Q9VD14	cellular_component	GO:0005622
Q9VD14	cellular_component	GO:0005737
Q9VD14	cellular_component	GO:0005739
Q9VD14	cellular_component	GO:0005759
Q9VD14	cellular_component	GO:0031974
Q9VD14	cellular_component	GO:0043226
Q9VD14	cellular_component	GO:0043227
Q9VD14	cellular_component	GO:0043229
Q9VD14	cellular_component	GO:0043231
Q9VD14	cellular_component	GO:0043233
Q9VD14	cellular_component	GO:0070013
Q9VD14	cellular_component	GO:0110165
Q9VDT1	biological_process	GO:0006629
Q9VDT1	biological_process	GO:0006631
Q9VDT1	biological_process	GO:0006635
Q9VDT1	biological_process	GO:0008152
Q9VDT1	biological_process	GO:0009056
Q9VDT1	biological_process	GO:0009062
Q9VDT1	biological_process	GO:0009987
Q9VDT1	biological_process	GO:0016042
Q9VDT1	biological_process	GO:0019395
Q9VDT1	biological_process	GO:0019752
Q9VDT1	biological_process	GO:0030258
Q9VDT1	biological_process	GO:0032787
Q9VDT1	biological_process	GO:0033539
Q9VDT1	biological_process	GO:0034440
Q9VDT1	biological_process	GO:0043436
Q9VDT1	biological_process	GO:0044238
Q9VDT1	biological_process	GO:0044281
Q9VDT1	biological_process	GO:0044282
Q9VDT1	biological_process	GO:0046395
Q9VDT1	biological_process	GO:0072329
Q9VEC8	molecular_function	GO:0005488
Q9VEC8	molecular_function	GO:0005515
Q9VEQ1	molecular_function	GO:0005488
Q9VEQ1	molecular_function	GO:0005515
Q9VES4	biological_process	GO:0000226
Q9VES4	biological_process	GO:0001578
Q9VES4	biological_process	GO:0006996
Q9VES4	biological_process	GO:0007010
Q9VES4	biological_process	GO:0007017
Q9VES4	biological_process	GO:0009987
Q9VES4	biological_process	GO:0016043
Q9VES4	biological_process	GO:0022607
Q9VES4	biological_process	GO:0030030
Q9VES4	biological_process	GO:0030031
Q9VES4	biological_process	GO:0035082
Q9VES4	biological_process	GO:0036158
Q9VES4	biological_process	GO:0043933
Q9VES4	biological_process	GO:0044085
Q9VES4	biological_process	GO:0044782
Q9VES4	biological_process	GO:0060271
Q9VES4	biological_process	GO:0065003
Q9VES4	biological_process	GO:0070286
Q9VES4	biological_process	GO:0070925
Q9VES4	biological_process	GO:0071840
Q9VES4	biological_process	GO:0120031
Q9VES4	biological_process	GO:0120036
Q9VES4	cellular_component	GO:0005622
Q9VES4	cellular_component	GO:0005737
Q9VES4	cellular_component	GO:0005856
Q9VES4	cellular_component	GO:0005929
Q9VES4	cellular_component	GO:0005930
Q9VES4	cellular_component	GO:0032991
Q9VES4	cellular_component	GO:0042995
Q9VES4	cellular_component	GO:0043226
Q9VES4	cellular_component	GO:0043227
Q9VES4	cellular_component	GO:0043228
Q9VES4	cellular_component	GO:0043229
Q9VES4	cellular_component	GO:0043232
Q9VES4	cellular_component	GO:0097014
Q9VES4	cellular_component	GO:0097730
Q9VES4	cellular_component	GO:0097731
Q9VES4	cellular_component	GO:0110165
Q9VES4	cellular_component	GO:0120025
Q9VES4	cellular_component	GO:0120228
Q9VEW5	molecular_function	GO:0005488
Q9VEW5	molecular_function	GO:0005515
Q9VF28	molecular_function	GO:0005488
Q9VF28	molecular_function	GO:0005515
Q9VF45	molecular_function	GO:0005215
Q9VF45	molecular_function	GO:0005310
Q9VF45	molecular_function	GO:0019531
Q9VF45	molecular_function	GO:0022857
Q9VF45	molecular_function	GO:0046943
Q9VF45	biological_process	GO:0006810
Q9VF45	biological_process	GO:0006835
Q9VF45	biological_process	GO:0015849
Q9VF45	biological_process	GO:0019532
Q9VF45	biological_process	GO:0046942
Q9VF45	biological_process	GO:0051179
Q9VF45	biological_process	GO:0051234
Q9VFY6	biological_process	GO:0006996
Q9VFY6	biological_process	GO:0009987
Q9VFY6	biological_process	GO:0016043
Q9VFY6	biological_process	GO:0022607
Q9VFY6	biological_process	GO:0030030
Q9VFY6	biological_process	GO:0030031
Q9VFY6	biological_process	GO:0044085
Q9VFY6	biological_process	GO:0044458
Q9VFY6	biological_process	GO:0044782
Q9VFY6	biological_process	GO:0060271
Q9VFY6	biological_process	GO:0070925
Q9VFY6	biological_process	GO:0071840
Q9VFY6	biological_process	GO:0120031
Q9VFY6	biological_process	GO:0120036
Q9VFY6	biological_process	GO:1905515
Q9VG33	biological_process	GO:0006790
Q9VG33	biological_process	GO:0008152
Q9VG33	biological_process	GO:0009058
Q9VG33	biological_process	GO:0009987
Q9VG33	biological_process	GO:0044272
Q9VG33	biological_process	GO:0070813
Q9VG33	biological_process	GO:0070814
Q9VGT0	molecular_function	GO:0003824
Q9VGT0	molecular_function	GO:0008194
Q9VGT0	molecular_function	GO:0016740
Q9VGT0	molecular_function	GO:0016757
Q9VGT0	biological_process	GO:0009636
Q9VGT0	biological_process	GO:0035094
Q9VGT0	biological_process	GO:0042221
Q9VGT0	biological_process	GO:0050896
Q9VGT0	biological_process	GO:0051410
Q9VGT0	biological_process	GO:0098754
Q9VGT0	biological_process	GO:1901698
Q9VGV8	molecular_function	GO:0003824
Q9VGV8	molecular_function	GO:0004791
Q9VGV8	molecular_function	GO:0015035
Q9VGV8	molecular_function	GO:0015036
Q9VGV8	molecular_function	GO:0016209
Q9VGV8	molecular_function	GO:0016491
Q9VGV8	molecular_function	GO:0016667
Q9VGV8	molecular_function	GO:0016668
Q9VGV8	molecular_function	GO:0047134
Q9VGV8	molecular_function	GO:0140096
Q9VGV8	biological_process	GO:0003006
Q9VGV8	biological_process	GO:0007276
Q9VGV8	biological_process	GO:0007281
Q9VGV8	biological_process	GO:0007283
Q9VGV8	biological_process	GO:0007286
Q9VGV8	biological_process	GO:0009987
Q9VGV8	biological_process	GO:0019953
Q9VGV8	biological_process	GO:0022412
Q9VGV8	biological_process	GO:0022414
Q9VGV8	biological_process	GO:0030154
Q9VGV8	biological_process	GO:0032502
Q9VGV8	biological_process	GO:0048232
Q9VGV8	biological_process	GO:0048468
Q9VGV8	biological_process	GO:0048515
Q9VGV8	biological_process	GO:0048609
Q9VGV8	biological_process	GO:0048856
Q9VGV8	biological_process	GO:0048869
Q9VH39	biological_process	GO:0006996
Q9VH39	biological_process	GO:0007005
Q9VH39	biological_process	GO:0009987
Q9VH39	biological_process	GO:0010257
Q9VH39	biological_process	GO:0016043
Q9VH39	biological_process	GO:0022607
Q9VH39	biological_process	GO:0032981
Q9VH39	biological_process	GO:0033108
Q9VH39	biological_process	GO:0043933
Q9VH39	biological_process	GO:0044085
Q9VH39	biological_process	GO:0065003
Q9VH39	biological_process	GO:0071840
Q9VH39	cellular_component	GO:0005622
Q9VH39	cellular_component	GO:0005737
Q9VH39	cellular_component	GO:0005739
Q9VH39	cellular_component	GO:0043226
Q9VH39	cellular_component	GO:0043227
Q9VH39	cellular_component	GO:0043229
Q9VH39	cellular_component	GO:0043231
Q9VH39	cellular_component	GO:0110165
Q9VIT6	molecular_function	GO:0003824
Q9VIT6	molecular_function	GO:0005215
Q9VIT6	molecular_function	GO:0015399
Q9VIT6	molecular_function	GO:0015453
Q9VIT6	molecular_function	GO:0016491
Q9VIT6	molecular_function	GO:0016722
Q9VIT6	molecular_function	GO:0022804
Q9VIT6	molecular_function	GO:0022857
Q9VIT6	molecular_function	GO:0140571
Q9VIT6	biological_process	GO:0000041
Q9VIT6	biological_process	GO:0006810
Q9VIT6	biological_process	GO:0006811
Q9VIT6	biological_process	GO:0006812
Q9VIT6	biological_process	GO:0006826
Q9VIT6	biological_process	GO:0006873
Q9VIT6	biological_process	GO:0006879
Q9VIT6	biological_process	GO:0009987
Q9VIT6	biological_process	GO:0019725
Q9VIT6	biological_process	GO:0030001
Q9VIT6	biological_process	GO:0030003
Q9VIT6	biological_process	GO:0033212
Q9VIT6	biological_process	GO:0034220
Q9VIT6	biological_process	GO:0034755
Q9VIT6	biological_process	GO:0042592
Q9VIT6	biological_process	GO:0048878
Q9VIT6	biological_process	GO:0050801
Q9VIT6	biological_process	GO:0051179
Q9VIT6	biological_process	GO:0051234
Q9VIT6	biological_process	GO:0051641
Q9VIT6	biological_process	GO:0051649
Q9VIT6	biological_process	GO:0055080
Q9VIT6	biological_process	GO:0055082
Q9VIT6	biological_process	GO:0055085
Q9VIT6	biological_process	GO:0098655
Q9VIT6	biological_process	GO:0098657
Q9VIT6	biological_process	GO:0098659
Q9VIT6	biological_process	GO:0098711
Q9VIT6	biological_process	GO:0098739
Q9VIT6	biological_process	GO:0098771
Q9VIT6	biological_process	GO:0099587
Q9VIT6	cellular_component	GO:0005886
Q9VIT6	cellular_component	GO:0016020
Q9VIT6	cellular_component	GO:0016324
Q9VIT6	cellular_component	GO:0045177
Q9VIT6	cellular_component	GO:0071944
Q9VIT6	cellular_component	GO:0098590
Q9VIT6	cellular_component	GO:0110165
Q9VIW8	molecular_function	GO:0005488
Q9VIW8	molecular_function	GO:0005515
Q9VJP1	cellular_component	GO:0005622
Q9VJP1	cellular_component	GO:0005737
Q9VJP1	cellular_component	GO:0005739
Q9VJP1	cellular_component	GO:0005740
Q9VJP1	cellular_component	GO:0005743
Q9VJP1	cellular_component	GO:0016020
Q9VJP1	cellular_component	GO:0019866
Q9VJP1	cellular_component	GO:0031090
Q9VJP1	cellular_component	GO:0031966
Q9VJP1	cellular_component	GO:0031967
Q9VJP1	cellular_component	GO:0043226
Q9VJP1	cellular_component	GO:0043227
Q9VJP1	cellular_component	GO:0043229
Q9VJP1	cellular_component	GO:0043231
Q9VJP1	cellular_component	GO:0110165
Q9VKC8	biological_process	GO:0006810
Q9VKC8	biological_process	GO:0006839
Q9VKC8	biological_process	GO:0006886
Q9VKC8	biological_process	GO:0006996
Q9VKC8	biological_process	GO:0007005
Q9VKC8	biological_process	GO:0007006
Q9VKC8	biological_process	GO:0007007
Q9VKC8	biological_process	GO:0007008
Q9VKC8	biological_process	GO:0008104
Q9VKC8	biological_process	GO:0009987
Q9VKC8	biological_process	GO:0015031
Q9VKC8	biological_process	GO:0016043
Q9VKC8	biological_process	GO:0033036
Q9VKC8	biological_process	GO:0033365
Q9VKC8	biological_process	GO:0045039
Q9VKC8	biological_process	GO:0045040
Q9VKC8	biological_process	GO:0045184
Q9VKC8	biological_process	GO:0046907
Q9VKC8	biological_process	GO:0051179
Q9VKC8	biological_process	GO:0051204
Q9VKC8	biological_process	GO:0051205
Q9VKC8	biological_process	GO:0051234
Q9VKC8	biological_process	GO:0051641
Q9VKC8	biological_process	GO:0051649
Q9VKC8	biological_process	GO:0051668
Q9VKC8	biological_process	GO:0061024
Q9VKC8	biological_process	GO:0070585
Q9VKC8	biological_process	GO:0071840
Q9VKC8	biological_process	GO:0072594
Q9VKC8	biological_process	GO:0072657
Q9VKC8	biological_process	GO:0090150
Q9VKC8	biological_process	GO:7770058
Q9VKC8	biological_process	GO:7770061
Q9VKC8	biological_process	GO:7770063
Q9VKC8	cellular_component	GO:0005622
Q9VKC8	cellular_component	GO:0005737
Q9VKC8	cellular_component	GO:0005739
Q9VKC8	cellular_component	GO:0005740
Q9VKC8	cellular_component	GO:0005741
Q9VKC8	cellular_component	GO:0005742
Q9VKC8	cellular_component	GO:0016020
Q9VKC8	cellular_component	GO:0019867
Q9VKC8	cellular_component	GO:0031090
Q9VKC8	cellular_component	GO:0031966
Q9VKC8	cellular_component	GO:0031967
Q9VKC8	cellular_component	GO:0031968
Q9VKC8	cellular_component	GO:0032991
Q9VKC8	cellular_component	GO:0043226
Q9VKC8	cellular_component	GO:0043227
Q9VKC8	cellular_component	GO:0043229
Q9VKC8	cellular_component	GO:0043231
Q9VKC8	cellular_component	GO:0098588
Q9VKC8	cellular_component	GO:0098796
Q9VKC8	cellular_component	GO:0098798
Q9VKC8	cellular_component	GO:0098799
Q9VKC8	cellular_component	GO:0110165
Q9VKC8	cellular_component	GO:0140596
Q9VKE6	molecular_function	GO:0003824
Q9VKE6	molecular_function	GO:0004553
Q9VKE6	molecular_function	GO:0004558
Q9VKE6	molecular_function	GO:0015926
Q9VKE6	molecular_function	GO:0016787
Q9VKE6	molecular_function	GO:0016798
Q9VKE6	molecular_function	GO:0090599
Q9VKE7	biological_process	GO:0001763
Q9VKE7	biological_process	GO:0002009
Q9VKE7	biological_process	GO:0007275
Q9VKE7	biological_process	GO:0007424
Q9VKE7	biological_process	GO:0007429
Q9VKE7	biological_process	GO:0009653
Q9VKE7	biological_process	GO:0009888
Q9VKE7	biological_process	GO:0032501
Q9VKE7	biological_process	GO:0032502
Q9VKE7	biological_process	GO:0035239
Q9VKE7	biological_process	GO:0035295
Q9VKE7	biological_process	GO:0048729
Q9VKE7	biological_process	GO:0048731
Q9VKE7	biological_process	GO:0048754
Q9VKE7	biological_process	GO:0048856
Q9VKE7	biological_process	GO:0060429
Q9VKE7	biological_process	GO:0060446
Q9VKE7	biological_process	GO:0060541
Q9VKE7	biological_process	GO:0060562
Q9VKE7	biological_process	GO:0061138
Q9VKE7	biological_process	GO:0160108
Q9VKI8	cellular_component	GO:0005622
Q9VKI8	cellular_component	GO:0005737
Q9VKI8	cellular_component	GO:0005829
Q9VKI8	cellular_component	GO:0110165
Q9VKJ0	biological_process	GO:0006520
Q9VKJ0	biological_process	GO:0006559
Q9VKJ0	biological_process	GO:0008152
Q9VKJ0	biological_process	GO:0009056
Q9VKJ0	biological_process	GO:0009063
Q9VKJ0	biological_process	GO:0009072
Q9VKJ0	biological_process	GO:0009074
Q9VKJ0	biological_process	GO:0009987
Q9VKJ0	biological_process	GO:0019752
Q9VKJ0	biological_process	GO:0043436
Q9VKJ0	biological_process	GO:0044238
Q9VKJ0	biological_process	GO:0044281
Q9VKJ0	biological_process	GO:0044282
Q9VKJ0	biological_process	GO:0046395
Q9VKJ0	biological_process	GO:0170039
Q9VKJ0	biological_process	GO:0170040
Q9VKJ0	cellular_component	GO:0005622
Q9VKJ0	cellular_component	GO:0005737
Q9VKJ0	cellular_component	GO:0110165
Q9VKM3	cellular_component	GO:0005622
Q9VKM3	cellular_component	GO:0005737
Q9VKM3	cellular_component	GO:0005739
Q9VKM3	cellular_component	GO:0005740
Q9VKM3	cellular_component	GO:0005743
Q9VKM3	cellular_component	GO:0016020
Q9VKM3	cellular_component	GO:0019866
Q9VKM3	cellular_component	GO:0031090
Q9VKM3	cellular_component	GO:0031966
Q9VKM3	cellular_component	GO:0031967
Q9VKM3	cellular_component	GO:0043226
Q9VKM3	cellular_component	GO:0043227
Q9VKM3	cellular_component	GO:0043229
Q9VKM3	cellular_component	GO:0043231
Q9VKM3	cellular_component	GO:0110165
Q9VL16	biological_process	GO:0000422
Q9VL16	biological_process	GO:0000423
Q9VL16	biological_process	GO:0006914
Q9VL16	biological_process	GO:0006996
Q9VL16	biological_process	GO:0007005
Q9VL16	biological_process	GO:0008053
Q9VL16	biological_process	GO:0008152
Q9VL16	biological_process	GO:0009056
Q9VL16	biological_process	GO:0009987
Q9VL16	biological_process	GO:0016043
Q9VL16	biological_process	GO:0016236
Q9VL16	biological_process	GO:0048284
Q9VL16	biological_process	GO:0061919
Q9VL16	biological_process	GO:0071840
Q9VLM7	biological_process	GO:0006996
Q9VLM7	biological_process	GO:0007005
Q9VLM7	biological_process	GO:0009987
Q9VLM7	biological_process	GO:0010257
Q9VLM7	biological_process	GO:0016043
Q9VLM7	biological_process	GO:0022607
Q9VLM7	biological_process	GO:0032981
Q9VLM7	biological_process	GO:0033108
Q9VLM7	biological_process	GO:0043933
Q9VLM7	biological_process	GO:0044085
Q9VLM7	biological_process	GO:0065003
Q9VLM7	biological_process	GO:0071840
Q9VLM7	cellular_component	GO:0005622
Q9VLM7	cellular_component	GO:0005737
Q9VLM7	cellular_component	GO:0005739
Q9VLM7	cellular_component	GO:0005740
Q9VLM7	cellular_component	GO:0005743
Q9VLM7	cellular_component	GO:0016020
Q9VLM7	cellular_component	GO:0019866
Q9VLM7	cellular_component	GO:0031090
Q9VLM7	cellular_component	GO:0031966
Q9VLM7	cellular_component	GO:0031967
Q9VLM7	cellular_component	GO:0032991
Q9VLM7	cellular_component	GO:0043226
Q9VLM7	cellular_component	GO:0043227
Q9VLM7	cellular_component	GO:0043229
Q9VLM7	cellular_component	GO:0043231
Q9VLM7	cellular_component	GO:0098796
Q9VLM7	cellular_component	GO:0098798
Q9VLM7	cellular_component	GO:0098800
Q9VLM7	cellular_component	GO:0110165
Q9VLM7	cellular_component	GO:0160295
Q9VLY0	cellular_component	GO:0005622
Q9VLY0	cellular_component	GO:0005737
Q9VLY0	cellular_component	GO:0005739
Q9VLY0	cellular_component	GO:0005740
Q9VLY0	cellular_component	GO:0005743
Q9VLY0	cellular_component	GO:0016020
Q9VLY0	cellular_component	GO:0019866
Q9VLY0	cellular_component	GO:0031090
Q9VLY0	cellular_component	GO:0031966
Q9VLY0	cellular_component	GO:0031967
Q9VLY0	cellular_component	GO:0043226
Q9VLY0	cellular_component	GO:0043227
Q9VLY0	cellular_component	GO:0043229
Q9VLY0	cellular_component	GO:0043231
Q9VLY0	cellular_component	GO:0110165
Q9VM25	biological_process	GO:0007154
Q9VM25	biological_process	GO:0007165
Q9VM25	biological_process	GO:0007166
Q9VM25	biological_process	GO:0009987
Q9VM25	biological_process	GO:0016055
Q9VM25	biological_process	GO:0023052
Q9VM25	biological_process	GO:0050789
Q9VM25	biological_process	GO:0050794
Q9VM25	biological_process	GO:0050896
Q9VM25	biological_process	GO:0051716
Q9VM25	biological_process	GO:0060070
Q9VM25	biological_process	GO:0065007
Q9VMQ5	biological_process	GO:0006743
Q9VMQ5	biological_process	GO:0006744
Q9VMQ5	biological_process	GO:0008152
Q9VMQ5	biological_process	GO:0009058
Q9VMQ5	biological_process	GO:0009987
Q9VMQ5	biological_process	GO:0042180
Q9VMQ5	biological_process	GO:0042181
Q9VMQ5	biological_process	GO:0044281
Q9VMQ5	biological_process	GO:0044283
Q9VMQ5	biological_process	GO:1901661
Q9VMQ5	biological_process	GO:1901663
Q9VN57	biological_process	GO:0000226
Q9VN57	biological_process	GO:0001578
Q9VN57	biological_process	GO:0006996
Q9VN57	biological_process	GO:0007010
Q9VN57	biological_process	GO:0007017
Q9VN57	biological_process	GO:0009987
Q9VN57	biological_process	GO:0016043
Q9VN57	biological_process	GO:0022607
Q9VN57	biological_process	GO:0030030
Q9VN57	biological_process	GO:0030031
Q9VN57	biological_process	GO:0035082
Q9VN57	biological_process	GO:0036159
Q9VN57	biological_process	GO:0043933
Q9VN57	biological_process	GO:0044085
Q9VN57	biological_process	GO:0044782
Q9VN57	biological_process	GO:0060271
Q9VN57	biological_process	GO:0065003
Q9VN57	biological_process	GO:0070286
Q9VN57	biological_process	GO:0070925
Q9VN57	biological_process	GO:0071840
Q9VN57	biological_process	GO:0120031
Q9VN57	biological_process	GO:0120036
Q9VN57	cellular_component	GO:0005929
Q9VN57	cellular_component	GO:0042995
Q9VN57	cellular_component	GO:0043226
Q9VN57	cellular_component	GO:0043227
Q9VN57	cellular_component	GO:0097730
Q9VN57	cellular_component	GO:0097731
Q9VN57	cellular_component	GO:0110165
Q9VN57	cellular_component	GO:0120025
Q9VNC7	molecular_function	GO:0005215
Q9VNC7	molecular_function	GO:0008324
Q9VNC7	molecular_function	GO:0015075
Q9VNC7	molecular_function	GO:0015081
Q9VNC7	molecular_function	GO:0015291
Q9VNC7	molecular_function	GO:0015293
Q9VNC7	molecular_function	GO:0015294
Q9VNC7	molecular_function	GO:0015370
Q9VNC7	molecular_function	GO:0022804
Q9VNC7	molecular_function	GO:0022857
Q9VNC7	molecular_function	GO:0046873
Q9VNH1	molecular_function	GO:0003676
Q9VNH1	molecular_function	GO:0003723
Q9VNH1	molecular_function	GO:0005488
Q9VNH1	molecular_function	GO:0005515
Q9VNH1	molecular_function	GO:0017069
Q9VNH1	molecular_function	GO:0017070
Q9VNH1	biological_process	GO:0001510
Q9VNH1	biological_process	GO:0006139
Q9VNH1	biological_process	GO:0006396
Q9VNH1	biological_process	GO:0008152
Q9VNH1	biological_process	GO:0009058
Q9VNH1	biological_process	GO:0009059
Q9VNH1	biological_process	GO:0009451
Q9VNH1	biological_process	GO:0009987
Q9VNH1	biological_process	GO:0010467
Q9VNH1	biological_process	GO:0016070
Q9VNH1	biological_process	GO:0016073
Q9VNH1	biological_process	GO:0016180
Q9VNH1	biological_process	GO:0032259
Q9VNH1	biological_process	GO:0032774
Q9VNH1	biological_process	GO:0034654
Q9VNH1	biological_process	GO:0040031
Q9VNH1	biological_process	GO:0043170
Q9VNH1	biological_process	GO:0043412
Q9VNH1	biological_process	GO:0043414
Q9VNH1	biological_process	GO:0044238
Q9VNH1	biological_process	GO:0090304
Q9VNH1	biological_process	GO:0106349
Q9VNH1	biological_process	GO:0141187
Q9VNH1	cellular_component	GO:0005622
Q9VNH1	cellular_component	GO:0005634
Q9VNH1	cellular_component	GO:0043226
Q9VNH1	cellular_component	GO:0043227
Q9VNH1	cellular_component	GO:0043229
Q9VNH1	cellular_component	GO:0043231
Q9VNH1	cellular_component	GO:0110165
Q9VNX7	molecular_function	GO:0005488
Q9VNX7	molecular_function	GO:0005515
Q9VPF3	biological_process	GO:0006520
Q9VPF3	biological_process	GO:0006572
Q9VPF3	biological_process	GO:0008152
Q9VPF3	biological_process	GO:0009056
Q9VPF3	biological_process	GO:0009063
Q9VPF3	biological_process	GO:0009072
Q9VPF3	biological_process	GO:0009074
Q9VPF3	biological_process	GO:0009987
Q9VPF3	biological_process	GO:0019752
Q9VPF3	biological_process	GO:0043436
Q9VPF3	biological_process	GO:0044238
Q9VPF3	biological_process	GO:0044281
Q9VPF3	biological_process	GO:0044282
Q9VPF3	biological_process	GO:0046395
Q9VPF3	biological_process	GO:0170039
Q9VPF3	biological_process	GO:0170040
Q9VPF3	cellular_component	GO:0005622
Q9VPF3	cellular_component	GO:0005737
Q9VPF3	cellular_component	GO:0110165
Q9VPF9	cellular_component	GO:0005622
Q9VPF9	cellular_component	GO:0005634
Q9VPF9	cellular_component	GO:0032039
Q9VPF9	cellular_component	GO:0032991
Q9VPF9	cellular_component	GO:0043226
Q9VPF9	cellular_component	GO:0043227
Q9VPF9	cellular_component	GO:0043229
Q9VPF9	cellular_component	GO:0043231
Q9VPF9	cellular_component	GO:0110165
Q9VPF9	cellular_component	GO:0140513
Q9VQQ6	molecular_function	GO:0005488
Q9VQQ6	molecular_function	GO:0005515
Q9VR56	molecular_function	GO:0003824
Q9VR56	molecular_function	GO:0008168
Q9VR56	molecular_function	GO:0008173
Q9VR56	molecular_function	GO:0008175
Q9VR56	molecular_function	GO:0008757
Q9VR56	molecular_function	GO:0016423
Q9VR56	molecular_function	GO:0016740
Q9VR56	molecular_function	GO:0016741
Q9VR56	molecular_function	GO:0052905
Q9VR56	molecular_function	GO:0140098
Q9VR56	molecular_function	GO:0140101
Q9VR56	molecular_function	GO:0140640
Q9VR56	biological_process	GO:0001510
Q9VR56	biological_process	GO:0002939
Q9VR56	biological_process	GO:0006139
Q9VR56	biological_process	GO:0006396
Q9VR56	biological_process	GO:0006399
Q9VR56	biological_process	GO:0006400
Q9VR56	biological_process	GO:0006950
Q9VR56	biological_process	GO:0008033
Q9VR56	biological_process	GO:0008152
Q9VR56	biological_process	GO:0009058
Q9VR56	biological_process	GO:0009059
Q9VR56	biological_process	GO:0009266
Q9VR56	biological_process	GO:0009408
Q9VR56	biological_process	GO:0009451
Q9VR56	biological_process	GO:0009628
Q9VR56	biological_process	GO:0009889
Q9VR56	biological_process	GO:0009891
Q9VR56	biological_process	GO:0009893
Q9VR56	biological_process	GO:0009894
Q9VR56	biological_process	GO:0009987
Q9VR56	biological_process	GO:0010467
Q9VR56	biological_process	GO:0010468
Q9VR56	biological_process	GO:0010556
Q9VR56	biological_process	GO:0010557
Q9VR56	biological_process	GO:0010604
Q9VR56	biological_process	GO:0010608
Q9VR56	biological_process	GO:0010628
Q9VR56	biological_process	GO:0016070
Q9VR56	biological_process	GO:0019219
Q9VR56	biological_process	GO:0019222
Q9VR56	biological_process	GO:0030488
Q9VR56	biological_process	GO:0032259
Q9VR56	biological_process	GO:0032774
Q9VR56	biological_process	GO:0033554
Q9VR56	biological_process	GO:0034605
Q9VR56	biological_process	GO:0034654
Q9VR56	biological_process	GO:0043170
Q9VR56	biological_process	GO:0043412
Q9VR56	biological_process	GO:0043414
Q9VR56	biological_process	GO:0043487
Q9VR56	biological_process	GO:0043488
Q9VR56	biological_process	GO:0044238
Q9VR56	biological_process	GO:0048518
Q9VR56	biological_process	GO:0048522
Q9VR56	biological_process	GO:0050789
Q9VR56	biological_process	GO:0050794
Q9VR56	biological_process	GO:0050896
Q9VR56	biological_process	GO:0051252
Q9VR56	biological_process	GO:0051716
Q9VR56	biological_process	GO:0060255
Q9VR56	biological_process	GO:0061013
Q9VR56	biological_process	GO:0065007
Q9VR56	biological_process	GO:0065008
Q9VR56	biological_process	GO:0080090
Q9VR56	biological_process	GO:0090304
Q9VR56	biological_process	GO:0141187
Q9VR56	biological_process	GO:1903311
Q9VR56	biological_process	GO:1905868
Q9VR56	biological_process	GO:1905870
Q9VR56	cellular_component	GO:0000785
Q9VR56	cellular_component	GO:0005622
Q9VR56	cellular_component	GO:0005634
Q9VR56	cellular_component	GO:0005694
Q9VR56	cellular_component	GO:0005730
Q9VR56	cellular_component	GO:0031974
Q9VR56	cellular_component	GO:0031981
Q9VR56	cellular_component	GO:0043226
Q9VR56	cellular_component	GO:0043227
Q9VR56	cellular_component	GO:0043228
Q9VR56	cellular_component	GO:0043229
Q9VR56	cellular_component	GO:0043231
Q9VR56	cellular_component	GO:0043232
Q9VR56	cellular_component	GO:0043233
Q9VR56	cellular_component	GO:0070013
Q9VR56	cellular_component	GO:0110165
Q9VRF3	molecular_function	GO:0005488
Q9VRF3	molecular_function	GO:0005515
Q9VSC1	molecular_function	GO:0005488
Q9VSC1	molecular_function	GO:0005515
Q9VSE8	biological_process	GO:0006139
Q9VSE8	biological_process	GO:0006753
Q9VSE8	biological_process	GO:0006793
Q9VSE8	biological_process	GO:0008152
Q9VSE8	biological_process	GO:0009058
Q9VSE8	biological_process	GO:0009225
Q9VSE8	biological_process	GO:0009226
Q9VSE8	biological_process	GO:0009987
Q9VSE8	biological_process	GO:0019637
Q9VSE8	biological_process	GO:0033319
Q9VSE8	biological_process	GO:0033320
Q9VSE8	biological_process	GO:0034654
Q9VSE8	biological_process	GO:0044238
Q9VSE8	biological_process	GO:0044281
Q9VSE8	biological_process	GO:0055086
Q9VSE8	biological_process	GO:0090407
Q9VSE8	biological_process	GO:1901135
Q9VSE8	biological_process	GO:1901137
Q9VSE8	biological_process	GO:1901293
Q9VSM7	biological_process	GO:0003006
Q9VSM7	biological_process	GO:0007276
Q9VSM7	biological_process	GO:0007281
Q9VSM7	biological_process	GO:0007283
Q9VSM7	biological_process	GO:0007286
Q9VSM7	biological_process	GO:0009987
Q9VSM7	biological_process	GO:0019953
Q9VSM7	biological_process	GO:0022412
Q9VSM7	biological_process	GO:0022414
Q9VSM7	biological_process	GO:0030154
Q9VSM7	biological_process	GO:0032502
Q9VSM7	biological_process	GO:0048232
Q9VSM7	biological_process	GO:0048468
Q9VSM7	biological_process	GO:0048515
Q9VSM7	biological_process	GO:0048609
Q9VSM7	biological_process	GO:0048856
Q9VSM7	biological_process	GO:0048869
Q9VSM7	cellular_component	GO:0005622
Q9VSM7	cellular_component	GO:0016007
Q9VSM7	cellular_component	GO:0016008
Q9VSM7	cellular_component	GO:0043226
Q9VSM7	cellular_component	GO:0043227
Q9VSM7	cellular_component	GO:0043229
Q9VSM7	cellular_component	GO:0043231
Q9VSM7	cellular_component	GO:0110165
Q9VSU6	molecular_function	GO:0003824
Q9VSU6	molecular_function	GO:0004155
Q9VSU6	molecular_function	GO:0016491
Q9VSU6	molecular_function	GO:0016645
Q9VSU6	molecular_function	GO:0016646
Q9VSW4	cellular_component	GO:0005622
Q9VSW4	cellular_component	GO:0005737
Q9VSW4	cellular_component	GO:0005739
Q9VSW4	cellular_component	GO:0005759
Q9VSW4	cellular_component	GO:0031974
Q9VSW4	cellular_component	GO:0043226
Q9VSW4	cellular_component	GO:0043227
Q9VSW4	cellular_component	GO:0043229
Q9VSW4	cellular_component	GO:0043231
Q9VSW4	cellular_component	GO:0043233
Q9VSW4	cellular_component	GO:0070013
Q9VSW4	cellular_component	GO:0110165
Q9VT29	molecular_function	GO:0003824
Q9VT29	molecular_function	GO:0004112
Q9VT29	molecular_function	GO:0008081
Q9VT29	molecular_function	GO:0016787
Q9VT29	molecular_function	GO:0016788
Q9VT29	molecular_function	GO:0042578
Q9VT31	biological_process	GO:0000226
Q9VT31	biological_process	GO:0001539
Q9VT31	biological_process	GO:0001578
Q9VT31	biological_process	GO:0003006
Q9VT31	biological_process	GO:0003341
Q9VT31	biological_process	GO:0006996
Q9VT31	biological_process	GO:0007010
Q9VT31	biological_process	GO:0007017
Q9VT31	biological_process	GO:0007018
Q9VT31	biological_process	GO:0007276
Q9VT31	biological_process	GO:0007281
Q9VT31	biological_process	GO:0007283
Q9VT31	biological_process	GO:0007286
Q9VT31	biological_process	GO:0007288
Q9VT31	biological_process	GO:0009987
Q9VT31	biological_process	GO:0016043
Q9VT31	biological_process	GO:0019953
Q9VT31	biological_process	GO:0022412
Q9VT31	biological_process	GO:0022414
Q9VT31	biological_process	GO:0022607
Q9VT31	biological_process	GO:0030030
Q9VT31	biological_process	GO:0030031
Q9VT31	biological_process	GO:0030154
Q9VT31	biological_process	GO:0030317
Q9VT31	biological_process	GO:0032502
Q9VT31	biological_process	GO:0035082
Q9VT31	biological_process	GO:0044085
Q9VT31	biological_process	GO:0044458
Q9VT31	biological_process	GO:0044782
Q9VT31	biological_process	GO:0048232
Q9VT31	biological_process	GO:0048468
Q9VT31	biological_process	GO:0048515
Q9VT31	biological_process	GO:0048609
Q9VT31	biological_process	GO:0048856
Q9VT31	biological_process	GO:0048869
Q9VT31	biological_process	GO:0048870
Q9VT31	biological_process	GO:0060271
Q9VT31	biological_process	GO:0060285
Q9VT31	biological_process	GO:0060294
Q9VT31	biological_process	GO:0070925
Q9VT31	biological_process	GO:0071840
Q9VT31	biological_process	GO:0097722
Q9VT31	biological_process	GO:0120031
Q9VT31	biological_process	GO:0120036
Q9VT31	biological_process	GO:0120316
Q9VT31	cellular_component	GO:0005622
Q9VT31	cellular_component	GO:0005737
Q9VT31	cellular_component	GO:0005856
Q9VT31	cellular_component	GO:0005929
Q9VT31	cellular_component	GO:0005930
Q9VT31	cellular_component	GO:0042995
Q9VT31	cellular_component	GO:0043226
Q9VT31	cellular_component	GO:0043227
Q9VT31	cellular_component	GO:0043228
Q9VT31	cellular_component	GO:0043229
Q9VT31	cellular_component	GO:0043232
Q9VT31	cellular_component	GO:0097014
Q9VT31	cellular_component	GO:0110165
Q9VT31	cellular_component	GO:0120025
Q9VU70	cellular_component	GO:0005622
Q9VU70	cellular_component	GO:0005737
Q9VU70	cellular_component	GO:0005829
Q9VU70	cellular_component	GO:0110165
Q9VUK5	molecular_function	GO:0004888
Q9VUK5	molecular_function	GO:0004984
Q9VUK5	molecular_function	GO:0005215
Q9VUK5	molecular_function	GO:0005216
Q9VUK5	molecular_function	GO:0005261
Q9VUK5	molecular_function	GO:0008324
Q9VUK5	molecular_function	GO:0015075
Q9VUK5	molecular_function	GO:0015267
Q9VUK5	molecular_function	GO:0015276
Q9VUK5	molecular_function	GO:0022803
Q9VUK5	molecular_function	GO:0022834
Q9VUK5	molecular_function	GO:0022836
Q9VUK5	molecular_function	GO:0022857
Q9VUK5	molecular_function	GO:0038023
Q9VUK5	molecular_function	GO:0060089
Q9VUK5	molecular_function	GO:0099094
Q9VUK5	molecular_function	GO:0170020
Q9VUK5	biological_process	GO:0006810
Q9VUK5	biological_process	GO:0006811
Q9VUK5	biological_process	GO:0006812
Q9VUK5	biological_process	GO:0009987
Q9VUK5	biological_process	GO:0034220
Q9VUK5	biological_process	GO:0051179
Q9VUK5	biological_process	GO:0051234
Q9VUK5	biological_process	GO:0055085
Q9VUK5	biological_process	GO:0098655
Q9VV76	molecular_function	GO:0005488
Q9VV76	molecular_function	GO:0005515
Q9VV77	biological_process	GO:0006513
Q9VV77	biological_process	GO:0008152
Q9VV77	biological_process	GO:0009987
Q9VV77	biological_process	GO:0016567
Q9VV77	biological_process	GO:0019538
Q9VV77	biological_process	GO:0032446
Q9VV77	biological_process	GO:0036211
Q9VV77	biological_process	GO:0043170
Q9VV77	biological_process	GO:0043412
Q9VV77	biological_process	GO:0043687
Q9VV77	biological_process	GO:0044238
Q9VV77	biological_process	GO:0070647
Q9VV77	cellular_component	GO:0005622
Q9VV77	cellular_component	GO:0005634
Q9VV77	cellular_component	GO:0031519
Q9VV77	cellular_component	GO:0032991
Q9VV77	cellular_component	GO:0043226
Q9VV77	cellular_component	GO:0043227
Q9VV77	cellular_component	GO:0043229
Q9VV77	cellular_component	GO:0043231
Q9VV77	cellular_component	GO:0110165
Q9VV77	cellular_component	GO:0140513
Q9VVF0	cellular_component	GO:0005622
Q9VVF0	cellular_component	GO:0005737
Q9VVF0	cellular_component	GO:0005739
Q9VVF0	cellular_component	GO:0005740
Q9VVF0	cellular_component	GO:0005743
Q9VVF0	cellular_component	GO:0016020
Q9VVF0	cellular_component	GO:0019866
Q9VVF0	cellular_component	GO:0031090
Q9VVF0	cellular_component	GO:0031966
Q9VVF0	cellular_component	GO:0031967
Q9VVF0	cellular_component	GO:0043226
Q9VVF0	cellular_component	GO:0043227
Q9VVF0	cellular_component	GO:0043229
Q9VVF0	cellular_component	GO:0043231
Q9VVF0	cellular_component	GO:0110165
Q9VVG6	biological_process	GO:0006743
Q9VVG6	biological_process	GO:0006744
Q9VVG6	biological_process	GO:0008152
Q9VVG6	biological_process	GO:0009058
Q9VVG6	biological_process	GO:0009987
Q9VVG6	biological_process	GO:0042180
Q9VVG6	biological_process	GO:0042181
Q9VVG6	biological_process	GO:0044281
Q9VVG6	biological_process	GO:0044283
Q9VVG6	biological_process	GO:1901661
Q9VVG6	biological_process	GO:1901663
Q9VVL5	molecular_function	GO:0005488
Q9VVL5	molecular_function	GO:0005515
Q9VVL7	biological_process	GO:0006091
Q9VVL7	biological_process	GO:0006099
Q9VVL7	biological_process	GO:0006520
Q9VVL7	biological_process	GO:0006550
Q9VVL7	biological_process	GO:0006551
Q9VVL7	biological_process	GO:0006552
Q9VVL7	biological_process	GO:0006574
Q9VVL7	biological_process	GO:0008152
Q9VVL7	biological_process	GO:0009056
Q9VVL7	biological_process	GO:0009060
Q9VVL7	biological_process	GO:0009063
Q9VVL7	biological_process	GO:0009081
Q9VVL7	biological_process	GO:0009083
Q9VVL7	biological_process	GO:0009987
Q9VVL7	biological_process	GO:0015980
Q9VVL7	biological_process	GO:0019752
Q9VVL7	biological_process	GO:0043436
Q9VVL7	biological_process	GO:0044238
Q9VVL7	biological_process	GO:0044281
Q9VVL7	biological_process	GO:0044282
Q9VVL7	biological_process	GO:0045333
Q9VVL7	biological_process	GO:0046395
Q9VVL7	biological_process	GO:0170039
Q9VVL7	biological_process	GO:0170040
Q9VVL7	cellular_component	GO:0005622
Q9VVL7	cellular_component	GO:0005737
Q9VVL7	cellular_component	GO:0030016
Q9VVL7	cellular_component	GO:0030017
Q9VVL7	cellular_component	GO:0030018
Q9VVL7	cellular_component	GO:0031674
Q9VVL7	cellular_component	GO:0043226
Q9VVL7	cellular_component	GO:0043228
Q9VVL7	cellular_component	GO:0043229
Q9VVL7	cellular_component	GO:0043232
Q9VVL7	cellular_component	GO:0043292
Q9VVL7	cellular_component	GO:0099080
Q9VVL7	cellular_component	GO:0099081
Q9VVL7	cellular_component	GO:0099512
Q9VVL7	cellular_component	GO:0110165
Q9VW10	molecular_function	GO:0005488
Q9VW10	molecular_function	GO:0005515
Q9VX11	molecular_function	GO:0003824
Q9VX11	molecular_function	GO:0004322
Q9VX11	molecular_function	GO:0016491
Q9VX11	molecular_function	GO:0016722
Q9VX11	molecular_function	GO:0016724
Q9VX11	biological_process	GO:0000041
Q9VX11	biological_process	GO:0006810
Q9VX11	biological_process	GO:0006811
Q9VX11	biological_process	GO:0006812
Q9VX11	biological_process	GO:0006826
Q9VX11	biological_process	GO:0006873
Q9VX11	biological_process	GO:0006879
Q9VX11	biological_process	GO:0009987
Q9VX11	biological_process	GO:0019725
Q9VX11	biological_process	GO:0030001
Q9VX11	biological_process	GO:0030003
Q9VX11	biological_process	GO:0033212
Q9VX11	biological_process	GO:0034220
Q9VX11	biological_process	GO:0034755
Q9VX11	biological_process	GO:0042592
Q9VX11	biological_process	GO:0048878
Q9VX11	biological_process	GO:0050801
Q9VX11	biological_process	GO:0051179
Q9VX11	biological_process	GO:0051234
Q9VX11	biological_process	GO:0051641
Q9VX11	biological_process	GO:0051649
Q9VX11	biological_process	GO:0055080
Q9VX11	biological_process	GO:0055082
Q9VX11	biological_process	GO:0055085
Q9VX11	biological_process	GO:0098655
Q9VX11	biological_process	GO:0098657
Q9VX11	biological_process	GO:0098659
Q9VX11	biological_process	GO:0098711
Q9VX11	biological_process	GO:0098739
Q9VX11	biological_process	GO:0098771
Q9VX11	biological_process	GO:0099587
Q9VX94	molecular_function	GO:0005488
Q9VX94	molecular_function	GO:0005515
Q9VY93	cellular_component	GO:0005622
Q9VY93	cellular_component	GO:0005737
Q9VY93	cellular_component	GO:0005829
Q9VY93	cellular_component	GO:0110165
Q9VYI6	biological_process	GO:0006743
Q9VYI6	biological_process	GO:0006744
Q9VYI6	biological_process	GO:0008152
Q9VYI6	biological_process	GO:0009058
Q9VYI6	biological_process	GO:0009987
Q9VYI6	biological_process	GO:0042180
Q9VYI6	biological_process	GO:0042181
Q9VYI6	biological_process	GO:0044281
Q9VYI6	biological_process	GO:0044283
Q9VYI6	biological_process	GO:1901661
Q9VYI6	biological_process	GO:1901663
Q9VZ71	molecular_function	GO:0005488
Q9VZ71	molecular_function	GO:0005515
Q9VZE6	molecular_function	GO:0005488
Q9VZE6	molecular_function	GO:0005515
Q9VZL1	molecular_function	GO:0005048
Q9VZL1	molecular_function	GO:0140436
Q9VZL1	biological_process	GO:0006810
Q9VZL1	biological_process	GO:0006839
Q9VZL1	biological_process	GO:0006886
Q9VZL1	biological_process	GO:0006996
Q9VZL1	biological_process	GO:0007005
Q9VZL1	biological_process	GO:0007006
Q9VZL1	biological_process	GO:0007007
Q9VZL1	biological_process	GO:0007008
Q9VZL1	biological_process	GO:0008104
Q9VZL1	biological_process	GO:0009987
Q9VZL1	biological_process	GO:0015031
Q9VZL1	biological_process	GO:0016043
Q9VZL1	biological_process	GO:0030150
Q9VZL1	biological_process	GO:0033036
Q9VZL1	biological_process	GO:0033365
Q9VZL1	biological_process	GO:0044743
Q9VZL1	biological_process	GO:0045039
Q9VZL1	biological_process	GO:0045040
Q9VZL1	biological_process	GO:0045041
Q9VZL1	biological_process	GO:0045184
Q9VZL1	biological_process	GO:0046907
Q9VZL1	biological_process	GO:0051179
Q9VZL1	biological_process	GO:0051204
Q9VZL1	biological_process	GO:0051205
Q9VZL1	biological_process	GO:0051234
Q9VZL1	biological_process	GO:0051641
Q9VZL1	biological_process	GO:0051649
Q9VZL1	biological_process	GO:0051668
Q9VZL1	biological_process	GO:0055085
Q9VZL1	biological_process	GO:0061024
Q9VZL1	biological_process	GO:0065002
Q9VZL1	biological_process	GO:0070585
Q9VZL1	biological_process	GO:0071806
Q9VZL1	biological_process	GO:0071840
Q9VZL1	biological_process	GO:0072594
Q9VZL1	biological_process	GO:0072657
Q9VZL1	biological_process	GO:0090150
Q9VZL1	biological_process	GO:0170036
Q9VZL1	biological_process	GO:1990542
Q9VZL1	biological_process	GO:7770058
Q9VZL1	biological_process	GO:7770060
Q9VZL1	biological_process	GO:7770061
Q9VZL1	biological_process	GO:7770063
Q9VZL1	cellular_component	GO:0005622
Q9VZL1	cellular_component	GO:0005737
Q9VZL1	cellular_component	GO:0005739
Q9VZL1	cellular_component	GO:0005740
Q9VZL1	cellular_component	GO:0005741
Q9VZL1	cellular_component	GO:0005742
Q9VZL1	cellular_component	GO:0016020
Q9VZL1	cellular_component	GO:0019867
Q9VZL1	cellular_component	GO:0031090
Q9VZL1	cellular_component	GO:0031966
Q9VZL1	cellular_component	GO:0031967
Q9VZL1	cellular_component	GO:0031968
Q9VZL1	cellular_component	GO:0032991
Q9VZL1	cellular_component	GO:0043226
Q9VZL1	cellular_component	GO:0043227
Q9VZL1	cellular_component	GO:0043229
Q9VZL1	cellular_component	GO:0043231
Q9VZL1	cellular_component	GO:0098588
Q9VZL1	cellular_component	GO:0098796
Q9VZL1	cellular_component	GO:0098798
Q9VZL1	cellular_component	GO:0098799
Q9VZL1	cellular_component	GO:0110165
Q9VZL1	cellular_component	GO:0140596
Q9VZM5	biological_process	GO:0006505
Q9VZM5	biological_process	GO:0006506
Q9VZM5	biological_process	GO:0006629
Q9VZM5	biological_process	GO:0006644
Q9VZM5	biological_process	GO:0006650
Q9VZM5	biological_process	GO:0006664
Q9VZM5	biological_process	GO:0006793
Q9VZM5	biological_process	GO:0008152
Q9VZM5	biological_process	GO:0008610
Q9VZM5	biological_process	GO:0008654
Q9VZM5	biological_process	GO:0009058
Q9VZM5	biological_process	GO:0009059
Q9VZM5	biological_process	GO:0009247
Q9VZM5	biological_process	GO:0009987
Q9VZM5	biological_process	GO:0010467
Q9VZM5	biological_process	GO:0019538
Q9VZM5	biological_process	GO:0019637
Q9VZM5	biological_process	GO:0043170
Q9VZM5	biological_process	GO:0044238
Q9VZM5	biological_process	GO:0045017
Q9VZM5	biological_process	GO:0046474
Q9VZM5	biological_process	GO:0046486
Q9VZM5	biological_process	GO:0051604
Q9VZM5	biological_process	GO:0090407
Q9VZM5	biological_process	GO:0180046
Q9VZM5	biological_process	GO:1901135
Q9VZM5	biological_process	GO:1901137
Q9VZM5	biological_process	GO:1903509
Q9VZM5	cellular_component	GO:0005622
Q9VZM5	cellular_component	GO:0005634
Q9VZM5	cellular_component	GO:0005635
Q9VZM5	cellular_component	GO:0012505
Q9VZM5	cellular_component	GO:0016020
Q9VZM5	cellular_component	GO:0031090
Q9VZM5	cellular_component	GO:0031965
Q9VZM5	cellular_component	GO:0031967
Q9VZM5	cellular_component	GO:0043226
Q9VZM5	cellular_component	GO:0043227
Q9VZM5	cellular_component	GO:0043229
Q9VZM5	cellular_component	GO:0043231
Q9VZM5	cellular_component	GO:0110165
Q9VZM7	biological_process	GO:0006139
Q9VZM7	biological_process	GO:0006351
Q9VZM7	biological_process	GO:0006352
Q9VZM7	biological_process	GO:0006366
Q9VZM7	biological_process	GO:0006367
Q9VZM7	biological_process	GO:0006401
Q9VZM7	biological_process	GO:0008152
Q9VZM7	biological_process	GO:0009056
Q9VZM7	biological_process	GO:0009057
Q9VZM7	biological_process	GO:0009058
Q9VZM7	biological_process	GO:0009059
Q9VZM7	biological_process	GO:0009987
Q9VZM7	biological_process	GO:0010467
Q9VZM7	biological_process	GO:0016070
Q9VZM7	biological_process	GO:0032774
Q9VZM7	biological_process	GO:0034654
Q9VZM7	biological_process	GO:0034655
Q9VZM7	biological_process	GO:0043170
Q9VZM7	biological_process	GO:0044238
Q9VZM7	biological_process	GO:0071025
Q9VZM7	biological_process	GO:0071027
Q9VZM7	biological_process	GO:0090304
Q9VZM7	biological_process	GO:0141187
Q9VZM7	biological_process	GO:0141188
Q9VZM7	biological_process	GO:0160240
Q9VZM7	cellular_component	GO:0005622
Q9VZM7	cellular_component	GO:0005634
Q9VZM7	cellular_component	GO:0032039
Q9VZM7	cellular_component	GO:0032991
Q9VZM7	cellular_component	GO:0043226
Q9VZM7	cellular_component	GO:0043227
Q9VZM7	cellular_component	GO:0043229
Q9VZM7	cellular_component	GO:0043231
Q9VZM7	cellular_component	GO:0110165
Q9VZM7	cellular_component	GO:0140513
Q9VZM7	cellular_component	GO:0160232
Q9VZR0	molecular_function	GO:0003824
Q9VZR0	molecular_function	GO:0016301
Q9VZR0	molecular_function	GO:0016740
Q9VZR0	molecular_function	GO:0016772
Q9VZR0	molecular_function	GO:0016773
Q9VZR0	molecular_function	GO:0050262
Q9VZR0	biological_process	GO:0006139
Q9VZR0	biological_process	GO:0006163
Q9VZR0	biological_process	GO:0006164
Q9VZR0	biological_process	GO:0006753
Q9VZR0	biological_process	GO:0006793
Q9VZR0	biological_process	GO:0008152
Q9VZR0	biological_process	GO:0009058
Q9VZR0	biological_process	GO:0009117
Q9VZR0	biological_process	GO:0009165
Q9VZR0	biological_process	GO:0009435
Q9VZR0	biological_process	GO:0009987
Q9VZR0	biological_process	GO:0019359
Q9VZR0	biological_process	GO:0019363
Q9VZR0	biological_process	GO:0019365
Q9VZR0	biological_process	GO:0019637
Q9VZR0	biological_process	GO:0019674
Q9VZR0	biological_process	GO:0032261
Q9VZR0	biological_process	GO:0034355
Q9VZR0	biological_process	GO:0034654
Q9VZR0	biological_process	GO:0043094
Q9VZR0	biological_process	GO:0043101
Q9VZR0	biological_process	GO:0043173
Q9VZR0	biological_process	GO:0044238
Q9VZR0	biological_process	GO:0044281
Q9VZR0	biological_process	GO:0046496
Q9VZR0	biological_process	GO:0055086
Q9VZR0	biological_process	GO:0072521
Q9VZR0	biological_process	GO:0072522
Q9VZR0	biological_process	GO:0072524
Q9VZR0	biological_process	GO:0072525
Q9VZR0	biological_process	GO:0090407
Q9VZR0	biological_process	GO:1901293
Q9VZR0	cellular_component	GO:0005622
Q9VZR0	cellular_component	GO:0005737
Q9VZR0	cellular_component	GO:0005829
Q9VZR0	cellular_component	GO:0110165
Q9W038	biological_process	GO:0007610
Q9W038	biological_process	GO:0007635
Q9W038	biological_process	GO:0032501
Q9W038	biological_process	GO:0042048
Q9W038	biological_process	GO:0042221
Q9W038	biological_process	GO:0050896
Q9W0E8	molecular_function	GO:0030674
Q9W0E8	molecular_function	GO:0060090
Q9W0E8	molecular_function	GO:0140767
Q9W0E8	molecular_function	GO:1990756
Q9W0E8	biological_process	GO:0006511
Q9W0E8	biological_process	GO:0006914
Q9W0E8	biological_process	GO:0008152
Q9W0E8	biological_process	GO:0009056
Q9W0E8	biological_process	GO:0009057
Q9W0E8	biological_process	GO:0009987
Q9W0E8	biological_process	GO:0010498
Q9W0E8	biological_process	GO:0016236
Q9W0E8	biological_process	GO:0019538
Q9W0E8	biological_process	GO:0019941
Q9W0E8	biological_process	GO:0030163
Q9W0E8	biological_process	GO:0043161
Q9W0E8	biological_process	GO:0043170
Q9W0E8	biological_process	GO:0043632
Q9W0E8	biological_process	GO:0044238
Q9W0E8	biological_process	GO:0061919
Q9W0E8	cellular_component	GO:0000151
Q9W0E8	cellular_component	GO:0031461
Q9W0E8	cellular_component	GO:0031462
Q9W0E8	cellular_component	GO:0032991
Q9W0E8	cellular_component	GO:0140535
Q9W0E8	cellular_component	GO:1902494
Q9W0E8	cellular_component	GO:1990234
Q9W0X0	molecular_function	GO:0005044
Q9W0X0	molecular_function	GO:0038024
Q9W0X0	biological_process	GO:0006810
Q9W0X0	biological_process	GO:0006897
Q9W0X0	biological_process	GO:0006898
Q9W0X0	biological_process	GO:0007275
Q9W0X0	biological_process	GO:0007424
Q9W0X0	biological_process	GO:0009987
Q9W0X0	biological_process	GO:0016192
Q9W0X0	biological_process	GO:0032501
Q9W0X0	biological_process	GO:0032502
Q9W0X0	biological_process	GO:0035150
Q9W0X0	biological_process	GO:0035151
Q9W0X0	biological_process	GO:0035152
Q9W0X0	biological_process	GO:0035159
Q9W0X0	biological_process	GO:0048731
Q9W0X0	biological_process	GO:0048856
Q9W0X0	biological_process	GO:0051179
Q9W0X0	biological_process	GO:0051234
Q9W0X0	biological_process	GO:0060541
Q9W0X0	biological_process	GO:0065007
Q9W0X0	biological_process	GO:0065008
Q9W0X0	biological_process	GO:0090066
Q9W0X0	biological_process	GO:0098657
Q9W0X0	biological_process	GO:0160108
Q9W0X0	cellular_component	GO:0005886
Q9W0X0	cellular_component	GO:0016020
Q9W0X0	cellular_component	GO:0016324
Q9W0X0	cellular_component	GO:0045177
Q9W0X0	cellular_component	GO:0071944
Q9W0X0	cellular_component	GO:0098590
Q9W0X0	cellular_component	GO:0110165
Q9W1A2	cellular_component	GO:0005622
Q9W1A2	cellular_component	GO:0005737
Q9W1A2	cellular_component	GO:0031248
Q9W1A2	cellular_component	GO:0031414
Q9W1A2	cellular_component	GO:0031417
Q9W1A2	cellular_component	GO:0032991
Q9W1A2	cellular_component	GO:0110165
Q9W1A2	cellular_component	GO:0140535
Q9W1A2	cellular_component	GO:1902493
Q9W1A2	cellular_component	GO:1902494
Q9W1A2	cellular_component	GO:1990234
Q9W1G0	molecular_function	GO:0003824
Q9W1G0	molecular_function	GO:0004801
Q9W1G0	molecular_function	GO:0016740
Q9W1G0	molecular_function	GO:0016744
Q9W1G0	cellular_component	GO:0005622
Q9W1G0	cellular_component	GO:0005737
Q9W1G0	cellular_component	GO:0005829
Q9W1G0	cellular_component	GO:0110165
Q9W1H9	biological_process	GO:0006996
Q9W1H9	biological_process	GO:0007005
Q9W1H9	biological_process	GO:0009987
Q9W1H9	biological_process	GO:0010257
Q9W1H9	biological_process	GO:0016043
Q9W1H9	biological_process	GO:0022607
Q9W1H9	biological_process	GO:0032981
Q9W1H9	biological_process	GO:0033108
Q9W1H9	biological_process	GO:0043933
Q9W1H9	biological_process	GO:0044085
Q9W1H9	biological_process	GO:0065003
Q9W1H9	biological_process	GO:0071840
Q9W1H9	cellular_component	GO:0005622
Q9W1H9	cellular_component	GO:0005737
Q9W1H9	cellular_component	GO:0005739
Q9W1H9	cellular_component	GO:0043226
Q9W1H9	cellular_component	GO:0043227
Q9W1H9	cellular_component	GO:0043229
Q9W1H9	cellular_component	GO:0043231
Q9W1H9	cellular_component	GO:0110165
Q9W256	cellular_component	GO:0005622
Q9W256	cellular_component	GO:0005634
Q9W256	cellular_component	GO:0043226
Q9W256	cellular_component	GO:0043227
Q9W256	cellular_component	GO:0043229
Q9W256	cellular_component	GO:0043231
Q9W256	cellular_component	GO:0110165
Q9W293	molecular_function	GO:0005488
Q9W293	molecular_function	GO:0005515
Q9W293	molecular_function	GO:0019899
Q9W293	molecular_function	GO:0031267
Q9W293	molecular_function	GO:0051020
Q9W293	biological_process	GO:0006810
Q9W293	biological_process	GO:0006906
Q9W293	biological_process	GO:0006914
Q9W293	biological_process	GO:0006996
Q9W293	biological_process	GO:0008152
Q9W293	biological_process	GO:0009056
Q9W293	biological_process	GO:0009987
Q9W293	biological_process	GO:0016043
Q9W293	biological_process	GO:0016050
Q9W293	biological_process	GO:0016192
Q9W293	biological_process	GO:0048284
Q9W293	biological_process	GO:0051179
Q9W293	biological_process	GO:0051234
Q9W293	biological_process	GO:0061024
Q9W293	biological_process	GO:0061025
Q9W293	biological_process	GO:0061919
Q9W293	biological_process	GO:0071840
Q9W293	biological_process	GO:0090174
Q9W293	biological_process	GO:0160155
Q9W293	biological_process	GO:0160156
Q9W2C9	molecular_function	GO:0003824
Q9W2C9	molecular_function	GO:0004720
Q9W2C9	molecular_function	GO:0016491
Q9W2C9	molecular_function	GO:0016638
Q9W2C9	molecular_function	GO:0016641
Q9W2C9	molecular_function	GO:0140096
Q9W3U0	biological_process	GO:0000038
Q9W3U0	biological_process	GO:0006629
Q9W3U0	biological_process	GO:0006631
Q9W3U0	biological_process	GO:0008152
Q9W3U0	biological_process	GO:0009056
Q9W3U0	biological_process	GO:0009062
Q9W3U0	biological_process	GO:0009987
Q9W3U0	biological_process	GO:0016042
Q9W3U0	biological_process	GO:0019752
Q9W3U0	biological_process	GO:0032787
Q9W3U0	biological_process	GO:0042760
Q9W3U0	biological_process	GO:0043436
Q9W3U0	biological_process	GO:0044238
Q9W3U0	biological_process	GO:0044281
Q9W3U0	biological_process	GO:0044282
Q9W3U0	biological_process	GO:0046395
Q9W3U0	biological_process	GO:0072329
Q9W3W4	molecular_function	GO:0003824
Q9W3W4	molecular_function	GO:0004497
Q9W3W4	molecular_function	GO:0016491
Q9W3W4	molecular_function	GO:0016705
Q9W3W4	molecular_function	GO:0016709
Q9W3W4	molecular_function	GO:0160224
Q9W3W4	biological_process	GO:0006743
Q9W3W4	biological_process	GO:0006744
Q9W3W4	biological_process	GO:0008152
Q9W3W4	biological_process	GO:0009058
Q9W3W4	biological_process	GO:0009987
Q9W3W4	biological_process	GO:0042180
Q9W3W4	biological_process	GO:0042181
Q9W3W4	biological_process	GO:0044281
Q9W3W4	biological_process	GO:0044283
Q9W3W4	biological_process	GO:1901661
Q9W3W4	biological_process	GO:1901663
Q9W3W9	biological_process	GO:0031503
Q9W3W9	biological_process	GO:0033036
Q9W3W9	biological_process	GO:0050000
Q9W3W9	biological_process	GO:0051179
Q9W3W9	biological_process	GO:0051640
Q9W3W9	biological_process	GO:0072765
Q9W3W9	biological_process	GO:0098653
Q9W3W9	cellular_component	GO:0005886
Q9W3W9	cellular_component	GO:0016020
Q9W3W9	cellular_component	GO:0071944
Q9W3W9	cellular_component	GO:0110165
Q9W4F7	biological_process	GO:0006029
Q9W4F7	biological_process	GO:0006516
Q9W4F7	biological_process	GO:0008152
Q9W4F7	biological_process	GO:0009056
Q9W4F7	biological_process	GO:0009057
Q9W4F7	biological_process	GO:0009100
Q9W4F7	biological_process	GO:0009987
Q9W4F7	biological_process	GO:0019538
Q9W4F7	biological_process	GO:0030163
Q9W4F7	biological_process	GO:0030167
Q9W4F7	biological_process	GO:0030200
Q9W4F7	biological_process	GO:0030201
Q9W4F7	biological_process	GO:0043170
Q9W4F7	biological_process	GO:0044238
Q9W4F7	biological_process	GO:1901135
Q9W4F7	biological_process	GO:1901136
Q9W4Y1	molecular_function	GO:0003824
Q9W4Y1	molecular_function	GO:0004059
Q9W4Y1	molecular_function	GO:0008080
Q9W4Y1	molecular_function	GO:0016407
Q9W4Y1	molecular_function	GO:0016740
Q9W4Y1	molecular_function	GO:0016746
Q9W4Y1	molecular_function	GO:0016747
Q9W5W7	cellular_component	GO:0005622
Q9W5W7	cellular_component	GO:0005737
Q9W5W7	cellular_component	GO:0005739
Q9W5W7	cellular_component	GO:0005759
Q9W5W7	cellular_component	GO:0031974
Q9W5W7	cellular_component	GO:0043226
Q9W5W7	cellular_component	GO:0043227
Q9W5W7	cellular_component	GO:0043229
Q9W5W7	cellular_component	GO:0043231
Q9W5W7	cellular_component	GO:0043233
Q9W5W7	cellular_component	GO:0070013
Q9W5W7	cellular_component	GO:0110165
Q9XZ19	biological_process	GO:0002181
Q9XZ19	biological_process	GO:0002182
Q9XZ19	biological_process	GO:0006412
Q9XZ19	biological_process	GO:0006414
Q9XZ19	biological_process	GO:0006996
Q9XZ19	biological_process	GO:0008152
Q9XZ19	biological_process	GO:0009058
Q9XZ19	biological_process	GO:0009059
Q9XZ19	biological_process	GO:0009987
Q9XZ19	biological_process	GO:0010467
Q9XZ19	biological_process	GO:0016043
Q9XZ19	biological_process	GO:0019538
Q9XZ19	biological_process	GO:0022411
Q9XZ19	biological_process	GO:0032790
Q9XZ19	biological_process	GO:0043170
Q9XZ19	biological_process	GO:0044238
Q9XZ19	biological_process	GO:0071840
Q9XZ19	biological_process	GO:0072344
Q9XZ19	biological_process	GO:0160307
Q9XZ19	biological_process	GO:1903008
Q9XZ19	cellular_component	GO:0000428
Q9XZ19	cellular_component	GO:0005622
Q9XZ19	cellular_component	GO:0005634
Q9XZ19	cellular_component	GO:0005654
Q9XZ19	cellular_component	GO:0005730
Q9XZ19	cellular_component	GO:0005737
Q9XZ19	cellular_component	GO:0005829
Q9XZ19	cellular_component	GO:0008023
Q9XZ19	cellular_component	GO:0016591
Q9XZ19	cellular_component	GO:0016593
Q9XZ19	cellular_component	GO:0030880
Q9XZ19	cellular_component	GO:0031974
Q9XZ19	cellular_component	GO:0031981
Q9XZ19	cellular_component	GO:0032991
Q9XZ19	cellular_component	GO:0043226
Q9XZ19	cellular_component	GO:0043227
Q9XZ19	cellular_component	GO:0043228
Q9XZ19	cellular_component	GO:0043229
Q9XZ19	cellular_component	GO:0043231
Q9XZ19	cellular_component	GO:0043232
Q9XZ19	cellular_component	GO:0043233
Q9XZ19	cellular_component	GO:0055029
Q9XZ19	cellular_component	GO:0061695
Q9XZ19	cellular_component	GO:0070013
Q9XZ19	cellular_component	GO:0110165
Q9XZ19	cellular_component	GO:0140513
Q9XZ19	cellular_component	GO:0140535
Q9XZ19	cellular_component	GO:1902494
Q9XZ19	cellular_component	GO:1990234
Q9Y334	cellular_component	GO:0005576
Q9Y334	cellular_component	GO:0005614
Q9Y334	cellular_component	GO:0030312
Q9Y334	cellular_component	GO:0031012
Q9Y334	cellular_component	GO:0110165
Q9Y334	cellular_component	GO:0140149
Q9Y334	cellular_component	GO:0140151
Q9Y3B1	molecular_function	GO:0005215
Q9Y3B1	molecular_function	GO:0005319
Q9Y3B1	molecular_function	GO:0005488
Q9Y3B1	molecular_function	GO:0005515
Q9Y3B1	molecular_function	GO:0120013
Q9Y3B1	molecular_function	GO:0120014
Q9Y3B1	molecular_function	GO:0140104
Q9Y3B1	molecular_function	GO:0140343
Q9Y3B1	biological_process	GO:0006810
Q9Y3B1	biological_process	GO:0006869
Q9Y3B1	biological_process	GO:0006996
Q9Y3B1	biological_process	GO:0007005
Q9Y3B1	biological_process	GO:0007006
Q9Y3B1	biological_process	GO:0009987
Q9Y3B1	biological_process	GO:0010876
Q9Y3B1	biological_process	GO:0015748
Q9Y3B1	biological_process	GO:0015914
Q9Y3B1	biological_process	GO:0016043
Q9Y3B1	biological_process	GO:0033036
Q9Y3B1	biological_process	GO:0051179
Q9Y3B1	biological_process	GO:0051234
Q9Y3B1	biological_process	GO:0061024
Q9Y3B1	biological_process	GO:0071840
Q9Y3B1	biological_process	GO:0120009
Q9Y3B1	biological_process	GO:0120010
Q9Y3B1	cellular_component	GO:0005622
Q9Y3B1	cellular_component	GO:0005737
Q9Y3B1	cellular_component	GO:0005739
Q9Y3B1	cellular_component	GO:0005740
Q9Y3B1	cellular_component	GO:0005758
Q9Y3B1	cellular_component	GO:0031967
Q9Y3B1	cellular_component	GO:0031970
Q9Y3B1	cellular_component	GO:0031974
Q9Y3B1	cellular_component	GO:0043226
Q9Y3B1	cellular_component	GO:0043227
Q9Y3B1	cellular_component	GO:0043229
Q9Y3B1	cellular_component	GO:0043231
Q9Y3B1	cellular_component	GO:0043233
Q9Y3B1	cellular_component	GO:0070013
Q9Y3B1	cellular_component	GO:0110165
Q9Y5E8	biological_process	GO:0007155
Q9Y5E8	biological_process	GO:0007275
Q9Y5E8	biological_process	GO:0007399
Q9Y5E8	biological_process	GO:0009987
Q9Y5E8	biological_process	GO:0032501
Q9Y5E8	biological_process	GO:0032502
Q9Y5E8	biological_process	GO:0048731
Q9Y5E8	biological_process	GO:0048856
Q9Y5E8	biological_process	GO:0160108
Q9Y5E8	cellular_component	GO:0005886
Q9Y5E8	cellular_component	GO:0016020
Q9Y5E8	cellular_component	GO:0071944
Q9Y5E8	cellular_component	GO:0110165
Q9Y5G2	cellular_component	GO:0005622
Q9Y5G2	cellular_component	GO:0005737
Q9Y5G2	cellular_component	GO:0005829
Q9Y5G2	cellular_component	GO:0005886
Q9Y5G2	cellular_component	GO:0016020
Q9Y5G2	cellular_component	GO:0071944
Q9Y5G2	cellular_component	GO:0110165
Q9Y5H0	molecular_function	GO:0005488
Q9Y5H0	molecular_function	GO:0005515
